context,platform,algorithm,mode,key_size_bits,message_size_bytes,metric,raw_count,raw_mean,aggregated_value,abs_diff,rel_diff_pct,source_csvs
performance,x86,3DES,CBC,128,64,avalanche_score,4,0.4982617187499999,0.4982617187499999,0.0,0.0,"windows_experience1_20260718.csv, windows_experience2_20260718.csv, windows_experience3_20260718.csv, windows_experience4_20260723.csv"
performance,x86,3DES,CBC,128,64,avg_decrypt_time_s,4,0.00010169675131919576,0.00010169675131919576,0.0,0.0,"windows_experience1_20260718.csv, windows_experience2_20260718.csv, windows_experience3_20260718.csv, windows_experience4_20260723.csv"
performance,x86,3DES,CBC,128,64,avg_encrypt_time_s,4,8.369650065560564e-05,8.369650065560564e-05,0.0,0.0,"windows_experience1_20260718.csv, windows_experience2_20260718.csv, windows_experience3_20260718.csv, windows_experience4_20260723.csv"
performance,x86,3DES,CBC,128,64,key_avalanche_score,4,0.4303515625,0.4303515625,0.0,0.0,"windows_experience1_20260718.csv, windows_experience2_20260718.csv, windows_experience3_20260718.csv, windows_experience4_20260723.csv"
performance,x86,3DES,CBC,128,64,throughput_dec_mbps,4,0.6157396890534527,0.6157396890534527,0.0,0.0,"windows_experience1_20260718.csv, windows_experience2_20260718.csv, windows_experience3_20260718.csv, windows_experience4_20260723.csv"
performance,x86,3DES,CBC,128,64,throughput_enc_mbps,4,0.737664556889757,0.737664556889757,0.0,0.0,"windows_experience1_20260718.csv, windows_experience2_20260718.csv, windows_experience3_20260718.csv, windows_experience4_20260723.csv"
performance,x86,3DES,CBC,128,256,avalanche_score,4,0.50017578125,0.50017578125,0.0,0.0,"windows_experience1_20260718.csv, windows_experience2_20260718.csv, windows_experience3_20260718.csv, windows_experience4_20260723.csv"
performance,x86,3DES,CBC,128,256,avg_decrypt_time_s,4,0.00013113649901924873,0.00013113649901924873,0.0,0.0,"windows_experience1_20260718.csv, windows_experience2_20260718.csv, windows_experience3_20260718.csv, windows_experience4_20260723.csv"
performance,x86,3DES,CBC,128,256,avg_encrypt_time_s,4,0.0003079170008413712,0.0003079170008413712,0.0,0.0,"windows_experience1_20260718.csv, windows_experience2_20260718.csv, windows_experience3_20260718.csv, windows_experience4_20260723.csv"
performance,x86,3DES,CBC,128,256,key_avalanche_score,4,0.43966796875,0.43966796875,0.0,0.0,"windows_experience1_20260718.csv, windows_experience2_20260718.csv, windows_experience3_20260718.csv, windows_experience4_20260723.csv"
performance,x86,3DES,CBC,128,256,throughput_dec_mbps,4,1.8845879188293453,1.8845879188293453,0.0,0.0,"windows_experience1_20260718.csv, windows_experience2_20260718.csv, windows_experience3_20260718.csv, windows_experience4_20260723.csv"
performance,x86,3DES,CBC,128,256,throughput_enc_mbps,4,0.8035301745693176,0.8035301745693176,0.0,0.0,"windows_experience1_20260718.csv, windows_experience2_20260718.csv, windows_experience3_20260718.csv, windows_experience4_20260723.csv"
performance,x86,3DES,CBC,128,1024,avalanche_score,4,0.50216796875,0.50216796875,0.0,0.0,"windows_experience1_20260718.csv, windows_experience2_20260718.csv, windows_experience3_20260718.csv, windows_experience4_20260723.csv"
performance,x86,3DES,CBC,128,1024,avg_decrypt_time_s,4,0.00031412924855885645,0.00031412924855885645,0.0,0.0,"windows_experience1_20260718.csv, windows_experience2_20260718.csv, windows_experience3_20260718.csv, windows_experience4_20260723.csv"
performance,x86,3DES,CBC,128,1024,avg_encrypt_time_s,4,0.001205765750453338,0.001205765750453338,0.0,0.0,"windows_experience1_20260718.csv, windows_experience2_20260718.csv, windows_experience3_20260718.csv, windows_experience4_20260723.csv"
performance,x86,3DES,CBC,128,1024,key_avalanche_score,4,0.447578125,0.447578125,0.0,0.0,"windows_experience1_20260718.csv, windows_experience2_20260718.csv, windows_experience3_20260718.csv, windows_experience4_20260723.csv"
performance,x86,3DES,CBC,128,1024,throughput_dec_mbps,4,3.206242578885517,3.206242578885517,0.0,0.0,"windows_experience1_20260718.csv, windows_experience2_20260718.csv, windows_experience3_20260718.csv, windows_experience4_20260723.csv"
performance,x86,3DES,CBC,128,1024,throughput_enc_mbps,4,0.823234385309312,0.823234385309312,0.0,0.0,"windows_experience1_20260718.csv, windows_experience2_20260718.csv, windows_experience3_20260718.csv, windows_experience4_20260723.csv"
performance,x86,3DES,CBC,128,4096,avalanche_score,4,0.50166015625,0.50166015625,0.0,0.0,"windows_experience1_20260718.csv, windows_experience2_20260718.csv, windows_experience3_20260718.csv, windows_experience4_20260723.csv"
performance,x86,3DES,CBC,128,4096,avg_decrypt_time_s,4,0.0010082430004263187,0.0010082430004263187,0.0,0.0,"windows_experience1_20260718.csv, windows_experience2_20260718.csv, windows_experience3_20260718.csv, windows_experience4_20260723.csv"
performance,x86,3DES,CBC,128,4096,avg_encrypt_time_s,4,0.0045533949961782125,0.0045533949961782125,0.0,0.0,"windows_experience1_20260718.csv, windows_experience2_20260718.csv, windows_experience3_20260718.csv, windows_experience4_20260723.csv"
performance,x86,3DES,CBC,128,4096,key_avalanche_score,4,0.43197265625000003,0.43197265625000003,0.0,0.0,"windows_experience1_20260718.csv, windows_experience2_20260718.csv, windows_experience3_20260718.csv, windows_experience4_20260723.csv"
performance,x86,3DES,CBC,128,4096,throughput_dec_mbps,4,4.00545776101022,4.00545776101022,0.0,0.0,"windows_experience1_20260718.csv, windows_experience2_20260718.csv, windows_experience3_20260718.csv, windows_experience4_20260723.csv"
performance,x86,3DES,CBC,128,4096,throughput_enc_mbps,4,0.8728403806733462,0.8728403806733462,0.0,0.0,"windows_experience1_20260718.csv, windows_experience2_20260718.csv, windows_experience3_20260718.csv, windows_experience4_20260723.csv"
performance,x86,3DES,CBC,128,16384,avalanche_score,4,0.50486328125,0.50486328125,0.0,0.0,"windows_experience1_20260718.csv, windows_experience2_20260718.csv, windows_experience3_20260718.csv, windows_experience4_20260723.csv"
performance,x86,3DES,CBC,128,16384,avg_decrypt_time_s,4,0.0035801360005461905,0.0035801360005461905,0.0,0.0,"windows_experience1_20260718.csv, windows_experience2_20260718.csv, windows_experience3_20260718.csv, windows_experience4_20260723.csv"
performance,x86,3DES,CBC,128,16384,avg_encrypt_time_s,4,0.017994798746351535,0.017994798746351535,0.0,0.0,"windows_experience1_20260718.csv, windows_experience2_20260718.csv, windows_experience3_20260718.csv, windows_experience4_20260723.csv"
performance,x86,3DES,CBC,128,16384,key_avalanche_score,4,0.43814453124999997,0.43814453124999997,0.0,0.0,"windows_experience1_20260718.csv, windows_experience2_20260718.csv, windows_experience3_20260718.csv, windows_experience4_20260723.csv"
performance,x86,3DES,CBC,128,16384,throughput_dec_mbps,4,4.468591249997507,4.468591249997507,0.0,0.0,"windows_experience1_20260718.csv, windows_experience2_20260718.csv, windows_experience3_20260718.csv, windows_experience4_20260723.csv"
performance,x86,3DES,CBC,128,16384,throughput_enc_mbps,4,0.8819113745581897,0.8819113745581897,0.0,0.0,"windows_experience1_20260718.csv, windows_experience2_20260718.csv, windows_experience3_20260718.csv, windows_experience4_20260723.csv"
performance,x86,3DES,CBC,192,64,avalanche_score,4,0.50173828125,0.50173828125,0.0,0.0,"windows_experience1_20260718.csv, windows_experience2_20260718.csv, windows_experience3_20260718.csv, windows_experience4_20260723.csv"
performance,x86,3DES,CBC,192,64,avg_decrypt_time_s,4,0.00011886224840509386,0.00011886224840509386,0.0,0.0,"windows_experience1_20260718.csv, windows_experience2_20260718.csv, windows_experience3_20260718.csv, windows_experience4_20260723.csv"
performance,x86,3DES,CBC,192,64,avg_encrypt_time_s,4,8.653399826471287e-05,8.653399826471287e-05,0.0,0.0,"windows_experience1_20260718.csv, windows_experience2_20260718.csv, windows_experience3_20260718.csv, windows_experience4_20260723.csv"
performance,x86,3DES,CBC,192,64,key_avalanche_score,4,0.41728515625,0.41728515625,0.0,0.0,"windows_experience1_20260718.csv, windows_experience2_20260718.csv, windows_experience3_20260718.csv, windows_experience4_20260723.csv"
performance,x86,3DES,CBC,192,64,throughput_dec_mbps,4,0.53399595125762,0.53399595125762,0.0,0.0,"windows_experience1_20260718.csv, windows_experience2_20260718.csv, windows_experience3_20260718.csv, windows_experience4_20260723.csv"
performance,x86,3DES,CBC,192,64,throughput_enc_mbps,4,0.7258548401084404,0.7258548401084404,0.0,0.0,"windows_experience1_20260718.csv, windows_experience2_20260718.csv, windows_experience3_20260718.csv, windows_experience4_20260723.csv"
performance,x86,3DES,CBC,192,256,avalanche_score,4,0.4983984375,0.4983984375,0.0,0.0,"windows_experience1_20260718.csv, windows_experience2_20260718.csv, windows_experience3_20260718.csv, windows_experience4_20260723.csv"
performance,x86,3DES,CBC,192,256,avg_decrypt_time_s,4,0.00017131250065403945,0.00017131250065403945,0.0,0.0,"windows_experience1_20260718.csv, windows_experience2_20260718.csv, windows_experience3_20260718.csv, windows_experience4_20260723.csv"
performance,x86,3DES,CBC,192,256,avg_encrypt_time_s,4,0.0003403997465261455,0.0003403997465261455,0.0,0.0,"windows_experience1_20260718.csv, windows_experience2_20260718.csv, windows_experience3_20260718.csv, windows_experience4_20260723.csv"
performance,x86,3DES,CBC,192,256,key_avalanche_score,4,0.42660156250000003,0.42660156250000003,0.0,0.0,"windows_experience1_20260718.csv, windows_experience2_20260718.csv, windows_experience3_20260718.csv, windows_experience4_20260723.csv"
performance,x86,3DES,CBC,192,256,throughput_dec_mbps,4,1.501809997165673,1.501809997165673,0.0,0.0,"windows_experience1_20260718.csv, windows_experience2_20260718.csv, windows_experience3_20260718.csv, windows_experience4_20260723.csv"
performance,x86,3DES,CBC,192,256,throughput_enc_mbps,4,0.7390459541197125,0.7390459541197125,0.0,0.0,"windows_experience1_20260718.csv, windows_experience2_20260718.csv, windows_experience3_20260718.csv, windows_experience4_20260723.csv"
performance,x86,3DES,CBC,192,1024,avalanche_score,4,0.5021484375,0.5021484375,0.0,0.0,"windows_experience1_20260718.csv, windows_experience2_20260718.csv, windows_experience3_20260718.csv, windows_experience4_20260723.csv"
performance,x86,3DES,CBC,192,1024,avg_decrypt_time_s,4,0.0003177125043566775,0.0003177125043566775,0.0,0.0,"windows_experience1_20260718.csv, windows_experience2_20260718.csv, windows_experience3_20260718.csv, windows_experience4_20260723.csv"
performance,x86,3DES,CBC,192,1024,avg_encrypt_time_s,4,0.0011561582494414326,0.0011561582494414326,0.0,0.0,"windows_experience1_20260718.csv, windows_experience2_20260718.csv, windows_experience3_20260718.csv, windows_experience4_20260723.csv"
performance,x86,3DES,CBC,192,1024,key_avalanche_score,4,0.43490234375000003,0.43490234375000003,0.0,0.0,"windows_experience1_20260718.csv, windows_experience2_20260718.csv, windows_experience3_20260718.csv, windows_experience4_20260723.csv"
performance,x86,3DES,CBC,192,1024,throughput_dec_mbps,4,3.134537858324188,3.134537858324188,0.0,0.0,"windows_experience1_20260718.csv, windows_experience2_20260718.csv, windows_experience3_20260718.csv, windows_experience4_20260723.csv"
performance,x86,3DES,CBC,192,1024,throughput_enc_mbps,4,0.862847574987581,0.862847574987581,0.0,0.0,"windows_experience1_20260718.csv, windows_experience2_20260718.csv, windows_experience3_20260718.csv, windows_experience4_20260723.csv"
performance,x86,3DES,CBC,192,4096,avalanche_score,4,0.5008203125,0.5008203125,0.0,0.0,"windows_experience1_20260718.csv, windows_experience2_20260718.csv, windows_experience3_20260718.csv, windows_experience4_20260723.csv"
performance,x86,3DES,CBC,192,4096,avg_decrypt_time_s,4,0.0009809067495098133,0.0009809067495098133,0.0,0.0,"windows_experience1_20260718.csv, windows_experience2_20260718.csv, windows_experience3_20260718.csv, windows_experience4_20260723.csv"
performance,x86,3DES,CBC,192,4096,avg_encrypt_time_s,4,0.004538568495850086,0.004538568495850086,0.0,0.0,"windows_experience1_20260718.csv, windows_experience2_20260718.csv, windows_experience3_20260718.csv, windows_experience4_20260723.csv"
performance,x86,3DES,CBC,192,4096,key_avalanche_score,4,0.43849609375,0.43849609375,0.0,0.0,"windows_experience1_20260718.csv, windows_experience2_20260718.csv, windows_experience3_20260718.csv, windows_experience4_20260723.csv"
performance,x86,3DES,CBC,192,4096,throughput_dec_mbps,4,4.099417170344043,4.099417170344043,0.0,0.0,"windows_experience1_20260718.csv, windows_experience2_20260718.csv, windows_experience3_20260718.csv, windows_experience4_20260723.csv"
performance,x86,3DES,CBC,192,4096,throughput_enc_mbps,4,0.876016474162113,0.876016474162113,0.0,0.0,"windows_experience1_20260718.csv, windows_experience2_20260718.csv, windows_experience3_20260718.csv, windows_experience4_20260723.csv"
performance,x86,3DES,CBC,192,16384,avalanche_score,4,0.49947265625,0.49947265625,0.0,0.0,"windows_experience1_20260718.csv, windows_experience2_20260718.csv, windows_experience3_20260718.csv, windows_experience4_20260723.csv"
performance,x86,3DES,CBC,192,16384,avg_decrypt_time_s,4,0.003407096999899295,0.003407096999899295,0.0,0.0,"windows_experience1_20260718.csv, windows_experience2_20260718.csv, windows_experience3_20260718.csv, windows_experience4_20260723.csv"
performance,x86,3DES,CBC,192,16384,avg_encrypt_time_s,4,0.019134247497242997,0.019134247497242997,0.0,0.0,"windows_experience1_20260718.csv, windows_experience2_20260718.csv, windows_experience3_20260718.csv, windows_experience4_20260723.csv"
performance,x86,3DES,CBC,192,16384,key_avalanche_score,4,0.444140625,0.444140625,0.0,0.0,"windows_experience1_20260718.csv, windows_experience2_20260718.csv, windows_experience3_20260718.csv, windows_experience4_20260723.csv"
performance,x86,3DES,CBC,192,16384,throughput_dec_mbps,4,4.661489312679368,4.661489312679368,0.0,0.0,"windows_experience1_20260718.csv, windows_experience2_20260718.csv, windows_experience3_20260718.csv, windows_experience4_20260723.csv"
performance,x86,3DES,CBC,192,16384,throughput_enc_mbps,4,0.8518220481177258,0.8518220481177258,0.0,0.0,"windows_experience1_20260718.csv, windows_experience2_20260718.csv, windows_experience3_20260718.csv, windows_experience4_20260723.csv"
performance,x86,3DES,CTR,128,64,avalanche_score,4,0.49947265625000004,0.49947265625000004,0.0,0.0,"windows_experience1_20260718.csv, windows_experience2_20260718.csv, windows_experience3_20260718.csv, windows_experience4_20260723.csv"
performance,x86,3DES,CTR,128,64,avg_decrypt_time_s,4,9.108074833420686e-05,9.108074833420686e-05,0.0,0.0,"windows_experience1_20260718.csv, windows_experience2_20260718.csv, windows_experience3_20260718.csv, windows_experience4_20260723.csv"
performance,x86,3DES,CTR,128,64,avg_encrypt_time_s,4,9.386524943693076e-05,9.386524943693076e-05,0.0,0.0,"windows_experience1_20260718.csv, windows_experience2_20260718.csv, windows_experience3_20260718.csv, windows_experience4_20260723.csv"
performance,x86,3DES,CTR,128,64,key_avalanche_score,4,0.43878906249999994,0.43878906249999994,0.0,0.0,"windows_experience1_20260718.csv, windows_experience2_20260718.csv, windows_experience3_20260718.csv, windows_experience4_20260723.csv"
performance,x86,3DES,CTR,128,64,throughput_dec_mbps,4,0.7129023034149262,0.7129023034149262,0.0,0.0,"windows_experience1_20260718.csv, windows_experience2_20260718.csv, windows_experience3_20260718.csv, windows_experience4_20260723.csv"
performance,x86,3DES,CTR,128,64,throughput_enc_mbps,4,0.6751999880168262,0.6751999880168262,0.0,0.0,"windows_experience1_20260718.csv, windows_experience2_20260718.csv, windows_experience3_20260718.csv, windows_experience4_20260723.csv"
performance,x86,3DES,CTR,128,256,avalanche_score,4,0.49953125,0.49953125,0.0,0.0,"windows_experience1_20260718.csv, windows_experience2_20260718.csv, windows_experience3_20260718.csv, windows_experience4_20260723.csv"
performance,x86,3DES,CTR,128,256,avg_decrypt_time_s,4,0.00015291550080519302,0.00015291550080519302,0.0,0.0,"windows_experience1_20260718.csv, windows_experience2_20260718.csv, windows_experience3_20260718.csv, windows_experience4_20260723.csv"
performance,x86,3DES,CTR,128,256,avg_encrypt_time_s,4,0.00014896599786879962,0.00014896599786879962,0.0,0.0,"windows_experience1_20260718.csv, windows_experience2_20260718.csv, windows_experience3_20260718.csv, windows_experience4_20260723.csv"
performance,x86,3DES,CTR,128,256,key_avalanche_score,4,0.43978515625000003,0.43978515625000003,0.0,0.0,"windows_experience1_20260718.csv, windows_experience2_20260718.csv, windows_experience3_20260718.csv, windows_experience4_20260723.csv"
performance,x86,3DES,CTR,128,256,throughput_dec_mbps,4,1.6092565704563302,1.6092565704563302,0.0,0.0,"windows_experience1_20260718.csv, windows_experience2_20260718.csv, windows_experience3_20260718.csv, windows_experience4_20260723.csv"
performance,x86,3DES,CTR,128,256,throughput_enc_mbps,4,1.6739515253571795,1.6739515253571795,0.0,0.0,"windows_experience1_20260718.csv, windows_experience2_20260718.csv, windows_experience3_20260718.csv, windows_experience4_20260723.csv"
performance,x86,3DES,CTR,128,1024,avalanche_score,4,0.50232421875,0.50232421875,0.0,0.0,"windows_experience1_20260718.csv, windows_experience2_20260718.csv, windows_experience3_20260718.csv, windows_experience4_20260723.csv"
performance,x86,3DES,CTR,128,1024,avg_decrypt_time_s,4,0.0003534975007164576,0.0003534975007164576,0.0,0.0,"windows_experience1_20260718.csv, windows_experience2_20260718.csv, windows_experience3_20260718.csv, windows_experience4_20260723.csv"
performance,x86,3DES,CTR,128,1024,avg_encrypt_time_s,4,0.00037466500075424843,0.00037466500075424843,0.0,0.0,"windows_experience1_20260718.csv, windows_experience2_20260718.csv, windows_experience3_20260718.csv, windows_experience4_20260723.csv"
performance,x86,3DES,CTR,128,1024,key_avalanche_score,4,0.434765625,0.434765625,0.0,0.0,"windows_experience1_20260718.csv, windows_experience2_20260718.csv, windows_experience3_20260718.csv, windows_experience4_20260723.csv"
performance,x86,3DES,CTR,128,1024,throughput_dec_mbps,4,2.798887955511998,2.798887955511998,0.0,0.0,"windows_experience1_20260718.csv, windows_experience2_20260718.csv, windows_experience3_20260718.csv, windows_experience4_20260723.csv"
performance,x86,3DES,CTR,128,1024,throughput_enc_mbps,4,2.6250234596303583,2.6250234596303583,0.0,0.0,"windows_experience1_20260718.csv, windows_experience2_20260718.csv, windows_experience3_20260718.csv, windows_experience4_20260723.csv"
performance,x86,3DES,CTR,128,4096,avalanche_score,4,0.50216796875,0.50216796875,0.0,0.0,"windows_experience1_20260718.csv, windows_experience2_20260718.csv, windows_experience3_20260718.csv, windows_experience4_20260723.csv"
performance,x86,3DES,CTR,128,4096,avg_decrypt_time_s,4,0.0012002955028447104,0.0012002955028447104,0.0,0.0,"windows_experience1_20260718.csv, windows_experience2_20260718.csv, windows_experience3_20260718.csv, windows_experience4_20260723.csv"
performance,x86,3DES,CTR,128,4096,avg_encrypt_time_s,4,0.0012367405033887734,0.0012367405033887734,0.0,0.0,"windows_experience1_20260718.csv, windows_experience2_20260718.csv, windows_experience3_20260718.csv, windows_experience4_20260723.csv"
performance,x86,3DES,CTR,128,4096,key_avalanche_score,4,0.43384765625,0.43384765625,0.0,0.0,"windows_experience1_20260718.csv, windows_experience2_20260718.csv, windows_experience3_20260718.csv, windows_experience4_20260723.csv"
performance,x86,3DES,CTR,128,4096,throughput_dec_mbps,4,3.3593600832993054,3.3593600832993054,0.0,0.0,"windows_experience1_20260718.csv, windows_experience2_20260718.csv, windows_experience3_20260718.csv, windows_experience4_20260723.csv"
performance,x86,3DES,CTR,128,4096,throughput_enc_mbps,4,3.226052671656765,3.226052671656765,0.0,0.0,"windows_experience1_20260718.csv, windows_experience2_20260718.csv, windows_experience3_20260718.csv, windows_experience4_20260723.csv"
performance,x86,3DES,CTR,128,16384,avalanche_score,4,0.4990234375,0.4990234375,0.0,0.0,"windows_experience1_20260718.csv, windows_experience2_20260718.csv, windows_experience3_20260718.csv, windows_experience4_20260723.csv"
performance,x86,3DES,CTR,128,16384,avg_decrypt_time_s,4,0.004404397251148566,0.004404397251148566,0.0,0.0,"windows_experience1_20260718.csv, windows_experience2_20260718.csv, windows_experience3_20260718.csv, windows_experience4_20260723.csv"
performance,x86,3DES,CTR,128,16384,avg_encrypt_time_s,4,0.004362526497354793,0.004362526497354793,0.0,0.0,"windows_experience1_20260718.csv, windows_experience2_20260718.csv, windows_experience3_20260718.csv, windows_experience4_20260723.csv"
performance,x86,3DES,CTR,128,16384,key_avalanche_score,4,0.43621093750000006,0.43621093750000006,0.0,0.0,"windows_experience1_20260718.csv, windows_experience2_20260718.csv, windows_experience3_20260718.csv, windows_experience4_20260723.csv"
performance,x86,3DES,CTR,128,16384,throughput_dec_mbps,4,3.5871732122966353,3.5871732122966353,0.0,0.0,"windows_experience1_20260718.csv, windows_experience2_20260718.csv, windows_experience3_20260718.csv, windows_experience4_20260723.csv"
performance,x86,3DES,CTR,128,16384,throughput_enc_mbps,4,3.6381115151457966,3.6381115151457966,0.0,0.0,"windows_experience1_20260718.csv, windows_experience2_20260718.csv, windows_experience3_20260718.csv, windows_experience4_20260723.csv"
performance,x86,3DES,CTR,192,64,avalanche_score,4,0.50208984375,0.50208984375,0.0,0.0,"windows_experience1_20260718.csv, windows_experience2_20260718.csv, windows_experience3_20260718.csv, windows_experience4_20260723.csv"
performance,x86,3DES,CTR,192,64,avg_decrypt_time_s,4,0.0001048592504980661,0.0001048592504980661,0.0,0.0,"windows_experience1_20260718.csv, windows_experience2_20260718.csv, windows_experience3_20260718.csv, windows_experience4_20260723.csv"
performance,x86,3DES,CTR,192,64,avg_encrypt_time_s,4,0.00011366300421286724,0.00011366300421286724,0.0,0.0,"windows_experience1_20260718.csv, windows_experience2_20260718.csv, windows_experience3_20260718.csv, windows_experience4_20260723.csv"
performance,x86,3DES,CTR,192,64,key_avalanche_score,4,0.43855468750000004,0.43855468750000004,0.0,0.0,"windows_experience1_20260718.csv, windows_experience2_20260718.csv, windows_experience3_20260718.csv, windows_experience4_20260723.csv"
performance,x86,3DES,CTR,192,64,throughput_dec_mbps,4,0.5980240990940999,0.5980240990940999,0.0,0.0,"windows_experience1_20260718.csv, windows_experience2_20260718.csv, windows_experience3_20260718.csv, windows_experience4_20260723.csv"
performance,x86,3DES,CTR,192,64,throughput_enc_mbps,4,0.5532758922621239,0.5532758922621239,0.0,0.0,"windows_experience1_20260718.csv, windows_experience2_20260718.csv, windows_experience3_20260718.csv, windows_experience4_20260723.csv"
performance,x86,3DES,CTR,192,256,avalanche_score,4,0.4946484375,0.4946484375,0.0,0.0,"windows_experience1_20260718.csv, windows_experience2_20260718.csv, windows_experience3_20260718.csv, windows_experience4_20260723.csv"
performance,x86,3DES,CTR,192,256,avg_decrypt_time_s,4,0.00017079350449421325,0.00017079350449421325,0.0,0.0,"windows_experience1_20260718.csv, windows_experience2_20260718.csv, windows_experience3_20260718.csv, windows_experience4_20260723.csv"
performance,x86,3DES,CTR,192,256,avg_encrypt_time_s,4,0.00016719099907504644,0.00016719099907504644,0.0,0.0,"windows_experience1_20260718.csv, windows_experience2_20260718.csv, windows_experience3_20260718.csv, windows_experience4_20260723.csv"
performance,x86,3DES,CTR,192,256,key_avalanche_score,4,0.4387890625,0.4387890625,0.0,0.0,"windows_experience1_20260718.csv, windows_experience2_20260718.csv, windows_experience3_20260718.csv, windows_experience4_20260723.csv"
performance,x86,3DES,CTR,192,256,throughput_dec_mbps,4,1.4716564686426419,1.4716564686426419,0.0,0.0,"windows_experience1_20260718.csv, windows_experience2_20260718.csv, windows_experience3_20260718.csv, windows_experience4_20260723.csv"
performance,x86,3DES,CTR,192,256,throughput_enc_mbps,4,1.5026795261519859,1.5026795261519859,0.0,0.0,"windows_experience1_20260718.csv, windows_experience2_20260718.csv, windows_experience3_20260718.csv, windows_experience4_20260723.csv"
performance,x86,3DES,CTR,192,1024,avalanche_score,4,0.5004296875,0.5004296875,0.0,0.0,"windows_experience1_20260718.csv, windows_experience2_20260718.csv, windows_experience3_20260718.csv, windows_experience4_20260723.csv"
performance,x86,3DES,CTR,192,1024,avg_decrypt_time_s,4,0.000376112998926601,0.000376112998926601,0.0,0.0,"windows_experience1_20260718.csv, windows_experience2_20260718.csv, windows_experience3_20260718.csv, windows_experience4_20260723.csv"
performance,x86,3DES,CTR,192,1024,avg_encrypt_time_s,4,0.0003844859984951654,0.0003844859984951654,0.0,0.0,"windows_experience1_20260718.csv, windows_experience2_20260718.csv, windows_experience3_20260718.csv, windows_experience4_20260723.csv"
performance,x86,3DES,CTR,192,1024,key_avalanche_score,4,0.43705078125,0.43705078125,0.0,0.0,"windows_experience1_20260718.csv, windows_experience2_20260718.csv, windows_experience3_20260718.csv, windows_experience4_20260723.csv"
performance,x86,3DES,CTR,192,1024,throughput_dec_mbps,4,2.6782800437597016,2.6782800437597016,0.0,0.0,"windows_experience1_20260718.csv, windows_experience2_20260718.csv, windows_experience3_20260718.csv, windows_experience4_20260723.csv"
performance,x86,3DES,CTR,192,1024,throughput_enc_mbps,4,2.573169650586674,2.573169650586674,0.0,0.0,"windows_experience1_20260718.csv, windows_experience2_20260718.csv, windows_experience3_20260718.csv, windows_experience4_20260723.csv"
performance,x86,3DES,CTR,192,4096,avalanche_score,4,0.50302734375,0.50302734375,0.0,0.0,"windows_experience1_20260718.csv, windows_experience2_20260718.csv, windows_experience3_20260718.csv, windows_experience4_20260723.csv"
performance,x86,3DES,CTR,192,4096,avg_decrypt_time_s,4,0.001188005998603785,0.001188005998603785,0.0,0.0,"windows_experience1_20260718.csv, windows_experience2_20260718.csv, windows_experience3_20260718.csv, windows_experience4_20260723.csv"
performance,x86,3DES,CTR,192,4096,avg_encrypt_time_s,4,0.0012252849992887606,0.0012252849992887606,0.0,0.0,"windows_experience1_20260718.csv, windows_experience2_20260718.csv, windows_experience3_20260718.csv, windows_experience4_20260723.csv"
performance,x86,3DES,CTR,192,4096,key_avalanche_score,4,0.4425,0.4425,0.0,0.0,"windows_experience1_20260718.csv, windows_experience2_20260718.csv, windows_experience3_20260718.csv, windows_experience4_20260723.csv"
performance,x86,3DES,CTR,192,4096,throughput_dec_mbps,4,3.3470540512316873,3.3470540512316873,0.0,0.0,"windows_experience1_20260718.csv, windows_experience2_20260718.csv, windows_experience3_20260718.csv, windows_experience4_20260723.csv"
performance,x86,3DES,CTR,192,4096,throughput_enc_mbps,4,3.245749239759875,3.245749239759875,0.0,0.0,"windows_experience1_20260718.csv, windows_experience2_20260718.csv, windows_experience3_20260718.csv, windows_experience4_20260723.csv"
performance,x86,3DES,CTR,192,16384,avalanche_score,4,0.50390625,0.50390625,0.0,0.0,"windows_experience1_20260718.csv, windows_experience2_20260718.csv, windows_experience3_20260718.csv, windows_experience4_20260723.csv"
performance,x86,3DES,CTR,192,16384,avg_decrypt_time_s,4,0.004630232752560914,0.004630232752560914,0.0,0.0,"windows_experience1_20260718.csv, windows_experience2_20260718.csv, windows_experience3_20260718.csv, windows_experience4_20260723.csv"
performance,x86,3DES,CTR,192,16384,avg_encrypt_time_s,4,0.004490159243598555,0.004490159243598555,0.0,0.0,"windows_experience1_20260718.csv, windows_experience2_20260718.csv, windows_experience3_20260718.csv, windows_experience4_20260723.csv"
performance,x86,3DES,CTR,192,16384,key_avalanche_score,4,0.44375,0.44375,0.0,0.0,"windows_experience1_20260718.csv, windows_experience2_20260718.csv, windows_experience3_20260718.csv, windows_experience4_20260723.csv"
performance,x86,3DES,CTR,192,16384,throughput_dec_mbps,4,3.4000612573530695,3.4000612573530695,0.0,0.0,"windows_experience1_20260718.csv, windows_experience2_20260718.csv, windows_experience3_20260718.csv, windows_experience4_20260723.csv"
performance,x86,3DES,CTR,192,16384,throughput_enc_mbps,4,3.5181131306788456,3.5181131306788456,0.0,0.0,"windows_experience1_20260718.csv, windows_experience2_20260718.csv, windows_experience3_20260718.csv, windows_experience4_20260723.csv"
performance,x86,3DES,ECB,128,64,avalanche_score,4,0.50087890625,0.50087890625,0.0,0.0,"windows_experience1_20260718.csv, windows_experience2_20260718.csv, windows_experience3_20260718.csv, windows_experience4_20260723.csv"
performance,x86,3DES,ECB,128,64,avg_decrypt_time_s,4,7.51092486189009e-05,7.51092486189009e-05,0.0,0.0,"windows_experience1_20260718.csv, windows_experience2_20260718.csv, windows_experience3_20260718.csv, windows_experience4_20260723.csv"
performance,x86,3DES,ECB,128,64,avg_encrypt_time_s,4,7.648224712511364e-05,7.648224712511364e-05,0.0,0.0,"windows_experience1_20260718.csv, windows_experience2_20260718.csv, windows_experience3_20260718.csv, windows_experience4_20260723.csv"
performance,x86,3DES,ECB,128,64,key_avalanche_score,4,0.44201171875,0.44201171875,0.0,0.0,"windows_experience1_20260718.csv, windows_experience2_20260718.csv, windows_experience3_20260718.csv, windows_experience4_20260723.csv"
performance,x86,3DES,ECB,128,64,throughput_dec_mbps,4,0.8164515058012402,0.8164515058012402,0.0,0.0,"windows_experience1_20260718.csv, windows_experience2_20260718.csv, windows_experience3_20260718.csv, windows_experience4_20260723.csv"
performance,x86,3DES,ECB,128,64,throughput_enc_mbps,4,0.8075083666570373,0.8075083666570373,0.0,0.0,"windows_experience1_20260718.csv, windows_experience2_20260718.csv, windows_experience3_20260718.csv, windows_experience4_20260723.csv"
performance,x86,3DES,ECB,128,256,avalanche_score,4,0.500703125,0.500703125,0.0,0.0,"windows_experience1_20260718.csv, windows_experience2_20260718.csv, windows_experience3_20260718.csv, windows_experience4_20260723.csv"
performance,x86,3DES,ECB,128,256,avg_decrypt_time_s,4,9.947100155841327e-05,9.947100155841327e-05,0.0,0.0,"windows_experience1_20260718.csv, windows_experience2_20260718.csv, windows_experience3_20260718.csv, windows_experience4_20260723.csv"
performance,x86,3DES,ECB,128,256,avg_encrypt_time_s,4,8.751374650955768e-05,8.751374650955768e-05,0.0,0.0,"windows_experience1_20260718.csv, windows_experience2_20260718.csv, windows_experience3_20260718.csv, windows_experience4_20260723.csv"
performance,x86,3DES,ECB,128,256,key_avalanche_score,4,0.43701171875,0.43701171875,0.0,0.0,"windows_experience1_20260718.csv, windows_experience2_20260718.csv, windows_experience3_20260718.csv, windows_experience4_20260723.csv"
performance,x86,3DES,ECB,128,256,throughput_dec_mbps,4,2.534762922595137,2.534762922595137,0.0,0.0,"windows_experience1_20260718.csv, windows_experience2_20260718.csv, windows_experience3_20260718.csv, windows_experience4_20260723.csv"
performance,x86,3DES,ECB,128,256,throughput_enc_mbps,4,2.7971766945072325,2.7971766945072325,0.0,0.0,"windows_experience1_20260718.csv, windows_experience2_20260718.csv, windows_experience3_20260718.csv, windows_experience4_20260723.csv"
performance,x86,3DES,ECB,128,1024,avalanche_score,4,0.49947265625,0.49947265625,0.0,0.0,"windows_experience1_20260718.csv, windows_experience2_20260718.csv, windows_experience3_20260718.csv, windows_experience4_20260723.csv"
performance,x86,3DES,ECB,128,1024,avg_decrypt_time_s,4,0.00016166424864650253,0.00016166424864650253,0.0,0.0,"windows_experience1_20260718.csv, windows_experience2_20260718.csv, windows_experience3_20260718.csv, windows_experience4_20260723.csv"
performance,x86,3DES,ECB,128,1024,avg_encrypt_time_s,4,0.00013915899927269493,0.00013915899927269493,0.0,0.0,"windows_experience1_20260718.csv, windows_experience2_20260718.csv, windows_experience3_20260718.csv, windows_experience4_20260723.csv"
performance,x86,3DES,ECB,128,1024,key_avalanche_score,4,0.44076171875000003,0.44076171875000003,0.0,0.0,"windows_experience1_20260718.csv, windows_experience2_20260718.csv, windows_experience3_20260718.csv, windows_experience4_20260723.csv"
performance,x86,3DES,ECB,128,1024,throughput_dec_mbps,4,6.351564728291756,6.351564728291756,0.0,0.0,"windows_experience1_20260718.csv, windows_experience2_20260718.csv, windows_experience3_20260718.csv, windows_experience4_20260723.csv"
performance,x86,3DES,ECB,128,1024,throughput_enc_mbps,4,7.071809342108404,7.071809342108404,0.0,0.0,"windows_experience1_20260718.csv, windows_experience2_20260718.csv, windows_experience3_20260718.csv, windows_experience4_20260723.csv"
performance,x86,3DES,ECB,128,4096,avalanche_score,4,0.5021093750000001,0.5021093750000001,0.0,0.0,"windows_experience1_20260718.csv, windows_experience2_20260718.csv, windows_experience3_20260718.csv, windows_experience4_20260723.csv"
performance,x86,3DES,ECB,128,4096,avg_decrypt_time_s,4,0.00036054900221415664,0.00036054900221415664,0.0,0.0,"windows_experience1_20260718.csv, windows_experience2_20260718.csv, windows_experience3_20260718.csv, windows_experience4_20260723.csv"
performance,x86,3DES,ECB,128,4096,avg_encrypt_time_s,4,0.00036982175389312034,0.00036982175389312034,0.0,0.0,"windows_experience1_20260718.csv, windows_experience2_20260718.csv, windows_experience3_20260718.csv, windows_experience4_20260723.csv"
performance,x86,3DES,ECB,128,4096,key_avalanche_score,4,0.44076171875,0.44076171875,0.0,0.0,"windows_experience1_20260718.csv, windows_experience2_20260718.csv, windows_experience3_20260718.csv, windows_experience4_20260723.csv"
performance,x86,3DES,ECB,128,4096,throughput_dec_mbps,4,10.951631577284601,10.951631577284601,0.0,0.0,"windows_experience1_20260718.csv, windows_experience2_20260718.csv, windows_experience3_20260718.csv, windows_experience4_20260723.csv"
performance,x86,3DES,ECB,128,4096,throughput_enc_mbps,4,10.615998970936023,10.615998970936023,0.0,0.0,"windows_experience1_20260718.csv, windows_experience2_20260718.csv, windows_experience3_20260718.csv, windows_experience4_20260723.csv"
performance,x86,3DES,ECB,128,16384,avalanche_score,4,0.5028515625000001,0.5028515625000001,0.0,0.0,"windows_experience1_20260718.csv, windows_experience2_20260718.csv, windows_experience3_20260718.csv, windows_experience4_20260723.csv"
performance,x86,3DES,ECB,128,16384,avg_decrypt_time_s,4,0.0012086067489121889,0.0012086067489121889,0.0,0.0,"windows_experience1_20260718.csv, windows_experience2_20260718.csv, windows_experience3_20260718.csv, windows_experience4_20260723.csv"
performance,x86,3DES,ECB,128,16384,avg_encrypt_time_s,4,0.001259500497276349,0.001259500497276349,0.0,0.0,"windows_experience1_20260718.csv, windows_experience2_20260718.csv, windows_experience3_20260718.csv, windows_experience4_20260723.csv"
performance,x86,3DES,ECB,128,16384,key_avalanche_score,4,0.43986328125,0.43986328125,0.0,0.0,"windows_experience1_20260718.csv, windows_experience2_20260718.csv, windows_experience3_20260718.csv, windows_experience4_20260723.csv"
performance,x86,3DES,ECB,128,16384,throughput_dec_mbps,4,13.007200569314126,13.007200569314126,0.0,0.0,"windows_experience1_20260718.csv, windows_experience2_20260718.csv, windows_experience3_20260718.csv, windows_experience4_20260723.csv"
performance,x86,3DES,ECB,128,16384,throughput_enc_mbps,4,12.464813660445767,12.464813660445767,0.0,0.0,"windows_experience1_20260718.csv, windows_experience2_20260718.csv, windows_experience3_20260718.csv, windows_experience4_20260723.csv"
performance,x86,3DES,ECB,192,64,avalanche_score,4,0.49705078124999996,0.49705078124999996,0.0,0.0,"windows_experience1_20260718.csv, windows_experience2_20260718.csv, windows_experience3_20260718.csv, windows_experience4_20260723.csv"
performance,x86,3DES,ECB,192,64,avg_decrypt_time_s,4,9.840175180670486e-05,9.840175180670486e-05,0.0,0.0,"windows_experience1_20260718.csv, windows_experience2_20260718.csv, windows_experience3_20260718.csv, windows_experience4_20260723.csv"
performance,x86,3DES,ECB,192,64,avg_encrypt_time_s,4,9.873949666598493e-05,9.873949666598493e-05,0.0,0.0,"windows_experience1_20260718.csv, windows_experience2_20260718.csv, windows_experience3_20260718.csv, windows_experience4_20260723.csv"
performance,x86,3DES,ECB,192,64,key_avalanche_score,4,0.44949218750000003,0.44949218750000003,0.0,0.0,"windows_experience1_20260718.csv, windows_experience2_20260718.csv, windows_experience3_20260718.csv, windows_experience4_20260723.csv"
performance,x86,3DES,ECB,192,64,throughput_dec_mbps,4,0.646089907373712,0.646089907373712,0.0,0.0,"windows_experience1_20260718.csv, windows_experience2_20260718.csv, windows_experience3_20260718.csv, windows_experience4_20260723.csv"
performance,x86,3DES,ECB,192,64,throughput_enc_mbps,4,0.6347669291690808,0.6347669291690808,0.0,0.0,"windows_experience1_20260718.csv, windows_experience2_20260718.csv, windows_experience3_20260718.csv, windows_experience4_20260723.csv"
performance,x86,3DES,ECB,192,256,avalanche_score,4,0.50220703125,0.50220703125,0.0,0.0,"windows_experience1_20260718.csv, windows_experience2_20260718.csv, windows_experience3_20260718.csv, windows_experience4_20260723.csv"
performance,x86,3DES,ECB,192,256,avg_decrypt_time_s,4,0.00020299100081274448,0.00020299100081274448,0.0,0.0,"windows_experience1_20260718.csv, windows_experience2_20260718.csv, windows_experience3_20260718.csv, windows_experience4_20260723.csv"
performance,x86,3DES,ECB,192,256,avg_encrypt_time_s,4,0.00020499524881188334,0.00020499524881188334,0.0,0.0,"windows_experience1_20260718.csv, windows_experience2_20260718.csv, windows_experience3_20260718.csv, windows_experience4_20260723.csv"
performance,x86,3DES,ECB,192,256,key_avalanche_score,4,0.43119140625,0.43119140625,0.0,0.0,"windows_experience1_20260718.csv, windows_experience2_20260718.csv, windows_experience3_20260718.csv, windows_experience4_20260723.csv"
performance,x86,3DES,ECB,192,256,throughput_dec_mbps,4,1.7158138190251404,1.7158138190251404,0.0,0.0,"windows_experience1_20260718.csv, windows_experience2_20260718.csv, windows_experience3_20260718.csv, windows_experience4_20260723.csv"
performance,x86,3DES,ECB,192,256,throughput_enc_mbps,4,1.749759124062151,1.749759124062151,0.0,0.0,"windows_experience1_20260718.csv, windows_experience2_20260718.csv, windows_experience3_20260718.csv, windows_experience4_20260723.csv"
performance,x86,3DES,ECB,192,1024,avalanche_score,4,0.5031054687500001,0.5031054687500001,0.0,0.0,"windows_experience1_20260718.csv, windows_experience2_20260718.csv, windows_experience3_20260718.csv, windows_experience4_20260723.csv"
performance,x86,3DES,ECB,192,1024,avg_decrypt_time_s,4,0.0001673819976122104,0.0001673819976122104,0.0,0.0,"windows_experience1_20260718.csv, windows_experience2_20260718.csv, windows_experience3_20260718.csv, windows_experience4_20260723.csv"
performance,x86,3DES,ECB,192,1024,avg_encrypt_time_s,4,0.000184124997622348,0.000184124997622348,0.0,0.0,"windows_experience1_20260718.csv, windows_experience2_20260718.csv, windows_experience3_20260718.csv, windows_experience4_20260723.csv"
performance,x86,3DES,ECB,192,1024,key_avalanche_score,4,0.43876953125,0.43876953125,0.0,0.0,"windows_experience1_20260718.csv, windows_experience2_20260718.csv, windows_experience3_20260718.csv, windows_experience4_20260723.csv"
performance,x86,3DES,ECB,192,1024,throughput_dec_mbps,4,5.8718658236294115,5.8718658236294115,0.0,0.0,"windows_experience1_20260718.csv, windows_experience2_20260718.csv, windows_experience3_20260718.csv, windows_experience4_20260723.csv"
performance,x86,3DES,ECB,192,1024,throughput_enc_mbps,4,5.598573622068131,5.598573622068131,0.0,0.0,"windows_experience1_20260718.csv, windows_experience2_20260718.csv, windows_experience3_20260718.csv, windows_experience4_20260723.csv"
performance,x86,3DES,ECB,192,4096,avalanche_score,4,0.502109375,0.502109375,0.0,0.0,"windows_experience1_20260718.csv, windows_experience2_20260718.csv, windows_experience3_20260718.csv, windows_experience4_20260723.csv"
performance,x86,3DES,ECB,192,4096,avg_decrypt_time_s,4,0.0004256887518226904,0.0004256887518226904,0.0,0.0,"windows_experience1_20260718.csv, windows_experience2_20260718.csv, windows_experience3_20260718.csv, windows_experience4_20260723.csv"
performance,x86,3DES,ECB,192,4096,avg_encrypt_time_s,4,0.0004678075017682204,0.0004678075017682204,0.0,0.0,"windows_experience1_20260718.csv, windows_experience2_20260718.csv, windows_experience3_20260718.csv, windows_experience4_20260723.csv"
performance,x86,3DES,ECB,192,4096,key_avalanche_score,4,0.42892578124999997,0.42892578124999997,0.0,0.0,"windows_experience1_20260718.csv, windows_experience2_20260718.csv, windows_experience3_20260718.csv, windows_experience4_20260723.csv"
performance,x86,3DES,ECB,192,4096,throughput_dec_mbps,4,9.540030083861925,9.540030083861925,0.0,0.0,"windows_experience1_20260718.csv, windows_experience2_20260718.csv, windows_experience3_20260718.csv, windows_experience4_20260723.csv"
performance,x86,3DES,ECB,192,4096,throughput_enc_mbps,4,8.806012107951577,8.806012107951577,0.0,0.0,"windows_experience1_20260718.csv, windows_experience2_20260718.csv, windows_experience3_20260718.csv, windows_experience4_20260723.csv"
performance,x86,3DES,ECB,192,16384,avalanche_score,4,0.49878906249999994,0.49878906249999994,0.0,0.0,"windows_experience1_20260718.csv, windows_experience2_20260718.csv, windows_experience3_20260718.csv, windows_experience4_20260723.csv"
performance,x86,3DES,ECB,192,16384,avg_decrypt_time_s,4,0.0012529020000124546,0.0012529020000124546,0.0,0.0,"windows_experience1_20260718.csv, windows_experience2_20260718.csv, windows_experience3_20260718.csv, windows_experience4_20260723.csv"
performance,x86,3DES,ECB,192,16384,avg_encrypt_time_s,4,0.0012932110011706754,0.0012932110011706754,0.0,0.0,"windows_experience1_20260718.csv, windows_experience2_20260718.csv, windows_experience3_20260718.csv, windows_experience4_20260723.csv"
performance,x86,3DES,ECB,192,16384,key_avalanche_score,4,0.44537109375,0.44537109375,0.0,0.0,"windows_experience1_20260718.csv, windows_experience2_20260718.csv, windows_experience3_20260718.csv, windows_experience4_20260723.csv"
performance,x86,3DES,ECB,192,16384,throughput_dec_mbps,4,12.589859658548745,12.589859658548745,0.0,0.0,"windows_experience1_20260718.csv, windows_experience2_20260718.csv, windows_experience3_20260718.csv, windows_experience4_20260723.csv"
performance,x86,3DES,ECB,192,16384,throughput_enc_mbps,4,12.194833256994018,12.194833256994018,0.0,0.0,"windows_experience1_20260718.csv, windows_experience2_20260718.csv, windows_experience3_20260718.csv, windows_experience4_20260723.csv"
performance,x86,AES,CBC,128,64,avalanche_score,4,0.501103515625,0.501103515625,0.0,0.0,"windows_experience1_20260718.csv, windows_experience2_20260718.csv, windows_experience3_20260718.csv, windows_experience4_20260723.csv"
performance,x86,AES,CBC,128,64,avg_decrypt_time_s,4,4.400725082859935e-05,4.400725082859935e-05,0.0,0.0,"windows_experience1_20260718.csv, windows_experience2_20260718.csv, windows_experience3_20260718.csv, windows_experience4_20260723.csv"
performance,x86,AES,CBC,128,64,avg_encrypt_time_s,4,0.00014657175174079384,0.00014657175174079384,0.0,0.0,"windows_experience1_20260718.csv, windows_experience2_20260718.csv, windows_experience3_20260718.csv, windows_experience4_20260723.csv"
performance,x86,AES,CBC,128,64,key_avalanche_score,4,0.499052734375,0.499052734375,0.0,0.0,"windows_experience1_20260718.csv, windows_experience2_20260718.csv, windows_experience3_20260718.csv, windows_experience4_20260723.csv"
performance,x86,AES,CBC,128,64,throughput_dec_mbps,4,1.4205289456972705,1.4205289456972705,0.0,0.0,"windows_experience1_20260718.csv, windows_experience2_20260718.csv, windows_experience3_20260718.csv, windows_experience4_20260723.csv"
performance,x86,AES,CBC,128,64,throughput_enc_mbps,4,0.4218206368215101,0.4218206368215101,0.0,0.0,"windows_experience1_20260718.csv, windows_experience2_20260718.csv, windows_experience3_20260718.csv, windows_experience4_20260723.csv"
performance,x86,AES,CBC,128,256,avalanche_score,4,0.49814453125,0.49814453125,0.0,0.0,"windows_experience1_20260718.csv, windows_experience2_20260718.csv, windows_experience3_20260718.csv, windows_experience4_20260723.csv"
performance,x86,AES,CBC,128,256,avg_decrypt_time_s,4,5.6374249106738715e-05,5.6374249106738715e-05,0.0,0.0,"windows_experience1_20260718.csv, windows_experience2_20260718.csv, windows_experience3_20260718.csv, windows_experience4_20260723.csv"
performance,x86,AES,CBC,128,256,avg_encrypt_time_s,4,0.0004208447543578586,0.0004208447543578586,0.0,0.0,"windows_experience1_20260718.csv, windows_experience2_20260718.csv, windows_experience3_20260718.csv, windows_experience4_20260723.csv"
performance,x86,AES,CBC,128,256,key_avalanche_score,4,0.49956054687499996,0.49956054687499996,0.0,0.0,"windows_experience1_20260718.csv, windows_experience2_20260718.csv, windows_experience3_20260718.csv, windows_experience4_20260723.csv"
performance,x86,AES,CBC,128,256,throughput_dec_mbps,4,4.364111318781857,4.364111318781857,0.0,0.0,"windows_experience1_20260718.csv, windows_experience2_20260718.csv, windows_experience3_20260718.csv, windows_experience4_20260723.csv"
performance,x86,AES,CBC,128,256,throughput_enc_mbps,4,0.5895165348589659,0.5895165348589659,0.0,0.0,"windows_experience1_20260718.csv, windows_experience2_20260718.csv, windows_experience3_20260718.csv, windows_experience4_20260723.csv"
performance,x86,AES,CBC,128,1024,avalanche_score,4,0.50068359375,0.50068359375,0.0,0.0,"windows_experience1_20260718.csv, windows_experience2_20260718.csv, windows_experience3_20260718.csv, windows_experience4_20260723.csv"
performance,x86,AES,CBC,128,1024,avg_decrypt_time_s,4,0.0001666157500312693,0.0001666157500312693,0.0,0.0,"windows_experience1_20260718.csv, windows_experience2_20260718.csv, windows_experience3_20260718.csv, windows_experience4_20260723.csv"
performance,x86,AES,CBC,128,1024,avg_encrypt_time_s,4,0.0015682649987024887,0.0015682649987024887,0.0,0.0,"windows_experience1_20260718.csv, windows_experience2_20260718.csv, windows_experience3_20260718.csv, windows_experience4_20260723.csv"
performance,x86,AES,CBC,128,1024,key_avalanche_score,4,0.49905273437500003,0.49905273437500003,0.0,0.0,"windows_experience1_20260718.csv, windows_experience2_20260718.csv, windows_experience3_20260718.csv, windows_experience4_20260723.csv"
performance,x86,AES,CBC,128,1024,throughput_dec_mbps,4,6.031657217283721,6.031657217283721,0.0,0.0,"windows_experience1_20260718.csv, windows_experience2_20260718.csv, windows_experience3_20260718.csv, windows_experience4_20260723.csv"
performance,x86,AES,CBC,128,1024,throughput_enc_mbps,4,0.6304180861828033,0.6304180861828033,0.0,0.0,"windows_experience1_20260718.csv, windows_experience2_20260718.csv, windows_experience3_20260718.csv, windows_experience4_20260723.csv"
performance,x86,AES,CBC,128,4096,avalanche_score,4,0.5001171875,0.5001171875,0.0,0.0,"windows_experience1_20260718.csv, windows_experience2_20260718.csv, windows_experience3_20260718.csv, windows_experience4_20260723.csv"
performance,x86,AES,CBC,128,4096,avg_decrypt_time_s,4,0.0005710079984373806,0.0005710079984373806,0.0,0.0,"windows_experience1_20260718.csv, windows_experience2_20260718.csv, windows_experience3_20260718.csv, windows_experience4_20260723.csv"
performance,x86,AES,CBC,128,4096,avg_encrypt_time_s,4,0.006384498001607426,0.006384498001607426,0.0,0.0,"windows_experience1_20260718.csv, windows_experience2_20260718.csv, windows_experience3_20260718.csv, windows_experience4_20260723.csv"
performance,x86,AES,CBC,128,4096,key_avalanche_score,4,0.49716796875,0.49716796875,0.0,0.0,"windows_experience1_20260718.csv, windows_experience2_20260718.csv, windows_experience3_20260718.csv, windows_experience4_20260723.csv"
performance,x86,AES,CBC,128,4096,throughput_dec_mbps,4,7.1228902168502,7.1228902168502,0.0,0.0,"windows_experience1_20260718.csv, windows_experience2_20260718.csv, windows_experience3_20260718.csv, windows_experience4_20260723.csv"
performance,x86,AES,CBC,128,4096,throughput_enc_mbps,4,0.630843241425796,0.630843241425796,0.0,0.0,"windows_experience1_20260718.csv, windows_experience2_20260718.csv, windows_experience3_20260718.csv, windows_experience4_20260723.csv"
performance,x86,AES,CBC,128,16384,avalanche_score,4,0.49962890625,0.49962890625,0.0,0.0,"windows_experience1_20260718.csv, windows_experience2_20260718.csv, windows_experience3_20260718.csv, windows_experience4_20260723.csv"
performance,x86,AES,CBC,128,16384,avg_decrypt_time_s,4,0.0021448879987588042,0.0021448879987588042,0.0,0.0,"windows_experience1_20260718.csv, windows_experience2_20260718.csv, windows_experience3_20260718.csv, windows_experience4_20260723.csv"
performance,x86,AES,CBC,128,16384,avg_encrypt_time_s,4,0.02515315925362529,0.02515315925362529,0.0,0.0,"windows_experience1_20260718.csv, windows_experience2_20260718.csv, windows_experience3_20260718.csv, windows_experience4_20260723.csv"
performance,x86,AES,CBC,128,16384,key_avalanche_score,4,0.498779296875,0.498779296875,0.0,0.0,"windows_experience1_20260718.csv, windows_experience2_20260718.csv, windows_experience3_20260718.csv, windows_experience4_20260723.csv"
performance,x86,AES,CBC,128,16384,throughput_dec_mbps,4,7.526027182408507,7.526027182408507,0.0,0.0,"windows_experience1_20260718.csv, windows_experience2_20260718.csv, windows_experience3_20260718.csv, windows_experience4_20260723.csv"
performance,x86,AES,CBC,128,16384,throughput_enc_mbps,4,0.640235185651059,0.640235185651059,0.0,0.0,"windows_experience1_20260718.csv, windows_experience2_20260718.csv, windows_experience3_20260718.csv, windows_experience4_20260723.csv"
performance,x86,AES,CBC,192,64,avalanche_score,4,0.500224609375,0.500224609375,0.0,0.0,"windows_experience1_20260718.csv, windows_experience2_20260718.csv, windows_experience3_20260718.csv, windows_experience4_20260723.csv"
performance,x86,AES,CBC,192,64,avg_decrypt_time_s,4,4.995400281359253e-05,4.995400281359253e-05,0.0,0.0,"windows_experience1_20260718.csv, windows_experience2_20260718.csv, windows_experience3_20260718.csv, windows_experience4_20260723.csv"
performance,x86,AES,CBC,192,64,avg_encrypt_time_s,4,0.00014661125330349024,0.00014661125330349024,0.0,0.0,"windows_experience1_20260718.csv, windows_experience2_20260718.csv, windows_experience3_20260718.csv, windows_experience4_20260723.csv"
performance,x86,AES,CBC,192,64,key_avalanche_score,4,0.49701171875,0.49701171875,0.0,0.0,"windows_experience1_20260718.csv, windows_experience2_20260718.csv, windows_experience3_20260718.csv, windows_experience4_20260723.csv"
performance,x86,AES,CBC,192,64,throughput_dec_mbps,4,1.4086186188311363,1.4086186188311363,0.0,0.0,"windows_experience1_20260718.csv, windows_experience2_20260718.csv, windows_experience3_20260718.csv, windows_experience4_20260723.csv"
performance,x86,AES,CBC,192,64,throughput_enc_mbps,4,0.4428946158221019,0.4428946158221019,0.0,0.0,"windows_experience1_20260718.csv, windows_experience2_20260718.csv, windows_experience3_20260718.csv, windows_experience4_20260723.csv"
performance,x86,AES,CBC,192,256,avalanche_score,4,0.4975,0.4975,0.0,0.0,"windows_experience1_20260718.csv, windows_experience2_20260718.csv, windows_experience3_20260718.csv, windows_experience4_20260723.csv"
performance,x86,AES,CBC,192,256,avg_decrypt_time_s,4,6.702725074319459e-05,6.702725074319459e-05,0.0,0.0,"windows_experience1_20260718.csv, windows_experience2_20260718.csv, windows_experience3_20260718.csv, windows_experience4_20260723.csv"
performance,x86,AES,CBC,192,256,avg_encrypt_time_s,4,0.0004526079975107677,0.0004526079975107677,0.0,0.0,"windows_experience1_20260718.csv, windows_experience2_20260718.csv, windows_experience3_20260718.csv, windows_experience4_20260723.csv"
performance,x86,AES,CBC,192,256,key_avalanche_score,4,0.498681640625,0.498681640625,0.0,0.0,"windows_experience1_20260718.csv, windows_experience2_20260718.csv, windows_experience3_20260718.csv, windows_experience4_20260723.csv"
performance,x86,AES,CBC,192,256,throughput_dec_mbps,4,3.9733623952871184,3.9733623952871184,0.0,0.0,"windows_experience1_20260718.csv, windows_experience2_20260718.csv, windows_experience3_20260718.csv, windows_experience4_20260723.csv"
performance,x86,AES,CBC,192,256,throughput_enc_mbps,4,0.5618182724490441,0.5618182724490441,0.0,0.0,"windows_experience1_20260718.csv, windows_experience2_20260718.csv, windows_experience3_20260718.csv, windows_experience4_20260723.csv"
performance,x86,AES,CBC,192,1024,avalanche_score,4,0.49978515625000003,0.49978515625000003,0.0,0.0,"windows_experience1_20260718.csv, windows_experience2_20260718.csv, windows_experience3_20260718.csv, windows_experience4_20260723.csv"
performance,x86,AES,CBC,192,1024,avg_decrypt_time_s,4,0.0001645465010165026,0.0001645465010165026,0.0,0.0,"windows_experience1_20260718.csv, windows_experience2_20260718.csv, windows_experience3_20260718.csv, windows_experience4_20260723.csv"
performance,x86,AES,CBC,192,1024,avg_encrypt_time_s,4,0.0015780509974911185,0.0015780509974911185,0.0,0.0,"windows_experience1_20260718.csv, windows_experience2_20260718.csv, windows_experience3_20260718.csv, windows_experience4_20260723.csv"
performance,x86,AES,CBC,192,1024,key_avalanche_score,4,0.49990234375,0.49990234375,0.0,0.0,"windows_experience1_20260718.csv, windows_experience2_20260718.csv, windows_experience3_20260718.csv, windows_experience4_20260723.csv"
performance,x86,AES,CBC,192,1024,throughput_dec_mbps,4,6.086152411243511,6.086152411243511,0.0,0.0,"windows_experience1_20260718.csv, windows_experience2_20260718.csv, windows_experience3_20260718.csv, windows_experience4_20260723.csv"
performance,x86,AES,CBC,192,1024,throughput_enc_mbps,4,0.6296498408711831,0.6296498408711831,0.0,0.0,"windows_experience1_20260718.csv, windows_experience2_20260718.csv, windows_experience3_20260718.csv, windows_experience4_20260723.csv"
performance,x86,AES,CBC,192,4096,avalanche_score,4,0.50107421875,0.50107421875,0.0,0.0,"windows_experience1_20260718.csv, windows_experience2_20260718.csv, windows_experience3_20260718.csv, windows_experience4_20260723.csv"
performance,x86,AES,CBC,192,4096,avg_decrypt_time_s,4,0.0006226032461540853,0.0006226032461540853,0.0,0.0,"windows_experience1_20260718.csv, windows_experience2_20260718.csv, windows_experience3_20260718.csv, windows_experience4_20260723.csv"
performance,x86,AES,CBC,192,4096,avg_encrypt_time_s,4,0.006704458748808975,0.006704458748808975,0.0,0.0,"windows_experience1_20260718.csv, windows_experience2_20260718.csv, windows_experience3_20260718.csv, windows_experience4_20260723.csv"
performance,x86,AES,CBC,192,4096,key_avalanche_score,4,0.5017968749999999,0.5017968749999999,0.0,0.0,"windows_experience1_20260718.csv, windows_experience2_20260718.csv, windows_experience3_20260718.csv, windows_experience4_20260723.csv"
performance,x86,AES,CBC,192,4096,throughput_dec_mbps,4,6.8762074065916945,6.8762074065916945,0.0,0.0,"windows_experience1_20260718.csv, windows_experience2_20260718.csv, windows_experience3_20260718.csv, windows_experience4_20260723.csv"
performance,x86,AES,CBC,192,4096,throughput_enc_mbps,4,0.6251418085011973,0.6251418085011973,0.0,0.0,"windows_experience1_20260718.csv, windows_experience2_20260718.csv, windows_experience3_20260718.csv, windows_experience4_20260723.csv"
performance,x86,AES,CBC,192,16384,avalanche_score,4,0.5014453125,0.5014453125,0.0,0.0,"windows_experience1_20260718.csv, windows_experience2_20260718.csv, windows_experience3_20260718.csv, windows_experience4_20260723.csv"
performance,x86,AES,CBC,192,16384,avg_decrypt_time_s,4,0.002821702249716509,0.002821702249716509,0.0,0.0,"windows_experience1_20260718.csv, windows_experience2_20260718.csv, windows_experience3_20260718.csv, windows_experience4_20260723.csv"
performance,x86,AES,CBC,192,16384,avg_encrypt_time_s,4,0.03271400449757948,0.03271400449757948,0.0,0.0,"windows_experience1_20260718.csv, windows_experience2_20260718.csv, windows_experience3_20260718.csv, windows_experience4_20260723.csv"
performance,x86,AES,CBC,192,16384,key_avalanche_score,4,0.501552734375,0.501552734375,0.0,0.0,"windows_experience1_20260718.csv, windows_experience2_20260718.csv, windows_experience3_20260718.csv, windows_experience4_20260723.csv"
performance,x86,AES,CBC,192,16384,throughput_dec_mbps,4,6.417813295280901,6.417813295280901,0.0,0.0,"windows_experience1_20260718.csv, windows_experience2_20260718.csv, windows_experience3_20260718.csv, windows_experience4_20260723.csv"
performance,x86,AES,CBC,192,16384,throughput_enc_mbps,4,0.5553960209685573,0.5553960209685573,0.0,0.0,"windows_experience1_20260718.csv, windows_experience2_20260718.csv, windows_experience3_20260718.csv, windows_experience4_20260723.csv"
performance,x86,AES,CBC,256,64,avalanche_score,4,0.49849609375000004,0.49849609375000004,0.0,0.0,"windows_experience1_20260718.csv, windows_experience2_20260718.csv, windows_experience3_20260718.csv, windows_experience4_20260723.csv"
performance,x86,AES,CBC,256,64,avg_decrypt_time_s,4,4.997224767066654e-05,4.997224767066654e-05,0.0,0.0,"windows_experience1_20260718.csv, windows_experience2_20260718.csv, windows_experience3_20260718.csv, windows_experience4_20260723.csv"
performance,x86,AES,CBC,256,64,avg_encrypt_time_s,4,0.000225094748243464,0.000225094748243464,0.0,0.0,"windows_experience1_20260718.csv, windows_experience2_20260718.csv, windows_experience3_20260718.csv, windows_experience4_20260723.csv"
performance,x86,AES,CBC,256,64,key_avalanche_score,4,0.50021484375,0.50021484375,0.0,0.0,"windows_experience1_20260718.csv, windows_experience2_20260718.csv, windows_experience3_20260718.csv, windows_experience4_20260723.csv"
performance,x86,AES,CBC,256,64,throughput_dec_mbps,4,1.5618038540920842,1.5618038540920842,0.0,0.0,"windows_experience1_20260718.csv, windows_experience2_20260718.csv, windows_experience3_20260718.csv, windows_experience4_20260723.csv"
performance,x86,AES,CBC,256,64,throughput_enc_mbps,4,0.4052108513290581,0.4052108513290581,0.0,0.0,"windows_experience1_20260718.csv, windows_experience2_20260718.csv, windows_experience3_20260718.csv, windows_experience4_20260723.csv"
performance,x86,AES,CBC,256,256,avalanche_score,4,0.5008984375,0.5008984375,0.0,0.0,"windows_experience1_20260718.csv, windows_experience2_20260718.csv, windows_experience3_20260718.csv, windows_experience4_20260723.csv"
performance,x86,AES,CBC,256,256,avg_decrypt_time_s,4,8.00342521483799e-05,8.00342521483799e-05,0.0,0.0,"windows_experience1_20260718.csv, windows_experience2_20260718.csv, windows_experience3_20260718.csv, windows_experience4_20260723.csv"
performance,x86,AES,CBC,256,256,avg_encrypt_time_s,4,0.0007197382484469017,0.0007197382484469017,0.0,0.0,"windows_experience1_20260718.csv, windows_experience2_20260718.csv, windows_experience3_20260718.csv, windows_experience4_20260723.csv"
performance,x86,AES,CBC,256,256,key_avalanche_score,4,0.49845703124999996,0.49845703124999996,0.0,0.0,"windows_experience1_20260718.csv, windows_experience2_20260718.csv, windows_experience3_20260718.csv, windows_experience4_20260723.csv"
performance,x86,AES,CBC,256,256,throughput_dec_mbps,4,3.637648727175935,3.637648727175935,0.0,0.0,"windows_experience1_20260718.csv, windows_experience2_20260718.csv, windows_experience3_20260718.csv, windows_experience4_20260723.csv"
performance,x86,AES,CBC,256,256,throughput_enc_mbps,4,0.46869861881279656,0.46869861881279656,0.0,0.0,"windows_experience1_20260718.csv, windows_experience2_20260718.csv, windows_experience3_20260718.csv, windows_experience4_20260723.csv"
performance,x86,AES,CBC,256,1024,avalanche_score,4,0.49947265625000004,0.49947265625000004,0.0,0.0,"windows_experience1_20260718.csv, windows_experience2_20260718.csv, windows_experience3_20260718.csv, windows_experience4_20260723.csv"
performance,x86,AES,CBC,256,1024,avg_decrypt_time_s,4,0.0003423759991846964,0.0003423759991846964,0.0,0.0,"windows_experience1_20260718.csv, windows_experience2_20260718.csv, windows_experience3_20260718.csv, windows_experience4_20260723.csv"
performance,x86,AES,CBC,256,1024,avg_encrypt_time_s,4,0.002574869496127121,0.002574869496127121,0.0,0.0,"windows_experience1_20260718.csv, windows_experience2_20260718.csv, windows_experience3_20260718.csv, windows_experience4_20260723.csv"
performance,x86,AES,CBC,256,1024,key_avalanche_score,4,0.5002050781249999,0.5002050781249999,0.0,0.0,"windows_experience1_20260718.csv, windows_experience2_20260718.csv, windows_experience3_20260718.csv, windows_experience4_20260723.csv"
performance,x86,AES,CBC,256,1024,throughput_dec_mbps,4,5.07428511232341,5.07428511232341,0.0,0.0,"windows_experience1_20260718.csv, windows_experience2_20260718.csv, windows_experience3_20260718.csv, windows_experience4_20260723.csv"
performance,x86,AES,CBC,256,1024,throughput_enc_mbps,4,0.543734335819484,0.543734335819484,0.0,0.0,"windows_experience1_20260718.csv, windows_experience2_20260718.csv, windows_experience3_20260718.csv, windows_experience4_20260723.csv"
performance,x86,AES,CBC,256,4096,avalanche_score,4,0.5010449218749999,0.5010449218749999,0.0,0.0,"windows_experience1_20260718.csv, windows_experience2_20260718.csv, windows_experience3_20260718.csv, windows_experience4_20260723.csv"
performance,x86,AES,CBC,256,4096,avg_decrypt_time_s,4,0.0006857007520920887,0.0006857007520920887,0.0,0.0,"windows_experience1_20260718.csv, windows_experience2_20260718.csv, windows_experience3_20260718.csv, windows_experience4_20260723.csv"
performance,x86,AES,CBC,256,4096,avg_encrypt_time_s,4,0.00918796249904517,0.00918796249904517,0.0,0.0,"windows_experience1_20260718.csv, windows_experience2_20260718.csv, windows_experience3_20260718.csv, windows_experience4_20260723.csv"
performance,x86,AES,CBC,256,4096,key_avalanche_score,4,0.501484375,0.501484375,0.0,0.0,"windows_experience1_20260718.csv, windows_experience2_20260718.csv, windows_experience3_20260718.csv, windows_experience4_20260723.csv"
performance,x86,AES,CBC,256,4096,throughput_dec_mbps,4,6.430034746940337,6.430034746940337,0.0,0.0,"windows_experience1_20260718.csv, windows_experience2_20260718.csv, windows_experience3_20260718.csv, windows_experience4_20260723.csv"
performance,x86,AES,CBC,256,4096,throughput_enc_mbps,4,0.5703254622850169,0.5703254622850169,0.0,0.0,"windows_experience1_20260718.csv, windows_experience2_20260718.csv, windows_experience3_20260718.csv, windows_experience4_20260723.csv"
performance,x86,AES,CBC,256,16384,avalanche_score,4,0.50029296875,0.50029296875,0.0,0.0,"windows_experience1_20260718.csv, windows_experience2_20260718.csv, windows_experience3_20260718.csv, windows_experience4_20260723.csv"
performance,x86,AES,CBC,256,16384,avg_decrypt_time_s,4,0.002768463749903276,0.002768463749903276,0.0,0.0,"windows_experience1_20260718.csv, windows_experience2_20260718.csv, windows_experience3_20260718.csv, windows_experience4_20260723.csv"
performance,x86,AES,CBC,256,16384,avg_encrypt_time_s,4,0.03442574475180663,0.03442574475180663,0.0,0.0,"windows_experience1_20260718.csv, windows_experience2_20260718.csv, windows_experience3_20260718.csv, windows_experience4_20260723.csv"
performance,x86,AES,CBC,256,16384,key_avalanche_score,4,0.5005761718749999,0.5005761718749999,0.0,0.0,"windows_experience1_20260718.csv, windows_experience2_20260718.csv, windows_experience3_20260718.csv, windows_experience4_20260723.csv"
performance,x86,AES,CBC,256,16384,throughput_dec_mbps,4,6.176217168143701,6.176217168143701,0.0,0.0,"windows_experience1_20260718.csv, windows_experience2_20260718.csv, windows_experience3_20260718.csv, windows_experience4_20260723.csv"
performance,x86,AES,CBC,256,16384,throughput_enc_mbps,4,0.5694404099085351,0.5694404099085351,0.0,0.0,"windows_experience1_20260718.csv, windows_experience2_20260718.csv, windows_experience3_20260718.csv, windows_experience4_20260723.csv"
performance,x86,AES,CTR,128,64,avalanche_score,4,0.497724609375,0.497724609375,0.0,0.0,"windows_experience1_20260718.csv, windows_experience2_20260718.csv, windows_experience3_20260718.csv, windows_experience4_20260723.csv"
performance,x86,AES,CTR,128,64,avg_decrypt_time_s,4,5.4243253891854686e-05,5.4243253891854686e-05,0.0,0.0,"windows_experience1_20260718.csv, windows_experience2_20260718.csv, windows_experience3_20260718.csv, windows_experience4_20260723.csv"
performance,x86,AES,CTR,128,64,avg_encrypt_time_s,4,4.196150357529405e-05,4.196150357529405e-05,0.0,0.0,"windows_experience1_20260718.csv, windows_experience2_20260718.csv, windows_experience3_20260718.csv, windows_experience4_20260723.csv"
performance,x86,AES,CTR,128,64,key_avalanche_score,4,0.501279296875,0.501279296875,0.0,0.0,"windows_experience1_20260718.csv, windows_experience2_20260718.csv, windows_experience3_20260718.csv, windows_experience4_20260723.csv"
performance,x86,AES,CTR,128,64,throughput_dec_mbps,4,1.4013827615977235,1.4013827615977235,0.0,0.0,"windows_experience1_20260718.csv, windows_experience2_20260718.csv, windows_experience3_20260718.csv, windows_experience4_20260723.csv"
performance,x86,AES,CTR,128,64,throughput_enc_mbps,4,1.556124179069966,1.556124179069966,0.0,0.0,"windows_experience1_20260718.csv, windows_experience2_20260718.csv, windows_experience3_20260718.csv, windows_experience4_20260723.csv"
performance,x86,AES,CTR,128,256,avalanche_score,4,0.500517578125,0.500517578125,0.0,0.0,"windows_experience1_20260718.csv, windows_experience2_20260718.csv, windows_experience3_20260718.csv, windows_experience4_20260723.csv"
performance,x86,AES,CTR,128,256,avg_decrypt_time_s,4,8.081149898544027e-05,8.081149898544027e-05,0.0,0.0,"windows_experience1_20260718.csv, windows_experience2_20260718.csv, windows_experience3_20260718.csv, windows_experience4_20260723.csv"
performance,x86,AES,CTR,128,256,avg_encrypt_time_s,4,7.976174985287799e-05,7.976174985287799e-05,0.0,0.0,"windows_experience1_20260718.csv, windows_experience2_20260718.csv, windows_experience3_20260718.csv, windows_experience4_20260723.csv"
performance,x86,AES,CTR,128,256,key_avalanche_score,4,0.49880859375000003,0.49880859375000003,0.0,0.0,"windows_experience1_20260718.csv, windows_experience2_20260718.csv, windows_experience3_20260718.csv, windows_experience4_20260723.csv"
performance,x86,AES,CTR,128,256,throughput_dec_mbps,4,3.1538096803086946,3.1538096803086946,0.0,0.0,"windows_experience1_20260718.csv, windows_experience2_20260718.csv, windows_experience3_20260718.csv, windows_experience4_20260723.csv"
performance,x86,AES,CTR,128,256,throughput_enc_mbps,4,3.1610555530068627,3.1610555530068627,0.0,0.0,"windows_experience1_20260718.csv, windows_experience2_20260718.csv, windows_experience3_20260718.csv, windows_experience4_20260723.csv"
performance,x86,AES,CTR,128,1024,avalanche_score,4,0.497568359375,0.497568359375,0.0,0.0,"windows_experience1_20260718.csv, windows_experience2_20260718.csv, windows_experience3_20260718.csv, windows_experience4_20260723.csv"
performance,x86,AES,CTR,128,1024,avg_decrypt_time_s,4,0.00022430050004686563,0.00022430050004686563,0.0,0.0,"windows_experience1_20260718.csv, windows_experience2_20260718.csv, windows_experience3_20260718.csv, windows_experience4_20260723.csv"
performance,x86,AES,CTR,128,1024,avg_encrypt_time_s,4,0.00023779550140488938,0.00023779550140488938,0.0,0.0,"windows_experience1_20260718.csv, windows_experience2_20260718.csv, windows_experience3_20260718.csv, windows_experience4_20260723.csv"
performance,x86,AES,CTR,128,1024,key_avalanche_score,4,0.5003515625,0.5003515625,0.0,0.0,"windows_experience1_20260718.csv, windows_experience2_20260718.csv, windows_experience3_20260718.csv, windows_experience4_20260723.csv"
performance,x86,AES,CTR,128,1024,throughput_dec_mbps,4,4.536795803995304,4.536795803995304,0.0,0.0,"windows_experience1_20260718.csv, windows_experience2_20260718.csv, windows_experience3_20260718.csv, windows_experience4_20260723.csv"
performance,x86,AES,CTR,128,1024,throughput_enc_mbps,4,4.400288901584401,4.400288901584401,0.0,0.0,"windows_experience1_20260718.csv, windows_experience2_20260718.csv, windows_experience3_20260718.csv, windows_experience4_20260723.csv"
performance,x86,AES,CTR,128,4096,avalanche_score,4,0.498720703125,0.498720703125,0.0,0.0,"windows_experience1_20260718.csv, windows_experience2_20260718.csv, windows_experience3_20260718.csv, windows_experience4_20260723.csv"
performance,x86,AES,CTR,128,4096,avg_decrypt_time_s,4,0.0007997044977992118,0.0007997044977992118,0.0,0.0,"windows_experience1_20260718.csv, windows_experience2_20260718.csv, windows_experience3_20260718.csv, windows_experience4_20260723.csv"
performance,x86,AES,CTR,128,4096,avg_encrypt_time_s,4,0.000902257751383786,0.000902257751383786,0.0,0.0,"windows_experience1_20260718.csv, windows_experience2_20260718.csv, windows_experience3_20260718.csv, windows_experience4_20260723.csv"
performance,x86,AES,CTR,128,4096,key_avalanche_score,4,0.499765625,0.499765625,0.0,0.0,"windows_experience1_20260718.csv, windows_experience2_20260718.csv, windows_experience3_20260718.csv, windows_experience4_20260723.csv"
performance,x86,AES,CTR,128,4096,throughput_dec_mbps,4,5.210649152440804,5.210649152440804,0.0,0.0,"windows_experience1_20260718.csv, windows_experience2_20260718.csv, windows_experience3_20260718.csv, windows_experience4_20260723.csv"
performance,x86,AES,CTR,128,4096,throughput_enc_mbps,4,4.722181899106969,4.722181899106969,0.0,0.0,"windows_experience1_20260718.csv, windows_experience2_20260718.csv, windows_experience3_20260718.csv, windows_experience4_20260723.csv"
performance,x86,AES,CTR,128,16384,avalanche_score,4,0.499052734375,0.499052734375,0.0,0.0,"windows_experience1_20260718.csv, windows_experience2_20260718.csv, windows_experience3_20260718.csv, windows_experience4_20260723.csv"
performance,x86,AES,CTR,128,16384,avg_decrypt_time_s,4,0.0030211507474109563,0.0030211507474109563,0.0,0.0,"windows_experience1_20260718.csv, windows_experience2_20260718.csv, windows_experience3_20260718.csv, windows_experience4_20260723.csv"
performance,x86,AES,CTR,128,16384,avg_encrypt_time_s,4,0.003350530495742987,0.003350530495742987,0.0,0.0,"windows_experience1_20260718.csv, windows_experience2_20260718.csv, windows_experience3_20260718.csv, windows_experience4_20260723.csv"
performance,x86,AES,CTR,128,16384,key_avalanche_score,4,0.4985546875,0.4985546875,0.0,0.0,"windows_experience1_20260718.csv, windows_experience2_20260718.csv, windows_experience3_20260718.csv, windows_experience4_20260723.csv"
performance,x86,AES,CTR,128,16384,throughput_dec_mbps,4,5.683488583276023,5.683488583276023,0.0,0.0,"windows_experience1_20260718.csv, windows_experience2_20260718.csv, windows_experience3_20260718.csv, windows_experience4_20260723.csv"
performance,x86,AES,CTR,128,16384,throughput_enc_mbps,4,5.321871277710795,5.321871277710795,0.0,0.0,"windows_experience1_20260718.csv, windows_experience2_20260718.csv, windows_experience3_20260718.csv, windows_experience4_20260723.csv"
performance,x86,AES,CTR,192,64,avalanche_score,4,0.49908203125,0.49908203125,0.0,0.0,"windows_experience1_20260718.csv, windows_experience2_20260718.csv, windows_experience3_20260718.csv, windows_experience4_20260723.csv"
performance,x86,AES,CTR,192,64,avg_decrypt_time_s,4,4.3260752640890125e-05,4.3260752640890125e-05,0.0,0.0,"windows_experience1_20260718.csv, windows_experience2_20260718.csv, windows_experience3_20260718.csv, windows_experience4_20260723.csv"
performance,x86,AES,CTR,192,64,avg_encrypt_time_s,4,3.571125049802504e-05,3.571125049802504e-05,0.0,0.0,"windows_experience1_20260718.csv, windows_experience2_20260718.csv, windows_experience3_20260718.csv, windows_experience4_20260723.csv"
performance,x86,AES,CTR,192,64,key_avalanche_score,4,0.499052734375,0.499052734375,0.0,0.0,"windows_experience1_20260718.csv, windows_experience2_20260718.csv, windows_experience3_20260718.csv, windows_experience4_20260723.csv"
performance,x86,AES,CTR,192,64,throughput_dec_mbps,4,1.523670879265011,1.523670879265011,0.0,0.0,"windows_experience1_20260718.csv, windows_experience2_20260718.csv, windows_experience3_20260718.csv, windows_experience4_20260723.csv"
performance,x86,AES,CTR,192,64,throughput_enc_mbps,4,1.7224054608159518,1.7224054608159518,0.0,0.0,"windows_experience1_20260718.csv, windows_experience2_20260718.csv, windows_experience3_20260718.csv, windows_experience4_20260723.csv"
performance,x86,AES,CTR,192,256,avalanche_score,4,0.501396484375,0.501396484375,0.0,0.0,"windows_experience1_20260718.csv, windows_experience2_20260718.csv, windows_experience3_20260718.csv, windows_experience4_20260723.csv"
performance,x86,AES,CTR,192,256,avg_decrypt_time_s,4,7.71112536972396e-05,7.71112536972396e-05,0.0,0.0,"windows_experience1_20260718.csv, windows_experience2_20260718.csv, windows_experience3_20260718.csv, windows_experience4_20260723.csv"
performance,x86,AES,CTR,192,256,avg_encrypt_time_s,4,7.787400042161608e-05,7.787400042161608e-05,0.0,0.0,"windows_experience1_20260718.csv, windows_experience2_20260718.csv, windows_experience3_20260718.csv, windows_experience4_20260723.csv"
performance,x86,AES,CTR,192,256,key_avalanche_score,4,0.5012890624999999,0.5012890624999999,0.0,0.0,"windows_experience1_20260718.csv, windows_experience2_20260718.csv, windows_experience3_20260718.csv, windows_experience4_20260723.csv"
performance,x86,AES,CTR,192,256,throughput_dec_mbps,4,3.290995932766111,3.290995932766111,0.0,0.0,"windows_experience1_20260718.csv, windows_experience2_20260718.csv, windows_experience3_20260718.csv, windows_experience4_20260723.csv"
performance,x86,AES,CTR,192,256,throughput_enc_mbps,4,3.2553115309888785,3.2553115309888785,0.0,0.0,"windows_experience1_20260718.csv, windows_experience2_20260718.csv, windows_experience3_20260718.csv, windows_experience4_20260723.csv"
performance,x86,AES,CTR,192,1024,avalanche_score,4,0.500595703125,0.500595703125,0.0,0.0,"windows_experience1_20260718.csv, windows_experience2_20260718.csv, windows_experience3_20260718.csv, windows_experience4_20260723.csv"
performance,x86,AES,CTR,192,1024,avg_decrypt_time_s,4,0.00020326575217268327,0.00020326575217268327,0.0,0.0,"windows_experience1_20260718.csv, windows_experience2_20260718.csv, windows_experience3_20260718.csv, windows_experience4_20260723.csv"
performance,x86,AES,CTR,192,1024,avg_encrypt_time_s,4,0.00020429549929076526,0.00020429549929076526,0.0,0.0,"windows_experience1_20260718.csv, windows_experience2_20260718.csv, windows_experience3_20260718.csv, windows_experience4_20260723.csv"
performance,x86,AES,CTR,192,1024,key_avalanche_score,4,0.49905273437500003,0.49905273437500003,0.0,0.0,"windows_experience1_20260718.csv, windows_experience2_20260718.csv, windows_experience3_20260718.csv, windows_experience4_20260723.csv"
performance,x86,AES,CTR,192,1024,throughput_dec_mbps,4,4.875786056361633,4.875786056361633,0.0,0.0,"windows_experience1_20260718.csv, windows_experience2_20260718.csv, windows_experience3_20260718.csv, windows_experience4_20260723.csv"
performance,x86,AES,CTR,192,1024,throughput_enc_mbps,4,4.890330574157353,4.890330574157353,0.0,0.0,"windows_experience1_20260718.csv, windows_experience2_20260718.csv, windows_experience3_20260718.csv, windows_experience4_20260723.csv"
performance,x86,AES,CTR,192,4096,avalanche_score,4,0.498994140625,0.498994140625,0.0,0.0,"windows_experience1_20260718.csv, windows_experience2_20260718.csv, windows_experience3_20260718.csv, windows_experience4_20260723.csv"
performance,x86,AES,CTR,192,4096,avg_decrypt_time_s,4,0.0007079077471212259,0.0007079077471212259,0.0,0.0,"windows_experience1_20260718.csv, windows_experience2_20260718.csv, windows_experience3_20260718.csv, windows_experience4_20260723.csv"
performance,x86,AES,CTR,192,4096,avg_encrypt_time_s,4,0.0007419222471457942,0.0007419222471457942,0.0,0.0,"windows_experience1_20260718.csv, windows_experience2_20260718.csv, windows_experience3_20260718.csv, windows_experience4_20260723.csv"
performance,x86,AES,CTR,192,4096,key_avalanche_score,4,0.49814453125,0.49814453125,0.0,0.0,"windows_experience1_20260718.csv, windows_experience2_20260718.csv, windows_experience3_20260718.csv, windows_experience4_20260723.csv"
performance,x86,AES,CTR,192,4096,throughput_dec_mbps,4,5.724129808592577,5.724129808592577,0.0,0.0,"windows_experience1_20260718.csv, windows_experience2_20260718.csv, windows_experience3_20260718.csv, windows_experience4_20260723.csv"
performance,x86,AES,CTR,192,4096,throughput_enc_mbps,4,5.387079002310913,5.387079002310913,0.0,0.0,"windows_experience1_20260718.csv, windows_experience2_20260718.csv, windows_experience3_20260718.csv, windows_experience4_20260723.csv"
performance,x86,AES,CTR,192,16384,avalanche_score,4,0.4989453125,0.4989453125,0.0,0.0,"windows_experience1_20260718.csv, windows_experience2_20260718.csv, windows_experience3_20260718.csv, windows_experience4_20260723.csv"
performance,x86,AES,CTR,192,16384,avg_decrypt_time_s,4,0.0029753017483608343,0.0029753017483608343,0.0,0.0,"windows_experience1_20260718.csv, windows_experience2_20260718.csv, windows_experience3_20260718.csv, windows_experience4_20260723.csv"
performance,x86,AES,CTR,192,16384,avg_encrypt_time_s,4,0.0027049180027188414,0.0027049180027188414,0.0,0.0,"windows_experience1_20260718.csv, windows_experience2_20260718.csv, windows_experience3_20260718.csv, windows_experience4_20260723.csv"
performance,x86,AES,CTR,192,16384,key_avalanche_score,4,0.49877929687500006,0.49877929687500006,0.0,0.0,"windows_experience1_20260718.csv, windows_experience2_20260718.csv, windows_experience3_20260718.csv, windows_experience4_20260723.csv"
performance,x86,AES,CTR,192,16384,throughput_dec_mbps,4,5.468465273433795,5.468465273433795,0.0,0.0,"windows_experience1_20260718.csv, windows_experience2_20260718.csv, windows_experience3_20260718.csv, windows_experience4_20260723.csv"
performance,x86,AES,CTR,192,16384,throughput_enc_mbps,4,5.9325526557207064,5.9325526557207064,0.0,0.0,"windows_experience1_20260718.csv, windows_experience2_20260718.csv, windows_experience3_20260718.csv, windows_experience4_20260723.csv"
performance,x86,AES,CTR,256,64,avalanche_score,4,0.50060546875,0.50060546875,0.0,0.0,"windows_experience1_20260718.csv, windows_experience2_20260718.csv, windows_experience3_20260718.csv, windows_experience4_20260723.csv"
performance,x86,AES,CTR,256,64,avg_decrypt_time_s,4,3.616599872657389e-05,3.616599872657389e-05,0.0,0.0,"windows_experience1_20260718.csv, windows_experience2_20260718.csv, windows_experience3_20260718.csv, windows_experience4_20260723.csv"
performance,x86,AES,CTR,256,64,avg_encrypt_time_s,4,4.2395750010655324e-05,4.2395750010655324e-05,0.0,0.0,"windows_experience1_20260718.csv, windows_experience2_20260718.csv, windows_experience3_20260718.csv, windows_experience4_20260723.csv"
performance,x86,AES,CTR,256,64,key_avalanche_score,4,0.500595703125,0.500595703125,0.0,0.0,"windows_experience1_20260718.csv, windows_experience2_20260718.csv, windows_experience3_20260718.csv, windows_experience4_20260723.csv"
performance,x86,AES,CTR,256,64,throughput_dec_mbps,4,1.6971488325953774,1.6971488325953774,0.0,0.0,"windows_experience1_20260718.csv, windows_experience2_20260718.csv, windows_experience3_20260718.csv, windows_experience4_20260723.csv"
performance,x86,AES,CTR,256,64,throughput_enc_mbps,4,1.5030871293473307,1.5030871293473307,0.0,0.0,"windows_experience1_20260718.csv, windows_experience2_20260718.csv, windows_experience3_20260718.csv, windows_experience4_20260723.csv"
performance,x86,AES,CTR,256,256,avalanche_score,4,0.49970703125,0.49970703125,0.0,0.0,"windows_experience1_20260718.csv, windows_experience2_20260718.csv, windows_experience3_20260718.csv, windows_experience4_20260723.csv"
performance,x86,AES,CTR,256,256,avg_decrypt_time_s,4,8.11767488607984e-05,8.11767488607984e-05,0.0,0.0,"windows_experience1_20260718.csv, windows_experience2_20260718.csv, windows_experience3_20260718.csv, windows_experience4_20260723.csv"
performance,x86,AES,CTR,256,256,avg_encrypt_time_s,4,7.981724725595995e-05,7.981724725595995e-05,0.0,0.0,"windows_experience1_20260718.csv, windows_experience2_20260718.csv, windows_experience3_20260718.csv, windows_experience4_20260723.csv"
performance,x86,AES,CTR,256,256,key_avalanche_score,4,0.5026953125,0.5026953125,0.0,0.0,"windows_experience1_20260718.csv, windows_experience2_20260718.csv, windows_experience3_20260718.csv, windows_experience4_20260723.csv"
performance,x86,AES,CTR,256,256,throughput_dec_mbps,4,3.1411526181029954,3.1411526181029954,0.0,0.0,"windows_experience1_20260718.csv, windows_experience2_20260718.csv, windows_experience3_20260718.csv, windows_experience4_20260723.csv"
performance,x86,AES,CTR,256,256,throughput_enc_mbps,4,3.2664088024128084,3.2664088024128084,0.0,0.0,"windows_experience1_20260718.csv, windows_experience2_20260718.csv, windows_experience3_20260718.csv, windows_experience4_20260723.csv"
performance,x86,AES,CTR,256,1024,avalanche_score,4,0.5012109375,0.5012109375,0.0,0.0,"windows_experience1_20260718.csv, windows_experience2_20260718.csv, windows_experience3_20260718.csv, windows_experience4_20260723.csv"
performance,x86,AES,CTR,256,1024,avg_decrypt_time_s,4,0.00020775449832626693,0.00020775449832626693,0.0,0.0,"windows_experience1_20260718.csv, windows_experience2_20260718.csv, windows_experience3_20260718.csv, windows_experience4_20260723.csv"
performance,x86,AES,CTR,256,1024,avg_encrypt_time_s,4,0.00022982899872204144,0.00022982899872204144,0.0,0.0,"windows_experience1_20260718.csv, windows_experience2_20260718.csv, windows_experience3_20260718.csv, windows_experience4_20260723.csv"
performance,x86,AES,CTR,256,1024,key_avalanche_score,4,0.502978515625,0.502978515625,0.0,0.0,"windows_experience1_20260718.csv, windows_experience2_20260718.csv, windows_experience3_20260718.csv, windows_experience4_20260723.csv"
performance,x86,AES,CTR,256,1024,throughput_dec_mbps,4,4.7757005814014315,4.7757005814014315,0.0,0.0,"windows_experience1_20260718.csv, windows_experience2_20260718.csv, windows_experience3_20260718.csv, windows_experience4_20260723.csv"
performance,x86,AES,CTR,256,1024,throughput_enc_mbps,4,4.355174896557305,4.355174896557305,0.0,0.0,"windows_experience1_20260718.csv, windows_experience2_20260718.csv, windows_experience3_20260718.csv, windows_experience4_20260723.csv"
performance,x86,AES,CTR,256,4096,avalanche_score,4,0.5005859374999999,0.5005859374999999,0.0,0.0,"windows_experience1_20260718.csv, windows_experience2_20260718.csv, windows_experience3_20260718.csv, windows_experience4_20260723.csv"
performance,x86,AES,CTR,256,4096,avg_decrypt_time_s,4,0.0008391392490511862,0.0008391392490511862,0.0,0.0,"windows_experience1_20260718.csv, windows_experience2_20260718.csv, windows_experience3_20260718.csv, windows_experience4_20260723.csv"
performance,x86,AES,CTR,256,4096,avg_encrypt_time_s,4,0.0008704212495968023,0.0008704212495968023,0.0,0.0,"windows_experience1_20260718.csv, windows_experience2_20260718.csv, windows_experience3_20260718.csv, windows_experience4_20260723.csv"
performance,x86,AES,CTR,256,4096,key_avalanche_score,4,0.50244140625,0.50244140625,0.0,0.0,"windows_experience1_20260718.csv, windows_experience2_20260718.csv, windows_experience3_20260718.csv, windows_experience4_20260723.csv"
performance,x86,AES,CTR,256,4096,throughput_dec_mbps,4,4.894571670182179,4.894571670182179,0.0,0.0,"windows_experience1_20260718.csv, windows_experience2_20260718.csv, windows_experience3_20260718.csv, windows_experience4_20260723.csv"
performance,x86,AES,CTR,256,4096,throughput_enc_mbps,4,4.7833548959592935,4.7833548959592935,0.0,0.0,"windows_experience1_20260718.csv, windows_experience2_20260718.csv, windows_experience3_20260718.csv, windows_experience4_20260723.csv"
performance,x86,AES,CTR,256,16384,avalanche_score,4,0.4982519531249999,0.4982519531249999,0.0,0.0,"windows_experience1_20260718.csv, windows_experience2_20260718.csv, windows_experience3_20260718.csv, windows_experience4_20260723.csv"
performance,x86,AES,CTR,256,16384,avg_decrypt_time_s,4,0.0028037599972890346,0.0028037599972890346,0.0,0.0,"windows_experience1_20260718.csv, windows_experience2_20260718.csv, windows_experience3_20260718.csv, windows_experience4_20260723.csv"
performance,x86,AES,CTR,256,16384,avg_encrypt_time_s,4,0.002778056000477136,0.002778056000477136,0.0,0.0,"windows_experience1_20260718.csv, windows_experience2_20260718.csv, windows_experience3_20260718.csv, windows_experience4_20260723.csv"
performance,x86,AES,CTR,256,16384,key_avalanche_score,4,0.50095703125,0.50095703125,0.0,0.0,"windows_experience1_20260718.csv, windows_experience2_20260718.csv, windows_experience3_20260718.csv, windows_experience4_20260723.csv"
performance,x86,AES,CTR,256,16384,throughput_dec_mbps,4,5.744048641779265,5.744048641779265,0.0,0.0,"windows_experience1_20260718.csv, windows_experience2_20260718.csv, windows_experience3_20260718.csv, windows_experience4_20260723.csv"
performance,x86,AES,CTR,256,16384,throughput_enc_mbps,4,5.725649372834582,5.725649372834582,0.0,0.0,"windows_experience1_20260718.csv, windows_experience2_20260718.csv, windows_experience3_20260718.csv, windows_experience4_20260723.csv"
performance,x86,AES,ECB,128,64,avalanche_score,4,0.501572265625,0.501572265625,0.0,0.0,"windows_experience1_20260718.csv, windows_experience2_20260718.csv, windows_experience3_20260718.csv, windows_experience4_20260723.csv"
performance,x86,AES,ECB,128,64,avg_decrypt_time_s,4,2.246300138040169e-05,2.246300138040169e-05,0.0,0.0,"windows_experience1_20260718.csv, windows_experience2_20260718.csv, windows_experience3_20260718.csv, windows_experience4_20260723.csv"
performance,x86,AES,ECB,128,64,avg_encrypt_time_s,4,5.1563751344474444e-05,5.1563751344474444e-05,0.0,0.0,"windows_experience1_20260718.csv, windows_experience2_20260718.csv, windows_experience3_20260718.csv, windows_experience4_20260723.csv"
performance,x86,AES,ECB,128,64,key_avalanche_score,4,0.501005859375,0.501005859375,0.0,0.0,"windows_experience1_20260718.csv, windows_experience2_20260718.csv, windows_experience3_20260718.csv, windows_experience4_20260723.csv"
performance,x86,AES,ECB,128,64,throughput_dec_mbps,4,2.798720010868858,2.798720010868858,0.0,0.0,"windows_experience1_20260718.csv, windows_experience2_20260718.csv, windows_experience3_20260718.csv, windows_experience4_20260723.csv"
performance,x86,AES,ECB,128,64,throughput_enc_mbps,4,1.2014392180660993,1.2014392180660993,0.0,0.0,"windows_experience1_20260718.csv, windows_experience2_20260718.csv, windows_experience3_20260718.csv, windows_experience4_20260723.csv"
performance,x86,AES,ECB,128,256,avalanche_score,4,0.498427734375,0.498427734375,0.0,0.0,"windows_experience1_20260718.csv, windows_experience2_20260718.csv, windows_experience3_20260718.csv, windows_experience4_20260723.csv"
performance,x86,AES,ECB,128,256,avg_decrypt_time_s,4,2.273450289067114e-05,2.273450289067114e-05,0.0,0.0,"windows_experience1_20260718.csv, windows_experience2_20260718.csv, windows_experience3_20260718.csv, windows_experience4_20260723.csv"
performance,x86,AES,ECB,128,256,avg_encrypt_time_s,4,3.080974801605407e-05,3.080974801605407e-05,0.0,0.0,"windows_experience1_20260718.csv, windows_experience2_20260718.csv, windows_experience3_20260718.csv, windows_experience4_20260723.csv"
performance,x86,AES,ECB,128,256,key_avalanche_score,4,0.497080078125,0.497080078125,0.0,0.0,"windows_experience1_20260718.csv, windows_experience2_20260718.csv, windows_experience3_20260718.csv, windows_experience4_20260723.csv"
performance,x86,AES,ECB,128,256,throughput_dec_mbps,4,11.407870522344115,11.407870522344115,0.0,0.0,"windows_experience1_20260718.csv, windows_experience2_20260718.csv, windows_experience3_20260718.csv, windows_experience4_20260723.csv"
performance,x86,AES,ECB,128,256,throughput_enc_mbps,4,8.900750964557576,8.900750964557576,0.0,0.0,"windows_experience1_20260718.csv, windows_experience2_20260718.csv, windows_experience3_20260718.csv, windows_experience4_20260723.csv"
performance,x86,AES,ECB,128,1024,avalanche_score,4,0.50142578125,0.50142578125,0.0,0.0,"windows_experience1_20260718.csv, windows_experience2_20260718.csv, windows_experience3_20260718.csv, windows_experience4_20260723.csv"
performance,x86,AES,ECB,128,1024,avg_decrypt_time_s,4,2.7058497259986325e-05,2.7058497259986325e-05,0.0,0.0,"windows_experience1_20260718.csv, windows_experience2_20260718.csv, windows_experience3_20260718.csv, windows_experience4_20260723.csv"
performance,x86,AES,ECB,128,1024,avg_encrypt_time_s,4,3.3964999804538824e-05,3.3964999804538824e-05,0.0,0.0,"windows_experience1_20260718.csv, windows_experience2_20260718.csv, windows_experience3_20260718.csv, windows_experience4_20260723.csv"
performance,x86,AES,ECB,128,1024,key_avalanche_score,4,0.49971679687500004,0.49971679687500004,0.0,0.0,"windows_experience1_20260718.csv, windows_experience2_20260718.csv, windows_experience3_20260718.csv, windows_experience4_20260723.csv"
performance,x86,AES,ECB,128,1024,throughput_dec_mbps,4,38.088033403713816,38.088033403713816,0.0,0.0,"windows_experience1_20260718.csv, windows_experience2_20260718.csv, windows_experience3_20260718.csv, windows_experience4_20260723.csv"
performance,x86,AES,ECB,128,1024,throughput_enc_mbps,4,31.45012200904239,31.45012200904239,0.0,0.0,"windows_experience1_20260718.csv, windows_experience2_20260718.csv, windows_experience3_20260718.csv, windows_experience4_20260723.csv"
performance,x86,AES,ECB,128,4096,avalanche_score,4,0.50244140625,0.50244140625,0.0,0.0,"windows_experience1_20260718.csv, windows_experience2_20260718.csv, windows_experience3_20260718.csv, windows_experience4_20260723.csv"
performance,x86,AES,ECB,128,4096,avg_decrypt_time_s,4,2.884024744389535e-05,2.884024744389535e-05,0.0,0.0,"windows_experience1_20260718.csv, windows_experience2_20260718.csv, windows_experience3_20260718.csv, windows_experience4_20260723.csv"
performance,x86,AES,ECB,128,4096,avg_encrypt_time_s,4,3.6144001669526915e-05,3.6144001669526915e-05,0.0,0.0,"windows_experience1_20260718.csv, windows_experience2_20260718.csv, windows_experience3_20260718.csv, windows_experience4_20260723.csv"
performance,x86,AES,ECB,128,4096,key_avalanche_score,4,0.499384765625,0.499384765625,0.0,0.0,"windows_experience1_20260718.csv, windows_experience2_20260718.csv, windows_experience3_20260718.csv, windows_experience4_20260723.csv"
performance,x86,AES,ECB,128,4096,throughput_dec_mbps,4,141.53188018624647,141.53188018624647,0.0,0.0,"windows_experience1_20260718.csv, windows_experience2_20260718.csv, windows_experience3_20260718.csv, windows_experience4_20260723.csv"
performance,x86,AES,ECB,128,4096,throughput_enc_mbps,4,114.86162923507091,114.86162923507091,0.0,0.0,"windows_experience1_20260718.csv, windows_experience2_20260718.csv, windows_experience3_20260718.csv, windows_experience4_20260723.csv"
performance,x86,AES,ECB,128,16384,avalanche_score,4,0.49876953125,0.49876953125,0.0,0.0,"windows_experience1_20260718.csv, windows_experience2_20260718.csv, windows_experience3_20260718.csv, windows_experience4_20260723.csv"
performance,x86,AES,ECB,128,16384,avg_decrypt_time_s,4,3.6075249092846206e-05,3.6075249092846206e-05,0.0,0.0,"windows_experience1_20260718.csv, windows_experience2_20260718.csv, windows_experience3_20260718.csv, windows_experience4_20260723.csv"
performance,x86,AES,ECB,128,16384,avg_encrypt_time_s,4,5.318750175774767e-05,5.318750175774767e-05,0.0,0.0,"windows_experience1_20260718.csv, windows_experience2_20260718.csv, windows_experience3_20260718.csv, windows_experience4_20260723.csv"
performance,x86,AES,ECB,128,16384,key_avalanche_score,4,0.500478515625,0.500478515625,0.0,0.0,"windows_experience1_20260718.csv, windows_experience2_20260718.csv, windows_experience3_20260718.csv, windows_experience4_20260723.csv"
performance,x86,AES,ECB,128,16384,throughput_dec_mbps,4,485.6633684651089,485.6633684651089,0.0,0.0,"windows_experience1_20260718.csv, windows_experience2_20260718.csv, windows_experience3_20260718.csv, windows_experience4_20260723.csv"
performance,x86,AES,ECB,128,16384,throughput_enc_mbps,4,303.03321068387646,303.03321068387646,0.0,0.0,"windows_experience1_20260718.csv, windows_experience2_20260718.csv, windows_experience3_20260718.csv, windows_experience4_20260723.csv"
performance,x86,AES,ECB,192,64,avalanche_score,4,0.498896484375,0.498896484375,0.0,0.0,"windows_experience1_20260718.csv, windows_experience2_20260718.csv, windows_experience3_20260718.csv, windows_experience4_20260723.csv"
performance,x86,AES,ECB,192,64,avg_decrypt_time_s,4,2.7678751257553814e-05,2.7678751257553814e-05,0.0,0.0,"windows_experience1_20260718.csv, windows_experience2_20260718.csv, windows_experience3_20260718.csv, windows_experience4_20260723.csv"
performance,x86,AES,ECB,192,64,avg_encrypt_time_s,4,2.441350123490338e-05,2.441350123490338e-05,0.0,0.0,"windows_experience1_20260718.csv, windows_experience2_20260718.csv, windows_experience3_20260718.csv, windows_experience4_20260723.csv"
performance,x86,AES,ECB,192,64,key_avalanche_score,4,0.49859375000000006,0.49859375000000006,0.0,0.0,"windows_experience1_20260718.csv, windows_experience2_20260718.csv, windows_experience3_20260718.csv, windows_experience4_20260723.csv"
performance,x86,AES,ECB,192,64,throughput_dec_mbps,4,2.3663732252032403,2.3663732252032403,0.0,0.0,"windows_experience1_20260718.csv, windows_experience2_20260718.csv, windows_experience3_20260718.csv, windows_experience4_20260723.csv"
performance,x86,AES,ECB,192,64,throughput_enc_mbps,4,2.743329319474559,2.743329319474559,0.0,0.0,"windows_experience1_20260718.csv, windows_experience2_20260718.csv, windows_experience3_20260718.csv, windows_experience4_20260723.csv"
performance,x86,AES,ECB,192,256,avalanche_score,4,0.500048828125,0.500048828125,0.0,0.0,"windows_experience1_20260718.csv, windows_experience2_20260718.csv, windows_experience3_20260718.csv, windows_experience4_20260723.csv"
performance,x86,AES,ECB,192,256,avg_decrypt_time_s,4,2.1965754774555536e-05,2.1965754774555536e-05,0.0,0.0,"windows_experience1_20260718.csv, windows_experience2_20260718.csv, windows_experience3_20260718.csv, windows_experience4_20260723.csv"
performance,x86,AES,ECB,192,256,avg_encrypt_time_s,4,2.5343001154851664e-05,2.5343001154851664e-05,0.0,0.0,"windows_experience1_20260718.csv, windows_experience2_20260718.csv, windows_experience3_20260718.csv, windows_experience4_20260723.csv"
performance,x86,AES,ECB,192,256,key_avalanche_score,4,0.50048828125,0.50048828125,0.0,0.0,"windows_experience1_20260718.csv, windows_experience2_20260718.csv, windows_experience3_20260718.csv, windows_experience4_20260723.csv"
performance,x86,AES,ECB,192,256,throughput_dec_mbps,4,11.365525669433088,11.365525669433088,0.0,0.0,"windows_experience1_20260718.csv, windows_experience2_20260718.csv, windows_experience3_20260718.csv, windows_experience4_20260723.csv"
performance,x86,AES,ECB,192,256,throughput_enc_mbps,4,10.070356928785007,10.070356928785007,0.0,0.0,"windows_experience1_20260718.csv, windows_experience2_20260718.csv, windows_experience3_20260718.csv, windows_experience4_20260723.csv"
performance,x86,AES,ECB,192,1024,avalanche_score,4,0.497275390625,0.497275390625,0.0,0.0,"windows_experience1_20260718.csv, windows_experience2_20260718.csv, windows_experience3_20260718.csv, windows_experience4_20260723.csv"
performance,x86,AES,ECB,192,1024,avg_decrypt_time_s,4,2.3264753638159165e-05,2.3264753638159165e-05,0.0,0.0,"windows_experience1_20260718.csv, windows_experience2_20260718.csv, windows_experience3_20260718.csv, windows_experience4_20260723.csv"
performance,x86,AES,ECB,192,1024,avg_encrypt_time_s,4,2.5533252576224185e-05,2.5533252576224185e-05,0.0,0.0,"windows_experience1_20260718.csv, windows_experience2_20260718.csv, windows_experience3_20260718.csv, windows_experience4_20260723.csv"
performance,x86,AES,ECB,192,1024,key_avalanche_score,4,0.5006542968750001,0.5006542968750001,0.0,0.0,"windows_experience1_20260718.csv, windows_experience2_20260718.csv, windows_experience3_20260718.csv, windows_experience4_20260723.csv"
performance,x86,AES,ECB,192,1024,throughput_dec_mbps,4,42.68822371412728,42.68822371412728,0.0,0.0,"windows_experience1_20260718.csv, windows_experience2_20260718.csv, windows_experience3_20260718.csv, windows_experience4_20260723.csv"
performance,x86,AES,ECB,192,1024,throughput_enc_mbps,4,39.50449121717131,39.50449121717131,0.0,0.0,"windows_experience1_20260718.csv, windows_experience2_20260718.csv, windows_experience3_20260718.csv, windows_experience4_20260723.csv"
performance,x86,AES,ECB,192,4096,avalanche_score,4,0.5005468750000001,0.5005468750000001,0.0,0.0,"windows_experience1_20260718.csv, windows_experience2_20260718.csv, windows_experience3_20260718.csv, windows_experience4_20260723.csv"
performance,x86,AES,ECB,192,4096,avg_decrypt_time_s,4,3.192650277696885e-05,3.192650277696885e-05,0.0,0.0,"windows_experience1_20260718.csv, windows_experience2_20260718.csv, windows_experience3_20260718.csv, windows_experience4_20260723.csv"
performance,x86,AES,ECB,192,4096,avg_encrypt_time_s,4,2.9736753529050475e-05,2.9736753529050475e-05,0.0,0.0,"windows_experience1_20260718.csv, windows_experience2_20260718.csv, windows_experience3_20260718.csv, windows_experience4_20260723.csv"
performance,x86,AES,ECB,192,4096,key_avalanche_score,4,0.49735351562499996,0.49735351562499996,0.0,0.0,"windows_experience1_20260718.csv, windows_experience2_20260718.csv, windows_experience3_20260718.csv, windows_experience4_20260723.csv"
performance,x86,AES,ECB,192,4096,throughput_dec_mbps,4,130.07091605232227,130.07091605232227,0.0,0.0,"windows_experience1_20260718.csv, windows_experience2_20260718.csv, windows_experience3_20260718.csv, windows_experience4_20260723.csv"
performance,x86,AES,ECB,192,4096,throughput_enc_mbps,4,136.39715512009036,136.39715512009036,0.0,0.0,"windows_experience1_20260718.csv, windows_experience2_20260718.csv, windows_experience3_20260718.csv, windows_experience4_20260723.csv"
performance,x86,AES,ECB,192,16384,avalanche_score,4,0.50068359375,0.50068359375,0.0,0.0,"windows_experience1_20260718.csv, windows_experience2_20260718.csv, windows_experience3_20260718.csv, windows_experience4_20260723.csv"
performance,x86,AES,ECB,192,16384,avg_decrypt_time_s,4,4.024850209816578e-05,4.024850209816578e-05,0.0,0.0,"windows_experience1_20260718.csv, windows_experience2_20260718.csv, windows_experience3_20260718.csv, windows_experience4_20260723.csv"
performance,x86,AES,ECB,192,16384,avg_encrypt_time_s,4,4.91802526266838e-05,4.91802526266838e-05,0.0,0.0,"windows_experience1_20260718.csv, windows_experience2_20260718.csv, windows_experience3_20260718.csv, windows_experience4_20260723.csv"
performance,x86,AES,ECB,192,16384,key_avalanche_score,4,0.49927734375,0.49927734375,0.0,0.0,"windows_experience1_20260718.csv, windows_experience2_20260718.csv, windows_experience3_20260718.csv, windows_experience4_20260723.csv"
performance,x86,AES,ECB,192,16384,throughput_dec_mbps,4,393.39966933980577,393.39966933980577,0.0,0.0,"windows_experience1_20260718.csv, windows_experience2_20260718.csv, windows_experience3_20260718.csv, windows_experience4_20260723.csv"
performance,x86,AES,ECB,192,16384,throughput_enc_mbps,4,330.743696440407,330.743696440407,0.0,0.0,"windows_experience1_20260718.csv, windows_experience2_20260718.csv, windows_experience3_20260718.csv, windows_experience4_20260723.csv"
performance,x86,AES,ECB,256,64,avalanche_score,4,0.499501953125,0.499501953125,0.0,0.0,"windows_experience1_20260718.csv, windows_experience2_20260718.csv, windows_experience3_20260718.csv, windows_experience4_20260723.csv"
performance,x86,AES,ECB,256,64,avg_decrypt_time_s,4,1.846624990548662e-05,1.846624990548662e-05,0.0,0.0,"windows_experience1_20260718.csv, windows_experience2_20260718.csv, windows_experience3_20260718.csv, windows_experience4_20260723.csv"
performance,x86,AES,ECB,256,64,avg_encrypt_time_s,4,2.9753742937828063e-05,2.9753742937828063e-05,0.0,0.0,"windows_experience1_20260718.csv, windows_experience2_20260718.csv, windows_experience3_20260718.csv, windows_experience4_20260723.csv"
performance,x86,AES,ECB,256,64,key_avalanche_score,4,0.5020214843749999,0.5020214843749999,0.0,0.0,"windows_experience1_20260718.csv, windows_experience2_20260718.csv, windows_experience3_20260718.csv, windows_experience4_20260723.csv"
performance,x86,AES,ECB,256,64,throughput_dec_mbps,4,3.320911984864937,3.320911984864937,0.0,0.0,"windows_experience1_20260718.csv, windows_experience2_20260718.csv, windows_experience3_20260718.csv, windows_experience4_20260723.csv"
performance,x86,AES,ECB,256,64,throughput_enc_mbps,4,2.280412542862357,2.280412542862357,0.0,0.0,"windows_experience1_20260718.csv, windows_experience2_20260718.csv, windows_experience3_20260718.csv, windows_experience4_20260723.csv"
performance,x86,AES,ECB,256,256,avalanche_score,4,0.50029296875,0.50029296875,0.0,0.0,"windows_experience1_20260718.csv, windows_experience2_20260718.csv, windows_experience3_20260718.csv, windows_experience4_20260723.csv"
performance,x86,AES,ECB,256,256,avg_decrypt_time_s,4,2.4963751220639095e-05,2.4963751220639095e-05,0.0,0.0,"windows_experience1_20260718.csv, windows_experience2_20260718.csv, windows_experience3_20260718.csv, windows_experience4_20260723.csv"
performance,x86,AES,ECB,256,256,avg_encrypt_time_s,4,2.220724890321435e-05,2.220724890321435e-05,0.0,0.0,"windows_experience1_20260718.csv, windows_experience2_20260718.csv, windows_experience3_20260718.csv, windows_experience4_20260723.csv"
performance,x86,AES,ECB,256,256,key_avalanche_score,4,0.5023535156250001,0.5023535156250001,0.0,0.0,"windows_experience1_20260718.csv, windows_experience2_20260718.csv, windows_experience3_20260718.csv, windows_experience4_20260723.csv"
performance,x86,AES,ECB,256,256,throughput_dec_mbps,4,11.183735679156298,11.183735679156298,0.0,0.0,"windows_experience1_20260718.csv, windows_experience2_20260718.csv, windows_experience3_20260718.csv, windows_experience4_20260723.csv"
performance,x86,AES,ECB,256,256,throughput_enc_mbps,4,11.031498183256307,11.031498183256307,0.0,0.0,"windows_experience1_20260718.csv, windows_experience2_20260718.csv, windows_experience3_20260718.csv, windows_experience4_20260723.csv"
performance,x86,AES,ECB,256,1024,avalanche_score,4,0.49908203124999995,0.49908203124999995,0.0,0.0,"windows_experience1_20260718.csv, windows_experience2_20260718.csv, windows_experience3_20260718.csv, windows_experience4_20260723.csv"
performance,x86,AES,ECB,256,1024,avg_decrypt_time_s,4,2.97224974110577e-05,2.97224974110577e-05,0.0,0.0,"windows_experience1_20260718.csv, windows_experience2_20260718.csv, windows_experience3_20260718.csv, windows_experience4_20260723.csv"
performance,x86,AES,ECB,256,1024,avg_encrypt_time_s,4,3.303600577510224e-05,3.303600577510224e-05,0.0,0.0,"windows_experience1_20260718.csv, windows_experience2_20260718.csv, windows_experience3_20260718.csv, windows_experience4_20260723.csv"
performance,x86,AES,ECB,256,1024,key_avalanche_score,4,0.49552734374999996,0.49552734374999996,0.0,0.0,"windows_experience1_20260718.csv, windows_experience2_20260718.csv, windows_experience3_20260718.csv, windows_experience4_20260723.csv"
performance,x86,AES,ECB,256,1024,throughput_dec_mbps,4,35.14617459733242,35.14617459733242,0.0,0.0,"windows_experience1_20260718.csv, windows_experience2_20260718.csv, windows_experience3_20260718.csv, windows_experience4_20260723.csv"
performance,x86,AES,ECB,256,1024,throughput_enc_mbps,4,30.042611830760823,30.042611830760823,0.0,0.0,"windows_experience1_20260718.csv, windows_experience2_20260718.csv, windows_experience3_20260718.csv, windows_experience4_20260723.csv"
performance,x86,AES,ECB,256,4096,avalanche_score,4,0.49908203125,0.49908203125,0.0,0.0,"windows_experience1_20260718.csv, windows_experience2_20260718.csv, windows_experience3_20260718.csv, windows_experience4_20260723.csv"
performance,x86,AES,ECB,256,4096,avg_decrypt_time_s,4,2.9695252878809695e-05,2.9695252878809695e-05,0.0,0.0,"windows_experience1_20260718.csv, windows_experience2_20260718.csv, windows_experience3_20260718.csv, windows_experience4_20260723.csv"
performance,x86,AES,ECB,256,4096,avg_encrypt_time_s,4,3.1144502563620336e-05,3.1144502563620336e-05,0.0,0.0,"windows_experience1_20260718.csv, windows_experience2_20260718.csv, windows_experience3_20260718.csv, windows_experience4_20260723.csv"
performance,x86,AES,ECB,256,4096,key_avalanche_score,4,0.499814453125,0.499814453125,0.0,0.0,"windows_experience1_20260718.csv, windows_experience2_20260718.csv, windows_experience3_20260718.csv, windows_experience4_20260723.csv"
performance,x86,AES,ECB,256,4096,throughput_dec_mbps,4,140.7651294966684,140.7651294966684,0.0,0.0,"windows_experience1_20260718.csv, windows_experience2_20260718.csv, windows_experience3_20260718.csv, windows_experience4_20260723.csv"
performance,x86,AES,ECB,256,4096,throughput_enc_mbps,4,130.42203648617186,130.42203648617186,0.0,0.0,"windows_experience1_20260718.csv, windows_experience2_20260718.csv, windows_experience3_20260718.csv, windows_experience4_20260723.csv"
performance,x86,AES,ECB,256,16384,avalanche_score,4,0.503095703125,0.503095703125,0.0,0.0,"windows_experience1_20260718.csv, windows_experience2_20260718.csv, windows_experience3_20260718.csv, windows_experience4_20260723.csv"
performance,x86,AES,ECB,256,16384,avg_decrypt_time_s,4,4.598924668243854e-05,4.598924668243854e-05,0.0,0.0,"windows_experience1_20260718.csv, windows_experience2_20260718.csv, windows_experience3_20260718.csv, windows_experience4_20260723.csv"
performance,x86,AES,ECB,256,16384,avg_encrypt_time_s,4,4.830700356023953e-05,4.830700356023953e-05,0.0,0.0,"windows_experience1_20260718.csv, windows_experience2_20260718.csv, windows_experience3_20260718.csv, windows_experience4_20260723.csv"
performance,x86,AES,ECB,256,16384,key_avalanche_score,4,0.5006445312500001,0.5006445312500001,0.0,0.0,"windows_experience1_20260718.csv, windows_experience2_20260718.csv, windows_experience3_20260718.csv, windows_experience4_20260723.csv"
performance,x86,AES,ECB,256,16384,throughput_dec_mbps,4,363.8959426031322,363.8959426031322,0.0,0.0,"windows_experience1_20260718.csv, windows_experience2_20260718.csv, windows_experience3_20260718.csv, windows_experience4_20260723.csv"
performance,x86,AES,ECB,256,16384,throughput_enc_mbps,4,333.81858701588294,333.81858701588294,0.0,0.0,"windows_experience1_20260718.csv, windows_experience2_20260718.csv, windows_experience3_20260718.csv, windows_experience4_20260723.csv"
performance,x86,AES,GCM,128,64,avalanche_score,4,0.49967773437499996,0.49967773437499996,0.0,0.0,"windows_experience1_20260718.csv, windows_experience2_20260718.csv, windows_experience3_20260718.csv, windows_experience4_20260723.csv"
performance,x86,AES,GCM,128,64,avg_decrypt_time_s,4,0.0002032552501009377,0.0002032552501009377,0.0,0.0,"windows_experience1_20260718.csv, windows_experience2_20260718.csv, windows_experience3_20260718.csv, windows_experience4_20260723.csv"
performance,x86,AES,GCM,128,64,avg_encrypt_time_s,4,0.00031577349842336843,0.00031577349842336843,0.0,0.0,"windows_experience1_20260718.csv, windows_experience2_20260718.csv, windows_experience3_20260718.csv, windows_experience4_20260723.csv"
performance,x86,AES,GCM,128,64,key_avalanche_score,4,0.499658203125,0.499658203125,0.0,0.0,"windows_experience1_20260718.csv, windows_experience2_20260718.csv, windows_experience3_20260718.csv, windows_experience4_20260723.csv"
performance,x86,AES,GCM,128,64,throughput_dec_mbps,4,0.30618195950592053,0.30618195950592053,0.0,0.0,"windows_experience1_20260718.csv, windows_experience2_20260718.csv, windows_experience3_20260718.csv, windows_experience4_20260723.csv"
performance,x86,AES,GCM,128,64,throughput_enc_mbps,4,0.19644324422413223,0.19644324422413223,0.0,0.0,"windows_experience1_20260718.csv, windows_experience2_20260718.csv, windows_experience3_20260718.csv, windows_experience4_20260723.csv"
performance,x86,AES,GCM,128,256,avalanche_score,4,0.499189453125,0.499189453125,0.0,0.0,"windows_experience1_20260718.csv, windows_experience2_20260718.csv, windows_experience3_20260718.csv, windows_experience4_20260723.csv"
performance,x86,AES,GCM,128,256,avg_decrypt_time_s,4,0.00021249050025062388,0.00021249050025062388,0.0,0.0,"windows_experience1_20260718.csv, windows_experience2_20260718.csv, windows_experience3_20260718.csv, windows_experience4_20260723.csv"
performance,x86,AES,GCM,128,256,avg_encrypt_time_s,4,0.00015091700361608674,0.00015091700361608674,0.0,0.0,"windows_experience1_20260718.csv, windows_experience2_20260718.csv, windows_experience3_20260718.csv, windows_experience4_20260723.csv"
performance,x86,AES,GCM,128,256,key_avalanche_score,4,0.499755859375,0.499755859375,0.0,0.0,"windows_experience1_20260718.csv, windows_experience2_20260718.csv, windows_experience3_20260718.csv, windows_experience4_20260723.csv"
performance,x86,AES,GCM,128,256,throughput_dec_mbps,4,1.2290853364444874,1.2290853364444874,0.0,0.0,"windows_experience1_20260718.csv, windows_experience2_20260718.csv, windows_experience3_20260718.csv, windows_experience4_20260723.csv"
performance,x86,AES,GCM,128,256,throughput_enc_mbps,4,1.6691514872176056,1.6691514872176056,0.0,0.0,"windows_experience1_20260718.csv, windows_experience2_20260718.csv, windows_experience3_20260718.csv, windows_experience4_20260723.csv"
performance,x86,AES,GCM,128,1024,avalanche_score,4,0.501298828125,0.501298828125,0.0,0.0,"windows_experience1_20260718.csv, windows_experience2_20260718.csv, windows_experience3_20260718.csv, windows_experience4_20260723.csv"
performance,x86,AES,GCM,128,1024,avg_decrypt_time_s,4,0.00020393075530364513,0.00020393075530364513,0.0,0.0,"windows_experience1_20260718.csv, windows_experience2_20260718.csv, windows_experience3_20260718.csv, windows_experience4_20260723.csv"
performance,x86,AES,GCM,128,1024,avg_encrypt_time_s,4,0.00015917849169909458,0.00015917849169909458,0.0,0.0,"windows_experience1_20260718.csv, windows_experience2_20260718.csv, windows_experience3_20260718.csv, windows_experience4_20260723.csv"
performance,x86,AES,GCM,128,1024,key_avalanche_score,4,0.50228515625,0.50228515625,0.0,0.0,"windows_experience1_20260718.csv, windows_experience2_20260718.csv, windows_experience3_20260718.csv, windows_experience4_20260723.csv"
performance,x86,AES,GCM,128,1024,throughput_dec_mbps,4,4.8912511702563455,4.8912511702563455,0.0,0.0,"windows_experience1_20260718.csv, windows_experience2_20260718.csv, windows_experience3_20260718.csv, windows_experience4_20260723.csv"
performance,x86,AES,GCM,128,1024,throughput_enc_mbps,4,6.280174220370947,6.280174220370947,0.0,0.0,"windows_experience1_20260718.csv, windows_experience2_20260718.csv, windows_experience3_20260718.csv, windows_experience4_20260723.csv"
performance,x86,AES,GCM,128,4096,avalanche_score,4,0.49993164062499995,0.49993164062499995,0.0,0.0,"windows_experience1_20260718.csv, windows_experience2_20260718.csv, windows_experience3_20260718.csv, windows_experience4_20260723.csv"
performance,x86,AES,GCM,128,4096,avg_decrypt_time_s,4,0.00020138574927841546,0.00020138574927841546,0.0,0.0,"windows_experience1_20260718.csv, windows_experience2_20260718.csv, windows_experience3_20260718.csv, windows_experience4_20260723.csv"
performance,x86,AES,GCM,128,4096,avg_encrypt_time_s,4,0.0001571200009379936,0.0001571200009379936,0.0,0.0,"windows_experience1_20260718.csv, windows_experience2_20260718.csv, windows_experience3_20260718.csv, windows_experience4_20260723.csv"
performance,x86,AES,GCM,128,4096,key_avalanche_score,4,0.5009375,0.5009375,0.0,0.0,"windows_experience1_20260718.csv, windows_experience2_20260718.csv, windows_experience3_20260718.csv, windows_experience4_20260723.csv"
performance,x86,AES,GCM,128,4096,throughput_dec_mbps,4,19.928859545335342,19.928859545335342,0.0,0.0,"windows_experience1_20260718.csv, windows_experience2_20260718.csv, windows_experience3_20260718.csv, windows_experience4_20260723.csv"
performance,x86,AES,GCM,128,4096,throughput_enc_mbps,4,25.198171861019613,25.198171861019613,0.0,0.0,"windows_experience1_20260718.csv, windows_experience2_20260718.csv, windows_experience3_20260718.csv, windows_experience4_20260723.csv"
performance,x86,AES,GCM,128,16384,avalanche_score,4,0.497333984375,0.497333984375,0.0,0.0,"windows_experience1_20260718.csv, windows_experience2_20260718.csv, windows_experience3_20260718.csv, windows_experience4_20260723.csv"
performance,x86,AES,GCM,128,16384,avg_decrypt_time_s,4,0.00022856074636820264,0.00022856074636820264,0.0,0.0,"windows_experience1_20260718.csv, windows_experience2_20260718.csv, windows_experience3_20260718.csv, windows_experience4_20260723.csv"
performance,x86,AES,GCM,128,16384,avg_encrypt_time_s,4,0.0001927165028314448,0.0001927165028314448,0.0,0.0,"windows_experience1_20260718.csv, windows_experience2_20260718.csv, windows_experience3_20260718.csv, windows_experience4_20260723.csv"
performance,x86,AES,GCM,128,16384,key_avalanche_score,4,0.49916015625,0.49916015625,0.0,0.0,"windows_experience1_20260718.csv, windows_experience2_20260718.csv, windows_experience3_20260718.csv, windows_experience4_20260723.csv"
performance,x86,AES,GCM,128,16384,throughput_dec_mbps,4,68.93332338093532,68.93332338093532,0.0,0.0,"windows_experience1_20260718.csv, windows_experience2_20260718.csv, windows_experience3_20260718.csv, windows_experience4_20260723.csv"
performance,x86,AES,GCM,128,16384,throughput_enc_mbps,4,82.28347587118492,82.28347587118492,0.0,0.0,"windows_experience1_20260718.csv, windows_experience2_20260718.csv, windows_experience3_20260718.csv, windows_experience4_20260723.csv"
performance,x86,AES,GCM,192,64,avalanche_score,4,0.5015234375,0.5015234375,0.0,0.0,"windows_experience1_20260718.csv, windows_experience2_20260718.csv, windows_experience3_20260718.csv, windows_experience4_20260723.csv"
performance,x86,AES,GCM,192,64,avg_decrypt_time_s,4,0.00017874075108238686,0.00017874075108238686,0.0,0.0,"windows_experience1_20260718.csv, windows_experience2_20260718.csv, windows_experience3_20260718.csv, windows_experience4_20260723.csv"
performance,x86,AES,GCM,192,64,avg_encrypt_time_s,4,0.00015518474834834705,0.00015518474834834705,0.0,0.0,"windows_experience1_20260718.csv, windows_experience2_20260718.csv, windows_experience3_20260718.csv, windows_experience4_20260723.csv"
performance,x86,AES,GCM,192,64,key_avalanche_score,4,0.50109375,0.50109375,0.0,0.0,"windows_experience1_20260718.csv, windows_experience2_20260718.csv, windows_experience3_20260718.csv, windows_experience4_20260723.csv"
performance,x86,AES,GCM,192,64,throughput_dec_mbps,4,0.3441504948232361,0.3441504948232361,0.0,0.0,"windows_experience1_20260718.csv, windows_experience2_20260718.csv, windows_experience3_20260718.csv, windows_experience4_20260723.csv"
performance,x86,AES,GCM,192,64,throughput_enc_mbps,4,0.40550899208930014,0.40550899208930014,0.0,0.0,"windows_experience1_20260718.csv, windows_experience2_20260718.csv, windows_experience3_20260718.csv, windows_experience4_20260723.csv"
performance,x86,AES,GCM,192,256,avalanche_score,4,0.49971679687500004,0.49971679687500004,0.0,0.0,"windows_experience1_20260718.csv, windows_experience2_20260718.csv, windows_experience3_20260718.csv, windows_experience4_20260723.csv"
performance,x86,AES,GCM,192,256,avg_decrypt_time_s,4,0.00019412149723393665,0.00019412149723393665,0.0,0.0,"windows_experience1_20260718.csv, windows_experience2_20260718.csv, windows_experience3_20260718.csv, windows_experience4_20260723.csv"
performance,x86,AES,GCM,192,256,avg_encrypt_time_s,4,0.00013600150144156943,0.00013600150144156943,0.0,0.0,"windows_experience1_20260718.csv, windows_experience2_20260718.csv, windows_experience3_20260718.csv, windows_experience4_20260723.csv"
performance,x86,AES,GCM,192,256,key_avalanche_score,4,0.50080078125,0.50080078125,0.0,0.0,"windows_experience1_20260718.csv, windows_experience2_20260718.csv, windows_experience3_20260718.csv, windows_experience4_20260723.csv"
performance,x86,AES,GCM,192,256,throughput_dec_mbps,4,1.2773877185082505,1.2773877185082505,0.0,0.0,"windows_experience1_20260718.csv, windows_experience2_20260718.csv, windows_experience3_20260718.csv, windows_experience4_20260723.csv"
performance,x86,AES,GCM,192,256,throughput_enc_mbps,4,1.8259596805697242,1.8259596805697242,0.0,0.0,"windows_experience1_20260718.csv, windows_experience2_20260718.csv, windows_experience3_20260718.csv, windows_experience4_20260723.csv"
performance,x86,AES,GCM,192,1024,avalanche_score,4,0.50009765625,0.50009765625,0.0,0.0,"windows_experience1_20260718.csv, windows_experience2_20260718.csv, windows_experience3_20260718.csv, windows_experience4_20260723.csv"
performance,x86,AES,GCM,192,1024,avg_decrypt_time_s,4,0.00019033874856404508,0.00019033874856404508,0.0,0.0,"windows_experience1_20260718.csv, windows_experience2_20260718.csv, windows_experience3_20260718.csv, windows_experience4_20260723.csv"
performance,x86,AES,GCM,192,1024,avg_encrypt_time_s,4,0.00015437249805472673,0.00015437249805472673,0.0,0.0,"windows_experience1_20260718.csv, windows_experience2_20260718.csv, windows_experience3_20260718.csv, windows_experience4_20260723.csv"
performance,x86,AES,GCM,192,1024,key_avalanche_score,4,0.49875,0.49875,0.0,0.0,"windows_experience1_20260718.csv, windows_experience2_20260718.csv, windows_experience3_20260718.csv, windows_experience4_20260723.csv"
performance,x86,AES,GCM,192,1024,throughput_dec_mbps,4,5.150066141946356,5.150066141946356,0.0,0.0,"windows_experience1_20260718.csv, windows_experience2_20260718.csv, windows_experience3_20260718.csv, windows_experience4_20260723.csv"
performance,x86,AES,GCM,192,1024,throughput_enc_mbps,4,6.531204194346052,6.531204194346052,0.0,0.0,"windows_experience1_20260718.csv, windows_experience2_20260718.csv, windows_experience3_20260718.csv, windows_experience4_20260723.csv"
performance,x86,AES,GCM,192,4096,avalanche_score,4,0.49828125,0.49828125,0.0,0.0,"windows_experience1_20260718.csv, windows_experience2_20260718.csv, windows_experience3_20260718.csv, windows_experience4_20260723.csv"
performance,x86,AES,GCM,192,4096,avg_decrypt_time_s,4,0.00021844574965143693,0.00021844574965143693,0.0,0.0,"windows_experience1_20260718.csv, windows_experience2_20260718.csv, windows_experience3_20260718.csv, windows_experience4_20260723.csv"
performance,x86,AES,GCM,192,4096,avg_encrypt_time_s,4,0.00018091825027568117,0.00018091825027568117,0.0,0.0,"windows_experience1_20260718.csv, windows_experience2_20260718.csv, windows_experience3_20260718.csv, windows_experience4_20260723.csv"
performance,x86,AES,GCM,192,4096,key_avalanche_score,4,0.501708984375,0.501708984375,0.0,0.0,"windows_experience1_20260718.csv, windows_experience2_20260718.csv, windows_experience3_20260718.csv, windows_experience4_20260723.csv"
performance,x86,AES,GCM,192,4096,throughput_dec_mbps,4,19.062244029632406,19.062244029632406,0.0,0.0,"windows_experience1_20260718.csv, windows_experience2_20260718.csv, windows_experience3_20260718.csv, windows_experience4_20260723.csv"
performance,x86,AES,GCM,192,4096,throughput_enc_mbps,4,22.998362243859216,22.998362243859216,0.0,0.0,"windows_experience1_20260718.csv, windows_experience2_20260718.csv, windows_experience3_20260718.csv, windows_experience4_20260723.csv"
performance,x86,AES,GCM,192,16384,avalanche_score,4,0.49784179687499996,0.49784179687499996,0.0,0.0,"windows_experience1_20260718.csv, windows_experience2_20260718.csv, windows_experience3_20260718.csv, windows_experience4_20260723.csv"
performance,x86,AES,GCM,192,16384,avg_decrypt_time_s,4,0.00022237649890030297,0.00022237649890030297,0.0,0.0,"windows_experience1_20260718.csv, windows_experience2_20260718.csv, windows_experience3_20260718.csv, windows_experience4_20260723.csv"
performance,x86,AES,GCM,192,16384,avg_encrypt_time_s,4,0.00019647174983902004,0.00019647174983902004,0.0,0.0,"windows_experience1_20260718.csv, windows_experience2_20260718.csv, windows_experience3_20260718.csv, windows_experience4_20260723.csv"
performance,x86,AES,GCM,192,16384,key_avalanche_score,4,0.49962890625,0.49962890625,0.0,0.0,"windows_experience1_20260718.csv, windows_experience2_20260718.csv, windows_experience3_20260718.csv, windows_experience4_20260723.csv"
performance,x86,AES,GCM,192,16384,throughput_dec_mbps,4,70.78550123964341,70.78550123964341,0.0,0.0,"windows_experience1_20260718.csv, windows_experience2_20260718.csv, windows_experience3_20260718.csv, windows_experience4_20260723.csv"
performance,x86,AES,GCM,192,16384,throughput_enc_mbps,4,81.89300293402086,81.89300293402086,0.0,0.0,"windows_experience1_20260718.csv, windows_experience2_20260718.csv, windows_experience3_20260718.csv, windows_experience4_20260723.csv"
performance,x86,AES,GCM,256,64,avalanche_score,4,0.49763671875000004,0.49763671875000004,0.0,0.0,"windows_experience1_20260718.csv, windows_experience2_20260718.csv, windows_experience3_20260718.csv, windows_experience4_20260723.csv"
performance,x86,AES,GCM,256,64,avg_decrypt_time_s,4,0.0002664152503211881,0.0002664152503211881,0.0,0.0,"windows_experience1_20260718.csv, windows_experience2_20260718.csv, windows_experience3_20260718.csv, windows_experience4_20260723.csv"
performance,x86,AES,GCM,256,64,avg_encrypt_time_s,4,0.0001930927476564648,0.0001930927476564648,0.0,0.0,"windows_experience1_20260718.csv, windows_experience2_20260718.csv, windows_experience3_20260718.csv, windows_experience4_20260723.csv"
performance,x86,AES,GCM,256,64,key_avalanche_score,4,0.49870117187499996,0.49870117187499996,0.0,0.0,"windows_experience1_20260718.csv, windows_experience2_20260718.csv, windows_experience3_20260718.csv, windows_experience4_20260723.csv"
performance,x86,AES,GCM,256,64,throughput_dec_mbps,4,0.27475502729888557,0.27475502729888557,0.0,0.0,"windows_experience1_20260718.csv, windows_experience2_20260718.csv, windows_experience3_20260718.csv, windows_experience4_20260723.csv"
performance,x86,AES,GCM,256,64,throughput_enc_mbps,4,0.3770175204716236,0.3770175204716236,0.0,0.0,"windows_experience1_20260718.csv, windows_experience2_20260718.csv, windows_experience3_20260718.csv, windows_experience4_20260723.csv"
performance,x86,AES,GCM,256,256,avalanche_score,4,0.49869140625,0.49869140625,0.0,0.0,"windows_experience1_20260718.csv, windows_experience2_20260718.csv, windows_experience3_20260718.csv, windows_experience4_20260723.csv"
performance,x86,AES,GCM,256,256,avg_decrypt_time_s,4,0.00024554874987643417,0.00024554874987643417,0.0,0.0,"windows_experience1_20260718.csv, windows_experience2_20260718.csv, windows_experience3_20260718.csv, windows_experience4_20260723.csv"
performance,x86,AES,GCM,256,256,avg_encrypt_time_s,4,0.00019213924806535943,0.00019213924806535943,0.0,0.0,"windows_experience1_20260718.csv, windows_experience2_20260718.csv, windows_experience3_20260718.csv, windows_experience4_20260723.csv"
performance,x86,AES,GCM,256,256,key_avalanche_score,4,0.50146484375,0.50146484375,0.0,0.0,"windows_experience1_20260718.csv, windows_experience2_20260718.csv, windows_experience3_20260718.csv, windows_experience4_20260723.csv"
performance,x86,AES,GCM,256,256,throughput_dec_mbps,4,1.2589761345079715,1.2589761345079715,0.0,0.0,"windows_experience1_20260718.csv, windows_experience2_20260718.csv, windows_experience3_20260718.csv, windows_experience4_20260723.csv"
performance,x86,AES,GCM,256,256,throughput_enc_mbps,4,1.5126242684821034,1.5126242684821034,0.0,0.0,"windows_experience1_20260718.csv, windows_experience2_20260718.csv, windows_experience3_20260718.csv, windows_experience4_20260723.csv"
performance,x86,AES,GCM,256,1024,avalanche_score,4,0.50318359375,0.50318359375,0.0,0.0,"windows_experience1_20260718.csv, windows_experience2_20260718.csv, windows_experience3_20260718.csv, windows_experience4_20260723.csv"
performance,x86,AES,GCM,256,1024,avg_decrypt_time_s,4,0.00019014650005601654,0.00019014650005601654,0.0,0.0,"windows_experience1_20260718.csv, windows_experience2_20260718.csv, windows_experience3_20260718.csv, windows_experience4_20260723.csv"
performance,x86,AES,GCM,256,1024,avg_encrypt_time_s,4,0.00014670999885993294,0.00014670999885993294,0.0,0.0,"windows_experience1_20260718.csv, windows_experience2_20260718.csv, windows_experience3_20260718.csv, windows_experience4_20260723.csv"
performance,x86,AES,GCM,256,1024,key_avalanche_score,4,0.49732421875000005,0.49732421875000005,0.0,0.0,"windows_experience1_20260718.csv, windows_experience2_20260718.csv, windows_experience3_20260718.csv, windows_experience4_20260723.csv"
performance,x86,AES,GCM,256,1024,throughput_dec_mbps,4,5.1732787746347135,5.1732787746347135,0.0,0.0,"windows_experience1_20260718.csv, windows_experience2_20260718.csv, windows_experience3_20260718.csv, windows_experience4_20260723.csv"
performance,x86,AES,GCM,256,1024,throughput_enc_mbps,4,6.788894729756974,6.788894729756974,0.0,0.0,"windows_experience1_20260718.csv, windows_experience2_20260718.csv, windows_experience3_20260718.csv, windows_experience4_20260723.csv"
performance,x86,AES,GCM,256,4096,avalanche_score,4,0.5008984375,0.5008984375,0.0,0.0,"windows_experience1_20260718.csv, windows_experience2_20260718.csv, windows_experience3_20260718.csv, windows_experience4_20260723.csv"
performance,x86,AES,GCM,256,4096,avg_decrypt_time_s,4,0.00020889824992309516,0.00020889824992309516,0.0,0.0,"windows_experience1_20260718.csv, windows_experience2_20260718.csv, windows_experience3_20260718.csv, windows_experience4_20260723.csv"
performance,x86,AES,GCM,256,4096,avg_encrypt_time_s,4,0.00015780425022967392,0.00015780425022967392,0.0,0.0,"windows_experience1_20260718.csv, windows_experience2_20260718.csv, windows_experience3_20260718.csv, windows_experience4_20260723.csv"
performance,x86,AES,GCM,256,4096,key_avalanche_score,4,0.49712890625,0.49712890625,0.0,0.0,"windows_experience1_20260718.csv, windows_experience2_20260718.csv, windows_experience3_20260718.csv, windows_experience4_20260723.csv"
performance,x86,AES,GCM,256,4096,throughput_dec_mbps,4,19.151217039317395,19.151217039317395,0.0,0.0,"windows_experience1_20260718.csv, windows_experience2_20260718.csv, windows_experience3_20260718.csv, windows_experience4_20260723.csv"
performance,x86,AES,GCM,256,4096,throughput_enc_mbps,4,25.392637977001762,25.392637977001762,0.0,0.0,"windows_experience1_20260718.csv, windows_experience2_20260718.csv, windows_experience3_20260718.csv, windows_experience4_20260723.csv"
performance,x86,AES,GCM,256,16384,avalanche_score,4,0.49962890625,0.49962890625,0.0,0.0,"windows_experience1_20260718.csv, windows_experience2_20260718.csv, windows_experience3_20260718.csv, windows_experience4_20260723.csv"
performance,x86,AES,GCM,256,16384,avg_decrypt_time_s,4,0.00023739999762938167,0.00023739999762938167,0.0,0.0,"windows_experience1_20260718.csv, windows_experience2_20260718.csv, windows_experience3_20260718.csv, windows_experience4_20260723.csv"
performance,x86,AES,GCM,256,16384,avg_encrypt_time_s,4,0.0002125864991648996,0.0002125864991648996,0.0,0.0,"windows_experience1_20260718.csv, windows_experience2_20260718.csv, windows_experience3_20260718.csv, windows_experience4_20260723.csv"
performance,x86,AES,GCM,256,16384,key_avalanche_score,4,0.501044921875,0.501044921875,0.0,0.0,"windows_experience1_20260718.csv, windows_experience2_20260718.csv, windows_experience3_20260718.csv, windows_experience4_20260723.csv"
performance,x86,AES,GCM,256,16384,throughput_dec_mbps,4,68.4903288022563,68.4903288022563,0.0,0.0,"windows_experience1_20260718.csv, windows_experience2_20260718.csv, windows_experience3_20260718.csv, windows_experience4_20260723.csv"
performance,x86,AES,GCM,256,16384,throughput_enc_mbps,4,81.78487416378343,81.78487416378343,0.0,0.0,"windows_experience1_20260718.csv, windows_experience2_20260718.csv, windows_experience3_20260718.csv, windows_experience4_20260723.csv"
performance,x86,ChaCha20,Stream,256,64,avalanche_score,4,0.5948876953125,0.5948876953125,0.0,0.0,"windows_experience1_20260718.csv, windows_experience2_20260718.csv, windows_experience3_20260718.csv, windows_experience4_20260723.csv"
performance,x86,ChaCha20,Stream,256,64,avg_decrypt_time_s,4,2.2456999806763635e-05,2.2456999806763635e-05,0.0,0.0,"windows_experience1_20260718.csv, windows_experience2_20260718.csv, windows_experience3_20260718.csv, windows_experience4_20260723.csv"
performance,x86,ChaCha20,Stream,256,64,avg_encrypt_time_s,4,2.2892749796028512e-05,2.2892749796028512e-05,0.0,0.0,"windows_experience1_20260718.csv, windows_experience2_20260718.csv, windows_experience3_20260718.csv, windows_experience4_20260723.csv"
performance,x86,ChaCha20,Stream,256,64,key_avalanche_score,4,0.5927050781250001,0.5927050781250001,0.0,0.0,"windows_experience1_20260718.csv, windows_experience2_20260718.csv, windows_experience3_20260718.csv, windows_experience4_20260723.csv"
performance,x86,ChaCha20,Stream,256,64,throughput_dec_mbps,4,3.4357334321076847,3.4357334321076847,0.0,0.0,"windows_experience1_20260718.csv, windows_experience2_20260718.csv, windows_experience3_20260718.csv, windows_experience4_20260723.csv"
performance,x86,ChaCha20,Stream,256,64,throughput_enc_mbps,4,2.87219457259737,2.87219457259737,0.0,0.0,"windows_experience1_20260718.csv, windows_experience2_20260718.csv, windows_experience3_20260718.csv, windows_experience4_20260723.csv"
performance,x86,ChaCha20,Stream,256,256,avalanche_score,4,0.59457275390625,0.59457275390625,0.0,0.0,"windows_experience1_20260718.csv, windows_experience2_20260718.csv, windows_experience3_20260718.csv, windows_experience4_20260723.csv"
performance,x86,ChaCha20,Stream,256,256,avg_decrypt_time_s,4,2.3187748356576774e-05,2.3187748356576774e-05,0.0,0.0,"windows_experience1_20260718.csv, windows_experience2_20260718.csv, windows_experience3_20260718.csv, windows_experience4_20260723.csv"
performance,x86,ChaCha20,Stream,256,256,avg_encrypt_time_s,4,2.1445499892251978e-05,2.1445499892251978e-05,0.0,0.0,"windows_experience1_20260718.csv, windows_experience2_20260718.csv, windows_experience3_20260718.csv, windows_experience4_20260723.csv"
performance,x86,ChaCha20,Stream,256,256,key_avalanche_score,4,0.59350341796875,0.59350341796875,0.0,0.0,"windows_experience1_20260718.csv, windows_experience2_20260718.csv, windows_experience3_20260718.csv, windows_experience4_20260723.csv"
performance,x86,ChaCha20,Stream,256,256,throughput_dec_mbps,4,11.971750922475245,11.971750922475245,0.0,0.0,"windows_experience1_20260718.csv, windows_experience2_20260718.csv, windows_experience3_20260718.csv, windows_experience4_20260723.csv"
performance,x86,ChaCha20,Stream,256,256,throughput_enc_mbps,4,12.766709846648936,12.766709846648936,0.0,0.0,"windows_experience1_20260718.csv, windows_experience2_20260718.csv, windows_experience3_20260718.csv, windows_experience4_20260723.csv"
performance,x86,ChaCha20,Stream,256,1024,avalanche_score,4,0.59400634765625,0.59400634765625,0.0,0.0,"windows_experience1_20260718.csv, windows_experience2_20260718.csv, windows_experience3_20260718.csv, windows_experience4_20260723.csv"
performance,x86,ChaCha20,Stream,256,1024,avg_decrypt_time_s,4,3.0189500253072763e-05,3.0189500253072763e-05,0.0,0.0,"windows_experience1_20260718.csv, windows_experience2_20260718.csv, windows_experience3_20260718.csv, windows_experience4_20260723.csv"
performance,x86,ChaCha20,Stream,256,1024,avg_encrypt_time_s,4,2.802874978669933e-05,2.802874978669933e-05,0.0,0.0,"windows_experience1_20260718.csv, windows_experience2_20260718.csv, windows_experience3_20260718.csv, windows_experience4_20260723.csv"
performance,x86,ChaCha20,Stream,256,1024,key_avalanche_score,4,0.593486328125,0.593486328125,0.0,0.0,"windows_experience1_20260718.csv, windows_experience2_20260718.csv, windows_experience3_20260718.csv, windows_experience4_20260723.csv"
performance,x86,ChaCha20,Stream,256,1024,throughput_dec_mbps,4,34.42761488451025,34.42761488451025,0.0,0.0,"windows_experience1_20260718.csv, windows_experience2_20260718.csv, windows_experience3_20260718.csv, windows_experience4_20260723.csv"
performance,x86,ChaCha20,Stream,256,1024,throughput_enc_mbps,4,36.680689810182386,36.680689810182386,0.0,0.0,"windows_experience1_20260718.csv, windows_experience2_20260718.csv, windows_experience3_20260718.csv, windows_experience4_20260723.csv"
performance,x86,ChaCha20,Stream,256,4096,avalanche_score,4,0.5935205078125001,0.5935205078125001,0.0,0.0,"windows_experience1_20260718.csv, windows_experience2_20260718.csv, windows_experience3_20260718.csv, windows_experience4_20260723.csv"
performance,x86,ChaCha20,Stream,256,4096,avg_decrypt_time_s,4,4.778450376079491e-05,4.778450376079491e-05,0.0,0.0,"windows_experience1_20260718.csv, windows_experience2_20260718.csv, windows_experience3_20260718.csv, windows_experience4_20260723.csv"
performance,x86,ChaCha20,Stream,256,4096,avg_encrypt_time_s,4,4.6116752032503426e-05,4.6116752032503426e-05,0.0,0.0,"windows_experience1_20260718.csv, windows_experience2_20260718.csv, windows_experience3_20260718.csv, windows_experience4_20260723.csv"
performance,x86,ChaCha20,Stream,256,4096,key_avalanche_score,4,0.59332763671875,0.59332763671875,0.0,0.0,"windows_experience1_20260718.csv, windows_experience2_20260718.csv, windows_experience3_20260718.csv, windows_experience4_20260723.csv"
performance,x86,ChaCha20,Stream,256,4096,throughput_dec_mbps,4,89.30397989315817,89.30397989315817,0.0,0.0,"windows_experience1_20260718.csv, windows_experience2_20260718.csv, windows_experience3_20260718.csv, windows_experience4_20260723.csv"
performance,x86,ChaCha20,Stream,256,4096,throughput_enc_mbps,4,86.78138333902152,86.78138333902152,0.0,0.0,"windows_experience1_20260718.csv, windows_experience2_20260718.csv, windows_experience3_20260718.csv, windows_experience4_20260723.csv"
performance,x86,ChaCha20,Stream,256,16384,avalanche_score,4,0.5943603515625,0.5943603515625,0.0,0.0,"windows_experience1_20260718.csv, windows_experience2_20260718.csv, windows_experience3_20260718.csv, windows_experience4_20260723.csv"
performance,x86,ChaCha20,Stream,256,16384,avg_decrypt_time_s,4,0.00012939949940800943,0.00012939949940800943,0.0,0.0,"windows_experience1_20260718.csv, windows_experience2_20260718.csv, windows_experience3_20260718.csv, windows_experience4_20260723.csv"
performance,x86,ChaCha20,Stream,256,16384,avg_encrypt_time_s,4,0.00013503124899216345,0.00013503124899216345,0.0,0.0,"windows_experience1_20260718.csv, windows_experience2_20260718.csv, windows_experience3_20260718.csv, windows_experience4_20260723.csv"
performance,x86,ChaCha20,Stream,256,16384,key_avalanche_score,4,0.5928906249999999,0.5928906249999999,0.0,0.0,"windows_experience1_20260718.csv, windows_experience2_20260718.csv, windows_experience3_20260718.csv, windows_experience4_20260723.csv"
performance,x86,ChaCha20,Stream,256,16384,throughput_dec_mbps,4,124.5826451021644,124.5826451021644,0.0,0.0,"windows_experience1_20260718.csv, windows_experience2_20260718.csv, windows_experience3_20260718.csv, windows_experience4_20260723.csv"
performance,x86,ChaCha20,Stream,256,16384,throughput_enc_mbps,4,118.84713779097117,118.84713779097117,0.0,0.0,"windows_experience1_20260718.csv, windows_experience2_20260718.csv, windows_experience3_20260718.csv, windows_experience4_20260723.csv"
performance,x86,DES,CBC,64,64,avalanche_score,4,0.5007812500000001,0.5007812500000001,0.0,0.0,"windows_experience1_20260718.csv, windows_experience2_20260718.csv, windows_experience3_20260718.csv, windows_experience4_20260723.csv"
performance,x86,DES,CBC,64,64,avg_decrypt_time_s,4,7.156649674243454e-05,7.156649674243454e-05,0.0,0.0,"windows_experience1_20260718.csv, windows_experience2_20260718.csv, windows_experience3_20260718.csv, windows_experience4_20260723.csv"
performance,x86,DES,CBC,64,64,avg_encrypt_time_s,4,0.000332608246910695,0.000332608246910695,0.0,0.0,"windows_experience1_20260718.csv, windows_experience2_20260718.csv, windows_experience3_20260718.csv, windows_experience4_20260723.csv"
performance,x86,DES,CBC,64,64,key_avalanche_score,4,0.4485546875,0.4485546875,0.0,0.0,"windows_experience1_20260718.csv, windows_experience2_20260718.csv, windows_experience3_20260718.csv, windows_experience4_20260723.csv"
performance,x86,DES,CBC,64,64,throughput_dec_mbps,4,1.373085298595913,1.373085298595913,0.0,0.0,"windows_experience1_20260718.csv, windows_experience2_20260718.csv, windows_experience3_20260718.csv, windows_experience4_20260723.csv"
performance,x86,DES,CBC,64,64,throughput_enc_mbps,4,0.20661343867378248,0.20661343867378248,0.0,0.0,"windows_experience1_20260718.csv, windows_experience2_20260718.csv, windows_experience3_20260718.csv, windows_experience4_20260723.csv"
performance,x86,DES,CBC,64,256,avalanche_score,4,0.497890625,0.497890625,0.0,0.0,"windows_experience1_20260718.csv, windows_experience2_20260718.csv, windows_experience3_20260718.csv, windows_experience4_20260723.csv"
performance,x86,DES,CBC,64,256,avg_decrypt_time_s,4,8.170200006816231e-05,8.170200006816231e-05,0.0,0.0,"windows_experience1_20260718.csv, windows_experience2_20260718.csv, windows_experience3_20260718.csv, windows_experience4_20260723.csv"
performance,x86,DES,CBC,64,256,avg_encrypt_time_s,4,0.0012181787464396621,0.0012181787464396621,0.0,0.0,"windows_experience1_20260718.csv, windows_experience2_20260718.csv, windows_experience3_20260718.csv, windows_experience4_20260723.csv"
performance,x86,DES,CBC,64,256,key_avalanche_score,4,0.43732421875,0.43732421875,0.0,0.0,"windows_experience1_20260718.csv, windows_experience2_20260718.csv, windows_experience3_20260718.csv, windows_experience4_20260723.csv"
performance,x86,DES,CBC,64,256,throughput_dec_mbps,4,3.281853198028583,3.281853198028583,0.0,0.0,"windows_experience1_20260718.csv, windows_experience2_20260718.csv, windows_experience3_20260718.csv, windows_experience4_20260723.csv"
performance,x86,DES,CBC,64,256,throughput_enc_mbps,4,0.2444371567865039,0.2444371567865039,0.0,0.0,"windows_experience1_20260718.csv, windows_experience2_20260718.csv, windows_experience3_20260718.csv, windows_experience4_20260723.csv"
performance,x86,DES,CBC,64,1024,avalanche_score,4,0.504296875,0.504296875,0.0,0.0,"windows_experience1_20260718.csv, windows_experience2_20260718.csv, windows_experience3_20260718.csv, windows_experience4_20260723.csv"
performance,x86,DES,CBC,64,1024,avg_decrypt_time_s,4,0.0002579247516268879,0.0002579247516268879,0.0,0.0,"windows_experience1_20260718.csv, windows_experience2_20260718.csv, windows_experience3_20260718.csv, windows_experience4_20260723.csv"
performance,x86,DES,CBC,64,1024,avg_encrypt_time_s,4,0.0036845044953474826,0.0036845044953474826,0.0,0.0,"windows_experience1_20260718.csv, windows_experience2_20260718.csv, windows_experience3_20260718.csv, windows_experience4_20260723.csv"
performance,x86,DES,CBC,64,1024,key_avalanche_score,4,0.43337890625000003,0.43337890625000003,0.0,0.0,"windows_experience1_20260718.csv, windows_experience2_20260718.csv, windows_experience3_20260718.csv, windows_experience4_20260723.csv"
performance,x86,DES,CBC,64,1024,throughput_dec_mbps,4,4.4249135281419605,4.4249135281419605,0.0,0.0,"windows_experience1_20260718.csv, windows_experience2_20260718.csv, windows_experience3_20260718.csv, windows_experience4_20260723.csv"
performance,x86,DES,CBC,64,1024,throughput_enc_mbps,4,0.27574229768954234,0.27574229768954234,0.0,0.0,"windows_experience1_20260718.csv, windows_experience2_20260718.csv, windows_experience3_20260718.csv, windows_experience4_20260723.csv"
performance,x86,DES,CBC,64,4096,avalanche_score,4,0.49843750000000003,0.49843750000000003,0.0,0.0,"windows_experience1_20260718.csv, windows_experience2_20260718.csv, windows_experience3_20260718.csv, windows_experience4_20260723.csv"
performance,x86,DES,CBC,64,4096,avg_decrypt_time_s,4,0.0006943274965306046,0.0006943274965306046,0.0,0.0,"windows_experience1_20260718.csv, windows_experience2_20260718.csv, windows_experience3_20260718.csv, windows_experience4_20260723.csv"
performance,x86,DES,CBC,64,4096,avg_encrypt_time_s,4,0.015401342748382375,0.015401342748382375,0.0,0.0,"windows_experience1_20260718.csv, windows_experience2_20260718.csv, windows_experience3_20260718.csv, windows_experience4_20260723.csv"
performance,x86,DES,CBC,64,4096,key_avalanche_score,4,0.44251953125,0.44251953125,0.0,0.0,"windows_experience1_20260718.csv, windows_experience2_20260718.csv, windows_experience3_20260718.csv, windows_experience4_20260723.csv"
performance,x86,DES,CBC,64,4096,throughput_dec_mbps,4,5.823526736138945,5.823526736138945,0.0,0.0,"windows_experience1_20260718.csv, windows_experience2_20260718.csv, windows_experience3_20260718.csv, windows_experience4_20260723.csv"
performance,x86,DES,CBC,64,4096,throughput_enc_mbps,4,0.264227337854405,0.264227337854405,0.0,0.0,"windows_experience1_20260718.csv, windows_experience2_20260718.csv, windows_experience3_20260718.csv, windows_experience4_20260723.csv"
performance,x86,DES,CBC,64,16384,avalanche_score,4,0.49875,0.49875,0.0,0.0,"windows_experience1_20260718.csv, windows_experience2_20260718.csv, windows_experience3_20260718.csv, windows_experience4_20260723.csv"
performance,x86,DES,CBC,64,16384,avg_decrypt_time_s,4,0.002613369749353751,0.002613369749353751,0.0,0.0,"windows_experience1_20260718.csv, windows_experience2_20260718.csv, windows_experience3_20260718.csv, windows_experience4_20260723.csv"
performance,x86,DES,CBC,64,16384,avg_encrypt_time_s,4,0.06384551949791557,0.06384551949791557,0.0,0.0,"windows_experience1_20260718.csv, windows_experience2_20260718.csv, windows_experience3_20260718.csv, windows_experience4_20260723.csv"
performance,x86,DES,CBC,64,16384,key_avalanche_score,4,0.44076171875,0.44076171875,0.0,0.0,"windows_experience1_20260718.csv, windows_experience2_20260718.csv, windows_experience3_20260718.csv, windows_experience4_20260723.csv"
performance,x86,DES,CBC,64,16384,throughput_dec_mbps,4,6.151477862393577,6.151477862393577,0.0,0.0,"windows_experience1_20260718.csv, windows_experience2_20260718.csv, windows_experience3_20260718.csv, windows_experience4_20260723.csv"
performance,x86,DES,CBC,64,16384,throughput_enc_mbps,4,0.2567434520895251,0.2567434520895251,0.0,0.0,"windows_experience1_20260718.csv, windows_experience2_20260718.csv, windows_experience3_20260718.csv, windows_experience4_20260723.csv"
performance,x86,DES,CTR,64,64,avalanche_score,4,0.49998046875,0.49998046875,0.0,0.0,"windows_experience1_20260718.csv, windows_experience2_20260718.csv, windows_experience3_20260718.csv, windows_experience4_20260723.csv"
performance,x86,DES,CTR,64,64,avg_decrypt_time_s,4,5.041325090132887e-05,5.041325090132887e-05,0.0,0.0,"windows_experience1_20260718.csv, windows_experience2_20260718.csv, windows_experience3_20260718.csv, windows_experience4_20260723.csv"
performance,x86,DES,CTR,64,64,avg_encrypt_time_s,4,5.265499707775234e-05,5.265499707775234e-05,0.0,0.0,"windows_experience1_20260718.csv, windows_experience2_20260718.csv, windows_experience3_20260718.csv, windows_experience4_20260723.csv"
performance,x86,DES,CTR,64,64,key_avalanche_score,4,0.43830078125,0.43830078125,0.0,0.0,"windows_experience1_20260718.csv, windows_experience2_20260718.csv, windows_experience3_20260718.csv, windows_experience4_20260723.csv"
performance,x86,DES,CTR,64,64,throughput_dec_mbps,4,1.2685502762386796,1.2685502762386796,0.0,0.0,"windows_experience1_20260718.csv, windows_experience2_20260718.csv, windows_experience3_20260718.csv, windows_experience4_20260723.csv"
performance,x86,DES,CTR,64,64,throughput_enc_mbps,4,1.220734355925933,1.220734355925933,0.0,0.0,"windows_experience1_20260718.csv, windows_experience2_20260718.csv, windows_experience3_20260718.csv, windows_experience4_20260723.csv"
performance,x86,DES,CTR,64,256,avalanche_score,4,0.49927734375000005,0.49927734375000005,0.0,0.0,"windows_experience1_20260718.csv, windows_experience2_20260718.csv, windows_experience3_20260718.csv, windows_experience4_20260723.csv"
performance,x86,DES,CTR,64,256,avg_decrypt_time_s,4,9.607499994217504e-05,9.607499994217504e-05,0.0,0.0,"windows_experience1_20260718.csv, windows_experience2_20260718.csv, windows_experience3_20260718.csv, windows_experience4_20260723.csv"
performance,x86,DES,CTR,64,256,avg_encrypt_time_s,4,9.975125292157827e-05,9.975125292157827e-05,0.0,0.0,"windows_experience1_20260718.csv, windows_experience2_20260718.csv, windows_experience3_20260718.csv, windows_experience4_20260723.csv"
performance,x86,DES,CTR,64,256,key_avalanche_score,4,0.4412890625,0.4412890625,0.0,0.0,"windows_experience1_20260718.csv, windows_experience2_20260718.csv, windows_experience3_20260718.csv, windows_experience4_20260723.csv"
performance,x86,DES,CTR,64,256,throughput_dec_mbps,4,2.5943550459829217,2.5943550459829217,0.0,0.0,"windows_experience1_20260718.csv, windows_experience2_20260718.csv, windows_experience3_20260718.csv, windows_experience4_20260723.csv"
performance,x86,DES,CTR,64,256,throughput_enc_mbps,4,2.501965408164711,2.501965408164711,0.0,0.0,"windows_experience1_20260718.csv, windows_experience2_20260718.csv, windows_experience3_20260718.csv, windows_experience4_20260723.csv"
performance,x86,DES,CTR,64,1024,avalanche_score,4,0.50306640625,0.50306640625,0.0,0.0,"windows_experience1_20260718.csv, windows_experience2_20260718.csv, windows_experience3_20260718.csv, windows_experience4_20260723.csv"
performance,x86,DES,CTR,64,1024,avg_decrypt_time_s,4,0.0002973832515385766,0.0002973832515385766,0.0,0.0,"windows_experience1_20260718.csv, windows_experience2_20260718.csv, windows_experience3_20260718.csv, windows_experience4_20260723.csv"
performance,x86,DES,CTR,64,1024,avg_encrypt_time_s,4,0.0003351489988153844,0.0003351489988153844,0.0,0.0,"windows_experience1_20260718.csv, windows_experience2_20260718.csv, windows_experience3_20260718.csv, windows_experience4_20260723.csv"
performance,x86,DES,CTR,64,1024,key_avalanche_score,4,0.446875,0.446875,0.0,0.0,"windows_experience1_20260718.csv, windows_experience2_20260718.csv, windows_experience3_20260718.csv, windows_experience4_20260723.csv"
performance,x86,DES,CTR,64,1024,throughput_dec_mbps,4,3.306147942312666,3.306147942312666,0.0,0.0,"windows_experience1_20260718.csv, windows_experience2_20260718.csv, windows_experience3_20260718.csv, windows_experience4_20260723.csv"
performance,x86,DES,CTR,64,1024,throughput_enc_mbps,4,3.025876630137734,3.025876630137734,0.0,0.0,"windows_experience1_20260718.csv, windows_experience2_20260718.csv, windows_experience3_20260718.csv, windows_experience4_20260723.csv"
performance,x86,DES,CTR,64,4096,avalanche_score,4,0.49939453124999994,0.49939453124999994,0.0,0.0,"windows_experience1_20260718.csv, windows_experience2_20260718.csv, windows_experience3_20260718.csv, windows_experience4_20260723.csv"
performance,x86,DES,CTR,64,4096,avg_decrypt_time_s,4,0.0010045984985367796,0.0010045984985367796,0.0,0.0,"windows_experience1_20260718.csv, windows_experience2_20260718.csv, windows_experience3_20260718.csv, windows_experience4_20260723.csv"
performance,x86,DES,CTR,64,4096,avg_encrypt_time_s,4,0.0013436377520474707,0.0013436377520474707,0.0,0.0,"windows_experience1_20260718.csv, windows_experience2_20260718.csv, windows_experience3_20260718.csv, windows_experience4_20260723.csv"
performance,x86,DES,CTR,64,4096,key_avalanche_score,4,0.442578125,0.442578125,0.0,0.0,"windows_experience1_20260718.csv, windows_experience2_20260718.csv, windows_experience3_20260718.csv, windows_experience4_20260723.csv"
performance,x86,DES,CTR,64,4096,throughput_dec_mbps,4,3.999266724791804,3.999266724791804,0.0,0.0,"windows_experience1_20260718.csv, windows_experience2_20260718.csv, windows_experience3_20260718.csv, windows_experience4_20260723.csv"
performance,x86,DES,CTR,64,4096,throughput_enc_mbps,4,3.1228898395931513,3.1228898395931513,0.0,0.0,"windows_experience1_20260718.csv, windows_experience2_20260718.csv, windows_experience3_20260718.csv, windows_experience4_20260723.csv"
performance,x86,DES,CTR,64,16384,avalanche_score,4,0.49958984375,0.49958984375,0.0,0.0,"windows_experience1_20260718.csv, windows_experience2_20260718.csv, windows_experience3_20260718.csv, windows_experience4_20260723.csv"
performance,x86,DES,CTR,64,16384,avg_decrypt_time_s,4,0.003756209248970208,0.003756209248970208,0.0,0.0,"windows_experience1_20260718.csv, windows_experience2_20260718.csv, windows_experience3_20260718.csv, windows_experience4_20260723.csv"
performance,x86,DES,CTR,64,16384,avg_encrypt_time_s,4,0.004526545752360106,0.004526545752360106,0.0,0.0,"windows_experience1_20260718.csv, windows_experience2_20260718.csv, windows_experience3_20260718.csv, windows_experience4_20260723.csv"
performance,x86,DES,CTR,64,16384,key_avalanche_score,4,0.436953125,0.436953125,0.0,0.0,"windows_experience1_20260718.csv, windows_experience2_20260718.csv, windows_experience3_20260718.csv, windows_experience4_20260723.csv"
performance,x86,DES,CTR,64,16384,throughput_dec_mbps,4,4.2623501378119535,4.2623501378119535,0.0,0.0,"windows_experience1_20260718.csv, windows_experience2_20260718.csv, windows_experience3_20260718.csv, windows_experience4_20260723.csv"
performance,x86,DES,CTR,64,16384,throughput_enc_mbps,4,3.9052153881317073,3.9052153881317073,0.0,0.0,"windows_experience1_20260718.csv, windows_experience2_20260718.csv, windows_experience3_20260718.csv, windows_experience4_20260723.csv"
performance,x86,DES,ECB,64,64,avalanche_score,4,0.49732421875,0.49732421875,0.0,0.0,"windows_experience1_20260718.csv, windows_experience2_20260718.csv, windows_experience3_20260718.csv, windows_experience4_20260723.csv"
performance,x86,DES,ECB,64,64,avg_decrypt_time_s,4,2.6518748461512588e-05,2.6518748461512588e-05,0.0,0.0,"windows_experience1_20260718.csv, windows_experience2_20260718.csv, windows_experience3_20260718.csv, windows_experience4_20260723.csv"
performance,x86,DES,ECB,64,64,avg_encrypt_time_s,4,3.21042444898012e-05,3.21042444898012e-05,0.0,0.0,"windows_experience1_20260718.csv, windows_experience2_20260718.csv, windows_experience3_20260718.csv, windows_experience4_20260723.csv"
performance,x86,DES,ECB,64,64,key_avalanche_score,4,0.44013671874999993,0.44013671874999993,0.0,0.0,"windows_experience1_20260718.csv, windows_experience2_20260718.csv, windows_experience3_20260718.csv, windows_experience4_20260723.csv"
performance,x86,DES,ECB,64,64,throughput_dec_mbps,4,2.304861370881195,2.304861370881195,0.0,0.0,"windows_experience1_20260718.csv, windows_experience2_20260718.csv, windows_experience3_20260718.csv, windows_experience4_20260723.csv"
performance,x86,DES,ECB,64,64,throughput_enc_mbps,4,1.9935522895546676,1.9935522895546676,0.0,0.0,"windows_experience1_20260718.csv, windows_experience2_20260718.csv, windows_experience3_20260718.csv, windows_experience4_20260723.csv"
performance,x86,DES,ECB,64,256,avalanche_score,4,0.49705078125,0.49705078125,0.0,0.0,"windows_experience1_20260718.csv, windows_experience2_20260718.csv, windows_experience3_20260718.csv, windows_experience4_20260723.csv"
performance,x86,DES,ECB,64,256,avg_decrypt_time_s,4,3.973650193756839e-05,3.973650193756839e-05,0.0,0.0,"windows_experience1_20260718.csv, windows_experience2_20260718.csv, windows_experience3_20260718.csv, windows_experience4_20260723.csv"
performance,x86,DES,ECB,64,256,avg_encrypt_time_s,4,3.391324810536389e-05,3.391324810536389e-05,0.0,0.0,"windows_experience1_20260718.csv, windows_experience2_20260718.csv, windows_experience3_20260718.csv, windows_experience4_20260723.csv"
performance,x86,DES,ECB,64,256,key_avalanche_score,4,0.42265625,0.42265625,0.0,0.0,"windows_experience1_20260718.csv, windows_experience2_20260718.csv, windows_experience3_20260718.csv, windows_experience4_20260723.csv"
performance,x86,DES,ECB,64,256,throughput_dec_mbps,4,6.391649568699763,6.391649568699763,0.0,0.0,"windows_experience1_20260718.csv, windows_experience2_20260718.csv, windows_experience3_20260718.csv, windows_experience4_20260723.csv"
performance,x86,DES,ECB,64,256,throughput_enc_mbps,4,7.289798083811348,7.289798083811348,0.0,0.0,"windows_experience1_20260718.csv, windows_experience2_20260718.csv, windows_experience3_20260718.csv, windows_experience4_20260723.csv"
performance,x86,DES,ECB,64,1024,avalanche_score,4,0.49841796875,0.49841796875,0.0,0.0,"windows_experience1_20260718.csv, windows_experience2_20260718.csv, windows_experience3_20260718.csv, windows_experience4_20260723.csv"
performance,x86,DES,ECB,64,1024,avg_decrypt_time_s,4,5.411550220514983e-05,5.411550220514983e-05,0.0,0.0,"windows_experience1_20260718.csv, windows_experience2_20260718.csv, windows_experience3_20260718.csv, windows_experience4_20260723.csv"
performance,x86,DES,ECB,64,1024,avg_encrypt_time_s,4,5.7094001358564126e-05,5.7094001358564126e-05,0.0,0.0,"windows_experience1_20260718.csv, windows_experience2_20260718.csv, windows_experience3_20260718.csv, windows_experience4_20260723.csv"
performance,x86,DES,ECB,64,1024,key_avalanche_score,4,0.43609375,0.43609375,0.0,0.0,"windows_experience1_20260718.csv, windows_experience2_20260718.csv, windows_experience3_20260718.csv, windows_experience4_20260723.csv"
performance,x86,DES,ECB,64,1024,throughput_dec_mbps,4,18.606158541168558,18.606158541168558,0.0,0.0,"windows_experience1_20260718.csv, windows_experience2_20260718.csv, windows_experience3_20260718.csv, windows_experience4_20260723.csv"
performance,x86,DES,ECB,64,1024,throughput_enc_mbps,4,18.255620993576162,18.255620993576162,0.0,0.0,"windows_experience1_20260718.csv, windows_experience2_20260718.csv, windows_experience3_20260718.csv, windows_experience4_20260723.csv"
performance,x86,DES,ECB,64,4096,avalanche_score,4,0.499765625,0.499765625,0.0,0.0,"windows_experience1_20260718.csv, windows_experience2_20260718.csv, windows_experience3_20260718.csv, windows_experience4_20260723.csv"
performance,x86,DES,ECB,64,4096,avg_decrypt_time_s,4,0.00013197374809124086,0.00013197374809124086,0.0,0.0,"windows_experience1_20260718.csv, windows_experience2_20260718.csv, windows_experience3_20260718.csv, windows_experience4_20260723.csv"
performance,x86,DES,ECB,64,4096,avg_encrypt_time_s,4,0.0001306290001002708,0.0001306290001002708,0.0,0.0,"windows_experience1_20260718.csv, windows_experience2_20260718.csv, windows_experience3_20260718.csv, windows_experience4_20260723.csv"
performance,x86,DES,ECB,64,4096,key_avalanche_score,4,0.44048828125,0.44048828125,0.0,0.0,"windows_experience1_20260718.csv, windows_experience2_20260718.csv, windows_experience3_20260718.csv, windows_experience4_20260723.csv"
performance,x86,DES,ECB,64,4096,throughput_dec_mbps,4,30.732437590231896,30.732437590231896,0.0,0.0,"windows_experience1_20260718.csv, windows_experience2_20260718.csv, windows_experience3_20260718.csv, windows_experience4_20260723.csv"
performance,x86,DES,ECB,64,4096,throughput_enc_mbps,4,30.484840845515052,30.484840845515052,0.0,0.0,"windows_experience1_20260718.csv, windows_experience2_20260718.csv, windows_experience3_20260718.csv, windows_experience4_20260723.csv"
performance,x86,DES,ECB,64,16384,avalanche_score,4,0.50048828125,0.50048828125,0.0,0.0,"windows_experience1_20260718.csv, windows_experience2_20260718.csv, windows_experience3_20260718.csv, windows_experience4_20260723.csv"
performance,x86,DES,ECB,64,16384,avg_decrypt_time_s,4,0.00042199550101258866,0.00042199550101258866,0.0,0.0,"windows_experience1_20260718.csv, windows_experience2_20260718.csv, windows_experience3_20260718.csv, windows_experience4_20260723.csv"
performance,x86,DES,ECB,64,16384,avg_encrypt_time_s,4,0.0004429847476558279,0.0004429847476558279,0.0,0.0,"windows_experience1_20260718.csv, windows_experience2_20260718.csv, windows_experience3_20260718.csv, windows_experience4_20260723.csv"
performance,x86,DES,ECB,64,16384,key_avalanche_score,4,0.44634765625,0.44634765625,0.0,0.0,"windows_experience1_20260718.csv, windows_experience2_20260718.csv, windows_experience3_20260718.csv, windows_experience4_20260723.csv"
performance,x86,DES,ECB,64,16384,throughput_dec_mbps,4,37.70617753595287,37.70617753595287,0.0,0.0,"windows_experience1_20260718.csv, windows_experience2_20260718.csv, windows_experience3_20260718.csv, windows_experience4_20260723.csv"
performance,x86,DES,ECB,64,16384,throughput_enc_mbps,4,35.96035301293266,35.96035301293266,0.0,0.0,"windows_experience1_20260718.csv, windows_experience2_20260718.csv, windows_experience3_20260718.csv, windows_experience4_20260723.csv"
performance,x86,Twofish,CBC,128,64,avalanche_score,4,0.50029296875,0.50029296875,0.0,0.0,"windows_experience1_20260718.csv, windows_experience2_20260718.csv, windows_experience3_20260718.csv, windows_experience4_20260723.csv"
performance,x86,Twofish,CBC,128,64,avg_decrypt_time_s,4,5.4176751439172216e-05,5.4176751439172216e-05,0.0,0.0,"windows_experience1_20260718.csv, windows_experience2_20260718.csv, windows_experience3_20260718.csv, windows_experience4_20260723.csv"
performance,x86,Twofish,CBC,128,64,avg_encrypt_time_s,4,6.433824913528951e-05,6.433824913528951e-05,0.0,0.0,"windows_experience1_20260718.csv, windows_experience2_20260718.csv, windows_experience3_20260718.csv, windows_experience4_20260723.csv"
performance,x86,Twofish,CBC,128,64,key_avalanche_score,4,0.5010644531249999,0.5010644531249999,0.0,0.0,"windows_experience1_20260718.csv, windows_experience2_20260718.csv, windows_experience3_20260718.csv, windows_experience4_20260723.csv"
performance,x86,Twofish,CBC,128,64,throughput_dec_mbps,4,1.1495586109691633,1.1495586109691633,0.0,0.0,"windows_experience1_20260718.csv, windows_experience2_20260718.csv, windows_experience3_20260718.csv, windows_experience4_20260723.csv"
performance,x86,Twofish,CBC,128,64,throughput_enc_mbps,4,0.9679470873156286,0.9679470873156286,0.0,0.0,"windows_experience1_20260718.csv, windows_experience2_20260718.csv, windows_experience3_20260718.csv, windows_experience4_20260723.csv"
performance,x86,Twofish,CBC,128,256,avalanche_score,4,0.498056640625,0.498056640625,0.0,0.0,"windows_experience1_20260718.csv, windows_experience2_20260718.csv, windows_experience3_20260718.csv, windows_experience4_20260723.csv"
performance,x86,Twofish,CBC,128,256,avg_decrypt_time_s,4,0.00015645300005644457,0.00015645300005644457,0.0,0.0,"windows_experience1_20260718.csv, windows_experience2_20260718.csv, windows_experience3_20260718.csv, windows_experience4_20260723.csv"
performance,x86,Twofish,CBC,128,256,avg_encrypt_time_s,4,0.0002070834961318724,0.0002070834961318724,0.0,0.0,"windows_experience1_20260718.csv, windows_experience2_20260718.csv, windows_experience3_20260718.csv, windows_experience4_20260723.csv"
performance,x86,Twofish,CBC,128,256,key_avalanche_score,4,0.49945312500000005,0.49945312500000005,0.0,0.0,"windows_experience1_20260718.csv, windows_experience2_20260718.csv, windows_experience3_20260718.csv, windows_experience4_20260723.csv"
performance,x86,Twofish,CBC,128,256,throughput_dec_mbps,4,1.6127137715361863,1.6127137715361863,0.0,0.0,"windows_experience1_20260718.csv, windows_experience2_20260718.csv, windows_experience3_20260718.csv, windows_experience4_20260723.csv"
performance,x86,Twofish,CBC,128,256,throughput_enc_mbps,4,1.193076406590947,1.193076406590947,0.0,0.0,"windows_experience1_20260718.csv, windows_experience2_20260718.csv, windows_experience3_20260718.csv, windows_experience4_20260723.csv"
performance,x86,Twofish,CBC,128,1024,avalanche_score,4,0.500654296875,0.500654296875,0.0,0.0,"windows_experience1_20260718.csv, windows_experience2_20260718.csv, windows_experience3_20260718.csv, windows_experience4_20260723.csv"
performance,x86,Twofish,CBC,128,1024,avg_decrypt_time_s,4,0.0005641284966054628,0.0005641284966054628,0.0,0.0,"windows_experience1_20260718.csv, windows_experience2_20260718.csv, windows_experience3_20260718.csv, windows_experience4_20260723.csv"
performance,x86,Twofish,CBC,128,1024,avg_encrypt_time_s,4,0.0007940117491762066,0.0007940117491762066,0.0,0.0,"windows_experience1_20260718.csv, windows_experience2_20260718.csv, windows_experience3_20260718.csv, windows_experience4_20260723.csv"
performance,x86,Twofish,CBC,128,1024,key_avalanche_score,4,0.50177734375,0.50177734375,0.0,0.0,"windows_experience1_20260718.csv, windows_experience2_20260718.csv, windows_experience3_20260718.csv, windows_experience4_20260723.csv"
performance,x86,Twofish,CBC,128,1024,throughput_dec_mbps,4,1.800413391992211,1.800413391992211,0.0,0.0,"windows_experience1_20260718.csv, windows_experience2_20260718.csv, windows_experience3_20260718.csv, windows_experience4_20260723.csv"
performance,x86,Twofish,CBC,128,1024,throughput_enc_mbps,4,1.245451463981524,1.245451463981524,0.0,0.0,"windows_experience1_20260718.csv, windows_experience2_20260718.csv, windows_experience3_20260718.csv, windows_experience4_20260723.csv"
performance,x86,Twofish,CBC,128,4096,avalanche_score,4,0.50048828125,0.50048828125,0.0,0.0,"windows_experience1_20260718.csv, windows_experience2_20260718.csv, windows_experience3_20260718.csv, windows_experience4_20260723.csv"
performance,x86,Twofish,CBC,128,4096,avg_decrypt_time_s,4,0.0021635735001632383,0.0021635735001632383,0.0,0.0,"windows_experience1_20260718.csv, windows_experience2_20260718.csv, windows_experience3_20260718.csv, windows_experience4_20260723.csv"
performance,x86,Twofish,CBC,128,4096,avg_encrypt_time_s,4,0.002735506998531037,0.002735506998531037,0.0,0.0,"windows_experience1_20260718.csv, windows_experience2_20260718.csv, windows_experience3_20260718.csv, windows_experience4_20260723.csv"
performance,x86,Twofish,CBC,128,4096,key_avalanche_score,4,0.49799804687500004,0.49799804687500004,0.0,0.0,"windows_experience1_20260718.csv, windows_experience2_20260718.csv, windows_experience3_20260718.csv, windows_experience4_20260723.csv"
performance,x86,Twofish,CBC,128,4096,throughput_dec_mbps,4,1.8562809957869628,1.8562809957869628,0.0,0.0,"windows_experience1_20260718.csv, windows_experience2_20260718.csv, windows_experience3_20260718.csv, windows_experience4_20260723.csv"
performance,x86,Twofish,CBC,128,4096,throughput_enc_mbps,4,1.4603950966006478,1.4603950966006478,0.0,0.0,"windows_experience1_20260718.csv, windows_experience2_20260718.csv, windows_experience3_20260718.csv, windows_experience4_20260723.csv"
performance,x86,Twofish,CBC,128,16384,avalanche_score,4,0.500029296875,0.500029296875,0.0,0.0,"windows_experience1_20260718.csv, windows_experience2_20260718.csv, windows_experience3_20260718.csv, windows_experience4_20260723.csv"
performance,x86,Twofish,CBC,128,16384,avg_decrypt_time_s,4,0.009190953751704001,0.009190953751704001,0.0,0.0,"windows_experience1_20260718.csv, windows_experience2_20260718.csv, windows_experience3_20260718.csv, windows_experience4_20260723.csv"
performance,x86,Twofish,CBC,128,16384,avg_encrypt_time_s,4,0.012984344500805493,0.012984344500805493,0.0,0.0,"windows_experience1_20260718.csv, windows_experience2_20260718.csv, windows_experience3_20260718.csv, windows_experience4_20260723.csv"
performance,x86,Twofish,CBC,128,16384,key_avalanche_score,4,0.499228515625,0.499228515625,0.0,0.0,"windows_experience1_20260718.csv, windows_experience2_20260718.csv, windows_experience3_20260718.csv, windows_experience4_20260723.csv"
performance,x86,Twofish,CBC,128,16384,throughput_dec_mbps,4,1.7937425689584705,1.7937425689584705,0.0,0.0,"windows_experience1_20260718.csv, windows_experience2_20260718.csv, windows_experience3_20260718.csv, windows_experience4_20260723.csv"
performance,x86,Twofish,CBC,128,16384,throughput_enc_mbps,4,1.282026623578462,1.282026623578462,0.0,0.0,"windows_experience1_20260718.csv, windows_experience2_20260718.csv, windows_experience3_20260718.csv, windows_experience4_20260723.csv"
performance,x86,Twofish,CBC,192,64,avalanche_score,4,0.499677734375,0.499677734375,0.0,0.0,"windows_experience1_20260718.csv, windows_experience2_20260718.csv, windows_experience3_20260718.csv, windows_experience4_20260723.csv"
performance,x86,Twofish,CBC,192,64,avg_decrypt_time_s,4,6.841500319751504e-05,6.841500319751504e-05,0.0,0.0,"windows_experience1_20260718.csv, windows_experience2_20260718.csv, windows_experience3_20260718.csv, windows_experience4_20260723.csv"
performance,x86,Twofish,CBC,192,64,avg_encrypt_time_s,4,8.34399996006141e-05,8.34399996006141e-05,0.0,0.0,"windows_experience1_20260718.csv, windows_experience2_20260718.csv, windows_experience3_20260718.csv, windows_experience4_20260723.csv"
performance,x86,Twofish,CBC,192,64,key_avalanche_score,4,0.499287109375,0.499287109375,0.0,0.0,"windows_experience1_20260718.csv, windows_experience2_20260718.csv, windows_experience3_20260718.csv, windows_experience4_20260723.csv"
performance,x86,Twofish,CBC,192,64,throughput_dec_mbps,4,1.104335101493008,1.104335101493008,0.0,0.0,"windows_experience1_20260718.csv, windows_experience2_20260718.csv, windows_experience3_20260718.csv, windows_experience4_20260723.csv"
performance,x86,Twofish,CBC,192,64,throughput_enc_mbps,4,0.9610306860275006,0.9610306860275006,0.0,0.0,"windows_experience1_20260718.csv, windows_experience2_20260718.csv, windows_experience3_20260718.csv, windows_experience4_20260723.csv"
performance,x86,Twofish,CBC,192,256,avalanche_score,4,0.49917968749999997,0.49917968749999997,0.0,0.0,"windows_experience1_20260718.csv, windows_experience2_20260718.csv, windows_experience3_20260718.csv, windows_experience4_20260723.csv"
performance,x86,Twofish,CBC,192,256,avg_decrypt_time_s,4,0.00030403724889083606,0.00030403724889083606,0.0,0.0,"windows_experience1_20260718.csv, windows_experience2_20260718.csv, windows_experience3_20260718.csv, windows_experience4_20260723.csv"
performance,x86,Twofish,CBC,192,256,avg_encrypt_time_s,4,0.00022287000202823038,0.00022287000202823038,0.0,0.0,"windows_experience1_20260718.csv, windows_experience2_20260718.csv, windows_experience3_20260718.csv, windows_experience4_20260723.csv"
performance,x86,Twofish,CBC,192,256,key_avalanche_score,4,0.502119140625,0.502119140625,0.0,0.0,"windows_experience1_20260718.csv, windows_experience2_20260718.csv, windows_experience3_20260718.csv, windows_experience4_20260723.csv"
performance,x86,Twofish,CBC,192,256,throughput_dec_mbps,4,1.3305785670221755,1.3305785670221755,0.0,0.0,"windows_experience1_20260718.csv, windows_experience2_20260718.csv, windows_experience3_20260718.csv, windows_experience4_20260723.csv"
performance,x86,Twofish,CBC,192,256,throughput_enc_mbps,4,1.1647318030785365,1.1647318030785365,0.0,0.0,"windows_experience1_20260718.csv, windows_experience2_20260718.csv, windows_experience3_20260718.csv, windows_experience4_20260723.csv"
performance,x86,Twofish,CBC,192,1024,avalanche_score,4,0.49994140625,0.49994140625,0.0,0.0,"windows_experience1_20260718.csv, windows_experience2_20260718.csv, windows_experience3_20260718.csv, windows_experience4_20260723.csv"
performance,x86,Twofish,CBC,192,1024,avg_decrypt_time_s,4,0.0008868687521567153,0.0008868687521567153,0.0,0.0,"windows_experience1_20260718.csv, windows_experience2_20260718.csv, windows_experience3_20260718.csv, windows_experience4_20260723.csv"
performance,x86,Twofish,CBC,192,1024,avg_encrypt_time_s,4,0.001037841750237476,0.001037841750237476,0.0,0.0,"windows_experience1_20260718.csv, windows_experience2_20260718.csv, windows_experience3_20260718.csv, windows_experience4_20260723.csv"
performance,x86,Twofish,CBC,192,1024,key_avalanche_score,4,0.49871093749999995,0.49871093749999995,0.0,0.0,"windows_experience1_20260718.csv, windows_experience2_20260718.csv, windows_experience3_20260718.csv, windows_experience4_20260723.csv"
performance,x86,Twofish,CBC,192,1024,throughput_dec_mbps,4,1.6316155336875053,1.6316155336875053,0.0,0.0,"windows_experience1_20260718.csv, windows_experience2_20260718.csv, windows_experience3_20260718.csv, windows_experience4_20260723.csv"
performance,x86,Twofish,CBC,192,1024,throughput_enc_mbps,4,1.229122942200834,1.229122942200834,0.0,0.0,"windows_experience1_20260718.csv, windows_experience2_20260718.csv, windows_experience3_20260718.csv, windows_experience4_20260723.csv"
performance,x86,Twofish,CBC,192,4096,avalanche_score,4,0.5018652343750001,0.5018652343750001,0.0,0.0,"windows_experience1_20260718.csv, windows_experience2_20260718.csv, windows_experience3_20260718.csv, windows_experience4_20260723.csv"
performance,x86,Twofish,CBC,192,4096,avg_decrypt_time_s,4,0.0033965505052742625,0.0033965505052742625,0.0,0.0,"windows_experience1_20260718.csv, windows_experience2_20260718.csv, windows_experience3_20260718.csv, windows_experience4_20260723.csv"
performance,x86,Twofish,CBC,192,4096,avg_encrypt_time_s,4,0.004481087502772425,0.004481087502772425,0.0,0.0,"windows_experience1_20260718.csv, windows_experience2_20260718.csv, windows_experience3_20260718.csv, windows_experience4_20260723.csv"
performance,x86,Twofish,CBC,192,4096,key_avalanche_score,4,0.5008984375,0.5008984375,0.0,0.0,"windows_experience1_20260718.csv, windows_experience2_20260718.csv, windows_experience3_20260718.csv, windows_experience4_20260723.csv"
performance,x86,Twofish,CBC,192,4096,throughput_dec_mbps,4,1.6179838915089557,1.6179838915089557,0.0,0.0,"windows_experience1_20260718.csv, windows_experience2_20260718.csv, windows_experience3_20260718.csv, windows_experience4_20260723.csv"
performance,x86,Twofish,CBC,192,4096,throughput_enc_mbps,4,1.2659021738367775,1.2659021738367775,0.0,0.0,"windows_experience1_20260718.csv, windows_experience2_20260718.csv, windows_experience3_20260718.csv, windows_experience4_20260723.csv"
performance,x86,Twofish,CBC,192,16384,avalanche_score,4,0.499384765625,0.499384765625,0.0,0.0,"windows_experience1_20260718.csv, windows_experience2_20260718.csv, windows_experience3_20260718.csv, windows_experience4_20260723.csv"
performance,x86,Twofish,CBC,192,16384,avg_decrypt_time_s,4,0.011497502247154897,0.011497502247154897,0.0,0.0,"windows_experience1_20260718.csv, windows_experience2_20260718.csv, windows_experience3_20260718.csv, windows_experience4_20260723.csv"
performance,x86,Twofish,CBC,192,16384,avg_encrypt_time_s,4,0.017923570502082382,0.017923570502082382,0.0,0.0,"windows_experience1_20260718.csv, windows_experience2_20260718.csv, windows_experience3_20260718.csv, windows_experience4_20260723.csv"
performance,x86,Twofish,CBC,192,16384,key_avalanche_score,4,0.49969726562500005,0.49969726562500005,0.0,0.0,"windows_experience1_20260718.csv, windows_experience2_20260718.csv, windows_experience3_20260718.csv, windows_experience4_20260723.csv"
performance,x86,Twofish,CBC,192,16384,throughput_dec_mbps,4,1.717396105145638,1.717396105145638,0.0,0.0,"windows_experience1_20260718.csv, windows_experience2_20260718.csv, windows_experience3_20260718.csv, windows_experience4_20260723.csv"
performance,x86,Twofish,CBC,192,16384,throughput_enc_mbps,4,1.2591189458587522,1.2591189458587522,0.0,0.0,"windows_experience1_20260718.csv, windows_experience2_20260718.csv, windows_experience3_20260718.csv, windows_experience4_20260723.csv"
performance,x86,Twofish,CBC,256,64,avalanche_score,4,0.499638671875,0.499638671875,0.0,0.0,"windows_experience1_20260718.csv, windows_experience2_20260718.csv, windows_experience3_20260718.csv, windows_experience4_20260723.csv"
performance,x86,Twofish,CBC,256,64,avg_decrypt_time_s,4,5.930574863441507e-05,5.930574863441507e-05,0.0,0.0,"windows_experience1_20260718.csv, windows_experience2_20260718.csv, windows_experience3_20260718.csv, windows_experience4_20260723.csv"
performance,x86,Twofish,CBC,256,64,avg_encrypt_time_s,4,7.052750276670848e-05,7.052750276670848e-05,0.0,0.0,"windows_experience1_20260718.csv, windows_experience2_20260718.csv, windows_experience3_20260718.csv, windows_experience4_20260723.csv"
performance,x86,Twofish,CBC,256,64,key_avalanche_score,4,0.500595703125,0.500595703125,0.0,0.0,"windows_experience1_20260718.csv, windows_experience2_20260718.csv, windows_experience3_20260718.csv, windows_experience4_20260723.csv"
performance,x86,Twofish,CBC,256,64,throughput_dec_mbps,4,1.1526303140128444,1.1526303140128444,0.0,0.0,"windows_experience1_20260718.csv, windows_experience2_20260718.csv, windows_experience3_20260718.csv, windows_experience4_20260723.csv"
performance,x86,Twofish,CBC,256,64,throughput_enc_mbps,4,0.9597481469247302,0.9597481469247302,0.0,0.0,"windows_experience1_20260718.csv, windows_experience2_20260718.csv, windows_experience3_20260718.csv, windows_experience4_20260723.csv"
performance,x86,Twofish,CBC,256,256,avalanche_score,4,0.49978515625000003,0.49978515625000003,0.0,0.0,"windows_experience1_20260718.csv, windows_experience2_20260718.csv, windows_experience3_20260718.csv, windows_experience4_20260723.csv"
performance,x86,Twofish,CBC,256,256,avg_decrypt_time_s,4,0.0002777882529426279,0.0002777882529426279,0.0,0.0,"windows_experience1_20260718.csv, windows_experience2_20260718.csv, windows_experience3_20260718.csv, windows_experience4_20260723.csv"
performance,x86,Twofish,CBC,256,256,avg_encrypt_time_s,4,0.00024074274671420426,0.00024074274671420426,0.0,0.0,"windows_experience1_20260718.csv, windows_experience2_20260718.csv, windows_experience3_20260718.csv, windows_experience4_20260723.csv"
performance,x86,Twofish,CBC,256,256,key_avalanche_score,4,0.498115234375,0.498115234375,0.0,0.0,"windows_experience1_20260718.csv, windows_experience2_20260718.csv, windows_experience3_20260718.csv, windows_experience4_20260723.csv"
performance,x86,Twofish,CBC,256,256,throughput_dec_mbps,4,1.3156563617691137,1.3156563617691137,0.0,0.0,"windows_experience1_20260718.csv, windows_experience2_20260718.csv, windows_experience3_20260718.csv, windows_experience4_20260723.csv"
performance,x86,Twofish,CBC,256,256,throughput_enc_mbps,4,1.162179238247412,1.162179238247412,0.0,0.0,"windows_experience1_20260718.csv, windows_experience2_20260718.csv, windows_experience3_20260718.csv, windows_experience4_20260723.csv"
performance,x86,Twofish,CBC,256,1024,avalanche_score,4,0.500517578125,0.500517578125,0.0,0.0,"windows_experience1_20260718.csv, windows_experience2_20260718.csv, windows_experience3_20260718.csv, windows_experience4_20260723.csv"
performance,x86,Twofish,CBC,256,1024,avg_decrypt_time_s,4,0.0007026242525853376,0.0007026242525853376,0.0,0.0,"windows_experience1_20260718.csv, windows_experience2_20260718.csv, windows_experience3_20260718.csv, windows_experience4_20260723.csv"
performance,x86,Twofish,CBC,256,1024,avg_encrypt_time_s,4,0.0009037797532823789,0.0009037797532823789,0.0,0.0,"windows_experience1_20260718.csv, windows_experience2_20260718.csv, windows_experience3_20260718.csv, windows_experience4_20260723.csv"
performance,x86,Twofish,CBC,256,1024,key_avalanche_score,4,0.49859374999999995,0.49859374999999995,0.0,0.0,"windows_experience1_20260718.csv, windows_experience2_20260718.csv, windows_experience3_20260718.csv, windows_experience4_20260723.csv"
performance,x86,Twofish,CBC,256,1024,throughput_dec_mbps,4,1.616445808311009,1.616445808311009,0.0,0.0,"windows_experience1_20260718.csv, windows_experience2_20260718.csv, windows_experience3_20260718.csv, windows_experience4_20260723.csv"
performance,x86,Twofish,CBC,256,1024,throughput_enc_mbps,4,1.2172967481804375,1.2172967481804375,0.0,0.0,"windows_experience1_20260718.csv, windows_experience2_20260718.csv, windows_experience3_20260718.csv, windows_experience4_20260723.csv"
performance,x86,Twofish,CBC,256,4096,avalanche_score,4,0.5015234375,0.5015234375,0.0,0.0,"windows_experience1_20260718.csv, windows_experience2_20260718.csv, windows_experience3_20260718.csv, windows_experience4_20260723.csv"
performance,x86,Twofish,CBC,256,4096,avg_decrypt_time_s,4,0.003085589251365946,0.003085589251365946,0.0,0.0,"windows_experience1_20260718.csv, windows_experience2_20260718.csv, windows_experience3_20260718.csv, windows_experience4_20260723.csv"
performance,x86,Twofish,CBC,256,4096,avg_encrypt_time_s,4,0.0031283829994231387,0.0031283829994231387,0.0,0.0,"windows_experience1_20260718.csv, windows_experience2_20260718.csv, windows_experience3_20260718.csv, windows_experience4_20260723.csv"
performance,x86,Twofish,CBC,256,4096,key_avalanche_score,4,0.5,0.5,0.0,0.0,"windows_experience1_20260718.csv, windows_experience2_20260718.csv, windows_experience3_20260718.csv, windows_experience4_20260723.csv"
performance,x86,Twofish,CBC,256,4096,throughput_dec_mbps,4,1.636387164765898,1.636387164765898,0.0,0.0,"windows_experience1_20260718.csv, windows_experience2_20260718.csv, windows_experience3_20260718.csv, windows_experience4_20260723.csv"
performance,x86,Twofish,CBC,256,4096,throughput_enc_mbps,4,1.348951553810638,1.348951553810638,0.0,0.0,"windows_experience1_20260718.csv, windows_experience2_20260718.csv, windows_experience3_20260718.csv, windows_experience4_20260723.csv"
performance,x86,Twofish,CBC,256,16384,avalanche_score,4,0.50013671875,0.50013671875,0.0,0.0,"windows_experience1_20260718.csv, windows_experience2_20260718.csv, windows_experience3_20260718.csv, windows_experience4_20260723.csv"
performance,x86,Twofish,CBC,256,16384,avg_decrypt_time_s,4,0.009111406748843365,0.009111406748843365,0.0,0.0,"windows_experience1_20260718.csv, windows_experience2_20260718.csv, windows_experience3_20260718.csv, windows_experience4_20260723.csv"
performance,x86,Twofish,CBC,256,16384,avg_encrypt_time_s,4,0.013675303251620788,0.013675303251620788,0.0,0.0,"windows_experience1_20260718.csv, windows_experience2_20260718.csv, windows_experience3_20260718.csv, windows_experience4_20260723.csv"
performance,x86,Twofish,CBC,256,16384,key_avalanche_score,4,0.5005078125,0.5005078125,0.0,0.0,"windows_experience1_20260718.csv, windows_experience2_20260718.csv, windows_experience3_20260718.csv, windows_experience4_20260723.csv"
performance,x86,Twofish,CBC,256,16384,throughput_dec_mbps,4,1.8242673007168677,1.8242673007168677,0.0,0.0,"windows_experience1_20260718.csv, windows_experience2_20260718.csv, windows_experience3_20260718.csv, windows_experience4_20260723.csv"
performance,x86,Twofish,CBC,256,16384,throughput_enc_mbps,4,1.3053983030266672,1.3053983030266672,0.0,0.0,"windows_experience1_20260718.csv, windows_experience2_20260718.csv, windows_experience3_20260718.csv, windows_experience4_20260723.csv"
performance,x86,Twofish,CTR,128,64,avalanche_score,4,0.49828125,0.49828125,0.0,0.0,"windows_experience1_20260718.csv, windows_experience2_20260718.csv, windows_experience3_20260718.csv, windows_experience4_20260723.csv"
performance,x86,Twofish,CTR,128,64,avg_decrypt_time_s,4,5.5489249107267823e-05,5.5489249107267823e-05,0.0,0.0,"windows_experience1_20260718.csv, windows_experience2_20260718.csv, windows_experience3_20260718.csv, windows_experience4_20260723.csv"
performance,x86,Twofish,CTR,128,64,avg_encrypt_time_s,4,5.7216498669276915e-05,5.7216498669276915e-05,0.0,0.0,"windows_experience1_20260718.csv, windows_experience2_20260718.csv, windows_experience3_20260718.csv, windows_experience4_20260723.csv"
performance,x86,Twofish,CTR,128,64,key_avalanche_score,4,0.5003417968749999,0.5003417968749999,0.0,0.0,"windows_experience1_20260718.csv, windows_experience2_20260718.csv, windows_experience3_20260718.csv, windows_experience4_20260723.csv"
performance,x86,Twofish,CTR,128,64,throughput_dec_mbps,4,1.2508393770084576,1.2508393770084576,0.0,0.0,"windows_experience1_20260718.csv, windows_experience2_20260718.csv, windows_experience3_20260718.csv, windows_experience4_20260723.csv"
performance,x86,Twofish,CTR,128,64,throughput_enc_mbps,4,1.2121231945556685,1.2121231945556685,0.0,0.0,"windows_experience1_20260718.csv, windows_experience2_20260718.csv, windows_experience3_20260718.csv, windows_experience4_20260723.csv"
performance,x86,Twofish,CTR,128,256,avalanche_score,4,0.505224609375,0.505224609375,0.0,0.0,"windows_experience1_20260718.csv, windows_experience2_20260718.csv, windows_experience3_20260718.csv, windows_experience4_20260723.csv"
performance,x86,Twofish,CTR,128,256,avg_decrypt_time_s,4,0.00018292399943675266,0.00018292399943675266,0.0,0.0,"windows_experience1_20260718.csv, windows_experience2_20260718.csv, windows_experience3_20260718.csv, windows_experience4_20260723.csv"
performance,x86,Twofish,CTR,128,256,avg_encrypt_time_s,4,0.00022431125016737498,0.00022431125016737498,0.0,0.0,"windows_experience1_20260718.csv, windows_experience2_20260718.csv, windows_experience3_20260718.csv, windows_experience4_20260723.csv"
performance,x86,Twofish,CTR,128,256,key_avalanche_score,4,0.49884765625,0.49884765625,0.0,0.0,"windows_experience1_20260718.csv, windows_experience2_20260718.csv, windows_experience3_20260718.csv, windows_experience4_20260723.csv"
performance,x86,Twofish,CTR,128,256,throughput_dec_mbps,4,1.4813081081272055,1.4813081081272055,0.0,0.0,"windows_experience1_20260718.csv, windows_experience2_20260718.csv, windows_experience3_20260718.csv, windows_experience4_20260723.csv"
performance,x86,Twofish,CTR,128,256,throughput_enc_mbps,4,1.3996685804302231,1.3996685804302231,0.0,0.0,"windows_experience1_20260718.csv, windows_experience2_20260718.csv, windows_experience3_20260718.csv, windows_experience4_20260723.csv"
performance,x86,Twofish,CTR,128,1024,avalanche_score,4,0.5003027343750001,0.5003027343750001,0.0,0.0,"windows_experience1_20260718.csv, windows_experience2_20260718.csv, windows_experience3_20260718.csv, windows_experience4_20260723.csv"
performance,x86,Twofish,CTR,128,1024,avg_decrypt_time_s,4,0.0006615232478884536,0.0006615232478884536,0.0,0.0,"windows_experience1_20260718.csv, windows_experience2_20260718.csv, windows_experience3_20260718.csv, windows_experience4_20260723.csv"
performance,x86,Twofish,CTR,128,1024,avg_encrypt_time_s,4,0.0006828297505944647,0.0006828297505944647,0.0,0.0,"windows_experience1_20260718.csv, windows_experience2_20260718.csv, windows_experience3_20260718.csv, windows_experience4_20260723.csv"
performance,x86,Twofish,CTR,128,1024,key_avalanche_score,4,0.498125,0.498125,0.0,0.0,"windows_experience1_20260718.csv, windows_experience2_20260718.csv, windows_experience3_20260718.csv, windows_experience4_20260723.csv"
performance,x86,Twofish,CTR,128,1024,throughput_dec_mbps,4,1.6328562254067138,1.6328562254067138,0.0,0.0,"windows_experience1_20260718.csv, windows_experience2_20260718.csv, windows_experience3_20260718.csv, windows_experience4_20260723.csv"
performance,x86,Twofish,CTR,128,1024,throughput_enc_mbps,4,1.5092117373507299,1.5092117373507299,0.0,0.0,"windows_experience1_20260718.csv, windows_experience2_20260718.csv, windows_experience3_20260718.csv, windows_experience4_20260723.csv"
performance,x86,Twofish,CTR,128,4096,avalanche_score,4,0.500732421875,0.500732421875,0.0,0.0,"windows_experience1_20260718.csv, windows_experience2_20260718.csv, windows_experience3_20260718.csv, windows_experience4_20260723.csv"
performance,x86,Twofish,CTR,128,4096,avg_decrypt_time_s,4,0.0031310380000445547,0.0031310380000445547,0.0,0.0,"windows_experience1_20260718.csv, windows_experience2_20260718.csv, windows_experience3_20260718.csv, windows_experience4_20260723.csv"
performance,x86,Twofish,CTR,128,4096,avg_encrypt_time_s,4,0.002837992002557712,0.002837992002557712,0.0,0.0,"windows_experience1_20260718.csv, windows_experience2_20260718.csv, windows_experience3_20260718.csv, windows_experience4_20260723.csv"
performance,x86,Twofish,CTR,128,4096,key_avalanche_score,4,0.49900390625,0.49900390625,0.0,0.0,"windows_experience1_20260718.csv, windows_experience2_20260718.csv, windows_experience3_20260718.csv, windows_experience4_20260723.csv"
performance,x86,Twofish,CTR,128,4096,throughput_dec_mbps,4,1.602155857553274,1.602155857553274,0.0,0.0,"windows_experience1_20260718.csv, windows_experience2_20260718.csv, windows_experience3_20260718.csv, windows_experience4_20260723.csv"
performance,x86,Twofish,CTR,128,4096,throughput_enc_mbps,4,1.6012212846358793,1.6012212846358793,0.0,0.0,"windows_experience1_20260718.csv, windows_experience2_20260718.csv, windows_experience3_20260718.csv, windows_experience4_20260723.csv"
performance,x86,Twofish,CTR,128,16384,avalanche_score,4,0.499228515625,0.499228515625,0.0,0.0,"windows_experience1_20260718.csv, windows_experience2_20260718.csv, windows_experience3_20260718.csv, windows_experience4_20260723.csv"
performance,x86,Twofish,CTR,128,16384,avg_decrypt_time_s,4,0.009262697748706614,0.009262697748706614,0.0,0.0,"windows_experience1_20260718.csv, windows_experience2_20260718.csv, windows_experience3_20260718.csv, windows_experience4_20260723.csv"
performance,x86,Twofish,CTR,128,16384,avg_encrypt_time_s,4,0.009847314493592876,0.009847314493592876,0.0,0.0,"windows_experience1_20260718.csv, windows_experience2_20260718.csv, windows_experience3_20260718.csv, windows_experience4_20260723.csv"
performance,x86,Twofish,CTR,128,16384,key_avalanche_score,4,0.499052734375,0.499052734375,0.0,0.0,"windows_experience1_20260718.csv, windows_experience2_20260718.csv, windows_experience3_20260718.csv, windows_experience4_20260723.csv"
performance,x86,Twofish,CTR,128,16384,throughput_dec_mbps,4,1.796617457880544,1.796617457880544,0.0,0.0,"windows_experience1_20260718.csv, windows_experience2_20260718.csv, windows_experience3_20260718.csv, windows_experience4_20260723.csv"
performance,x86,Twofish,CTR,128,16384,throughput_enc_mbps,4,1.7553312908774759,1.7553312908774759,0.0,0.0,"windows_experience1_20260718.csv, windows_experience2_20260718.csv, windows_experience3_20260718.csv, windows_experience4_20260723.csv"
performance,x86,Twofish,CTR,192,64,avalanche_score,4,0.501083984375,0.501083984375,0.0,0.0,"windows_experience1_20260718.csv, windows_experience2_20260718.csv, windows_experience3_20260718.csv, windows_experience4_20260723.csv"
performance,x86,Twofish,CTR,192,64,avg_decrypt_time_s,4,4.9122001441901376e-05,4.9122001441901376e-05,0.0,0.0,"windows_experience1_20260718.csv, windows_experience2_20260718.csv, windows_experience3_20260718.csv, windows_experience4_20260723.csv"
performance,x86,Twofish,CTR,192,64,avg_encrypt_time_s,4,5.541450155988059e-05,5.541450155988059e-05,0.0,0.0,"windows_experience1_20260718.csv, windows_experience2_20260718.csv, windows_experience3_20260718.csv, windows_experience4_20260723.csv"
performance,x86,Twofish,CTR,192,64,key_avalanche_score,4,0.5013281249999999,0.5013281249999999,0.0,0.0,"windows_experience1_20260718.csv, windows_experience2_20260718.csv, windows_experience3_20260718.csv, windows_experience4_20260723.csv"
performance,x86,Twofish,CTR,192,64,throughput_dec_mbps,4,1.375532192386654,1.375532192386654,0.0,0.0,"windows_experience1_20260718.csv, windows_experience2_20260718.csv, windows_experience3_20260718.csv, windows_experience4_20260723.csv"
performance,x86,Twofish,CTR,192,64,throughput_enc_mbps,4,1.2252321509766924,1.2252321509766924,0.0,0.0,"windows_experience1_20260718.csv, windows_experience2_20260718.csv, windows_experience3_20260718.csv, windows_experience4_20260723.csv"
performance,x86,Twofish,CTR,192,256,avalanche_score,4,0.49912109375,0.49912109375,0.0,0.0,"windows_experience1_20260718.csv, windows_experience2_20260718.csv, windows_experience3_20260718.csv, windows_experience4_20260723.csv"
performance,x86,Twofish,CTR,192,256,avg_decrypt_time_s,4,0.00016709925413124435,0.00016709925413124435,0.0,0.0,"windows_experience1_20260718.csv, windows_experience2_20260718.csv, windows_experience3_20260718.csv, windows_experience4_20260723.csv"
performance,x86,Twofish,CTR,192,256,avg_encrypt_time_s,4,0.00018690349870666975,0.00018690349870666975,0.0,0.0,"windows_experience1_20260718.csv, windows_experience2_20260718.csv, windows_experience3_20260718.csv, windows_experience4_20260723.csv"
performance,x86,Twofish,CTR,192,256,key_avalanche_score,4,0.50416015625,0.50416015625,0.0,0.0,"windows_experience1_20260718.csv, windows_experience2_20260718.csv, windows_experience3_20260718.csv, windows_experience4_20260723.csv"
performance,x86,Twofish,CTR,192,256,throughput_dec_mbps,4,1.5331000264860863,1.5331000264860863,0.0,0.0,"windows_experience1_20260718.csv, windows_experience2_20260718.csv, windows_experience3_20260718.csv, windows_experience4_20260723.csv"
performance,x86,Twofish,CTR,192,256,throughput_enc_mbps,4,1.3586282267931333,1.3586282267931333,0.0,0.0,"windows_experience1_20260718.csv, windows_experience2_20260718.csv, windows_experience3_20260718.csv, windows_experience4_20260723.csv"
performance,x86,Twofish,CTR,192,1024,avalanche_score,4,0.497880859375,0.497880859375,0.0,0.0,"windows_experience1_20260718.csv, windows_experience2_20260718.csv, windows_experience3_20260718.csv, windows_experience4_20260723.csv"
performance,x86,Twofish,CTR,192,1024,avg_decrypt_time_s,4,0.0006268289988520337,0.0006268289988520337,0.0,0.0,"windows_experience1_20260718.csv, windows_experience2_20260718.csv, windows_experience3_20260718.csv, windows_experience4_20260723.csv"
performance,x86,Twofish,CTR,192,1024,avg_encrypt_time_s,4,0.0006485132492070988,0.0006485132492070988,0.0,0.0,"windows_experience1_20260718.csv, windows_experience2_20260718.csv, windows_experience3_20260718.csv, windows_experience4_20260723.csv"
performance,x86,Twofish,CTR,192,1024,key_avalanche_score,4,0.4969140625,0.4969140625,0.0,0.0,"windows_experience1_20260718.csv, windows_experience2_20260718.csv, windows_experience3_20260718.csv, windows_experience4_20260723.csv"
performance,x86,Twofish,CTR,192,1024,throughput_dec_mbps,4,1.6734287869276339,1.6734287869276339,0.0,0.0,"windows_experience1_20260718.csv, windows_experience2_20260718.csv, windows_experience3_20260718.csv, windows_experience4_20260723.csv"
performance,x86,Twofish,CTR,192,1024,throughput_enc_mbps,4,1.5937678702481775,1.5937678702481775,0.0,0.0,"windows_experience1_20260718.csv, windows_experience2_20260718.csv, windows_experience3_20260718.csv, windows_experience4_20260723.csv"
performance,x86,Twofish,CTR,192,4096,avalanche_score,4,0.5020703125,0.5020703125,0.0,0.0,"windows_experience1_20260718.csv, windows_experience2_20260718.csv, windows_experience3_20260718.csv, windows_experience4_20260723.csv"
performance,x86,Twofish,CTR,192,4096,avg_decrypt_time_s,4,0.0025886597541784793,0.0025886597541784793,0.0,0.0,"windows_experience1_20260718.csv, windows_experience2_20260718.csv, windows_experience3_20260718.csv, windows_experience4_20260723.csv"
performance,x86,Twofish,CTR,192,4096,avg_encrypt_time_s,4,0.0023975972474954686,0.0023975972474954686,0.0,0.0,"windows_experience1_20260718.csv, windows_experience2_20260718.csv, windows_experience3_20260718.csv, windows_experience4_20260723.csv"
performance,x86,Twofish,CTR,192,4096,key_avalanche_score,4,0.5013671875000001,0.5013671875000001,0.0,0.0,"windows_experience1_20260718.csv, windows_experience2_20260718.csv, windows_experience3_20260718.csv, windows_experience4_20260723.csv"
performance,x86,Twofish,CTR,192,4096,throughput_dec_mbps,4,1.682863136915235,1.682863136915235,0.0,0.0,"windows_experience1_20260718.csv, windows_experience2_20260718.csv, windows_experience3_20260718.csv, windows_experience4_20260723.csv"
performance,x86,Twofish,CTR,192,4096,throughput_enc_mbps,4,1.7057516914659352,1.7057516914659352,0.0,0.0,"windows_experience1_20260718.csv, windows_experience2_20260718.csv, windows_experience3_20260718.csv, windows_experience4_20260723.csv"
performance,x86,Twofish,CTR,192,16384,avalanche_score,4,0.500078125,0.500078125,0.0,0.0,"windows_experience1_20260718.csv, windows_experience2_20260718.csv, windows_experience3_20260718.csv, windows_experience4_20260723.csv"
performance,x86,Twofish,CTR,192,16384,avg_decrypt_time_s,4,0.010220323000135067,0.010220323000135067,0.0,0.0,"windows_experience1_20260718.csv, windows_experience2_20260718.csv, windows_experience3_20260718.csv, windows_experience4_20260723.csv"
performance,x86,Twofish,CTR,192,16384,avg_encrypt_time_s,4,0.011530225998940295,0.011530225998940295,0.0,0.0,"windows_experience1_20260718.csv, windows_experience2_20260718.csv, windows_experience3_20260718.csv, windows_experience4_20260723.csv"
performance,x86,Twofish,CTR,192,16384,key_avalanche_score,4,0.49916015625,0.49916015625,0.0,0.0,"windows_experience1_20260718.csv, windows_experience2_20260718.csv, windows_experience3_20260718.csv, windows_experience4_20260723.csv"
performance,x86,Twofish,CTR,192,16384,throughput_dec_mbps,4,1.6869070645979911,1.6869070645979911,0.0,0.0,"windows_experience1_20260718.csv, windows_experience2_20260718.csv, windows_experience3_20260718.csv, windows_experience4_20260723.csv"
performance,x86,Twofish,CTR,192,16384,throughput_enc_mbps,4,1.6363391146402981,1.6363391146402981,0.0,0.0,"windows_experience1_20260718.csv, windows_experience2_20260718.csv, windows_experience3_20260718.csv, windows_experience4_20260723.csv"
performance,x86,Twofish,CTR,256,64,avalanche_score,4,0.49850585937499997,0.49850585937499997,0.0,0.0,"windows_experience1_20260718.csv, windows_experience2_20260718.csv, windows_experience3_20260718.csv, windows_experience4_20260723.csv"
performance,x86,Twofish,CTR,256,64,avg_decrypt_time_s,4,5.350874592977562e-05,5.350874592977562e-05,0.0,0.0,"windows_experience1_20260718.csv, windows_experience2_20260718.csv, windows_experience3_20260718.csv, windows_experience4_20260723.csv"
performance,x86,Twofish,CTR,256,64,avg_encrypt_time_s,4,4.247425118592218e-05,4.247425118592218e-05,0.0,0.0,"windows_experience1_20260718.csv, windows_experience2_20260718.csv, windows_experience3_20260718.csv, windows_experience4_20260723.csv"
performance,x86,Twofish,CTR,256,64,key_avalanche_score,4,0.5016015625,0.5016015625,0.0,0.0,"windows_experience1_20260718.csv, windows_experience2_20260718.csv, windows_experience3_20260718.csv, windows_experience4_20260723.csv"
performance,x86,Twofish,CTR,256,64,throughput_dec_mbps,4,1.2045175196094478,1.2045175196094478,0.0,0.0,"windows_experience1_20260718.csv, windows_experience2_20260718.csv, windows_experience3_20260718.csv, windows_experience4_20260723.csv"
performance,x86,Twofish,CTR,256,64,throughput_enc_mbps,4,1.452650753821018,1.452650753821018,0.0,0.0,"windows_experience1_20260718.csv, windows_experience2_20260718.csv, windows_experience3_20260718.csv, windows_experience4_20260723.csv"
performance,x86,Twofish,CTR,256,256,avalanche_score,4,0.500244140625,0.500244140625,0.0,0.0,"windows_experience1_20260718.csv, windows_experience2_20260718.csv, windows_experience3_20260718.csv, windows_experience4_20260723.csv"
performance,x86,Twofish,CTR,256,256,avg_decrypt_time_s,4,0.00016922399739769387,0.00016922399739769387,0.0,0.0,"windows_experience1_20260718.csv, windows_experience2_20260718.csv, windows_experience3_20260718.csv, windows_experience4_20260723.csv"
performance,x86,Twofish,CTR,256,256,avg_encrypt_time_s,4,0.00015833225436153955,0.00015833225436153955,0.0,0.0,"windows_experience1_20260718.csv, windows_experience2_20260718.csv, windows_experience3_20260718.csv, windows_experience4_20260723.csv"
performance,x86,Twofish,CTR,256,256,key_avalanche_score,4,0.5025195312499999,0.5025195312499999,0.0,0.0,"windows_experience1_20260718.csv, windows_experience2_20260718.csv, windows_experience3_20260718.csv, windows_experience4_20260723.csv"
performance,x86,Twofish,CTR,256,256,throughput_dec_mbps,4,1.4538316871525123,1.4538316871525123,0.0,0.0,"windows_experience1_20260718.csv, windows_experience2_20260718.csv, windows_experience3_20260718.csv, windows_experience4_20260723.csv"
performance,x86,Twofish,CTR,256,256,throughput_enc_mbps,4,1.5770059209262735,1.5770059209262735,0.0,0.0,"windows_experience1_20260718.csv, windows_experience2_20260718.csv, windows_experience3_20260718.csv, windows_experience4_20260723.csv"
performance,x86,Twofish,CTR,256,1024,avalanche_score,4,0.499873046875,0.499873046875,0.0,0.0,"windows_experience1_20260718.csv, windows_experience2_20260718.csv, windows_experience3_20260718.csv, windows_experience4_20260723.csv"
performance,x86,Twofish,CTR,256,1024,avg_decrypt_time_s,4,0.0005721410005480721,0.0005721410005480721,0.0,0.0,"windows_experience1_20260718.csv, windows_experience2_20260718.csv, windows_experience3_20260718.csv, windows_experience4_20260723.csv"
performance,x86,Twofish,CTR,256,1024,avg_encrypt_time_s,4,0.000601523997604545,0.000601523997604545,0.0,0.0,"windows_experience1_20260718.csv, windows_experience2_20260718.csv, windows_experience3_20260718.csv, windows_experience4_20260723.csv"
performance,x86,Twofish,CTR,256,1024,key_avalanche_score,4,0.498671875,0.498671875,0.0,0.0,"windows_experience1_20260718.csv, windows_experience2_20260718.csv, windows_experience3_20260718.csv, windows_experience4_20260723.csv"
performance,x86,Twofish,CTR,256,1024,throughput_dec_mbps,4,1.7380335674379332,1.7380335674379332,0.0,0.0,"windows_experience1_20260718.csv, windows_experience2_20260718.csv, windows_experience3_20260718.csv, windows_experience4_20260723.csv"
performance,x86,Twofish,CTR,256,1024,throughput_enc_mbps,4,1.6583780929602139,1.6583780929602139,0.0,0.0,"windows_experience1_20260718.csv, windows_experience2_20260718.csv, windows_experience3_20260718.csv, windows_experience4_20260723.csv"
performance,x86,Twofish,CTR,256,4096,avalanche_score,4,0.500244140625,0.500244140625,0.0,0.0,"windows_experience1_20260718.csv, windows_experience2_20260718.csv, windows_experience3_20260718.csv, windows_experience4_20260723.csv"
performance,x86,Twofish,CTR,256,4096,avg_decrypt_time_s,4,0.0023719064980082293,0.0023719064980082293,0.0,0.0,"windows_experience1_20260718.csv, windows_experience2_20260718.csv, windows_experience3_20260718.csv, windows_experience4_20260723.csv"
performance,x86,Twofish,CTR,256,4096,avg_encrypt_time_s,4,0.002273483001874865,0.002273483001874865,0.0,0.0,"windows_experience1_20260718.csv, windows_experience2_20260718.csv, windows_experience3_20260718.csv, windows_experience4_20260723.csv"
performance,x86,Twofish,CTR,256,4096,key_avalanche_score,4,0.499521484375,0.499521484375,0.0,0.0,"windows_experience1_20260718.csv, windows_experience2_20260718.csv, windows_experience3_20260718.csv, windows_experience4_20260723.csv"
performance,x86,Twofish,CTR,256,4096,throughput_dec_mbps,4,1.7160490265598303,1.7160490265598303,0.0,0.0,"windows_experience1_20260718.csv, windows_experience2_20260718.csv, windows_experience3_20260718.csv, windows_experience4_20260723.csv"
performance,x86,Twofish,CTR,256,4096,throughput_enc_mbps,4,1.7585559476238122,1.7585559476238122,0.0,0.0,"windows_experience1_20260718.csv, windows_experience2_20260718.csv, windows_experience3_20260718.csv, windows_experience4_20260723.csv"
performance,x86,Twofish,CTR,256,16384,avalanche_score,4,0.4973828125,0.4973828125,0.0,0.0,"windows_experience1_20260718.csv, windows_experience2_20260718.csv, windows_experience3_20260718.csv, windows_experience4_20260723.csv"
performance,x86,Twofish,CTR,256,16384,avg_decrypt_time_s,4,0.010233408750916625,0.010233408750916625,0.0,0.0,"windows_experience1_20260718.csv, windows_experience2_20260718.csv, windows_experience3_20260718.csv, windows_experience4_20260723.csv"
performance,x86,Twofish,CTR,256,16384,avg_encrypt_time_s,4,0.009309593248308374,0.009309593248308374,0.0,0.0,"windows_experience1_20260718.csv, windows_experience2_20260718.csv, windows_experience3_20260718.csv, windows_experience4_20260723.csv"
performance,x86,Twofish,CTR,256,16384,key_avalanche_score,4,0.5007421875,0.5007421875,0.0,0.0,"windows_experience1_20260718.csv, windows_experience2_20260718.csv, windows_experience3_20260718.csv, windows_experience4_20260723.csv"
performance,x86,Twofish,CTR,256,16384,throughput_dec_mbps,4,1.6353324276634975,1.6353324276634975,0.0,0.0,"windows_experience1_20260718.csv, windows_experience2_20260718.csv, windows_experience3_20260718.csv, windows_experience4_20260723.csv"
performance,x86,Twofish,CTR,256,16384,throughput_enc_mbps,4,1.751420482642473,1.751420482642473,0.0,0.0,"windows_experience1_20260718.csv, windows_experience2_20260718.csv, windows_experience3_20260718.csv, windows_experience4_20260723.csv"
performance,x86,Twofish,ECB,128,64,avalanche_score,4,0.49994140625,0.49994140625,0.0,0.0,"windows_experience1_20260718.csv, windows_experience2_20260718.csv, windows_experience3_20260718.csv, windows_experience4_20260723.csv"
performance,x86,Twofish,ECB,128,64,avg_decrypt_time_s,4,4.085150086666545e-05,4.085150086666545e-05,0.0,0.0,"windows_experience1_20260718.csv, windows_experience2_20260718.csv, windows_experience3_20260718.csv, windows_experience4_20260723.csv"
performance,x86,Twofish,ECB,128,64,avg_encrypt_time_s,4,4.4397000256140014e-05,4.4397000256140014e-05,0.0,0.0,"windows_experience1_20260718.csv, windows_experience2_20260718.csv, windows_experience3_20260718.csv, windows_experience4_20260723.csv"
performance,x86,Twofish,ECB,128,64,key_avalanche_score,4,0.49878906249999994,0.49878906249999994,0.0,0.0,"windows_experience1_20260718.csv, windows_experience2_20260718.csv, windows_experience3_20260718.csv, windows_experience4_20260723.csv"
performance,x86,Twofish,ECB,128,64,throughput_dec_mbps,4,1.68338847496732,1.68338847496732,0.0,0.0,"windows_experience1_20260718.csv, windows_experience2_20260718.csv, windows_experience3_20260718.csv, windows_experience4_20260723.csv"
performance,x86,Twofish,ECB,128,64,throughput_enc_mbps,4,1.4879379961715828,1.4879379961715828,0.0,0.0,"windows_experience1_20260718.csv, windows_experience2_20260718.csv, windows_experience3_20260718.csv, windows_experience4_20260723.csv"
performance,x86,Twofish,ECB,128,256,avalanche_score,4,0.500185546875,0.500185546875,0.0,0.0,"windows_experience1_20260718.csv, windows_experience2_20260718.csv, windows_experience3_20260718.csv, windows_experience4_20260723.csv"
performance,x86,Twofish,ECB,128,256,avg_decrypt_time_s,4,0.00013595375537079236,0.00013595375537079236,0.0,0.0,"windows_experience1_20260718.csv, windows_experience2_20260718.csv, windows_experience3_20260718.csv, windows_experience4_20260723.csv"
performance,x86,Twofish,ECB,128,256,avg_encrypt_time_s,4,0.00013296599520117527,0.00013296599520117527,0.0,0.0,"windows_experience1_20260718.csv, windows_experience2_20260718.csv, windows_experience3_20260718.csv, windows_experience4_20260723.csv"
performance,x86,Twofish,ECB,128,256,key_avalanche_score,4,0.5015625,0.5015625,0.0,0.0,"windows_experience1_20260718.csv, windows_experience2_20260718.csv, windows_experience3_20260718.csv, windows_experience4_20260723.csv"
performance,x86,Twofish,ECB,128,256,throughput_dec_mbps,4,1.9131884084732866,1.9131884084732866,0.0,0.0,"windows_experience1_20260718.csv, windows_experience2_20260718.csv, windows_experience3_20260718.csv, windows_experience4_20260723.csv"
performance,x86,Twofish,ECB,128,256,throughput_enc_mbps,4,1.9937808283042684,1.9937808283042684,0.0,0.0,"windows_experience1_20260718.csv, windows_experience2_20260718.csv, windows_experience3_20260718.csv, windows_experience4_20260723.csv"
performance,x86,Twofish,ECB,128,1024,avalanche_score,4,0.49983398437500004,0.49983398437500004,0.0,0.0,"windows_experience1_20260718.csv, windows_experience2_20260718.csv, windows_experience3_20260718.csv, windows_experience4_20260723.csv"
performance,x86,Twofish,ECB,128,1024,avg_decrypt_time_s,4,0.0004306757472841128,0.0004306757472841128,0.0,0.0,"windows_experience1_20260718.csv, windows_experience2_20260718.csv, windows_experience3_20260718.csv, windows_experience4_20260723.csv"
performance,x86,Twofish,ECB,128,1024,avg_encrypt_time_s,4,0.0004828552502908678,0.0004828552502908678,0.0,0.0,"windows_experience1_20260718.csv, windows_experience2_20260718.csv, windows_experience3_20260718.csv, windows_experience4_20260723.csv"
performance,x86,Twofish,ECB,128,1024,key_avalanche_score,4,0.500380859375,0.500380859375,0.0,0.0,"windows_experience1_20260718.csv, windows_experience2_20260718.csv, windows_experience3_20260718.csv, windows_experience4_20260723.csv"
performance,x86,Twofish,ECB,128,1024,throughput_dec_mbps,4,2.2961209707080967,2.2961209707080967,0.0,0.0,"windows_experience1_20260718.csv, windows_experience2_20260718.csv, windows_experience3_20260718.csv, windows_experience4_20260723.csv"
performance,x86,Twofish,ECB,128,1024,throughput_enc_mbps,4,2.1068211388532694,2.1068211388532694,0.0,0.0,"windows_experience1_20260718.csv, windows_experience2_20260718.csv, windows_experience3_20260718.csv, windows_experience4_20260723.csv"
performance,x86,Twofish,ECB,128,4096,avalanche_score,4,0.5000781249999999,0.5000781249999999,0.0,0.0,"windows_experience1_20260718.csv, windows_experience2_20260718.csv, windows_experience3_20260718.csv, windows_experience4_20260723.csv"
performance,x86,Twofish,ECB,128,4096,avg_decrypt_time_s,4,0.0016802137552122077,0.0016802137552122077,0.0,0.0,"windows_experience1_20260718.csv, windows_experience2_20260718.csv, windows_experience3_20260718.csv, windows_experience4_20260723.csv"
performance,x86,Twofish,ECB,128,4096,avg_encrypt_time_s,4,0.0016342082534379187,0.0016342082534379187,0.0,0.0,"windows_experience1_20260718.csv, windows_experience2_20260718.csv, windows_experience3_20260718.csv, windows_experience4_20260723.csv"
performance,x86,Twofish,ECB,128,4096,key_avalanche_score,4,0.500546875,0.500546875,0.0,0.0,"windows_experience1_20260718.csv, windows_experience2_20260718.csv, windows_experience3_20260718.csv, windows_experience4_20260723.csv"
performance,x86,Twofish,ECB,128,4096,throughput_dec_mbps,4,2.362785052933937,2.362785052933937,0.0,0.0,"windows_experience1_20260718.csv, windows_experience2_20260718.csv, windows_experience3_20260718.csv, windows_experience4_20260723.csv"
performance,x86,Twofish,ECB,128,4096,throughput_enc_mbps,4,2.4352646337702684,2.4352646337702684,0.0,0.0,"windows_experience1_20260718.csv, windows_experience2_20260718.csv, windows_experience3_20260718.csv, windows_experience4_20260723.csv"
performance,x86,Twofish,ECB,128,16384,avalanche_score,4,0.5020703124999999,0.5020703124999999,0.0,0.0,"windows_experience1_20260718.csv, windows_experience2_20260718.csv, windows_experience3_20260718.csv, windows_experience4_20260723.csv"
performance,x86,Twofish,ECB,128,16384,avg_decrypt_time_s,4,0.006686345751613771,0.006686345751613771,0.0,0.0,"windows_experience1_20260718.csv, windows_experience2_20260718.csv, windows_experience3_20260718.csv, windows_experience4_20260723.csv"
performance,x86,Twofish,ECB,128,16384,avg_encrypt_time_s,4,0.006978974999324236,0.006978974999324236,0.0,0.0,"windows_experience1_20260718.csv, windows_experience2_20260718.csv, windows_experience3_20260718.csv, windows_experience4_20260723.csv"
performance,x86,Twofish,ECB,128,16384,key_avalanche_score,4,0.499521484375,0.499521484375,0.0,0.0,"windows_experience1_20260718.csv, windows_experience2_20260718.csv, windows_experience3_20260718.csv, windows_experience4_20260723.csv"
performance,x86,Twofish,ECB,128,16384,throughput_dec_mbps,4,2.4391415996377668,2.4391415996377668,0.0,0.0,"windows_experience1_20260718.csv, windows_experience2_20260718.csv, windows_experience3_20260718.csv, windows_experience4_20260723.csv"
performance,x86,Twofish,ECB,128,16384,throughput_enc_mbps,4,2.2854928935109444,2.2854928935109444,0.0,0.0,"windows_experience1_20260718.csv, windows_experience2_20260718.csv, windows_experience3_20260718.csv, windows_experience4_20260723.csv"
performance,x86,Twofish,ECB,192,64,avalanche_score,4,0.5003222656249999,0.5003222656249999,0.0,0.0,"windows_experience1_20260718.csv, windows_experience2_20260718.csv, windows_experience3_20260718.csv, windows_experience4_20260723.csv"
performance,x86,Twofish,ECB,192,64,avg_decrypt_time_s,4,3.186799873446944e-05,3.186799873446944e-05,0.0,0.0,"windows_experience1_20260718.csv, windows_experience2_20260718.csv, windows_experience3_20260718.csv, windows_experience4_20260723.csv"
performance,x86,Twofish,ECB,192,64,avg_encrypt_time_s,4,3.596449987526284e-05,3.596449987526284e-05,0.0,0.0,"windows_experience1_20260718.csv, windows_experience2_20260718.csv, windows_experience3_20260718.csv, windows_experience4_20260723.csv"
performance,x86,Twofish,ECB,192,64,key_avalanche_score,4,0.499560546875,0.499560546875,0.0,0.0,"windows_experience1_20260718.csv, windows_experience2_20260718.csv, windows_experience3_20260718.csv, windows_experience4_20260723.csv"
performance,x86,Twofish,ECB,192,64,throughput_dec_mbps,4,1.9333244280444828,1.9333244280444828,0.0,0.0,"windows_experience1_20260718.csv, windows_experience2_20260718.csv, windows_experience3_20260718.csv, windows_experience4_20260723.csv"
performance,x86,Twofish,ECB,192,64,throughput_enc_mbps,4,1.7185756376635122,1.7185756376635122,0.0,0.0,"windows_experience1_20260718.csv, windows_experience2_20260718.csv, windows_experience3_20260718.csv, windows_experience4_20260723.csv"
performance,x86,Twofish,ECB,192,256,avalanche_score,4,0.49993164062500006,0.49993164062500006,0.0,0.0,"windows_experience1_20260718.csv, windows_experience2_20260718.csv, windows_experience3_20260718.csv, windows_experience4_20260723.csv"
performance,x86,Twofish,ECB,192,256,avg_decrypt_time_s,4,0.0001248199975316311,0.0001248199975316311,0.0,0.0,"windows_experience1_20260718.csv, windows_experience2_20260718.csv, windows_experience3_20260718.csv, windows_experience4_20260723.csv"
performance,x86,Twofish,ECB,192,256,avg_encrypt_time_s,4,0.0001253852534841826,0.0001253852534841826,0.0,0.0,"windows_experience1_20260718.csv, windows_experience2_20260718.csv, windows_experience3_20260718.csv, windows_experience4_20260723.csv"
performance,x86,Twofish,ECB,192,256,key_avalanche_score,4,0.498857421875,0.498857421875,0.0,0.0,"windows_experience1_20260718.csv, windows_experience2_20260718.csv, windows_experience3_20260718.csv, windows_experience4_20260723.csv"
performance,x86,Twofish,ECB,192,256,throughput_dec_mbps,4,2.024012522970121,2.024012522970121,0.0,0.0,"windows_experience1_20260718.csv, windows_experience2_20260718.csv, windows_experience3_20260718.csv, windows_experience4_20260723.csv"
performance,x86,Twofish,ECB,192,256,throughput_enc_mbps,4,2.0393076703751545,2.0393076703751545,0.0,0.0,"windows_experience1_20260718.csv, windows_experience2_20260718.csv, windows_experience3_20260718.csv, windows_experience4_20260723.csv"
performance,x86,Twofish,ECB,192,1024,avalanche_score,4,0.501513671875,0.501513671875,0.0,0.0,"windows_experience1_20260718.csv, windows_experience2_20260718.csv, windows_experience3_20260718.csv, windows_experience4_20260723.csv"
performance,x86,Twofish,ECB,192,1024,avg_decrypt_time_s,4,0.00041141974848414977,0.00041141974848414977,0.0,0.0,"windows_experience1_20260718.csv, windows_experience2_20260718.csv, windows_experience3_20260718.csv, windows_experience4_20260723.csv"
performance,x86,Twofish,ECB,192,1024,avg_encrypt_time_s,4,0.0004396802507790198,0.0004396802507790198,0.0,0.0,"windows_experience1_20260718.csv, windows_experience2_20260718.csv, windows_experience3_20260718.csv, windows_experience4_20260723.csv"
performance,x86,Twofish,ECB,192,1024,key_avalanche_score,4,0.50298828125,0.50298828125,0.0,0.0,"windows_experience1_20260718.csv, windows_experience2_20260718.csv, windows_experience3_20260718.csv, windows_experience4_20260723.csv"
performance,x86,Twofish,ECB,192,1024,throughput_dec_mbps,4,2.457231192641233,2.457231192641233,0.0,0.0,"windows_experience1_20260718.csv, windows_experience2_20260718.csv, windows_experience3_20260718.csv, windows_experience4_20260723.csv"
performance,x86,Twofish,ECB,192,1024,throughput_enc_mbps,4,2.2593895347982715,2.2593895347982715,0.0,0.0,"windows_experience1_20260718.csv, windows_experience2_20260718.csv, windows_experience3_20260718.csv, windows_experience4_20260723.csv"
performance,x86,Twofish,ECB,192,4096,avalanche_score,4,0.5004199218750001,0.5004199218750001,0.0,0.0,"windows_experience1_20260718.csv, windows_experience2_20260718.csv, windows_experience3_20260718.csv, windows_experience4_20260723.csv"
performance,x86,Twofish,ECB,192,4096,avg_decrypt_time_s,4,0.0016089045012427049,0.0016089045012427049,0.0,0.0,"windows_experience1_20260718.csv, windows_experience2_20260718.csv, windows_experience3_20260718.csv, windows_experience4_20260723.csv"
performance,x86,Twofish,ECB,192,4096,avg_encrypt_time_s,4,0.0016633492509799906,0.0016633492509799906,0.0,0.0,"windows_experience1_20260718.csv, windows_experience2_20260718.csv, windows_experience3_20260718.csv, windows_experience4_20260723.csv"
performance,x86,Twofish,ECB,192,4096,key_avalanche_score,4,0.501591796875,0.501591796875,0.0,0.0,"windows_experience1_20260718.csv, windows_experience2_20260718.csv, windows_experience3_20260718.csv, windows_experience4_20260723.csv"
performance,x86,Twofish,ECB,192,4096,throughput_dec_mbps,4,2.5160861633010914,2.5160861633010914,0.0,0.0,"windows_experience1_20260718.csv, windows_experience2_20260718.csv, windows_experience3_20260718.csv, windows_experience4_20260723.csv"
performance,x86,Twofish,ECB,192,4096,throughput_enc_mbps,4,2.392985269233872,2.392985269233872,0.0,0.0,"windows_experience1_20260718.csv, windows_experience2_20260718.csv, windows_experience3_20260718.csv, windows_experience4_20260723.csv"
performance,x86,Twofish,ECB,192,16384,avalanche_score,4,0.50021484375,0.50021484375,0.0,0.0,"windows_experience1_20260718.csv, windows_experience2_20260718.csv, windows_experience3_20260718.csv, windows_experience4_20260723.csv"
performance,x86,Twofish,ECB,192,16384,avg_decrypt_time_s,4,0.0068607807451599,0.0068607807451599,0.0,0.0,"windows_experience1_20260718.csv, windows_experience2_20260718.csv, windows_experience3_20260718.csv, windows_experience4_20260723.csv"
performance,x86,Twofish,ECB,192,16384,avg_encrypt_time_s,4,0.006584126999607634,0.006584126999607634,0.0,0.0,"windows_experience1_20260718.csv, windows_experience2_20260718.csv, windows_experience3_20260718.csv, windows_experience4_20260723.csv"
performance,x86,Twofish,ECB,192,16384,key_avalanche_score,4,0.501455078125,0.501455078125,0.0,0.0,"windows_experience1_20260718.csv, windows_experience2_20260718.csv, windows_experience3_20260718.csv, windows_experience4_20260723.csv"
performance,x86,Twofish,ECB,192,16384,throughput_dec_mbps,4,2.301005372919788,2.301005372919788,0.0,0.0,"windows_experience1_20260718.csv, windows_experience2_20260718.csv, windows_experience3_20260718.csv, windows_experience4_20260723.csv"
performance,x86,Twofish,ECB,192,16384,throughput_enc_mbps,4,2.4165463656894115,2.4165463656894115,0.0,0.0,"windows_experience1_20260718.csv, windows_experience2_20260718.csv, windows_experience3_20260718.csv, windows_experience4_20260723.csv"
performance,x86,Twofish,ECB,256,64,avalanche_score,4,0.499404296875,0.499404296875,0.0,0.0,"windows_experience1_20260718.csv, windows_experience2_20260718.csv, windows_experience3_20260718.csv, windows_experience4_20260723.csv"
performance,x86,Twofish,ECB,256,64,avg_decrypt_time_s,4,3.727399929402964e-05,3.727399929402964e-05,0.0,0.0,"windows_experience1_20260718.csv, windows_experience2_20260718.csv, windows_experience3_20260718.csv, windows_experience4_20260723.csv"
performance,x86,Twofish,ECB,256,64,avg_encrypt_time_s,4,4.084299650457979e-05,4.084299650457979e-05,0.0,0.0,"windows_experience1_20260718.csv, windows_experience2_20260718.csv, windows_experience3_20260718.csv, windows_experience4_20260723.csv"
performance,x86,Twofish,ECB,256,64,key_avalanche_score,4,0.49818359375,0.49818359375,0.0,0.0,"windows_experience1_20260718.csv, windows_experience2_20260718.csv, windows_experience3_20260718.csv, windows_experience4_20260723.csv"
performance,x86,Twofish,ECB,256,64,throughput_dec_mbps,4,1.740526789524843,1.740526789524843,0.0,0.0,"windows_experience1_20260718.csv, windows_experience2_20260718.csv, windows_experience3_20260718.csv, windows_experience4_20260723.csv"
performance,x86,Twofish,ECB,256,64,throughput_enc_mbps,4,1.5697227855288567,1.5697227855288567,0.0,0.0,"windows_experience1_20260718.csv, windows_experience2_20260718.csv, windows_experience3_20260718.csv, windows_experience4_20260723.csv"
performance,x86,Twofish,ECB,256,256,avalanche_score,4,0.502158203125,0.502158203125,0.0,0.0,"windows_experience1_20260718.csv, windows_experience2_20260718.csv, windows_experience3_20260718.csv, windows_experience4_20260723.csv"
performance,x86,Twofish,ECB,256,256,avg_decrypt_time_s,4,0.00011629875223434283,0.00011629875223434283,0.0,0.0,"windows_experience1_20260718.csv, windows_experience2_20260718.csv, windows_experience3_20260718.csv, windows_experience4_20260723.csv"
performance,x86,Twofish,ECB,256,256,avg_encrypt_time_s,4,0.00013483674980534487,0.00013483674980534487,0.0,0.0,"windows_experience1_20260718.csv, windows_experience2_20260718.csv, windows_experience3_20260718.csv, windows_experience4_20260723.csv"
performance,x86,Twofish,ECB,256,256,key_avalanche_score,4,0.5024023437499999,0.5024023437499999,0.0,0.0,"windows_experience1_20260718.csv, windows_experience2_20260718.csv, windows_experience3_20260718.csv, windows_experience4_20260723.csv"
performance,x86,Twofish,ECB,256,256,throughput_dec_mbps,4,2.1355634437429005,2.1355634437429005,0.0,0.0,"windows_experience1_20260718.csv, windows_experience2_20260718.csv, windows_experience3_20260718.csv, windows_experience4_20260723.csv"
performance,x86,Twofish,ECB,256,256,throughput_enc_mbps,4,1.9204098287032685,1.9204098287032685,0.0,0.0,"windows_experience1_20260718.csv, windows_experience2_20260718.csv, windows_experience3_20260718.csv, windows_experience4_20260723.csv"
performance,x86,Twofish,ECB,256,1024,avalanche_score,4,0.50322265625,0.50322265625,0.0,0.0,"windows_experience1_20260718.csv, windows_experience2_20260718.csv, windows_experience3_20260718.csv, windows_experience4_20260723.csv"
performance,x86,Twofish,ECB,256,1024,avg_decrypt_time_s,4,0.00045776225509143844,0.00045776225509143844,0.0,0.0,"windows_experience1_20260718.csv, windows_experience2_20260718.csv, windows_experience3_20260718.csv, windows_experience4_20260723.csv"
performance,x86,Twofish,ECB,256,1024,avg_encrypt_time_s,4,0.0004286632489424847,0.0004286632489424847,0.0,0.0,"windows_experience1_20260718.csv, windows_experience2_20260718.csv, windows_experience3_20260718.csv, windows_experience4_20260723.csv"
performance,x86,Twofish,ECB,256,1024,key_avalanche_score,4,0.49896484375000005,0.49896484375000005,0.0,0.0,"windows_experience1_20260718.csv, windows_experience2_20260718.csv, windows_experience3_20260718.csv, windows_experience4_20260723.csv"
performance,x86,Twofish,ECB,256,1024,throughput_dec_mbps,4,2.2956589952153106,2.2956589952153106,0.0,0.0,"windows_experience1_20260718.csv, windows_experience2_20260718.csv, windows_experience3_20260718.csv, windows_experience4_20260723.csv"
performance,x86,Twofish,ECB,256,1024,throughput_enc_mbps,4,2.299584954745417,2.299584954745417,0.0,0.0,"windows_experience1_20260718.csv, windows_experience2_20260718.csv, windows_experience3_20260718.csv, windows_experience4_20260723.csv"
performance,x86,Twofish,ECB,256,4096,avalanche_score,4,0.497626953125,0.497626953125,0.0,0.0,"windows_experience1_20260718.csv, windows_experience2_20260718.csv, windows_experience3_20260718.csv, windows_experience4_20260723.csv"
performance,x86,Twofish,ECB,256,4096,avg_decrypt_time_s,4,0.0017061615023908417,0.0017061615023908417,0.0,0.0,"windows_experience1_20260718.csv, windows_experience2_20260718.csv, windows_experience3_20260718.csv, windows_experience4_20260723.csv"
performance,x86,Twofish,ECB,256,4096,avg_encrypt_time_s,4,0.0016150092533553106,0.0016150092533553106,0.0,0.0,"windows_experience1_20260718.csv, windows_experience2_20260718.csv, windows_experience3_20260718.csv, windows_experience4_20260723.csv"
performance,x86,Twofish,ECB,256,4096,key_avalanche_score,4,0.500380859375,0.500380859375,0.0,0.0,"windows_experience1_20260718.csv, windows_experience2_20260718.csv, windows_experience3_20260718.csv, windows_experience4_20260723.csv"
performance,x86,Twofish,ECB,256,4096,throughput_dec_mbps,4,2.369527933991175,2.369527933991175,0.0,0.0,"windows_experience1_20260718.csv, windows_experience2_20260718.csv, windows_experience3_20260718.csv, windows_experience4_20260723.csv"
performance,x86,Twofish,ECB,256,4096,throughput_enc_mbps,4,2.5203022309812386,2.5203022309812386,0.0,0.0,"windows_experience1_20260718.csv, windows_experience2_20260718.csv, windows_experience3_20260718.csv, windows_experience4_20260723.csv"
performance,x86,Twofish,ECB,256,16384,avalanche_score,4,0.49881835937499996,0.49881835937499996,0.0,0.0,"windows_experience1_20260718.csv, windows_experience2_20260718.csv, windows_experience3_20260718.csv, windows_experience4_20260723.csv"
performance,x86,Twofish,ECB,256,16384,avg_decrypt_time_s,4,0.006735098249691874,0.006735098249691874,0.0,0.0,"windows_experience1_20260718.csv, windows_experience2_20260718.csv, windows_experience3_20260718.csv, windows_experience4_20260723.csv"
performance,x86,Twofish,ECB,256,16384,avg_encrypt_time_s,4,0.00647979474738122,0.00647979474738122,0.0,0.0,"windows_experience1_20260718.csv, windows_experience2_20260718.csv, windows_experience3_20260718.csv, windows_experience4_20260723.csv"
performance,x86,Twofish,ECB,256,16384,key_avalanche_score,4,0.49747070312499997,0.49747070312499997,0.0,0.0,"windows_experience1_20260718.csv, windows_experience2_20260718.csv, windows_experience3_20260718.csv, windows_experience4_20260723.csv"
performance,x86,Twofish,ECB,256,16384,throughput_dec_mbps,4,2.3815281543080737,2.3815281543080737,0.0,0.0,"windows_experience1_20260718.csv, windows_experience2_20260718.csv, windows_experience3_20260718.csv, windows_experience4_20260723.csv"
performance,x86,Twofish,ECB,256,16384,throughput_enc_mbps,4,2.4768122990027255,2.4768122990027255,0.0,0.0,"windows_experience1_20260718.csv, windows_experience2_20260718.csv, windows_experience3_20260718.csv, windows_experience4_20260723.csv"
platform_comparison,raspberry_pi,3DES,CBC,128,64,avalanche,3,0.49809895833333334,0.49809895833333334,0.0,0.0,"raspberry_experience1_20260718.csv, raspberry_experience2_20260718.csv, raspberry_experience3_20260718.csv"
platform_comparison,raspberry_pi,3DES,CBC,128,64,ci95_enc,3,0.010254095554739719,0.010254095554739719,0.0,0.0,"raspberry_experience1_20260718.csv, raspberry_experience2_20260718.csv, raspberry_experience3_20260718.csv"
platform_comparison,raspberry_pi,3DES,CBC,128,64,key_avalanche,3,0.43682291666666667,0.43682291666666667,0.0,0.0,"raspberry_experience1_20260718.csv, raspberry_experience2_20260718.csv, raspberry_experience3_20260718.csv"
platform_comparison,raspberry_pi,3DES,CBC,128,64,throughput_dec,3,0.3148928848200308,0.3148928848200308,0.0,0.0,"raspberry_experience1_20260718.csv, raspberry_experience2_20260718.csv, raspberry_experience3_20260718.csv"
platform_comparison,raspberry_pi,3DES,CBC,128,64,throughput_enc,3,0.3815276348401993,0.3815276348401993,0.0,0.0,"raspberry_experience1_20260718.csv, raspberry_experience2_20260718.csv, raspberry_experience3_20260718.csv"
platform_comparison,raspberry_pi,3DES,CBC,128,256,avalanche,3,0.501796875,0.501796875,0.0,0.0,"raspberry_experience1_20260718.csv, raspberry_experience2_20260718.csv, raspberry_experience3_20260718.csv"
platform_comparison,raspberry_pi,3DES,CBC,128,256,ci95_enc,3,0.010048315671199159,0.010048315671199159,0.0,0.0,"raspberry_experience1_20260718.csv, raspberry_experience2_20260718.csv, raspberry_experience3_20260718.csv"
platform_comparison,raspberry_pi,3DES,CBC,128,256,key_avalanche,3,0.4437760416666667,0.4437760416666667,0.0,0.0,"raspberry_experience1_20260718.csv, raspberry_experience2_20260718.csv, raspberry_experience3_20260718.csv"
platform_comparison,raspberry_pi,3DES,CBC,128,256,throughput_dec,3,0.9183219774297551,0.9183219774297551,0.0,0.0,"raspberry_experience1_20260718.csv, raspberry_experience2_20260718.csv, raspberry_experience3_20260718.csv"
platform_comparison,raspberry_pi,3DES,CBC,128,256,throughput_enc,3,0.4279734941650344,0.4279734941650344,0.0,0.0,"raspberry_experience1_20260718.csv, raspberry_experience2_20260718.csv, raspberry_experience3_20260718.csv"
platform_comparison,raspberry_pi,3DES,CBC,128,1024,avalanche,3,0.49736979166666667,0.49736979166666667,0.0,0.0,"raspberry_experience1_20260718.csv, raspberry_experience2_20260718.csv, raspberry_experience3_20260718.csv"
platform_comparison,raspberry_pi,3DES,CBC,128,1024,ci95_enc,3,0.008571162843282158,0.008571162843282158,0.0,0.0,"raspberry_experience1_20260718.csv, raspberry_experience2_20260718.csv, raspberry_experience3_20260718.csv"
platform_comparison,raspberry_pi,3DES,CBC,128,1024,key_avalanche,3,0.4318489583333333,0.4318489583333333,0.0,0.0,"raspberry_experience1_20260718.csv, raspberry_experience2_20260718.csv, raspberry_experience3_20260718.csv"
platform_comparison,raspberry_pi,3DES,CBC,128,1024,throughput_dec,3,1.9507975845609336,1.9507975845609336,0.0,0.0,"raspberry_experience1_20260718.csv, raspberry_experience2_20260718.csv, raspberry_experience3_20260718.csv"
platform_comparison,raspberry_pi,3DES,CBC,128,1024,throughput_enc,3,0.45314871368517623,0.45314871368517623,0.0,0.0,"raspberry_experience1_20260718.csv, raspberry_experience2_20260718.csv, raspberry_experience3_20260718.csv"
platform_comparison,raspberry_pi,3DES,CBC,128,4096,avalanche,3,0.5028385416666666,0.5028385416666666,0.0,0.0,"raspberry_experience1_20260718.csv, raspberry_experience2_20260718.csv, raspberry_experience3_20260718.csv"
platform_comparison,raspberry_pi,3DES,CBC,128,4096,ci95_enc,3,0.0022235173839061113,0.0022235173839061113,0.0,0.0,"raspberry_experience1_20260718.csv, raspberry_experience2_20260718.csv, raspberry_experience3_20260718.csv"
platform_comparison,raspberry_pi,3DES,CBC,128,4096,key_avalanche,3,0.42578125,0.42578125,0.0,0.0,"raspberry_experience1_20260718.csv, raspberry_experience2_20260718.csv, raspberry_experience3_20260718.csv"
platform_comparison,raspberry_pi,3DES,CBC,128,4096,throughput_dec,3,2.919705932923557,2.919705932923557,0.0,0.0,"raspberry_experience1_20260718.csv, raspberry_experience2_20260718.csv, raspberry_experience3_20260718.csv"
platform_comparison,raspberry_pi,3DES,CBC,128,4096,throughput_enc,3,0.4803257706545319,0.4803257706545319,0.0,0.0,"raspberry_experience1_20260718.csv, raspberry_experience2_20260718.csv, raspberry_experience3_20260718.csv"
platform_comparison,raspberry_pi,3DES,CBC,128,16384,avalanche,3,0.5006770833333333,0.5006770833333333,0.0,0.0,"raspberry_experience1_20260718.csv, raspberry_experience2_20260718.csv, raspberry_experience3_20260718.csv"
platform_comparison,raspberry_pi,3DES,CBC,128,16384,ci95_enc,3,0.0009370416817810872,0.0009370416817810872,0.0,0.0,"raspberry_experience1_20260718.csv, raspberry_experience2_20260718.csv, raspberry_experience3_20260718.csv"
platform_comparison,raspberry_pi,3DES,CBC,128,16384,key_avalanche,3,0.44078124999999996,0.44078124999999996,0.0,0.0,"raspberry_experience1_20260718.csv, raspberry_experience2_20260718.csv, raspberry_experience3_20260718.csv"
platform_comparison,raspberry_pi,3DES,CBC,128,16384,throughput_dec,3,3.605178362951411,3.605178362951411,0.0,0.0,"raspberry_experience1_20260718.csv, raspberry_experience2_20260718.csv, raspberry_experience3_20260718.csv"
platform_comparison,raspberry_pi,3DES,CBC,128,16384,throughput_enc,3,0.4886419569772889,0.4886419569772889,0.0,0.0,"raspberry_experience1_20260718.csv, raspberry_experience2_20260718.csv, raspberry_experience3_20260718.csv"
platform_comparison,raspberry_pi,3DES,CBC,192,64,avalanche,3,0.4993489583333333,0.4993489583333333,0.0,0.0,"raspberry_experience1_20260718.csv, raspberry_experience2_20260718.csv, raspberry_experience3_20260718.csv"
platform_comparison,raspberry_pi,3DES,CBC,192,64,ci95_enc,3,0.010032553699047552,0.010032553699047552,0.0,0.0,"raspberry_experience1_20260718.csv, raspberry_experience2_20260718.csv, raspberry_experience3_20260718.csv"
platform_comparison,raspberry_pi,3DES,CBC,192,64,key_avalanche,3,0.42802083333333335,0.42802083333333335,0.0,0.0,"raspberry_experience1_20260718.csv, raspberry_experience2_20260718.csv, raspberry_experience3_20260718.csv"
platform_comparison,raspberry_pi,3DES,CBC,192,64,throughput_dec,3,0.2713775483922727,0.2713775483922727,0.0,0.0,"raspberry_experience1_20260718.csv, raspberry_experience2_20260718.csv, raspberry_experience3_20260718.csv"
platform_comparison,raspberry_pi,3DES,CBC,192,64,throughput_enc,3,0.3845971394685533,0.3845971394685533,0.0,0.0,"raspberry_experience1_20260718.csv, raspberry_experience2_20260718.csv, raspberry_experience3_20260718.csv"
platform_comparison,raspberry_pi,3DES,CBC,192,256,avalanche,3,0.4927083333333333,0.4927083333333333,0.0,0.0,"raspberry_experience1_20260718.csv, raspberry_experience2_20260718.csv, raspberry_experience3_20260718.csv"
platform_comparison,raspberry_pi,3DES,CBC,192,256,ci95_enc,3,0.007570652608202981,0.007570652608202981,0.0,0.0,"raspberry_experience1_20260718.csv, raspberry_experience2_20260718.csv, raspberry_experience3_20260718.csv"
platform_comparison,raspberry_pi,3DES,CBC,192,256,key_avalanche,3,0.435625,0.435625,0.0,0.0,"raspberry_experience1_20260718.csv, raspberry_experience2_20260718.csv, raspberry_experience3_20260718.csv"
platform_comparison,raspberry_pi,3DES,CBC,192,256,throughput_dec,3,0.8276899521402487,0.8276899521402487,0.0,0.0,"raspberry_experience1_20260718.csv, raspberry_experience2_20260718.csv, raspberry_experience3_20260718.csv"
platform_comparison,raspberry_pi,3DES,CBC,192,256,throughput_enc,3,0.4423445823706376,0.4423445823706376,0.0,0.0,"raspberry_experience1_20260718.csv, raspberry_experience2_20260718.csv, raspberry_experience3_20260718.csv"
platform_comparison,raspberry_pi,3DES,CBC,192,1024,avalanche,3,0.5025,0.5025,0.0,0.0,"raspberry_experience1_20260718.csv, raspberry_experience2_20260718.csv, raspberry_experience3_20260718.csv"
platform_comparison,raspberry_pi,3DES,CBC,192,1024,ci95_enc,3,0.003963020597206581,0.003963020597206581,0.0,0.0,"raspberry_experience1_20260718.csv, raspberry_experience2_20260718.csv, raspberry_experience3_20260718.csv"
platform_comparison,raspberry_pi,3DES,CBC,192,1024,key_avalanche,3,0.43700520833333334,0.43700520833333334,0.0,0.0,"raspberry_experience1_20260718.csv, raspberry_experience2_20260718.csv, raspberry_experience3_20260718.csv"
platform_comparison,raspberry_pi,3DES,CBC,192,1024,throughput_dec,3,1.8226941613503465,1.8226941613503465,0.0,0.0,"raspberry_experience1_20260718.csv, raspberry_experience2_20260718.csv, raspberry_experience3_20260718.csv"
platform_comparison,raspberry_pi,3DES,CBC,192,1024,throughput_enc,3,0.4666243132138484,0.4666243132138484,0.0,0.0,"raspberry_experience1_20260718.csv, raspberry_experience2_20260718.csv, raspberry_experience3_20260718.csv"
platform_comparison,raspberry_pi,3DES,CBC,192,4096,avalanche,3,0.5027343750000001,0.5027343750000001,0.0,0.0,"raspberry_experience1_20260718.csv, raspberry_experience2_20260718.csv, raspberry_experience3_20260718.csv"
platform_comparison,raspberry_pi,3DES,CBC,192,4096,ci95_enc,3,0.0021934866435462156,0.0021934866435462156,0.0,0.0,"raspberry_experience1_20260718.csv, raspberry_experience2_20260718.csv, raspberry_experience3_20260718.csv"
platform_comparison,raspberry_pi,3DES,CBC,192,4096,key_avalanche,3,0.44328125,0.44328125,0.0,0.0,"raspberry_experience1_20260718.csv, raspberry_experience2_20260718.csv, raspberry_experience3_20260718.csv"
platform_comparison,raspberry_pi,3DES,CBC,192,4096,throughput_dec,3,2.861440217475677,2.861440217475677,0.0,0.0,"raspberry_experience1_20260718.csv, raspberry_experience2_20260718.csv, raspberry_experience3_20260718.csv"
platform_comparison,raspberry_pi,3DES,CBC,192,4096,throughput_enc,3,0.4806177304084511,0.4806177304084511,0.0,0.0,"raspberry_experience1_20260718.csv, raspberry_experience2_20260718.csv, raspberry_experience3_20260718.csv"
platform_comparison,raspberry_pi,3DES,CBC,192,16384,avalanche,3,0.498828125,0.498828125,0.0,0.0,"raspberry_experience1_20260718.csv, raspberry_experience2_20260718.csv, raspberry_experience3_20260718.csv"
platform_comparison,raspberry_pi,3DES,CBC,192,16384,ci95_enc,3,0.001144975434794817,0.001144975434794817,0.0,0.0,"raspberry_experience1_20260718.csv, raspberry_experience2_20260718.csv, raspberry_experience3_20260718.csv"
platform_comparison,raspberry_pi,3DES,CBC,192,16384,key_avalanche,3,0.44007812500000004,0.44007812500000004,0.0,0.0,"raspberry_experience1_20260718.csv, raspberry_experience2_20260718.csv, raspberry_experience3_20260718.csv"
platform_comparison,raspberry_pi,3DES,CBC,192,16384,throughput_dec,3,3.5970145940494436,3.5970145940494436,0.0,0.0,"raspberry_experience1_20260718.csv, raspberry_experience2_20260718.csv, raspberry_experience3_20260718.csv"
platform_comparison,raspberry_pi,3DES,CBC,192,16384,throughput_enc,3,0.4877696524678578,0.4877696524678578,0.0,0.0,"raspberry_experience1_20260718.csv, raspberry_experience2_20260718.csv, raspberry_experience3_20260718.csv"
platform_comparison,raspberry_pi,3DES,CTR,128,64,avalanche,3,0.4990885416666666,0.4990885416666666,0.0,0.0,"raspberry_experience1_20260718.csv, raspberry_experience2_20260718.csv, raspberry_experience3_20260718.csv"
platform_comparison,raspberry_pi,3DES,CTR,128,64,ci95_enc,3,0.009036110391595504,0.009036110391595504,0.0,0.0,"raspberry_experience1_20260718.csv, raspberry_experience2_20260718.csv, raspberry_experience3_20260718.csv"
platform_comparison,raspberry_pi,3DES,CTR,128,64,key_avalanche,3,0.4492708333333333,0.4492708333333333,0.0,0.0,"raspberry_experience1_20260718.csv, raspberry_experience2_20260718.csv, raspberry_experience3_20260718.csv"
platform_comparison,raspberry_pi,3DES,CTR,128,64,throughput_dec,3,0.30117515751269147,0.30117515751269147,0.0,0.0,"raspberry_experience1_20260718.csv, raspberry_experience2_20260718.csv, raspberry_experience3_20260718.csv"
platform_comparison,raspberry_pi,3DES,CTR,128,64,throughput_enc,3,0.30054634541786424,0.30054634541786424,0.0,0.0,"raspberry_experience1_20260718.csv, raspberry_experience2_20260718.csv, raspberry_experience3_20260718.csv"
platform_comparison,raspberry_pi,3DES,CTR,128,256,avalanche,3,0.501328125,0.501328125,0.0,0.0,"raspberry_experience1_20260718.csv, raspberry_experience2_20260718.csv, raspberry_experience3_20260718.csv"
platform_comparison,raspberry_pi,3DES,CTR,128,256,ci95_enc,3,0.031367794439896034,0.031367794439896034,0.0,0.0,"raspberry_experience1_20260718.csv, raspberry_experience2_20260718.csv, raspberry_experience3_20260718.csv"
platform_comparison,raspberry_pi,3DES,CTR,128,256,key_avalanche,3,0.44018229166666667,0.44018229166666667,0.0,0.0,"raspberry_experience1_20260718.csv, raspberry_experience2_20260718.csv, raspberry_experience3_20260718.csv"
platform_comparison,raspberry_pi,3DES,CTR,128,256,throughput_dec,3,0.8365678741870285,0.8365678741870285,0.0,0.0,"raspberry_experience1_20260718.csv, raspberry_experience2_20260718.csv, raspberry_experience3_20260718.csv"
platform_comparison,raspberry_pi,3DES,CTR,128,256,throughput_enc,3,0.8092175718500892,0.8092175718500892,0.0,0.0,"raspberry_experience1_20260718.csv, raspberry_experience2_20260718.csv, raspberry_experience3_20260718.csv"
platform_comparison,raspberry_pi,3DES,CTR,128,1024,avalanche,3,0.5008854166666666,0.5008854166666666,0.0,0.0,"raspberry_experience1_20260718.csv, raspberry_experience2_20260718.csv, raspberry_experience3_20260718.csv"
platform_comparison,raspberry_pi,3DES,CTR,128,1024,ci95_enc,3,0.03615707208241924,0.03615707208241924,0.0,0.0,"raspberry_experience1_20260718.csv, raspberry_experience2_20260718.csv, raspberry_experience3_20260718.csv"
platform_comparison,raspberry_pi,3DES,CTR,128,1024,key_avalanche,3,0.44039062500000004,0.44039062500000004,0.0,0.0,"raspberry_experience1_20260718.csv, raspberry_experience2_20260718.csv, raspberry_experience3_20260718.csv"
platform_comparison,raspberry_pi,3DES,CTR,128,1024,throughput_dec,3,1.6118953577016697,1.6118953577016697,0.0,0.0,"raspberry_experience1_20260718.csv, raspberry_experience2_20260718.csv, raspberry_experience3_20260718.csv"
platform_comparison,raspberry_pi,3DES,CTR,128,1024,throughput_enc,3,1.6102625385691354,1.6102625385691354,0.0,0.0,"raspberry_experience1_20260718.csv, raspberry_experience2_20260718.csv, raspberry_experience3_20260718.csv"
platform_comparison,raspberry_pi,3DES,CTR,128,4096,avalanche,3,0.5033333333333333,0.5033333333333333,0.0,0.0,"raspberry_experience1_20260718.csv, raspberry_experience2_20260718.csv, raspberry_experience3_20260718.csv"
platform_comparison,raspberry_pi,3DES,CTR,128,4096,ci95_enc,3,0.02964856496790121,0.02964856496790121,0.0,0.0,"raspberry_experience1_20260718.csv, raspberry_experience2_20260718.csv, raspberry_experience3_20260718.csv"
platform_comparison,raspberry_pi,3DES,CTR,128,4096,key_avalanche,3,0.43333333333333335,0.43333333333333335,0.0,0.0,"raspberry_experience1_20260718.csv, raspberry_experience2_20260718.csv, raspberry_experience3_20260718.csv"
platform_comparison,raspberry_pi,3DES,CTR,128,4096,throughput_dec,3,2.2560716302652835,2.2560716302652835,0.0,0.0,"raspberry_experience1_20260718.csv, raspberry_experience2_20260718.csv, raspberry_experience3_20260718.csv"
platform_comparison,raspberry_pi,3DES,CTR,128,4096,throughput_enc,3,2.24842041533612,2.24842041533612,0.0,0.0,"raspberry_experience1_20260718.csv, raspberry_experience2_20260718.csv, raspberry_experience3_20260718.csv"
platform_comparison,raspberry_pi,3DES,CTR,128,16384,avalanche,3,0.5002083333333333,0.5002083333333333,0.0,0.0,"raspberry_experience1_20260718.csv, raspberry_experience2_20260718.csv, raspberry_experience3_20260718.csv"
platform_comparison,raspberry_pi,3DES,CTR,128,16384,ci95_enc,3,0.024490350457835486,0.024490350457835486,0.0,0.0,"raspberry_experience1_20260718.csv, raspberry_experience2_20260718.csv, raspberry_experience3_20260718.csv"
platform_comparison,raspberry_pi,3DES,CTR,128,16384,key_avalanche,3,0.4304427083333333,0.4304427083333333,0.0,0.0,"raspberry_experience1_20260718.csv, raspberry_experience2_20260718.csv, raspberry_experience3_20260718.csv"
platform_comparison,raspberry_pi,3DES,CTR,128,16384,throughput_dec,3,2.651541786609801,2.651541786609801,0.0,0.0,"raspberry_experience1_20260718.csv, raspberry_experience2_20260718.csv, raspberry_experience3_20260718.csv"
platform_comparison,raspberry_pi,3DES,CTR,128,16384,throughput_enc,3,2.634493008113841,2.634493008113841,0.0,0.0,"raspberry_experience1_20260718.csv, raspberry_experience2_20260718.csv, raspberry_experience3_20260718.csv"
platform_comparison,raspberry_pi,3DES,CTR,192,64,avalanche,3,0.5033593749999999,0.5033593749999999,0.0,0.0,"raspberry_experience1_20260718.csv, raspberry_experience2_20260718.csv, raspberry_experience3_20260718.csv"
platform_comparison,raspberry_pi,3DES,CTR,192,64,ci95_enc,3,0.011944518811263724,0.011944518811263724,0.0,0.0,"raspberry_experience1_20260718.csv, raspberry_experience2_20260718.csv, raspberry_experience3_20260718.csv"
platform_comparison,raspberry_pi,3DES,CTR,192,64,key_avalanche,3,0.43432291666666667,0.43432291666666667,0.0,0.0,"raspberry_experience1_20260718.csv, raspberry_experience2_20260718.csv, raspberry_experience3_20260718.csv"
platform_comparison,raspberry_pi,3DES,CTR,192,64,throughput_dec,3,0.2556185072631721,0.2556185072631721,0.0,0.0,"raspberry_experience1_20260718.csv, raspberry_experience2_20260718.csv, raspberry_experience3_20260718.csv"
platform_comparison,raspberry_pi,3DES,CTR,192,64,throughput_enc,3,0.26260351266202436,0.26260351266202436,0.0,0.0,"raspberry_experience1_20260718.csv, raspberry_experience2_20260718.csv, raspberry_experience3_20260718.csv"
platform_comparison,raspberry_pi,3DES,CTR,192,256,avalanche,3,0.5011197916666666,0.5011197916666666,0.0,0.0,"raspberry_experience1_20260718.csv, raspberry_experience2_20260718.csv, raspberry_experience3_20260718.csv"
platform_comparison,raspberry_pi,3DES,CTR,192,256,ci95_enc,3,0.026560203012020892,0.026560203012020892,0.0,0.0,"raspberry_experience1_20260718.csv, raspberry_experience2_20260718.csv, raspberry_experience3_20260718.csv"
platform_comparison,raspberry_pi,3DES,CTR,192,256,key_avalanche,3,0.4390885416666667,0.4390885416666667,0.0,0.0,"raspberry_experience1_20260718.csv, raspberry_experience2_20260718.csv, raspberry_experience3_20260718.csv"
platform_comparison,raspberry_pi,3DES,CTR,192,256,throughput_dec,3,0.7644565318854198,0.7644565318854198,0.0,0.0,"raspberry_experience1_20260718.csv, raspberry_experience2_20260718.csv, raspberry_experience3_20260718.csv"
platform_comparison,raspberry_pi,3DES,CTR,192,256,throughput_enc,3,0.7540625963144348,0.7540625963144348,0.0,0.0,"raspberry_experience1_20260718.csv, raspberry_experience2_20260718.csv, raspberry_experience3_20260718.csv"
platform_comparison,raspberry_pi,3DES,CTR,192,1024,avalanche,3,0.50046875,0.50046875,0.0,0.0,"raspberry_experience1_20260718.csv, raspberry_experience2_20260718.csv, raspberry_experience3_20260718.csv"
platform_comparison,raspberry_pi,3DES,CTR,192,1024,ci95_enc,3,0.03670138491002437,0.03670138491002437,0.0,0.0,"raspberry_experience1_20260718.csv, raspberry_experience2_20260718.csv, raspberry_experience3_20260718.csv"
platform_comparison,raspberry_pi,3DES,CTR,192,1024,key_avalanche,3,0.4315625,0.4315625,0.0,0.0,"raspberry_experience1_20260718.csv, raspberry_experience2_20260718.csv, raspberry_experience3_20260718.csv"
platform_comparison,raspberry_pi,3DES,CTR,192,1024,throughput_dec,3,1.4841553179916993,1.4841553179916993,0.0,0.0,"raspberry_experience1_20260718.csv, raspberry_experience2_20260718.csv, raspberry_experience3_20260718.csv"
platform_comparison,raspberry_pi,3DES,CTR,192,1024,throughput_enc,3,1.4631869869411342,1.4631869869411342,0.0,0.0,"raspberry_experience1_20260718.csv, raspberry_experience2_20260718.csv, raspberry_experience3_20260718.csv"
platform_comparison,raspberry_pi,3DES,CTR,192,4096,avalanche,3,0.49742187500000007,0.49742187500000007,0.0,0.0,"raspberry_experience1_20260718.csv, raspberry_experience2_20260718.csv, raspberry_experience3_20260718.csv"
platform_comparison,raspberry_pi,3DES,CTR,192,4096,ci95_enc,3,0.03174733151068109,0.03174733151068109,0.0,0.0,"raspberry_experience1_20260718.csv, raspberry_experience2_20260718.csv, raspberry_experience3_20260718.csv"
platform_comparison,raspberry_pi,3DES,CTR,192,4096,key_avalanche,3,0.4441927083333333,0.4441927083333333,0.0,0.0,"raspberry_experience1_20260718.csv, raspberry_experience2_20260718.csv, raspberry_experience3_20260718.csv"
platform_comparison,raspberry_pi,3DES,CTR,192,4096,throughput_dec,3,2.2437261063470073,2.2437261063470073,0.0,0.0,"raspberry_experience1_20260718.csv, raspberry_experience2_20260718.csv, raspberry_experience3_20260718.csv"
platform_comparison,raspberry_pi,3DES,CTR,192,4096,throughput_enc,3,2.242977855445337,2.242977855445337,0.0,0.0,"raspberry_experience1_20260718.csv, raspberry_experience2_20260718.csv, raspberry_experience3_20260718.csv"
platform_comparison,raspberry_pi,3DES,CTR,192,16384,avalanche,3,0.49742187499999996,0.49742187499999996,0.0,0.0,"raspberry_experience1_20260718.csv, raspberry_experience2_20260718.csv, raspberry_experience3_20260718.csv"
platform_comparison,raspberry_pi,3DES,CTR,192,16384,ci95_enc,3,0.024724955035237767,0.024724955035237767,0.0,0.0,"raspberry_experience1_20260718.csv, raspberry_experience2_20260718.csv, raspberry_experience3_20260718.csv"
platform_comparison,raspberry_pi,3DES,CTR,192,16384,key_avalanche,3,0.43278645833333335,0.43278645833333335,0.0,0.0,"raspberry_experience1_20260718.csv, raspberry_experience2_20260718.csv, raspberry_experience3_20260718.csv"
platform_comparison,raspberry_pi,3DES,CTR,192,16384,throughput_dec,3,2.635509663143629,2.635509663143629,0.0,0.0,"raspberry_experience1_20260718.csv, raspberry_experience2_20260718.csv, raspberry_experience3_20260718.csv"
platform_comparison,raspberry_pi,3DES,CTR,192,16384,throughput_enc,3,2.623888173623597,2.623888173623597,0.0,0.0,"raspberry_experience1_20260718.csv, raspberry_experience2_20260718.csv, raspberry_experience3_20260718.csv"
platform_comparison,raspberry_pi,3DES,ECB,128,64,avalanche,3,0.4976562500000001,0.4976562500000001,0.0,0.0,"raspberry_experience1_20260718.csv, raspberry_experience2_20260718.csv, raspberry_experience3_20260718.csv"
platform_comparison,raspberry_pi,3DES,ECB,128,64,ci95_enc,3,0.01390520962301964,0.01390520962301964,0.0,0.0,"raspberry_experience1_20260718.csv, raspberry_experience2_20260718.csv, raspberry_experience3_20260718.csv"
platform_comparison,raspberry_pi,3DES,ECB,128,64,key_avalanche,3,0.43953125,0.43953125,0.0,0.0,"raspberry_experience1_20260718.csv, raspberry_experience2_20260718.csv, raspberry_experience3_20260718.csv"
platform_comparison,raspberry_pi,3DES,ECB,128,64,throughput_dec,3,0.40381102209592123,0.40381102209592123,0.0,0.0,"raspberry_experience1_20260718.csv, raspberry_experience2_20260718.csv, raspberry_experience3_20260718.csv"
platform_comparison,raspberry_pi,3DES,ECB,128,64,throughput_enc,3,0.38685232354704063,0.38685232354704063,0.0,0.0,"raspberry_experience1_20260718.csv, raspberry_experience2_20260718.csv, raspberry_experience3_20260718.csv"
platform_comparison,raspberry_pi,3DES,ECB,128,256,avalanche,3,0.4985677083333333,0.4985677083333333,0.0,0.0,"raspberry_experience1_20260718.csv, raspberry_experience2_20260718.csv, raspberry_experience3_20260718.csv"
platform_comparison,raspberry_pi,3DES,ECB,128,256,ci95_enc,3,0.04749832188565815,0.04749832188565815,0.0,0.0,"raspberry_experience1_20260718.csv, raspberry_experience2_20260718.csv, raspberry_experience3_20260718.csv"
platform_comparison,raspberry_pi,3DES,ECB,128,256,key_avalanche,3,0.4361458333333334,0.4361458333333334,0.0,0.0,"raspberry_experience1_20260718.csv, raspberry_experience2_20260718.csv, raspberry_experience3_20260718.csv"
platform_comparison,raspberry_pi,3DES,ECB,128,256,throughput_dec,3,1.3905319600327146,1.3905319600327146,0.0,0.0,"raspberry_experience1_20260718.csv, raspberry_experience2_20260718.csv, raspberry_experience3_20260718.csv"
platform_comparison,raspberry_pi,3DES,ECB,128,256,throughput_enc,3,1.3523590824303178,1.3523590824303178,0.0,0.0,"raspberry_experience1_20260718.csv, raspberry_experience2_20260718.csv, raspberry_experience3_20260718.csv"
platform_comparison,raspberry_pi,3DES,ECB,128,1024,avalanche,3,0.502265625,0.502265625,0.0,0.0,"raspberry_experience1_20260718.csv, raspberry_experience2_20260718.csv, raspberry_experience3_20260718.csv"
platform_comparison,raspberry_pi,3DES,ECB,128,1024,ci95_enc,3,0.10243080625496381,0.10243080625496381,0.0,0.0,"raspberry_experience1_20260718.csv, raspberry_experience2_20260718.csv, raspberry_experience3_20260718.csv"
platform_comparison,raspberry_pi,3DES,ECB,128,1024,key_avalanche,3,0.44249999999999995,0.44249999999999995,0.0,0.0,"raspberry_experience1_20260718.csv, raspberry_experience2_20260718.csv, raspberry_experience3_20260718.csv"
platform_comparison,raspberry_pi,3DES,ECB,128,1024,throughput_dec,3,3.6836681702755985,3.6836681702755985,0.0,0.0,"raspberry_experience1_20260718.csv, raspberry_experience2_20260718.csv, raspberry_experience3_20260718.csv"
platform_comparison,raspberry_pi,3DES,ECB,128,1024,throughput_enc,3,3.404891693860448,3.404891693860448,0.0,0.0,"raspberry_experience1_20260718.csv, raspberry_experience2_20260718.csv, raspberry_experience3_20260718.csv"
platform_comparison,raspberry_pi,3DES,ECB,128,4096,avalanche,3,0.499453125,0.499453125,0.0,0.0,"raspberry_experience1_20260718.csv, raspberry_experience2_20260718.csv, raspberry_experience3_20260718.csv"
platform_comparison,raspberry_pi,3DES,ECB,128,4096,ci95_enc,3,0.1625637371412205,0.1625637371412205,0.0,0.0,"raspberry_experience1_20260718.csv, raspberry_experience2_20260718.csv, raspberry_experience3_20260718.csv"
platform_comparison,raspberry_pi,3DES,ECB,128,4096,key_avalanche,3,0.45174479166666665,0.45174479166666665,0.0,0.0,"raspberry_experience1_20260718.csv, raspberry_experience2_20260718.csv, raspberry_experience3_20260718.csv"
platform_comparison,raspberry_pi,3DES,ECB,128,4096,throughput_dec,3,6.789571001414252,6.789571001414252,0.0,0.0,"raspberry_experience1_20260718.csv, raspberry_experience2_20260718.csv, raspberry_experience3_20260718.csv"
platform_comparison,raspberry_pi,3DES,ECB,128,4096,throughput_enc,3,6.6172263655059,6.6172263655059,0.0,0.0,"raspberry_experience1_20260718.csv, raspberry_experience2_20260718.csv, raspberry_experience3_20260718.csv"
platform_comparison,raspberry_pi,3DES,ECB,128,16384,avalanche,3,0.5004947916666667,0.5004947916666667,0.0,0.0,"raspberry_experience1_20260718.csv, raspberry_experience2_20260718.csv, raspberry_experience3_20260718.csv"
platform_comparison,raspberry_pi,3DES,ECB,128,16384,ci95_enc,3,0.13912125928182487,0.13912125928182487,0.0,0.0,"raspberry_experience1_20260718.csv, raspberry_experience2_20260718.csv, raspberry_experience3_20260718.csv"
platform_comparison,raspberry_pi,3DES,ECB,128,16384,key_avalanche,3,0.43953125,0.43953125,0.0,0.0,"raspberry_experience1_20260718.csv, raspberry_experience2_20260718.csv, raspberry_experience3_20260718.csv"
platform_comparison,raspberry_pi,3DES,ECB,128,16384,throughput_dec,3,9.394209455644338,9.394209455644338,0.0,0.0,"raspberry_experience1_20260718.csv, raspberry_experience2_20260718.csv, raspberry_experience3_20260718.csv"
platform_comparison,raspberry_pi,3DES,ECB,128,16384,throughput_enc,3,9.062941689190728,9.062941689190728,0.0,0.0,"raspberry_experience1_20260718.csv, raspberry_experience2_20260718.csv, raspberry_experience3_20260718.csv"
platform_comparison,raspberry_pi,3DES,ECB,192,64,avalanche,3,0.5014062499999999,0.5014062499999999,0.0,0.0,"raspberry_experience1_20260718.csv, raspberry_experience2_20260718.csv, raspberry_experience3_20260718.csv"
platform_comparison,raspberry_pi,3DES,ECB,192,64,ci95_enc,3,0.011095943414101778,0.011095943414101778,0.0,0.0,"raspberry_experience1_20260718.csv, raspberry_experience2_20260718.csv, raspberry_experience3_20260718.csv"
platform_comparison,raspberry_pi,3DES,ECB,192,64,key_avalanche,3,0.4259114583333334,0.4259114583333334,0.0,0.0,"raspberry_experience1_20260718.csv, raspberry_experience2_20260718.csv, raspberry_experience3_20260718.csv"
platform_comparison,raspberry_pi,3DES,ECB,192,64,throughput_dec,3,0.32445157541558894,0.32445157541558894,0.0,0.0,"raspberry_experience1_20260718.csv, raspberry_experience2_20260718.csv, raspberry_experience3_20260718.csv"
platform_comparison,raspberry_pi,3DES,ECB,192,64,throughput_enc,3,0.321204323116466,0.321204323116466,0.0,0.0,"raspberry_experience1_20260718.csv, raspberry_experience2_20260718.csv, raspberry_experience3_20260718.csv"
platform_comparison,raspberry_pi,3DES,ECB,192,256,avalanche,3,0.49796875,0.49796875,0.0,0.0,"raspberry_experience1_20260718.csv, raspberry_experience2_20260718.csv, raspberry_experience3_20260718.csv"
platform_comparison,raspberry_pi,3DES,ECB,192,256,ci95_enc,3,0.03698105109503446,0.03698105109503446,0.0,0.0,"raspberry_experience1_20260718.csv, raspberry_experience2_20260718.csv, raspberry_experience3_20260718.csv"
platform_comparison,raspberry_pi,3DES,ECB,192,256,key_avalanche,3,0.444140625,0.444140625,0.0,0.0,"raspberry_experience1_20260718.csv, raspberry_experience2_20260718.csv, raspberry_experience3_20260718.csv"
platform_comparison,raspberry_pi,3DES,ECB,192,256,throughput_dec,3,1.173625645245504,1.173625645245504,0.0,0.0,"raspberry_experience1_20260718.csv, raspberry_experience2_20260718.csv, raspberry_experience3_20260718.csv"
platform_comparison,raspberry_pi,3DES,ECB,192,256,throughput_enc,3,1.1027087316226718,1.1027087316226718,0.0,0.0,"raspberry_experience1_20260718.csv, raspberry_experience2_20260718.csv, raspberry_experience3_20260718.csv"
platform_comparison,raspberry_pi,3DES,ECB,192,1024,avalanche,3,0.5026302083333334,0.5026302083333334,0.0,0.0,"raspberry_experience1_20260718.csv, raspberry_experience2_20260718.csv, raspberry_experience3_20260718.csv"
platform_comparison,raspberry_pi,3DES,ECB,192,1024,ci95_enc,3,0.10360676243608606,0.10360676243608606,0.0,0.0,"raspberry_experience1_20260718.csv, raspberry_experience2_20260718.csv, raspberry_experience3_20260718.csv"
platform_comparison,raspberry_pi,3DES,ECB,192,1024,key_avalanche,3,0.4295572916666666,0.4295572916666666,0.0,0.0,"raspberry_experience1_20260718.csv, raspberry_experience2_20260718.csv, raspberry_experience3_20260718.csv"
platform_comparison,raspberry_pi,3DES,ECB,192,1024,throughput_dec,3,3.271754671355012,3.271754671355012,0.0,0.0,"raspberry_experience1_20260718.csv, raspberry_experience2_20260718.csv, raspberry_experience3_20260718.csv"
platform_comparison,raspberry_pi,3DES,ECB,192,1024,throughput_enc,3,3.208928615228601,3.208928615228601,0.0,0.0,"raspberry_experience1_20260718.csv, raspberry_experience2_20260718.csv, raspberry_experience3_20260718.csv"
platform_comparison,raspberry_pi,3DES,ECB,192,4096,avalanche,3,0.49802083333333336,0.49802083333333336,0.0,0.0,"raspberry_experience1_20260718.csv, raspberry_experience2_20260718.csv, raspberry_experience3_20260718.csv"
platform_comparison,raspberry_pi,3DES,ECB,192,4096,ci95_enc,3,0.14093490943763562,0.14093490943763562,0.0,0.0,"raspberry_experience1_20260718.csv, raspberry_experience2_20260718.csv, raspberry_experience3_20260718.csv"
platform_comparison,raspberry_pi,3DES,ECB,192,4096,key_avalanche,3,0.4483333333333334,0.4483333333333334,0.0,0.0,"raspberry_experience1_20260718.csv, raspberry_experience2_20260718.csv, raspberry_experience3_20260718.csv"
platform_comparison,raspberry_pi,3DES,ECB,192,4096,throughput_dec,3,6.528646326414545,6.528646326414545,0.0,0.0,"raspberry_experience1_20260718.csv, raspberry_experience2_20260718.csv, raspberry_experience3_20260718.csv"
platform_comparison,raspberry_pi,3DES,ECB,192,4096,throughput_enc,3,6.3998689465880645,6.3998689465880645,0.0,0.0,"raspberry_experience1_20260718.csv, raspberry_experience2_20260718.csv, raspberry_experience3_20260718.csv"
platform_comparison,raspberry_pi,3DES,ECB,192,16384,avalanche,3,0.49523437499999995,0.49523437499999995,0.0,0.0,"raspberry_experience1_20260718.csv, raspberry_experience2_20260718.csv, raspberry_experience3_20260718.csv"
platform_comparison,raspberry_pi,3DES,ECB,192,16384,ci95_enc,3,0.13899838366117803,0.13899838366117803,0.0,0.0,"raspberry_experience1_20260718.csv, raspberry_experience2_20260718.csv, raspberry_experience3_20260718.csv"
platform_comparison,raspberry_pi,3DES,ECB,192,16384,key_avalanche,3,0.45031250000000006,0.45031250000000006,0.0,0.0,"raspberry_experience1_20260718.csv, raspberry_experience2_20260718.csv, raspberry_experience3_20260718.csv"
platform_comparison,raspberry_pi,3DES,ECB,192,16384,throughput_dec,3,9.152135944672557,9.152135944672557,0.0,0.0,"raspberry_experience1_20260718.csv, raspberry_experience2_20260718.csv, raspberry_experience3_20260718.csv"
platform_comparison,raspberry_pi,3DES,ECB,192,16384,throughput_enc,3,8.832896111748836,8.832896111748836,0.0,0.0,"raspberry_experience1_20260718.csv, raspberry_experience2_20260718.csv, raspberry_experience3_20260718.csv"
platform_comparison,raspberry_pi,AES,CBC,128,64,avalanche,3,0.5008333333333334,0.5008333333333334,0.0,0.0,"raspberry_experience1_20260718.csv, raspberry_experience2_20260718.csv, raspberry_experience3_20260718.csv"
platform_comparison,raspberry_pi,AES,CBC,128,64,ci95_enc,3,0.007453542767805309,0.007453542767805309,0.0,0.0,"raspberry_experience1_20260718.csv, raspberry_experience2_20260718.csv, raspberry_experience3_20260718.csv"
platform_comparison,raspberry_pi,AES,CBC,128,64,key_avalanche,3,0.49807291666666664,0.49807291666666664,0.0,0.0,"raspberry_experience1_20260718.csv, raspberry_experience2_20260718.csv, raspberry_experience3_20260718.csv"
platform_comparison,raspberry_pi,AES,CBC,128,64,throughput_dec,3,0.8994594261123284,0.8994594261123284,0.0,0.0,"raspberry_experience1_20260718.csv, raspberry_experience2_20260718.csv, raspberry_experience3_20260718.csv"
platform_comparison,raspberry_pi,AES,CBC,128,64,throughput_enc,3,0.25096149912207516,0.25096149912207516,0.0,0.0,"raspberry_experience1_20260718.csv, raspberry_experience2_20260718.csv, raspberry_experience3_20260718.csv"
platform_comparison,raspberry_pi,AES,CBC,128,256,avalanche,3,0.49847656250000005,0.49847656250000005,0.0,0.0,"raspberry_experience1_20260718.csv, raspberry_experience2_20260718.csv, raspberry_experience3_20260718.csv"
platform_comparison,raspberry_pi,AES,CBC,128,256,ci95_enc,3,0.00659935432392702,0.00659935432392702,0.0,0.0,"raspberry_experience1_20260718.csv, raspberry_experience2_20260718.csv, raspberry_experience3_20260718.csv"
platform_comparison,raspberry_pi,AES,CBC,128,256,key_avalanche,3,0.49930989583333335,0.49930989583333335,0.0,0.0,"raspberry_experience1_20260718.csv, raspberry_experience2_20260718.csv, raspberry_experience3_20260718.csv"
platform_comparison,raspberry_pi,AES,CBC,128,256,throughput_dec,3,2.5677417176659545,2.5677417176659545,0.0,0.0,"raspberry_experience1_20260718.csv, raspberry_experience2_20260718.csv, raspberry_experience3_20260718.csv"
platform_comparison,raspberry_pi,AES,CBC,128,256,throughput_enc,3,0.31369876547576997,0.31369876547576997,0.0,0.0,"raspberry_experience1_20260718.csv, raspberry_experience2_20260718.csv, raspberry_experience3_20260718.csv"
platform_comparison,raspberry_pi,AES,CBC,128,1024,avalanche,3,0.5024348958333333,0.5024348958333333,0.0,0.0,"raspberry_experience1_20260718.csv, raspberry_experience2_20260718.csv, raspberry_experience3_20260718.csv"
platform_comparison,raspberry_pi,AES,CBC,128,1024,ci95_enc,3,0.003379063454702107,0.003379063454702107,0.0,0.0,"raspberry_experience1_20260718.csv, raspberry_experience2_20260718.csv, raspberry_experience3_20260718.csv"
platform_comparison,raspberry_pi,AES,CBC,128,1024,key_avalanche,3,0.4994401041666667,0.4994401041666667,0.0,0.0,"raspberry_experience1_20260718.csv, raspberry_experience2_20260718.csv, raspberry_experience3_20260718.csv"
platform_comparison,raspberry_pi,AES,CBC,128,1024,throughput_dec,3,3.44417667101631,3.44417667101631,0.0,0.0,"raspberry_experience1_20260718.csv, raspberry_experience2_20260718.csv, raspberry_experience3_20260718.csv"
platform_comparison,raspberry_pi,AES,CBC,128,1024,throughput_enc,3,0.34115112022739763,0.34115112022739763,0.0,0.0,"raspberry_experience1_20260718.csv, raspberry_experience2_20260718.csv, raspberry_experience3_20260718.csv"
platform_comparison,raspberry_pi,AES,CBC,128,4096,avalanche,3,0.49989583333333326,0.49989583333333326,0.0,0.0,"raspberry_experience1_20260718.csv, raspberry_experience2_20260718.csv, raspberry_experience3_20260718.csv"
platform_comparison,raspberry_pi,AES,CBC,128,4096,ci95_enc,3,0.004054442492047463,0.004054442492047463,0.0,0.0,"raspberry_experience1_20260718.csv, raspberry_experience2_20260718.csv, raspberry_experience3_20260718.csv"
platform_comparison,raspberry_pi,AES,CBC,128,4096,key_avalanche,3,0.49927083333333333,0.49927083333333333,0.0,0.0,"raspberry_experience1_20260718.csv, raspberry_experience2_20260718.csv, raspberry_experience3_20260718.csv"
platform_comparison,raspberry_pi,AES,CBC,128,4096,throughput_dec,3,4.50256514582542,4.50256514582542,0.0,0.0,"raspberry_experience1_20260718.csv, raspberry_experience2_20260718.csv, raspberry_experience3_20260718.csv"
platform_comparison,raspberry_pi,AES,CBC,128,4096,throughput_enc,3,0.33682914585558305,0.33682914585558305,0.0,0.0,"raspberry_experience1_20260718.csv, raspberry_experience2_20260718.csv, raspberry_experience3_20260718.csv"
platform_comparison,raspberry_pi,AES,CBC,128,16384,avalanche,3,0.5007031249999999,0.5007031249999999,0.0,0.0,"raspberry_experience1_20260718.csv, raspberry_experience2_20260718.csv, raspberry_experience3_20260718.csv"
platform_comparison,raspberry_pi,AES,CBC,128,16384,ci95_enc,3,0.006128385513596329,0.006128385513596329,0.0,0.0,"raspberry_experience1_20260718.csv, raspberry_experience2_20260718.csv, raspberry_experience3_20260718.csv"
platform_comparison,raspberry_pi,AES,CBC,128,16384,key_avalanche,3,0.49921875,0.49921875,0.0,0.0,"raspberry_experience1_20260718.csv, raspberry_experience2_20260718.csv, raspberry_experience3_20260718.csv"
platform_comparison,raspberry_pi,AES,CBC,128,16384,throughput_dec,3,5.648721881156182,5.648721881156182,0.0,0.0,"raspberry_experience1_20260718.csv, raspberry_experience2_20260718.csv, raspberry_experience3_20260718.csv"
platform_comparison,raspberry_pi,AES,CBC,128,16384,throughput_enc,3,0.360119168192843,0.360119168192843,0.0,0.0,"raspberry_experience1_20260718.csv, raspberry_experience2_20260718.csv, raspberry_experience3_20260718.csv"
platform_comparison,raspberry_pi,AES,CBC,192,64,avalanche,3,0.49861979166666665,0.49861979166666665,0.0,0.0,"raspberry_experience1_20260718.csv, raspberry_experience2_20260718.csv, raspberry_experience3_20260718.csv"
platform_comparison,raspberry_pi,AES,CBC,192,64,ci95_enc,3,0.005449420948164681,0.005449420948164681,0.0,0.0,"raspberry_experience1_20260718.csv, raspberry_experience2_20260718.csv, raspberry_experience3_20260718.csv"
platform_comparison,raspberry_pi,AES,CBC,192,64,key_avalanche,3,0.5024609375,0.5024609375,0.0,0.0,"raspberry_experience1_20260718.csv, raspberry_experience2_20260718.csv, raspberry_experience3_20260718.csv"
platform_comparison,raspberry_pi,AES,CBC,192,64,throughput_dec,3,1.0762806382682262,1.0762806382682262,0.0,0.0,"raspberry_experience1_20260718.csv, raspberry_experience2_20260718.csv, raspberry_experience3_20260718.csv"
platform_comparison,raspberry_pi,AES,CBC,192,64,throughput_enc,3,0.27995444925441987,0.27995444925441987,0.0,0.0,"raspberry_experience1_20260718.csv, raspberry_experience2_20260718.csv, raspberry_experience3_20260718.csv"
platform_comparison,raspberry_pi,AES,CBC,192,256,avalanche,3,0.501484375,0.501484375,0.0,0.0,"raspberry_experience1_20260718.csv, raspberry_experience2_20260718.csv, raspberry_experience3_20260718.csv"
platform_comparison,raspberry_pi,AES,CBC,192,256,ci95_enc,3,0.0022561922722860307,0.0022561922722860307,0.0,0.0,"raspberry_experience1_20260718.csv, raspberry_experience2_20260718.csv, raspberry_experience3_20260718.csv"
platform_comparison,raspberry_pi,AES,CBC,192,256,key_avalanche,3,0.49808593749999996,0.49808593749999996,0.0,0.0,"raspberry_experience1_20260718.csv, raspberry_experience2_20260718.csv, raspberry_experience3_20260718.csv"
platform_comparison,raspberry_pi,AES,CBC,192,256,throughput_dec,3,2.745546953287567,2.745546953287567,0.0,0.0,"raspberry_experience1_20260718.csv, raspberry_experience2_20260718.csv, raspberry_experience3_20260718.csv"
platform_comparison,raspberry_pi,AES,CBC,192,256,throughput_enc,3,0.3430606823909466,0.3430606823909466,0.0,0.0,"raspberry_experience1_20260718.csv, raspberry_experience2_20260718.csv, raspberry_experience3_20260718.csv"
platform_comparison,raspberry_pi,AES,CBC,192,1024,avalanche,3,0.4986067708333333,0.4986067708333333,0.0,0.0,"raspberry_experience1_20260718.csv, raspberry_experience2_20260718.csv, raspberry_experience3_20260718.csv"
platform_comparison,raspberry_pi,AES,CBC,192,1024,ci95_enc,3,0.003397082681482744,0.003397082681482744,0.0,0.0,"raspberry_experience1_20260718.csv, raspberry_experience2_20260718.csv, raspberry_experience3_20260718.csv"
platform_comparison,raspberry_pi,AES,CBC,192,1024,key_avalanche,3,0.49937499999999996,0.49937499999999996,0.0,0.0,"raspberry_experience1_20260718.csv, raspberry_experience2_20260718.csv, raspberry_experience3_20260718.csv"
platform_comparison,raspberry_pi,AES,CBC,192,1024,throughput_dec,3,4.174685397725077,4.174685397725077,0.0,0.0,"raspberry_experience1_20260718.csv, raspberry_experience2_20260718.csv, raspberry_experience3_20260718.csv"
platform_comparison,raspberry_pi,AES,CBC,192,1024,throughput_enc,3,0.3624449573282888,0.3624449573282888,0.0,0.0,"raspberry_experience1_20260718.csv, raspberry_experience2_20260718.csv, raspberry_experience3_20260718.csv"
platform_comparison,raspberry_pi,AES,CBC,192,4096,avalanche,3,0.5010026041666666,0.5010026041666666,0.0,0.0,"raspberry_experience1_20260718.csv, raspberry_experience2_20260718.csv, raspberry_experience3_20260718.csv"
platform_comparison,raspberry_pi,AES,CBC,192,4096,ci95_enc,3,0.0013898898866930767,0.0013898898866930767,0.0,0.0,"raspberry_experience1_20260718.csv, raspberry_experience2_20260718.csv, raspberry_experience3_20260718.csv"
platform_comparison,raspberry_pi,AES,CBC,192,4096,key_avalanche,3,0.49983072916666665,0.49983072916666665,0.0,0.0,"raspberry_experience1_20260718.csv, raspberry_experience2_20260718.csv, raspberry_experience3_20260718.csv"
platform_comparison,raspberry_pi,AES,CBC,192,4096,throughput_dec,3,5.080791804379945,5.080791804379945,0.0,0.0,"raspberry_experience1_20260718.csv, raspberry_experience2_20260718.csv, raspberry_experience3_20260718.csv"
platform_comparison,raspberry_pi,AES,CBC,192,4096,throughput_enc,3,0.37334809753899156,0.37334809753899156,0.0,0.0,"raspberry_experience1_20260718.csv, raspberry_experience2_20260718.csv, raspberry_experience3_20260718.csv"
platform_comparison,raspberry_pi,AES,CBC,192,16384,avalanche,3,0.5006380208333333,0.5006380208333333,0.0,0.0,"raspberry_experience1_20260718.csv, raspberry_experience2_20260718.csv, raspberry_experience3_20260718.csv"
platform_comparison,raspberry_pi,AES,CBC,192,16384,ci95_enc,3,0.0004529116557129983,0.0004529116557129983,0.0,0.0,"raspberry_experience1_20260718.csv, raspberry_experience2_20260718.csv, raspberry_experience3_20260718.csv"
platform_comparison,raspberry_pi,AES,CBC,192,16384,key_avalanche,3,0.50015625,0.50015625,0.0,0.0,"raspberry_experience1_20260718.csv, raspberry_experience2_20260718.csv, raspberry_experience3_20260718.csv"
platform_comparison,raspberry_pi,AES,CBC,192,16384,throughput_dec,3,5.590918247630434,5.590918247630434,0.0,0.0,"raspberry_experience1_20260718.csv, raspberry_experience2_20260718.csv, raspberry_experience3_20260718.csv"
platform_comparison,raspberry_pi,AES,CBC,192,16384,throughput_enc,3,0.3793289638482861,0.3793289638482861,0.0,0.0,"raspberry_experience1_20260718.csv, raspberry_experience2_20260718.csv, raspberry_experience3_20260718.csv"
platform_comparison,raspberry_pi,AES,CBC,256,64,avalanche,3,0.4988932291666666,0.4988932291666666,0.0,0.0,"raspberry_experience1_20260718.csv, raspberry_experience2_20260718.csv, raspberry_experience3_20260718.csv"
platform_comparison,raspberry_pi,AES,CBC,256,64,ci95_enc,3,0.004094557532467817,0.004094557532467817,0.0,0.0,"raspberry_experience1_20260718.csv, raspberry_experience2_20260718.csv, raspberry_experience3_20260718.csv"
platform_comparison,raspberry_pi,AES,CBC,256,64,key_avalanche,3,0.5019401041666667,0.5019401041666667,0.0,0.0,"raspberry_experience1_20260718.csv, raspberry_experience2_20260718.csv, raspberry_experience3_20260718.csv"
platform_comparison,raspberry_pi,AES,CBC,256,64,throughput_dec,3,1.0633385869648393,1.0633385869648393,0.0,0.0,"raspberry_experience1_20260718.csv, raspberry_experience2_20260718.csv, raspberry_experience3_20260718.csv"
platform_comparison,raspberry_pi,AES,CBC,256,64,throughput_enc,3,0.27907569917532615,0.27907569917532615,0.0,0.0,"raspberry_experience1_20260718.csv, raspberry_experience2_20260718.csv, raspberry_experience3_20260718.csv"
platform_comparison,raspberry_pi,AES,CBC,256,256,avalanche,3,0.49973958333333335,0.49973958333333335,0.0,0.0,"raspberry_experience1_20260718.csv, raspberry_experience2_20260718.csv, raspberry_experience3_20260718.csv"
platform_comparison,raspberry_pi,AES,CBC,256,256,ci95_enc,3,0.002927472196435107,0.002927472196435107,0.0,0.0,"raspberry_experience1_20260718.csv, raspberry_experience2_20260718.csv, raspberry_experience3_20260718.csv"
platform_comparison,raspberry_pi,AES,CBC,256,256,key_avalanche,3,0.49907552083333334,0.49907552083333334,0.0,0.0,"raspberry_experience1_20260718.csv, raspberry_experience2_20260718.csv, raspberry_experience3_20260718.csv"
platform_comparison,raspberry_pi,AES,CBC,256,256,throughput_dec,3,2.7013498906729656,2.7013498906729656,0.0,0.0,"raspberry_experience1_20260718.csv, raspberry_experience2_20260718.csv, raspberry_experience3_20260718.csv"
platform_comparison,raspberry_pi,AES,CBC,256,256,throughput_enc,3,0.3402105210968156,0.3402105210968156,0.0,0.0,"raspberry_experience1_20260718.csv, raspberry_experience2_20260718.csv, raspberry_experience3_20260718.csv"
platform_comparison,raspberry_pi,AES,CBC,256,1024,avalanche,3,0.50234375,0.50234375,0.0,0.0,"raspberry_experience1_20260718.csv, raspberry_experience2_20260718.csv, raspberry_experience3_20260718.csv"
platform_comparison,raspberry_pi,AES,CBC,256,1024,ci95_enc,3,0.0019677071834168116,0.0019677071834168116,0.0,0.0,"raspberry_experience1_20260718.csv, raspberry_experience2_20260718.csv, raspberry_experience3_20260718.csv"
platform_comparison,raspberry_pi,AES,CBC,256,1024,key_avalanche,3,0.4977734375,0.4977734375,0.0,0.0,"raspberry_experience1_20260718.csv, raspberry_experience2_20260718.csv, raspberry_experience3_20260718.csv"
platform_comparison,raspberry_pi,AES,CBC,256,1024,throughput_dec,3,4.13739051757097,4.13739051757097,0.0,0.0,"raspberry_experience1_20260718.csv, raspberry_experience2_20260718.csv, raspberry_experience3_20260718.csv"
platform_comparison,raspberry_pi,AES,CBC,256,1024,throughput_enc,3,0.361615001099733,0.361615001099733,0.0,0.0,"raspberry_experience1_20260718.csv, raspberry_experience2_20260718.csv, raspberry_experience3_20260718.csv"
platform_comparison,raspberry_pi,AES,CBC,256,4096,avalanche,3,0.4986328125000001,0.4986328125000001,0.0,0.0,"raspberry_experience1_20260718.csv, raspberry_experience2_20260718.csv, raspberry_experience3_20260718.csv"
platform_comparison,raspberry_pi,AES,CBC,256,4096,ci95_enc,3,0.002362813015849883,0.002362813015849883,0.0,0.0,"raspberry_experience1_20260718.csv, raspberry_experience2_20260718.csv, raspberry_experience3_20260718.csv"
platform_comparison,raspberry_pi,AES,CBC,256,4096,key_avalanche,3,0.4955338541666667,0.4955338541666667,0.0,0.0,"raspberry_experience1_20260718.csv, raspberry_experience2_20260718.csv, raspberry_experience3_20260718.csv"
platform_comparison,raspberry_pi,AES,CBC,256,4096,throughput_dec,3,4.536847324706282,4.536847324706282,0.0,0.0,"raspberry_experience1_20260718.csv, raspberry_experience2_20260718.csv, raspberry_experience3_20260718.csv"
platform_comparison,raspberry_pi,AES,CBC,256,4096,throughput_enc,3,0.36343203688585707,0.36343203688585707,0.0,0.0,"raspberry_experience1_20260718.csv, raspberry_experience2_20260718.csv, raspberry_experience3_20260718.csv"
platform_comparison,raspberry_pi,AES,CBC,256,16384,avalanche,3,0.5009895833333333,0.5009895833333333,0.0,0.0,"raspberry_experience1_20260718.csv, raspberry_experience2_20260718.csv, raspberry_experience3_20260718.csv"
platform_comparison,raspberry_pi,AES,CBC,256,16384,ci95_enc,3,0.0019334466763810945,0.0019334466763810945,0.0,0.0,"raspberry_experience1_20260718.csv, raspberry_experience2_20260718.csv, raspberry_experience3_20260718.csv"
platform_comparison,raspberry_pi,AES,CBC,256,16384,key_avalanche,3,0.4998046875,0.4998046875,0.0,0.0,"raspberry_experience1_20260718.csv, raspberry_experience2_20260718.csv, raspberry_experience3_20260718.csv"
platform_comparison,raspberry_pi,AES,CBC,256,16384,throughput_dec,3,5.269468903333305,5.269468903333305,0.0,0.0,"raspberry_experience1_20260718.csv, raspberry_experience2_20260718.csv, raspberry_experience3_20260718.csv"
platform_comparison,raspberry_pi,AES,CBC,256,16384,throughput_enc,3,0.37126656579119494,0.37126656579119494,0.0,0.0,"raspberry_experience1_20260718.csv, raspberry_experience2_20260718.csv, raspberry_experience3_20260718.csv"
platform_comparison,raspberry_pi,AES,CTR,128,64,avalanche,3,0.4994791666666667,0.4994791666666667,0.0,0.0,"raspberry_experience1_20260718.csv, raspberry_experience2_20260718.csv, raspberry_experience3_20260718.csv"
platform_comparison,raspberry_pi,AES,CTR,128,64,ci95_enc,3,0.06911391377988423,0.06911391377988423,0.0,0.0,"raspberry_experience1_20260718.csv, raspberry_experience2_20260718.csv, raspberry_experience3_20260718.csv"
platform_comparison,raspberry_pi,AES,CTR,128,64,key_avalanche,3,0.50171875,0.50171875,0.0,0.0,"raspberry_experience1_20260718.csv, raspberry_experience2_20260718.csv, raspberry_experience3_20260718.csv"
platform_comparison,raspberry_pi,AES,CTR,128,64,throughput_dec,3,0.9277011227370936,0.9277011227370936,0.0,0.0,"raspberry_experience1_20260718.csv, raspberry_experience2_20260718.csv, raspberry_experience3_20260718.csv"
platform_comparison,raspberry_pi,AES,CTR,128,64,throughput_enc,3,0.8881865603498721,0.8881865603498721,0.0,0.0,"raspberry_experience1_20260718.csv, raspberry_experience2_20260718.csv, raspberry_experience3_20260718.csv"
platform_comparison,raspberry_pi,AES,CTR,128,256,avalanche,3,0.5001041666666667,0.5001041666666667,0.0,0.0,"raspberry_experience1_20260718.csv, raspberry_experience2_20260718.csv, raspberry_experience3_20260718.csv"
platform_comparison,raspberry_pi,AES,CTR,128,256,ci95_enc,3,0.12386494090700746,0.12386494090700746,0.0,0.0,"raspberry_experience1_20260718.csv, raspberry_experience2_20260718.csv, raspberry_experience3_20260718.csv"
platform_comparison,raspberry_pi,AES,CTR,128,256,key_avalanche,3,0.4988932291666666,0.4988932291666666,0.0,0.0,"raspberry_experience1_20260718.csv, raspberry_experience2_20260718.csv, raspberry_experience3_20260718.csv"
platform_comparison,raspberry_pi,AES,CTR,128,256,throughput_dec,3,1.9468806239340488,1.9468806239340488,0.0,0.0,"raspberry_experience1_20260718.csv, raspberry_experience2_20260718.csv, raspberry_experience3_20260718.csv"
platform_comparison,raspberry_pi,AES,CTR,128,256,throughput_enc,3,1.959307367545067,1.959307367545067,0.0,0.0,"raspberry_experience1_20260718.csv, raspberry_experience2_20260718.csv, raspberry_experience3_20260718.csv"
platform_comparison,raspberry_pi,AES,CTR,128,1024,avalanche,3,0.4973958333333333,0.4973958333333333,0.0,0.0,"raspberry_experience1_20260718.csv, raspberry_experience2_20260718.csv, raspberry_experience3_20260718.csv"
platform_comparison,raspberry_pi,AES,CTR,128,1024,ci95_enc,3,0.25916885083094626,0.25916885083094626,0.0,0.0,"raspberry_experience1_20260718.csv, raspberry_experience2_20260718.csv, raspberry_experience3_20260718.csv"
platform_comparison,raspberry_pi,AES,CTR,128,1024,key_avalanche,3,0.49920572916666667,0.49920572916666667,0.0,0.0,"raspberry_experience1_20260718.csv, raspberry_experience2_20260718.csv, raspberry_experience3_20260718.csv"
platform_comparison,raspberry_pi,AES,CTR,128,1024,throughput_dec,3,2.6937451878993453,2.6937451878993453,0.0,0.0,"raspberry_experience1_20260718.csv, raspberry_experience2_20260718.csv, raspberry_experience3_20260718.csv"
platform_comparison,raspberry_pi,AES,CTR,128,1024,throughput_enc,3,2.789468826570116,2.789468826570116,0.0,0.0,"raspberry_experience1_20260718.csv, raspberry_experience2_20260718.csv, raspberry_experience3_20260718.csv"
platform_comparison,raspberry_pi,AES,CTR,128,4096,avalanche,3,0.5021484375,0.5021484375,0.0,0.0,"raspberry_experience1_20260718.csv, raspberry_experience2_20260718.csv, raspberry_experience3_20260718.csv"
platform_comparison,raspberry_pi,AES,CTR,128,4096,ci95_enc,3,0.06878382057013653,0.06878382057013653,0.0,0.0,"raspberry_experience1_20260718.csv, raspberry_experience2_20260718.csv, raspberry_experience3_20260718.csv"
platform_comparison,raspberry_pi,AES,CTR,128,4096,key_avalanche,3,0.5009635416666667,0.5009635416666667,0.0,0.0,"raspberry_experience1_20260718.csv, raspberry_experience2_20260718.csv, raspberry_experience3_20260718.csv"
platform_comparison,raspberry_pi,AES,CTR,128,4096,throughput_dec,3,3.7728368474682754,3.7728368474682754,0.0,0.0,"raspberry_experience1_20260718.csv, raspberry_experience2_20260718.csv, raspberry_experience3_20260718.csv"
platform_comparison,raspberry_pi,AES,CTR,128,4096,throughput_enc,3,3.7757093859622834,3.7757093859622834,0.0,0.0,"raspberry_experience1_20260718.csv, raspberry_experience2_20260718.csv, raspberry_experience3_20260718.csv"
platform_comparison,raspberry_pi,AES,CTR,128,16384,avalanche,3,0.4982421875,0.4982421875,0.0,0.0,"raspberry_experience1_20260718.csv, raspberry_experience2_20260718.csv, raspberry_experience3_20260718.csv"
platform_comparison,raspberry_pi,AES,CTR,128,16384,ci95_enc,3,0.02954896934856158,0.02954896934856158,0.0,0.0,"raspberry_experience1_20260718.csv, raspberry_experience2_20260718.csv, raspberry_experience3_20260718.csv"
platform_comparison,raspberry_pi,AES,CTR,128,16384,key_avalanche,3,0.501640625,0.501640625,0.0,0.0,"raspberry_experience1_20260718.csv, raspberry_experience2_20260718.csv, raspberry_experience3_20260718.csv"
platform_comparison,raspberry_pi,AES,CTR,128,16384,throughput_dec,3,4.141744248279715,4.141744248279715,0.0,0.0,"raspberry_experience1_20260718.csv, raspberry_experience2_20260718.csv, raspberry_experience3_20260718.csv"
platform_comparison,raspberry_pi,AES,CTR,128,16384,throughput_enc,3,4.089123390731354,4.089123390731354,0.0,0.0,"raspberry_experience1_20260718.csv, raspberry_experience2_20260718.csv, raspberry_experience3_20260718.csv"
platform_comparison,raspberry_pi,AES,CTR,192,64,avalanche,3,0.503046875,0.503046875,0.0,0.0,"raspberry_experience1_20260718.csv, raspberry_experience2_20260718.csv, raspberry_experience3_20260718.csv"
platform_comparison,raspberry_pi,AES,CTR,192,64,ci95_enc,3,0.042302101088599324,0.042302101088599324,0.0,0.0,"raspberry_experience1_20260718.csv, raspberry_experience2_20260718.csv, raspberry_experience3_20260718.csv"
platform_comparison,raspberry_pi,AES,CTR,192,64,key_avalanche,3,0.49977864583333337,0.49977864583333337,0.0,0.0,"raspberry_experience1_20260718.csv, raspberry_experience2_20260718.csv, raspberry_experience3_20260718.csv"
platform_comparison,raspberry_pi,AES,CTR,192,64,throughput_dec,3,0.9467048964105805,0.9467048964105805,0.0,0.0,"raspberry_experience1_20260718.csv, raspberry_experience2_20260718.csv, raspberry_experience3_20260718.csv"
platform_comparison,raspberry_pi,AES,CTR,192,64,throughput_enc,3,0.9546702475580459,0.9546702475580459,0.0,0.0,"raspberry_experience1_20260718.csv, raspberry_experience2_20260718.csv, raspberry_experience3_20260718.csv"
platform_comparison,raspberry_pi,AES,CTR,192,256,avalanche,3,0.49904947916666664,0.49904947916666664,0.0,0.0,"raspberry_experience1_20260718.csv, raspberry_experience2_20260718.csv, raspberry_experience3_20260718.csv"
platform_comparison,raspberry_pi,AES,CTR,192,256,ci95_enc,3,0.10571081777723718,0.10571081777723718,0.0,0.0,"raspberry_experience1_20260718.csv, raspberry_experience2_20260718.csv, raspberry_experience3_20260718.csv"
platform_comparison,raspberry_pi,AES,CTR,192,256,key_avalanche,3,0.5011848958333333,0.5011848958333333,0.0,0.0,"raspberry_experience1_20260718.csv, raspberry_experience2_20260718.csv, raspberry_experience3_20260718.csv"
platform_comparison,raspberry_pi,AES,CTR,192,256,throughput_dec,3,2.111013038308259,2.111013038308259,0.0,0.0,"raspberry_experience1_20260718.csv, raspberry_experience2_20260718.csv, raspberry_experience3_20260718.csv"
platform_comparison,raspberry_pi,AES,CTR,192,256,throughput_enc,3,2.071142147979659,2.071142147979659,0.0,0.0,"raspberry_experience1_20260718.csv, raspberry_experience2_20260718.csv, raspberry_experience3_20260718.csv"
platform_comparison,raspberry_pi,AES,CTR,192,1024,avalanche,3,0.5012369791666668,0.5012369791666668,0.0,0.0,"raspberry_experience1_20260718.csv, raspberry_experience2_20260718.csv, raspberry_experience3_20260718.csv"
platform_comparison,raspberry_pi,AES,CTR,192,1024,ci95_enc,3,0.07519598912841254,0.07519598912841254,0.0,0.0,"raspberry_experience1_20260718.csv, raspberry_experience2_20260718.csv, raspberry_experience3_20260718.csv"
platform_comparison,raspberry_pi,AES,CTR,192,1024,key_avalanche,3,0.5005729166666666,0.5005729166666666,0.0,0.0,"raspberry_experience1_20260718.csv, raspberry_experience2_20260718.csv, raspberry_experience3_20260718.csv"
platform_comparison,raspberry_pi,AES,CTR,192,1024,throughput_dec,3,3.215810155119225,3.215810155119225,0.0,0.0,"raspberry_experience1_20260718.csv, raspberry_experience2_20260718.csv, raspberry_experience3_20260718.csv"
platform_comparison,raspberry_pi,AES,CTR,192,1024,throughput_enc,3,3.231759728196287,3.231759728196287,0.0,0.0,"raspberry_experience1_20260718.csv, raspberry_experience2_20260718.csv, raspberry_experience3_20260718.csv"
platform_comparison,raspberry_pi,AES,CTR,192,4096,avalanche,3,0.49966145833333336,0.49966145833333336,0.0,0.0,"raspberry_experience1_20260718.csv, raspberry_experience2_20260718.csv, raspberry_experience3_20260718.csv"
platform_comparison,raspberry_pi,AES,CTR,192,4096,ci95_enc,3,0.08599079404172509,0.08599079404172509,0.0,0.0,"raspberry_experience1_20260718.csv, raspberry_experience2_20260718.csv, raspberry_experience3_20260718.csv"
platform_comparison,raspberry_pi,AES,CTR,192,4096,key_avalanche,3,0.49890625000000005,0.49890625000000005,0.0,0.0,"raspberry_experience1_20260718.csv, raspberry_experience2_20260718.csv, raspberry_experience3_20260718.csv"
platform_comparison,raspberry_pi,AES,CTR,192,4096,throughput_dec,3,3.3809985358877683,3.3809985358877683,0.0,0.0,"raspberry_experience1_20260718.csv, raspberry_experience2_20260718.csv, raspberry_experience3_20260718.csv"
platform_comparison,raspberry_pi,AES,CTR,192,4096,throughput_enc,3,3.3992058527936284,3.3992058527936284,0.0,0.0,"raspberry_experience1_20260718.csv, raspberry_experience2_20260718.csv, raspberry_experience3_20260718.csv"
platform_comparison,raspberry_pi,AES,CTR,192,16384,avalanche,3,0.4985677083333333,0.4985677083333333,0.0,0.0,"raspberry_experience1_20260718.csv, raspberry_experience2_20260718.csv, raspberry_experience3_20260718.csv"
platform_comparison,raspberry_pi,AES,CTR,192,16384,ci95_enc,3,0.05802138440468319,0.05802138440468319,0.0,0.0,"raspberry_experience1_20260718.csv, raspberry_experience2_20260718.csv, raspberry_experience3_20260718.csv"
platform_comparison,raspberry_pi,AES,CTR,192,16384,key_avalanche,3,0.4993880208333334,0.4993880208333334,0.0,0.0,"raspberry_experience1_20260718.csv, raspberry_experience2_20260718.csv, raspberry_experience3_20260718.csv"
platform_comparison,raspberry_pi,AES,CTR,192,16384,throughput_dec,3,3.8733299818051883,3.8733299818051883,0.0,0.0,"raspberry_experience1_20260718.csv, raspberry_experience2_20260718.csv, raspberry_experience3_20260718.csv"
platform_comparison,raspberry_pi,AES,CTR,192,16384,throughput_enc,3,3.8121431285091307,3.8121431285091307,0.0,0.0,"raspberry_experience1_20260718.csv, raspberry_experience2_20260718.csv, raspberry_experience3_20260718.csv"
platform_comparison,raspberry_pi,AES,CTR,256,64,avalanche,3,0.49796875000000007,0.49796875000000007,0.0,0.0,"raspberry_experience1_20260718.csv, raspberry_experience2_20260718.csv, raspberry_experience3_20260718.csv"
platform_comparison,raspberry_pi,AES,CTR,256,64,ci95_enc,3,0.059326150271845825,0.059326150271845825,0.0,0.0,"raspberry_experience1_20260718.csv, raspberry_experience2_20260718.csv, raspberry_experience3_20260718.csv"
platform_comparison,raspberry_pi,AES,CTR,256,64,key_avalanche,3,0.5003776041666667,0.5003776041666667,0.0,0.0,"raspberry_experience1_20260718.csv, raspberry_experience2_20260718.csv, raspberry_experience3_20260718.csv"
platform_comparison,raspberry_pi,AES,CTR,256,64,throughput_dec,3,0.8938390376575822,0.8938390376575822,0.0,0.0,"raspberry_experience1_20260718.csv, raspberry_experience2_20260718.csv, raspberry_experience3_20260718.csv"
platform_comparison,raspberry_pi,AES,CTR,256,64,throughput_enc,3,0.9170134156854374,0.9170134156854374,0.0,0.0,"raspberry_experience1_20260718.csv, raspberry_experience2_20260718.csv, raspberry_experience3_20260718.csv"
platform_comparison,raspberry_pi,AES,CTR,256,256,avalanche,3,0.49734375,0.49734375,0.0,0.0,"raspberry_experience1_20260718.csv, raspberry_experience2_20260718.csv, raspberry_experience3_20260718.csv"
platform_comparison,raspberry_pi,AES,CTR,256,256,ci95_enc,3,0.1040075152967281,0.1040075152967281,0.0,0.0,"raspberry_experience1_20260718.csv, raspberry_experience2_20260718.csv, raspberry_experience3_20260718.csv"
platform_comparison,raspberry_pi,AES,CTR,256,256,key_avalanche,3,0.49997395833333336,0.49997395833333336,0.0,0.0,"raspberry_experience1_20260718.csv, raspberry_experience2_20260718.csv, raspberry_experience3_20260718.csv"
platform_comparison,raspberry_pi,AES,CTR,256,256,throughput_dec,3,2.0995887427401576,2.0995887427401576,0.0,0.0,"raspberry_experience1_20260718.csv, raspberry_experience2_20260718.csv, raspberry_experience3_20260718.csv"
platform_comparison,raspberry_pi,AES,CTR,256,256,throughput_enc,3,1.944777713970586,1.944777713970586,0.0,0.0,"raspberry_experience1_20260718.csv, raspberry_experience2_20260718.csv, raspberry_experience3_20260718.csv"
platform_comparison,raspberry_pi,AES,CTR,256,1024,avalanche,3,0.4990625,0.4990625,0.0,0.0,"raspberry_experience1_20260718.csv, raspberry_experience2_20260718.csv, raspberry_experience3_20260718.csv"
platform_comparison,raspberry_pi,AES,CTR,256,1024,ci95_enc,3,0.07977141012549675,0.07977141012549675,0.0,0.0,"raspberry_experience1_20260718.csv, raspberry_experience2_20260718.csv, raspberry_experience3_20260718.csv"
platform_comparison,raspberry_pi,AES,CTR,256,1024,key_avalanche,3,0.5002734375,0.5002734375,0.0,0.0,"raspberry_experience1_20260718.csv, raspberry_experience2_20260718.csv, raspberry_experience3_20260718.csv"
platform_comparison,raspberry_pi,AES,CTR,256,1024,throughput_dec,3,2.7337272299093196,2.7337272299093196,0.0,0.0,"raspberry_experience1_20260718.csv, raspberry_experience2_20260718.csv, raspberry_experience3_20260718.csv"
platform_comparison,raspberry_pi,AES,CTR,256,1024,throughput_enc,3,2.7365340977823753,2.7365340977823753,0.0,0.0,"raspberry_experience1_20260718.csv, raspberry_experience2_20260718.csv, raspberry_experience3_20260718.csv"
platform_comparison,raspberry_pi,AES,CTR,256,4096,avalanche,3,0.5010677083333334,0.5010677083333334,0.0,0.0,"raspberry_experience1_20260718.csv, raspberry_experience2_20260718.csv, raspberry_experience3_20260718.csv"
platform_comparison,raspberry_pi,AES,CTR,256,4096,ci95_enc,3,0.05854900951435497,0.05854900951435497,0.0,0.0,"raspberry_experience1_20260718.csv, raspberry_experience2_20260718.csv, raspberry_experience3_20260718.csv"
platform_comparison,raspberry_pi,AES,CTR,256,4096,key_avalanche,3,0.5019531249999999,0.5019531249999999,0.0,0.0,"raspberry_experience1_20260718.csv, raspberry_experience2_20260718.csv, raspberry_experience3_20260718.csv"
platform_comparison,raspberry_pi,AES,CTR,256,4096,throughput_dec,3,3.428096827859735,3.428096827859735,0.0,0.0,"raspberry_experience1_20260718.csv, raspberry_experience2_20260718.csv, raspberry_experience3_20260718.csv"
platform_comparison,raspberry_pi,AES,CTR,256,4096,throughput_enc,3,3.394220318112291,3.394220318112291,0.0,0.0,"raspberry_experience1_20260718.csv, raspberry_experience2_20260718.csv, raspberry_experience3_20260718.csv"
platform_comparison,raspberry_pi,AES,CTR,256,16384,avalanche,3,0.5012630208333334,0.5012630208333334,0.0,0.0,"raspberry_experience1_20260718.csv, raspberry_experience2_20260718.csv, raspberry_experience3_20260718.csv"
platform_comparison,raspberry_pi,AES,CTR,256,16384,ci95_enc,3,0.048433307041852086,0.048433307041852086,0.0,0.0,"raspberry_experience1_20260718.csv, raspberry_experience2_20260718.csv, raspberry_experience3_20260718.csv"
platform_comparison,raspberry_pi,AES,CTR,256,16384,key_avalanche,3,0.4995442708333333,0.4995442708333333,0.0,0.0,"raspberry_experience1_20260718.csv, raspberry_experience2_20260718.csv, raspberry_experience3_20260718.csv"
platform_comparison,raspberry_pi,AES,CTR,256,16384,throughput_dec,3,3.8699392051221886,3.8699392051221886,0.0,0.0,"raspberry_experience1_20260718.csv, raspberry_experience2_20260718.csv, raspberry_experience3_20260718.csv"
platform_comparison,raspberry_pi,AES,CTR,256,16384,throughput_enc,3,3.8096691116404706,3.8096691116404706,0.0,0.0,"raspberry_experience1_20260718.csv, raspberry_experience2_20260718.csv, raspberry_experience3_20260718.csv"
platform_comparison,raspberry_pi,AES,ECB,128,64,avalanche,3,0.4975911458333333,0.4975911458333333,0.0,0.0,"raspberry_experience1_20260718.csv, raspberry_experience2_20260718.csv, raspberry_experience3_20260718.csv"
platform_comparison,raspberry_pi,AES,ECB,128,64,ci95_enc,3,0.6298310886184025,0.6298310886184025,0.0,0.0,"raspberry_experience1_20260718.csv, raspberry_experience2_20260718.csv, raspberry_experience3_20260718.csv"
platform_comparison,raspberry_pi,AES,ECB,128,64,key_avalanche,3,0.4970833333333333,0.4970833333333333,0.0,0.0,"raspberry_experience1_20260718.csv, raspberry_experience2_20260718.csv, raspberry_experience3_20260718.csv"
platform_comparison,raspberry_pi,AES,ECB,128,64,throughput_dec,3,1.5173073977304068,1.5173073977304068,0.0,0.0,"raspberry_experience1_20260718.csv, raspberry_experience2_20260718.csv, raspberry_experience3_20260718.csv"
platform_comparison,raspberry_pi,AES,ECB,128,64,throughput_enc,3,0.902432902042273,0.902432902042273,0.0,0.0,"raspberry_experience1_20260718.csv, raspberry_experience2_20260718.csv, raspberry_experience3_20260718.csv"
platform_comparison,raspberry_pi,AES,ECB,128,256,avalanche,3,0.5018359375,0.5018359375,0.0,0.0,"raspberry_experience1_20260718.csv, raspberry_experience2_20260718.csv, raspberry_experience3_20260718.csv"
platform_comparison,raspberry_pi,AES,ECB,128,256,ci95_enc,3,0.5831108782946949,0.5831108782946949,0.0,0.0,"raspberry_experience1_20260718.csv, raspberry_experience2_20260718.csv, raspberry_experience3_20260718.csv"
platform_comparison,raspberry_pi,AES,ECB,128,256,key_avalanche,3,0.497578125,0.497578125,0.0,0.0,"raspberry_experience1_20260718.csv, raspberry_experience2_20260718.csv, raspberry_experience3_20260718.csv"
platform_comparison,raspberry_pi,AES,ECB,128,256,throughput_dec,3,6.066775294932953,6.066775294932953,0.0,0.0,"raspberry_experience1_20260718.csv, raspberry_experience2_20260718.csv, raspberry_experience3_20260718.csv"
platform_comparison,raspberry_pi,AES,ECB,128,256,throughput_enc,3,4.772972568406112,4.772972568406112,0.0,0.0,"raspberry_experience1_20260718.csv, raspberry_experience2_20260718.csv, raspberry_experience3_20260718.csv"
platform_comparison,raspberry_pi,AES,ECB,128,1024,avalanche,3,0.4996875,0.4996875,0.0,0.0,"raspberry_experience1_20260718.csv, raspberry_experience2_20260718.csv, raspberry_experience3_20260718.csv"
platform_comparison,raspberry_pi,AES,ECB,128,1024,ci95_enc,3,1.243308124993978,1.243308124993978,0.0,0.0,"raspberry_experience1_20260718.csv, raspberry_experience2_20260718.csv, raspberry_experience3_20260718.csv"
platform_comparison,raspberry_pi,AES,ECB,128,1024,key_avalanche,3,0.4976302083333333,0.4976302083333333,0.0,0.0,"raspberry_experience1_20260718.csv, raspberry_experience2_20260718.csv, raspberry_experience3_20260718.csv"
platform_comparison,raspberry_pi,AES,ECB,128,1024,throughput_dec,3,18.371670360756653,18.371670360756653,0.0,0.0,"raspberry_experience1_20260718.csv, raspberry_experience2_20260718.csv, raspberry_experience3_20260718.csv"
platform_comparison,raspberry_pi,AES,ECB,128,1024,throughput_enc,3,17.610373653444935,17.610373653444935,0.0,0.0,"raspberry_experience1_20260718.csv, raspberry_experience2_20260718.csv, raspberry_experience3_20260718.csv"
platform_comparison,raspberry_pi,AES,ECB,128,4096,avalanche,3,0.4974869791666667,0.4974869791666667,0.0,0.0,"raspberry_experience1_20260718.csv, raspberry_experience2_20260718.csv, raspberry_experience3_20260718.csv"
platform_comparison,raspberry_pi,AES,ECB,128,4096,ci95_enc,3,3.3123216386316336,3.3123216386316336,0.0,0.0,"raspberry_experience1_20260718.csv, raspberry_experience2_20260718.csv, raspberry_experience3_20260718.csv"
platform_comparison,raspberry_pi,AES,ECB,128,4096,key_avalanche,3,0.4991015625,0.4991015625,0.0,0.0,"raspberry_experience1_20260718.csv, raspberry_experience2_20260718.csv, raspberry_experience3_20260718.csv"
platform_comparison,raspberry_pi,AES,ECB,128,4096,throughput_dec,3,44.34365163251965,44.34365163251965,0.0,0.0,"raspberry_experience1_20260718.csv, raspberry_experience2_20260718.csv, raspberry_experience3_20260718.csv"
platform_comparison,raspberry_pi,AES,ECB,128,4096,throughput_enc,3,36.789659616131665,36.789659616131665,0.0,0.0,"raspberry_experience1_20260718.csv, raspberry_experience2_20260718.csv, raspberry_experience3_20260718.csv"
platform_comparison,raspberry_pi,AES,ECB,128,16384,avalanche,3,0.5013151041666667,0.5013151041666667,0.0,0.0,"raspberry_experience1_20260718.csv, raspberry_experience2_20260718.csv, raspberry_experience3_20260718.csv"
platform_comparison,raspberry_pi,AES,ECB,128,16384,ci95_enc,3,1.8606413648915066,1.8606413648915066,0.0,0.0,"raspberry_experience1_20260718.csv, raspberry_experience2_20260718.csv, raspberry_experience3_20260718.csv"
platform_comparison,raspberry_pi,AES,ECB,128,16384,key_avalanche,3,0.4998567708333333,0.4998567708333333,0.0,0.0,"raspberry_experience1_20260718.csv, raspberry_experience2_20260718.csv, raspberry_experience3_20260718.csv"
platform_comparison,raspberry_pi,AES,ECB,128,16384,throughput_dec,3,67.48177742810725,67.48177742810725,0.0,0.0,"raspberry_experience1_20260718.csv, raspberry_experience2_20260718.csv, raspberry_experience3_20260718.csv"
platform_comparison,raspberry_pi,AES,ECB,128,16384,throughput_enc,3,53.94723447693442,53.94723447693442,0.0,0.0,"raspberry_experience1_20260718.csv, raspberry_experience2_20260718.csv, raspberry_experience3_20260718.csv"
platform_comparison,raspberry_pi,AES,ECB,192,64,avalanche,3,0.500390625,0.500390625,0.0,0.0,"raspberry_experience1_20260718.csv, raspberry_experience2_20260718.csv, raspberry_experience3_20260718.csv"
platform_comparison,raspberry_pi,AES,ECB,192,64,ci95_enc,3,0.09053419707327638,0.09053419707327638,0.0,0.0,"raspberry_experience1_20260718.csv, raspberry_experience2_20260718.csv, raspberry_experience3_20260718.csv"
platform_comparison,raspberry_pi,AES,ECB,192,64,key_avalanche,3,0.5004817708333333,0.5004817708333333,0.0,0.0,"raspberry_experience1_20260718.csv, raspberry_experience2_20260718.csv, raspberry_experience3_20260718.csv"
platform_comparison,raspberry_pi,AES,ECB,192,64,throughput_dec,3,1.5841637185764927,1.5841637185764927,0.0,0.0,"raspberry_experience1_20260718.csv, raspberry_experience2_20260718.csv, raspberry_experience3_20260718.csv"
platform_comparison,raspberry_pi,AES,ECB,192,64,throughput_enc,3,1.4793389825955738,1.4793389825955738,0.0,0.0,"raspberry_experience1_20260718.csv, raspberry_experience2_20260718.csv, raspberry_experience3_20260718.csv"
platform_comparison,raspberry_pi,AES,ECB,192,256,avalanche,3,0.5006640625,0.5006640625,0.0,0.0,"raspberry_experience1_20260718.csv, raspberry_experience2_20260718.csv, raspberry_experience3_20260718.csv"
platform_comparison,raspberry_pi,AES,ECB,192,256,ci95_enc,3,0.3447102830947238,0.3447102830947238,0.0,0.0,"raspberry_experience1_20260718.csv, raspberry_experience2_20260718.csv, raspberry_experience3_20260718.csv"
platform_comparison,raspberry_pi,AES,ECB,192,256,key_avalanche,3,0.5005078125,0.5005078125,0.0,0.0,"raspberry_experience1_20260718.csv, raspberry_experience2_20260718.csv, raspberry_experience3_20260718.csv"
platform_comparison,raspberry_pi,AES,ECB,192,256,throughput_dec,3,5.981507939346659,5.981507939346659,0.0,0.0,"raspberry_experience1_20260718.csv, raspberry_experience2_20260718.csv, raspberry_experience3_20260718.csv"
platform_comparison,raspberry_pi,AES,ECB,192,256,throughput_enc,3,5.533803285240811,5.533803285240811,0.0,0.0,"raspberry_experience1_20260718.csv, raspberry_experience2_20260718.csv, raspberry_experience3_20260718.csv"
platform_comparison,raspberry_pi,AES,ECB,192,1024,avalanche,3,0.5011067708333333,0.5011067708333333,0.0,0.0,"raspberry_experience1_20260718.csv, raspberry_experience2_20260718.csv, raspberry_experience3_20260718.csv"
platform_comparison,raspberry_pi,AES,ECB,192,1024,ci95_enc,3,0.8687110838155196,0.8687110838155196,0.0,0.0,"raspberry_experience1_20260718.csv, raspberry_experience2_20260718.csv, raspberry_experience3_20260718.csv"
platform_comparison,raspberry_pi,AES,ECB,192,1024,key_avalanche,3,0.5002083333333334,0.5002083333333334,0.0,0.0,"raspberry_experience1_20260718.csv, raspberry_experience2_20260718.csv, raspberry_experience3_20260718.csv"
platform_comparison,raspberry_pi,AES,ECB,192,1024,throughput_dec,3,18.30148752799636,18.30148752799636,0.0,0.0,"raspberry_experience1_20260718.csv, raspberry_experience2_20260718.csv, raspberry_experience3_20260718.csv"
platform_comparison,raspberry_pi,AES,ECB,192,1024,throughput_enc,3,17.964150746407768,17.964150746407768,0.0,0.0,"raspberry_experience1_20260718.csv, raspberry_experience2_20260718.csv, raspberry_experience3_20260718.csv"
platform_comparison,raspberry_pi,AES,ECB,192,4096,avalanche,3,0.49880208333333337,0.49880208333333337,0.0,0.0,"raspberry_experience1_20260718.csv, raspberry_experience2_20260718.csv, raspberry_experience3_20260718.csv"
platform_comparison,raspberry_pi,AES,ECB,192,4096,ci95_enc,3,1.4082566799812382,1.4082566799812382,0.0,0.0,"raspberry_experience1_20260718.csv, raspberry_experience2_20260718.csv, raspberry_experience3_20260718.csv"
platform_comparison,raspberry_pi,AES,ECB,192,4096,key_avalanche,3,0.4972005208333334,0.4972005208333334,0.0,0.0,"raspberry_experience1_20260718.csv, raspberry_experience2_20260718.csv, raspberry_experience3_20260718.csv"
platform_comparison,raspberry_pi,AES,ECB,192,4096,throughput_dec,3,42.0948646537193,42.0948646537193,0.0,0.0,"raspberry_experience1_20260718.csv, raspberry_experience2_20260718.csv, raspberry_experience3_20260718.csv"
platform_comparison,raspberry_pi,AES,ECB,192,4096,throughput_enc,3,36.43754427272966,36.43754427272966,0.0,0.0,"raspberry_experience1_20260718.csv, raspberry_experience2_20260718.csv, raspberry_experience3_20260718.csv"
platform_comparison,raspberry_pi,AES,ECB,192,16384,avalanche,3,0.5036718749999999,0.5036718749999999,0.0,0.0,"raspberry_experience1_20260718.csv, raspberry_experience2_20260718.csv, raspberry_experience3_20260718.csv"
platform_comparison,raspberry_pi,AES,ECB,192,16384,ci95_enc,3,1.4491834345968018,1.4491834345968018,0.0,0.0,"raspberry_experience1_20260718.csv, raspberry_experience2_20260718.csv, raspberry_experience3_20260718.csv"
platform_comparison,raspberry_pi,AES,ECB,192,16384,key_avalanche,3,0.5007812500000001,0.5007812500000001,0.0,0.0,"raspberry_experience1_20260718.csv, raspberry_experience2_20260718.csv, raspberry_experience3_20260718.csv"
platform_comparison,raspberry_pi,AES,ECB,192,16384,throughput_dec,3,55.48409722352901,55.48409722352901,0.0,0.0,"raspberry_experience1_20260718.csv, raspberry_experience2_20260718.csv, raspberry_experience3_20260718.csv"
platform_comparison,raspberry_pi,AES,ECB,192,16384,throughput_enc,3,48.206883858380365,48.206883858380365,0.0,0.0,"raspberry_experience1_20260718.csv, raspberry_experience2_20260718.csv, raspberry_experience3_20260718.csv"
platform_comparison,raspberry_pi,AES,ECB,256,64,avalanche,3,0.5007161458333332,0.5007161458333332,0.0,0.0,"raspberry_experience1_20260718.csv, raspberry_experience2_20260718.csv, raspberry_experience3_20260718.csv"
platform_comparison,raspberry_pi,AES,ECB,256,64,ci95_enc,3,0.10486426507157913,0.10486426507157913,0.0,0.0,"raspberry_experience1_20260718.csv, raspberry_experience2_20260718.csv, raspberry_experience3_20260718.csv"
platform_comparison,raspberry_pi,AES,ECB,256,64,key_avalanche,3,0.50109375,0.50109375,0.0,0.0,"raspberry_experience1_20260718.csv, raspberry_experience2_20260718.csv, raspberry_experience3_20260718.csv"
platform_comparison,raspberry_pi,AES,ECB,256,64,throughput_dec,3,1.530890003649566,1.530890003649566,0.0,0.0,"raspberry_experience1_20260718.csv, raspberry_experience2_20260718.csv, raspberry_experience3_20260718.csv"
platform_comparison,raspberry_pi,AES,ECB,256,64,throughput_enc,3,1.489314224180769,1.489314224180769,0.0,0.0,"raspberry_experience1_20260718.csv, raspberry_experience2_20260718.csv, raspberry_experience3_20260718.csv"
platform_comparison,raspberry_pi,AES,ECB,256,256,avalanche,3,0.49833333333333335,0.49833333333333335,0.0,0.0,"raspberry_experience1_20260718.csv, raspberry_experience2_20260718.csv, raspberry_experience3_20260718.csv"
platform_comparison,raspberry_pi,AES,ECB,256,256,ci95_enc,3,0.3290885030997166,0.3290885030997166,0.0,0.0,"raspberry_experience1_20260718.csv, raspberry_experience2_20260718.csv, raspberry_experience3_20260718.csv"
platform_comparison,raspberry_pi,AES,ECB,256,256,key_avalanche,3,0.49828125,0.49828125,0.0,0.0,"raspberry_experience1_20260718.csv, raspberry_experience2_20260718.csv, raspberry_experience3_20260718.csv"
platform_comparison,raspberry_pi,AES,ECB,256,256,throughput_dec,3,5.815310049376848,5.815310049376848,0.0,0.0,"raspberry_experience1_20260718.csv, raspberry_experience2_20260718.csv, raspberry_experience3_20260718.csv"
platform_comparison,raspberry_pi,AES,ECB,256,256,throughput_enc,3,5.655761815462068,5.655761815462068,0.0,0.0,"raspberry_experience1_20260718.csv, raspberry_experience2_20260718.csv, raspberry_experience3_20260718.csv"
platform_comparison,raspberry_pi,AES,ECB,256,1024,avalanche,3,0.49828124999999995,0.49828124999999995,0.0,0.0,"raspberry_experience1_20260718.csv, raspberry_experience2_20260718.csv, raspberry_experience3_20260718.csv"
platform_comparison,raspberry_pi,AES,ECB,256,1024,ci95_enc,3,0.3966057148153106,0.3966057148153106,0.0,0.0,"raspberry_experience1_20260718.csv, raspberry_experience2_20260718.csv, raspberry_experience3_20260718.csv"
platform_comparison,raspberry_pi,AES,ECB,256,1024,key_avalanche,3,0.5022786458333334,0.5022786458333334,0.0,0.0,"raspberry_experience1_20260718.csv, raspberry_experience2_20260718.csv, raspberry_experience3_20260718.csv"
platform_comparison,raspberry_pi,AES,ECB,256,1024,throughput_dec,3,17.80691630761879,17.80691630761879,0.0,0.0,"raspberry_experience1_20260718.csv, raspberry_experience2_20260718.csv, raspberry_experience3_20260718.csv"
platform_comparison,raspberry_pi,AES,ECB,256,1024,throughput_enc,3,17.90533319955747,17.90533319955747,0.0,0.0,"raspberry_experience1_20260718.csv, raspberry_experience2_20260718.csv, raspberry_experience3_20260718.csv"
platform_comparison,raspberry_pi,AES,ECB,256,4096,avalanche,3,0.5016015625,0.5016015625,0.0,0.0,"raspberry_experience1_20260718.csv, raspberry_experience2_20260718.csv, raspberry_experience3_20260718.csv"
platform_comparison,raspberry_pi,AES,ECB,256,4096,ci95_enc,3,1.8687217797079076,1.8687217797079076,0.0,0.0,"raspberry_experience1_20260718.csv, raspberry_experience2_20260718.csv, raspberry_experience3_20260718.csv"
platform_comparison,raspberry_pi,AES,ECB,256,4096,key_avalanche,3,0.502890625,0.502890625,0.0,0.0,"raspberry_experience1_20260718.csv, raspberry_experience2_20260718.csv, raspberry_experience3_20260718.csv"
platform_comparison,raspberry_pi,AES,ECB,256,4096,throughput_dec,3,40.016252432682,40.016252432682,0.0,0.0,"raspberry_experience1_20260718.csv, raspberry_experience2_20260718.csv, raspberry_experience3_20260718.csv"
platform_comparison,raspberry_pi,AES,ECB,256,4096,throughput_enc,3,36.41002912853401,36.41002912853401,0.0,0.0,"raspberry_experience1_20260718.csv, raspberry_experience2_20260718.csv, raspberry_experience3_20260718.csv"
platform_comparison,raspberry_pi,AES,ECB,256,16384,avalanche,3,0.4989192708333334,0.4989192708333334,0.0,0.0,"raspberry_experience1_20260718.csv, raspberry_experience2_20260718.csv, raspberry_experience3_20260718.csv"
platform_comparison,raspberry_pi,AES,ECB,256,16384,ci95_enc,3,1.1612598116449548,1.1612598116449548,0.0,0.0,"raspberry_experience1_20260718.csv, raspberry_experience2_20260718.csv, raspberry_experience3_20260718.csv"
platform_comparison,raspberry_pi,AES,ECB,256,16384,key_avalanche,3,0.50171875,0.50171875,0.0,0.0,"raspberry_experience1_20260718.csv, raspberry_experience2_20260718.csv, raspberry_experience3_20260718.csv"
platform_comparison,raspberry_pi,AES,ECB,256,16384,throughput_dec,3,41.89915311038725,41.89915311038725,0.0,0.0,"raspberry_experience1_20260718.csv, raspberry_experience2_20260718.csv, raspberry_experience3_20260718.csv"
platform_comparison,raspberry_pi,AES,ECB,256,16384,throughput_enc,3,50.15429676629859,50.15429676629859,0.0,0.0,"raspberry_experience1_20260718.csv, raspberry_experience2_20260718.csv, raspberry_experience3_20260718.csv"
platform_comparison,raspberry_pi,AES,GCM,128,64,avalanche,3,0.5018880208333334,0.5018880208333334,0.0,0.0,"raspberry_experience1_20260718.csv, raspberry_experience2_20260718.csv, raspberry_experience3_20260718.csv"
platform_comparison,raspberry_pi,AES,GCM,128,64,ci95_enc,3,0.08093210773539454,0.08093210773539454,0.0,0.0,"raspberry_experience1_20260718.csv, raspberry_experience2_20260718.csv, raspberry_experience3_20260718.csv"
platform_comparison,raspberry_pi,AES,GCM,128,64,key_avalanche,3,0.5040625,0.5040625,0.0,0.0,"raspberry_experience1_20260718.csv, raspberry_experience2_20260718.csv, raspberry_experience3_20260718.csv"
platform_comparison,raspberry_pi,AES,GCM,128,64,throughput_dec,3,0.16047187878497315,0.16047187878497315,0.0,0.0,"raspberry_experience1_20260718.csv, raspberry_experience2_20260718.csv, raspberry_experience3_20260718.csv"
platform_comparison,raspberry_pi,AES,GCM,128,64,throughput_enc,3,0.15240022088488422,0.15240022088488422,0.0,0.0,"raspberry_experience1_20260718.csv, raspberry_experience2_20260718.csv, raspberry_experience3_20260718.csv"
platform_comparison,raspberry_pi,AES,GCM,128,256,avalanche,3,0.49592447916666665,0.49592447916666665,0.0,0.0,"raspberry_experience1_20260718.csv, raspberry_experience2_20260718.csv, raspberry_experience3_20260718.csv"
platform_comparison,raspberry_pi,AES,GCM,128,256,ci95_enc,3,0.05844947289046735,0.05844947289046735,0.0,0.0,"raspberry_experience1_20260718.csv, raspberry_experience2_20260718.csv, raspberry_experience3_20260718.csv"
platform_comparison,raspberry_pi,AES,GCM,128,256,key_avalanche,3,0.5013671875,0.5013671875,0.0,0.0,"raspberry_experience1_20260718.csv, raspberry_experience2_20260718.csv, raspberry_experience3_20260718.csv"
platform_comparison,raspberry_pi,AES,GCM,128,256,throughput_dec,3,0.6438028606113719,0.6438028606113719,0.0,0.0,"raspberry_experience1_20260718.csv, raspberry_experience2_20260718.csv, raspberry_experience3_20260718.csv"
platform_comparison,raspberry_pi,AES,GCM,128,256,throughput_enc,3,0.8298327831787103,0.8298327831787103,0.0,0.0,"raspberry_experience1_20260718.csv, raspberry_experience2_20260718.csv, raspberry_experience3_20260718.csv"
platform_comparison,raspberry_pi,AES,GCM,128,1024,avalanche,3,0.5011197916666666,0.5011197916666666,0.0,0.0,"raspberry_experience1_20260718.csv, raspberry_experience2_20260718.csv, raspberry_experience3_20260718.csv"
platform_comparison,raspberry_pi,AES,GCM,128,1024,ci95_enc,3,0.16945679633414693,0.16945679633414693,0.0,0.0,"raspberry_experience1_20260718.csv, raspberry_experience2_20260718.csv, raspberry_experience3_20260718.csv"
platform_comparison,raspberry_pi,AES,GCM,128,1024,key_avalanche,3,0.4992578125,0.4992578125,0.0,0.0,"raspberry_experience1_20260718.csv, raspberry_experience2_20260718.csv, raspberry_experience3_20260718.csv"
platform_comparison,raspberry_pi,AES,GCM,128,1024,throughput_dec,3,2.2955866251780526,2.2955866251780526,0.0,0.0,"raspberry_experience1_20260718.csv, raspberry_experience2_20260718.csv, raspberry_experience3_20260718.csv"
platform_comparison,raspberry_pi,AES,GCM,128,1024,throughput_enc,3,2.9110916672579528,2.9110916672579528,0.0,0.0,"raspberry_experience1_20260718.csv, raspberry_experience2_20260718.csv, raspberry_experience3_20260718.csv"
platform_comparison,raspberry_pi,AES,GCM,128,4096,avalanche,3,0.5002994791666666,0.5002994791666666,0.0,0.0,"raspberry_experience1_20260718.csv, raspberry_experience2_20260718.csv, raspberry_experience3_20260718.csv"
platform_comparison,raspberry_pi,AES,GCM,128,4096,ci95_enc,3,0.3625262654725859,0.3625262654725859,0.0,0.0,"raspberry_experience1_20260718.csv, raspberry_experience2_20260718.csv, raspberry_experience3_20260718.csv"
platform_comparison,raspberry_pi,AES,GCM,128,4096,key_avalanche,3,0.49975260416666667,0.49975260416666667,0.0,0.0,"raspberry_experience1_20260718.csv, raspberry_experience2_20260718.csv, raspberry_experience3_20260718.csv"
platform_comparison,raspberry_pi,AES,GCM,128,4096,throughput_dec,3,6.773511058996699,6.773511058996699,0.0,0.0,"raspberry_experience1_20260718.csv, raspberry_experience2_20260718.csv, raspberry_experience3_20260718.csv"
platform_comparison,raspberry_pi,AES,GCM,128,4096,throughput_enc,3,8.171353739923624,8.171353739923624,0.0,0.0,"raspberry_experience1_20260718.csv, raspberry_experience2_20260718.csv, raspberry_experience3_20260718.csv"
platform_comparison,raspberry_pi,AES,GCM,128,16384,avalanche,3,0.5013411458333333,0.5013411458333333,0.0,0.0,"raspberry_experience1_20260718.csv, raspberry_experience2_20260718.csv, raspberry_experience3_20260718.csv"
platform_comparison,raspberry_pi,AES,GCM,128,16384,ci95_enc,3,0.4582561827110998,0.4582561827110998,0.0,0.0,"raspberry_experience1_20260718.csv, raspberry_experience2_20260718.csv, raspberry_experience3_20260718.csv"
platform_comparison,raspberry_pi,AES,GCM,128,16384,key_avalanche,3,0.498515625,0.498515625,0.0,0.0,"raspberry_experience1_20260718.csv, raspberry_experience2_20260718.csv, raspberry_experience3_20260718.csv"
platform_comparison,raspberry_pi,AES,GCM,128,16384,throughput_dec,3,14.417627518433283,14.417627518433283,0.0,0.0,"raspberry_experience1_20260718.csv, raspberry_experience2_20260718.csv, raspberry_experience3_20260718.csv"
platform_comparison,raspberry_pi,AES,GCM,128,16384,throughput_enc,3,14.714337542134833,14.714337542134833,0.0,0.0,"raspberry_experience1_20260718.csv, raspberry_experience2_20260718.csv, raspberry_experience3_20260718.csv"
platform_comparison,raspberry_pi,AES,GCM,192,64,avalanche,3,0.4981380208333333,0.4981380208333333,0.0,0.0,"raspberry_experience1_20260718.csv, raspberry_experience2_20260718.csv, raspberry_experience3_20260718.csv"
platform_comparison,raspberry_pi,AES,GCM,192,64,ci95_enc,3,0.010116269956276125,0.010116269956276125,0.0,0.0,"raspberry_experience1_20260718.csv, raspberry_experience2_20260718.csv, raspberry_experience3_20260718.csv"
platform_comparison,raspberry_pi,AES,GCM,192,64,key_avalanche,3,0.4967057291666667,0.4967057291666667,0.0,0.0,"raspberry_experience1_20260718.csv, raspberry_experience2_20260718.csv, raspberry_experience3_20260718.csv"
platform_comparison,raspberry_pi,AES,GCM,192,64,throughput_dec,3,0.16962337787105045,0.16962337787105045,0.0,0.0,"raspberry_experience1_20260718.csv, raspberry_experience2_20260718.csv, raspberry_experience3_20260718.csv"
platform_comparison,raspberry_pi,AES,GCM,192,64,throughput_enc,3,0.2188753898119111,0.2188753898119111,0.0,0.0,"raspberry_experience1_20260718.csv, raspberry_experience2_20260718.csv, raspberry_experience3_20260718.csv"
platform_comparison,raspberry_pi,AES,GCM,192,256,avalanche,3,0.49994791666666666,0.49994791666666666,0.0,0.0,"raspberry_experience1_20260718.csv, raspberry_experience2_20260718.csv, raspberry_experience3_20260718.csv"
platform_comparison,raspberry_pi,AES,GCM,192,256,ci95_enc,3,0.10773579507640545,0.10773579507640545,0.0,0.0,"raspberry_experience1_20260718.csv, raspberry_experience2_20260718.csv, raspberry_experience3_20260718.csv"
platform_comparison,raspberry_pi,AES,GCM,192,256,key_avalanche,3,0.5026171875,0.5026171875,0.0,0.0,"raspberry_experience1_20260718.csv, raspberry_experience2_20260718.csv, raspberry_experience3_20260718.csv"
platform_comparison,raspberry_pi,AES,GCM,192,256,throughput_dec,3,0.48895646452275093,0.48895646452275093,0.0,0.0,"raspberry_experience1_20260718.csv, raspberry_experience2_20260718.csv, raspberry_experience3_20260718.csv"
platform_comparison,raspberry_pi,AES,GCM,192,256,throughput_enc,3,0.716034387897642,0.716034387897642,0.0,0.0,"raspberry_experience1_20260718.csv, raspberry_experience2_20260718.csv, raspberry_experience3_20260718.csv"
platform_comparison,raspberry_pi,AES,GCM,192,1024,avalanche,3,0.5001041666666667,0.5001041666666667,0.0,0.0,"raspberry_experience1_20260718.csv, raspberry_experience2_20260718.csv, raspberry_experience3_20260718.csv"
platform_comparison,raspberry_pi,AES,GCM,192,1024,ci95_enc,3,0.18237420940456153,0.18237420940456153,0.0,0.0,"raspberry_experience1_20260718.csv, raspberry_experience2_20260718.csv, raspberry_experience3_20260718.csv"
platform_comparison,raspberry_pi,AES,GCM,192,1024,key_avalanche,3,0.4982942708333334,0.4982942708333334,0.0,0.0,"raspberry_experience1_20260718.csv, raspberry_experience2_20260718.csv, raspberry_experience3_20260718.csv"
platform_comparison,raspberry_pi,AES,GCM,192,1024,throughput_dec,3,2.177256889069129,2.177256889069129,0.0,0.0,"raspberry_experience1_20260718.csv, raspberry_experience2_20260718.csv, raspberry_experience3_20260718.csv"
platform_comparison,raspberry_pi,AES,GCM,192,1024,throughput_enc,3,2.335640744662793,2.335640744662793,0.0,0.0,"raspberry_experience1_20260718.csv, raspberry_experience2_20260718.csv, raspberry_experience3_20260718.csv"
platform_comparison,raspberry_pi,AES,GCM,192,4096,avalanche,3,0.49802083333333336,0.49802083333333336,0.0,0.0,"raspberry_experience1_20260718.csv, raspberry_experience2_20260718.csv, raspberry_experience3_20260718.csv"
platform_comparison,raspberry_pi,AES,GCM,192,4096,ci95_enc,3,0.27630813288370554,0.27630813288370554,0.0,0.0,"raspberry_experience1_20260718.csv, raspberry_experience2_20260718.csv, raspberry_experience3_20260718.csv"
platform_comparison,raspberry_pi,AES,GCM,192,4096,key_avalanche,3,0.4988020833333333,0.4988020833333333,0.0,0.0,"raspberry_experience1_20260718.csv, raspberry_experience2_20260718.csv, raspberry_experience3_20260718.csv"
platform_comparison,raspberry_pi,AES,GCM,192,4096,throughput_dec,3,6.3415855272895145,6.3415855272895145,0.0,0.0,"raspberry_experience1_20260718.csv, raspberry_experience2_20260718.csv, raspberry_experience3_20260718.csv"
platform_comparison,raspberry_pi,AES,GCM,192,4096,throughput_enc,3,7.738711276128434,7.738711276128434,0.0,0.0,"raspberry_experience1_20260718.csv, raspberry_experience2_20260718.csv, raspberry_experience3_20260718.csv"
platform_comparison,raspberry_pi,AES,GCM,192,16384,avalanche,3,0.49942708333333324,0.49942708333333324,0.0,0.0,"raspberry_experience1_20260718.csv, raspberry_experience2_20260718.csv, raspberry_experience3_20260718.csv"
platform_comparison,raspberry_pi,AES,GCM,192,16384,ci95_enc,3,0.39279960657277896,0.39279960657277896,0.0,0.0,"raspberry_experience1_20260718.csv, raspberry_experience2_20260718.csv, raspberry_experience3_20260718.csv"
platform_comparison,raspberry_pi,AES,GCM,192,16384,key_avalanche,3,0.4982682291666667,0.4982682291666667,0.0,0.0,"raspberry_experience1_20260718.csv, raspberry_experience2_20260718.csv, raspberry_experience3_20260718.csv"
platform_comparison,raspberry_pi,AES,GCM,192,16384,throughput_dec,3,13.22679816677067,13.22679816677067,0.0,0.0,"raspberry_experience1_20260718.csv, raspberry_experience2_20260718.csv, raspberry_experience3_20260718.csv"
platform_comparison,raspberry_pi,AES,GCM,192,16384,throughput_enc,3,13.740067686299064,13.740067686299064,0.0,0.0,"raspberry_experience1_20260718.csv, raspberry_experience2_20260718.csv, raspberry_experience3_20260718.csv"
platform_comparison,raspberry_pi,AES,GCM,256,64,avalanche,3,0.5000260416666666,0.5000260416666666,0.0,0.0,"raspberry_experience1_20260718.csv, raspberry_experience2_20260718.csv, raspberry_experience3_20260718.csv"
platform_comparison,raspberry_pi,AES,GCM,256,64,ci95_enc,3,0.008573853241695965,0.008573853241695965,0.0,0.0,"raspberry_experience1_20260718.csv, raspberry_experience2_20260718.csv, raspberry_experience3_20260718.csv"
platform_comparison,raspberry_pi,AES,GCM,256,64,key_avalanche,3,0.5008333333333334,0.5008333333333334,0.0,0.0,"raspberry_experience1_20260718.csv, raspberry_experience2_20260718.csv, raspberry_experience3_20260718.csv"
platform_comparison,raspberry_pi,AES,GCM,256,64,throughput_dec,3,0.17000354035049314,0.17000354035049314,0.0,0.0,"raspberry_experience1_20260718.csv, raspberry_experience2_20260718.csv, raspberry_experience3_20260718.csv"
platform_comparison,raspberry_pi,AES,GCM,256,64,throughput_enc,3,0.22089912227269837,0.22089912227269837,0.0,0.0,"raspberry_experience1_20260718.csv, raspberry_experience2_20260718.csv, raspberry_experience3_20260718.csv"
platform_comparison,raspberry_pi,AES,GCM,256,256,avalanche,3,0.4964583333333334,0.4964583333333334,0.0,0.0,"raspberry_experience1_20260718.csv, raspberry_experience2_20260718.csv, raspberry_experience3_20260718.csv"
platform_comparison,raspberry_pi,AES,GCM,256,256,ci95_enc,3,0.04521660272748615,0.04521660272748615,0.0,0.0,"raspberry_experience1_20260718.csv, raspberry_experience2_20260718.csv, raspberry_experience3_20260718.csv"
platform_comparison,raspberry_pi,AES,GCM,256,256,key_avalanche,3,0.4991536458333334,0.4991536458333334,0.0,0.0,"raspberry_experience1_20260718.csv, raspberry_experience2_20260718.csv, raspberry_experience3_20260718.csv"
platform_comparison,raspberry_pi,AES,GCM,256,256,throughput_dec,3,0.6407680975809681,0.6407680975809681,0.0,0.0,"raspberry_experience1_20260718.csv, raspberry_experience2_20260718.csv, raspberry_experience3_20260718.csv"
platform_comparison,raspberry_pi,AES,GCM,256,256,throughput_enc,3,0.842748531962279,0.842748531962279,0.0,0.0,"raspberry_experience1_20260718.csv, raspberry_experience2_20260718.csv, raspberry_experience3_20260718.csv"
platform_comparison,raspberry_pi,AES,GCM,256,1024,avalanche,3,0.4978255208333333,0.4978255208333333,0.0,0.0,"raspberry_experience1_20260718.csv, raspberry_experience2_20260718.csv, raspberry_experience3_20260718.csv"
platform_comparison,raspberry_pi,AES,GCM,256,1024,ci95_enc,3,0.17304913746969217,0.17304913746969217,0.0,0.0,"raspberry_experience1_20260718.csv, raspberry_experience2_20260718.csv, raspberry_experience3_20260718.csv"
platform_comparison,raspberry_pi,AES,GCM,256,1024,key_avalanche,3,0.4991536458333334,0.4991536458333334,0.0,0.0,"raspberry_experience1_20260718.csv, raspberry_experience2_20260718.csv, raspberry_experience3_20260718.csv"
platform_comparison,raspberry_pi,AES,GCM,256,1024,throughput_dec,3,2.2486920155599344,2.2486920155599344,0.0,0.0,"raspberry_experience1_20260718.csv, raspberry_experience2_20260718.csv, raspberry_experience3_20260718.csv"
platform_comparison,raspberry_pi,AES,GCM,256,1024,throughput_enc,3,2.6400951919800817,2.6400951919800817,0.0,0.0,"raspberry_experience1_20260718.csv, raspberry_experience2_20260718.csv, raspberry_experience3_20260718.csv"
platform_comparison,raspberry_pi,AES,GCM,256,4096,avalanche,3,0.49942708333333335,0.49942708333333335,0.0,0.0,"raspberry_experience1_20260718.csv, raspberry_experience2_20260718.csv, raspberry_experience3_20260718.csv"
platform_comparison,raspberry_pi,AES,GCM,256,4096,ci95_enc,3,0.36294334374426435,0.36294334374426435,0.0,0.0,"raspberry_experience1_20260718.csv, raspberry_experience2_20260718.csv, raspberry_experience3_20260718.csv"
platform_comparison,raspberry_pi,AES,GCM,256,4096,key_avalanche,3,0.5008333333333334,0.5008333333333334,0.0,0.0,"raspberry_experience1_20260718.csv, raspberry_experience2_20260718.csv, raspberry_experience3_20260718.csv"
platform_comparison,raspberry_pi,AES,GCM,256,4096,throughput_dec,3,6.541970817704115,6.541970817704115,0.0,0.0,"raspberry_experience1_20260718.csv, raspberry_experience2_20260718.csv, raspberry_experience3_20260718.csv"
platform_comparison,raspberry_pi,AES,GCM,256,4096,throughput_enc,3,7.5332569905174305,7.5332569905174305,0.0,0.0,"raspberry_experience1_20260718.csv, raspberry_experience2_20260718.csv, raspberry_experience3_20260718.csv"
platform_comparison,raspberry_pi,AES,GCM,256,16384,avalanche,3,0.5,0.5,0.0,0.0,"raspberry_experience1_20260718.csv, raspberry_experience2_20260718.csv, raspberry_experience3_20260718.csv"
platform_comparison,raspberry_pi,AES,GCM,256,16384,ci95_enc,3,0.4238462480095691,0.4238462480095691,0.0,0.0,"raspberry_experience1_20260718.csv, raspberry_experience2_20260718.csv, raspberry_experience3_20260718.csv"
platform_comparison,raspberry_pi,AES,GCM,256,16384,key_avalanche,3,0.5003385416666667,0.5003385416666667,0.0,0.0,"raspberry_experience1_20260718.csv, raspberry_experience2_20260718.csv, raspberry_experience3_20260718.csv"
platform_comparison,raspberry_pi,AES,GCM,256,16384,throughput_dec,3,13.633859112088144,13.633859112088144,0.0,0.0,"raspberry_experience1_20260718.csv, raspberry_experience2_20260718.csv, raspberry_experience3_20260718.csv"
platform_comparison,raspberry_pi,AES,GCM,256,16384,throughput_enc,3,13.857208659120362,13.857208659120362,0.0,0.0,"raspberry_experience1_20260718.csv, raspberry_experience2_20260718.csv, raspberry_experience3_20260718.csv"
platform_comparison,raspberry_pi,ChaCha20,Stream,256,64,avalanche,3,0.5947102864583335,0.5947102864583335,0.0,0.0,"raspberry_experience1_20260718.csv, raspberry_experience2_20260718.csv, raspberry_experience3_20260718.csv"
platform_comparison,raspberry_pi,ChaCha20,Stream,256,64,ci95_enc,3,0.47766195480325074,0.47766195480325074,0.0,0.0,"raspberry_experience1_20260718.csv, raspberry_experience2_20260718.csv, raspberry_experience3_20260718.csv"
platform_comparison,raspberry_pi,ChaCha20,Stream,256,64,key_avalanche,3,0.5940364583333333,0.5940364583333333,0.0,0.0,"raspberry_experience1_20260718.csv, raspberry_experience2_20260718.csv, raspberry_experience3_20260718.csv"
platform_comparison,raspberry_pi,ChaCha20,Stream,256,64,throughput_dec,3,2.1116134403765563,2.1116134403765563,0.0,0.0,"raspberry_experience1_20260718.csv, raspberry_experience2_20260718.csv, raspberry_experience3_20260718.csv"
platform_comparison,raspberry_pi,ChaCha20,Stream,256,64,throughput_enc,3,1.8710351740154616,1.8710351740154616,0.0,0.0,"raspberry_experience1_20260718.csv, raspberry_experience2_20260718.csv, raspberry_experience3_20260718.csv"
platform_comparison,raspberry_pi,ChaCha20,Stream,256,256,avalanche,3,0.5950651041666667,0.5950651041666667,0.0,0.0,"raspberry_experience1_20260718.csv, raspberry_experience2_20260718.csv, raspberry_experience3_20260718.csv"
platform_comparison,raspberry_pi,ChaCha20,Stream,256,256,ci95_enc,3,1.6136448933715084,1.6136448933715084,0.0,0.0,"raspberry_experience1_20260718.csv, raspberry_experience2_20260718.csv, raspberry_experience3_20260718.csv"
platform_comparison,raspberry_pi,ChaCha20,Stream,256,256,key_avalanche,3,0.5937239583333332,0.5937239583333332,0.0,0.0,"raspberry_experience1_20260718.csv, raspberry_experience2_20260718.csv, raspberry_experience3_20260718.csv"
platform_comparison,raspberry_pi,ChaCha20,Stream,256,256,throughput_dec,3,8.75656813615816,8.75656813615816,0.0,0.0,"raspberry_experience1_20260718.csv, raspberry_experience2_20260718.csv, raspberry_experience3_20260718.csv"
platform_comparison,raspberry_pi,ChaCha20,Stream,256,256,throughput_enc,3,7.468568076470015,7.468568076470015,0.0,0.0,"raspberry_experience1_20260718.csv, raspberry_experience2_20260718.csv, raspberry_experience3_20260718.csv"
platform_comparison,raspberry_pi,ChaCha20,Stream,256,1024,avalanche,3,0.5942838541666666,0.5942838541666666,0.0,0.0,"raspberry_experience1_20260718.csv, raspberry_experience2_20260718.csv, raspberry_experience3_20260718.csv"
platform_comparison,raspberry_pi,ChaCha20,Stream,256,1024,ci95_enc,3,3.8731909172955006,3.8731909172955006,0.0,0.0,"raspberry_experience1_20260718.csv, raspberry_experience2_20260718.csv, raspberry_experience3_20260718.csv"
platform_comparison,raspberry_pi,ChaCha20,Stream,256,1024,key_avalanche,3,0.5938411458333334,0.5938411458333334,0.0,0.0,"raspberry_experience1_20260718.csv, raspberry_experience2_20260718.csv, raspberry_experience3_20260718.csv"
platform_comparison,raspberry_pi,ChaCha20,Stream,256,1024,throughput_dec,3,27.353357605589338,27.353357605589338,0.0,0.0,"raspberry_experience1_20260718.csv, raspberry_experience2_20260718.csv, raspberry_experience3_20260718.csv"
platform_comparison,raspberry_pi,ChaCha20,Stream,256,1024,throughput_enc,3,24.316771898402113,24.316771898402113,0.0,0.0,"raspberry_experience1_20260718.csv, raspberry_experience2_20260718.csv, raspberry_experience3_20260718.csv"
platform_comparison,raspberry_pi,ChaCha20,Stream,256,4096,avalanche,3,0.5947786458333333,0.5947786458333333,0.0,0.0,"raspberry_experience1_20260718.csv, raspberry_experience2_20260718.csv, raspberry_experience3_20260718.csv"
platform_comparison,raspberry_pi,ChaCha20,Stream,256,4096,ci95_enc,3,4.032562820274327,4.032562820274327,0.0,0.0,"raspberry_experience1_20260718.csv, raspberry_experience2_20260718.csv, raspberry_experience3_20260718.csv"
platform_comparison,raspberry_pi,ChaCha20,Stream,256,4096,key_avalanche,3,0.592939453125,0.592939453125,0.0,0.0,"raspberry_experience1_20260718.csv, raspberry_experience2_20260718.csv, raspberry_experience3_20260718.csv"
platform_comparison,raspberry_pi,ChaCha20,Stream,256,4096,throughput_dec,3,64.33649563613467,64.33649563613467,0.0,0.0,"raspberry_experience1_20260718.csv, raspberry_experience2_20260718.csv, raspberry_experience3_20260718.csv"
platform_comparison,raspberry_pi,ChaCha20,Stream,256,4096,throughput_enc,3,61.08616019580552,61.08616019580552,0.0,0.0,"raspberry_experience1_20260718.csv, raspberry_experience2_20260718.csv, raspberry_experience3_20260718.csv"
platform_comparison,raspberry_pi,ChaCha20,Stream,256,16384,avalanche,3,0.5937890625,0.5937890625,0.0,0.0,"raspberry_experience1_20260718.csv, raspberry_experience2_20260718.csv, raspberry_experience3_20260718.csv"
platform_comparison,raspberry_pi,ChaCha20,Stream,256,16384,ci95_enc,3,3.2527040337308115,3.2527040337308115,0.0,0.0,"raspberry_experience1_20260718.csv, raspberry_experience2_20260718.csv, raspberry_experience3_20260718.csv"
platform_comparison,raspberry_pi,ChaCha20,Stream,256,16384,key_avalanche,3,0.5953841145833333,0.5953841145833333,0.0,0.0,"raspberry_experience1_20260718.csv, raspberry_experience2_20260718.csv, raspberry_experience3_20260718.csv"
platform_comparison,raspberry_pi,ChaCha20,Stream,256,16384,throughput_dec,3,89.17795626698326,89.17795626698326,0.0,0.0,"raspberry_experience1_20260718.csv, raspberry_experience2_20260718.csv, raspberry_experience3_20260718.csv"
platform_comparison,raspberry_pi,ChaCha20,Stream,256,16384,throughput_enc,3,74.6181083713189,74.6181083713189,0.0,0.0,"raspberry_experience1_20260718.csv, raspberry_experience2_20260718.csv, raspberry_experience3_20260718.csv"
platform_comparison,raspberry_pi,DES,CBC,64,64,avalanche,3,0.4996354166666667,0.4996354166666667,0.0,0.0,"raspberry_experience1_20260718.csv, raspberry_experience2_20260718.csv, raspberry_experience3_20260718.csv"
platform_comparison,raspberry_pi,DES,CBC,64,64,ci95_enc,3,0.0023229642489938297,0.0023229642489938297,0.0,0.0,"raspberry_experience1_20260718.csv, raspberry_experience2_20260718.csv, raspberry_experience3_20260718.csv"
platform_comparison,raspberry_pi,DES,CBC,64,64,key_avalanche,3,0.44263020833333333,0.44263020833333333,0.0,0.0,"raspberry_experience1_20260718.csv, raspberry_experience2_20260718.csv, raspberry_experience3_20260718.csv"
platform_comparison,raspberry_pi,DES,CBC,64,64,throughput_dec,3,0.7819313104672769,0.7819313104672769,0.0,0.0,"raspberry_experience1_20260718.csv, raspberry_experience2_20260718.csv, raspberry_experience3_20260718.csv"
platform_comparison,raspberry_pi,DES,CBC,64,64,throughput_enc,3,0.1094828664523952,0.1094828664523952,0.0,0.0,"raspberry_experience1_20260718.csv, raspberry_experience2_20260718.csv, raspberry_experience3_20260718.csv"
platform_comparison,raspberry_pi,DES,CBC,64,256,avalanche,3,0.4994010416666666,0.4994010416666666,0.0,0.0,"raspberry_experience1_20260718.csv, raspberry_experience2_20260718.csv, raspberry_experience3_20260718.csv"
platform_comparison,raspberry_pi,DES,CBC,64,256,ci95_enc,3,0.0016427512513377755,0.0016427512513377755,0.0,0.0,"raspberry_experience1_20260718.csv, raspberry_experience2_20260718.csv, raspberry_experience3_20260718.csv"
platform_comparison,raspberry_pi,DES,CBC,64,256,key_avalanche,3,0.4387239583333334,0.4387239583333334,0.0,0.0,"raspberry_experience1_20260718.csv, raspberry_experience2_20260718.csv, raspberry_experience3_20260718.csv"
platform_comparison,raspberry_pi,DES,CBC,64,256,throughput_dec,3,1.9760879857170794,1.9760879857170794,0.0,0.0,"raspberry_experience1_20260718.csv, raspberry_experience2_20260718.csv, raspberry_experience3_20260718.csv"
platform_comparison,raspberry_pi,DES,CBC,64,256,throughput_enc,3,0.12837917801667867,0.12837917801667867,0.0,0.0,"raspberry_experience1_20260718.csv, raspberry_experience2_20260718.csv, raspberry_experience3_20260718.csv"
platform_comparison,raspberry_pi,DES,CBC,64,1024,avalanche,3,0.5020572916666667,0.5020572916666667,0.0,0.0,"raspberry_experience1_20260718.csv, raspberry_experience2_20260718.csv, raspberry_experience3_20260718.csv"
platform_comparison,raspberry_pi,DES,CBC,64,1024,ci95_enc,3,0.001404294105146791,0.001404294105146791,0.0,0.0,"raspberry_experience1_20260718.csv, raspberry_experience2_20260718.csv, raspberry_experience3_20260718.csv"
platform_comparison,raspberry_pi,DES,CBC,64,1024,key_avalanche,3,0.447578125,0.447578125,0.0,0.0,"raspberry_experience1_20260718.csv, raspberry_experience2_20260718.csv, raspberry_experience3_20260718.csv"
platform_comparison,raspberry_pi,DES,CBC,64,1024,throughput_dec,3,3.018791277193278,3.018791277193278,0.0,0.0,"raspberry_experience1_20260718.csv, raspberry_experience2_20260718.csv, raspberry_experience3_20260718.csv"
platform_comparison,raspberry_pi,DES,CBC,64,1024,throughput_enc,3,0.13026632060862633,0.13026632060862633,0.0,0.0,"raspberry_experience1_20260718.csv, raspberry_experience2_20260718.csv, raspberry_experience3_20260718.csv"
platform_comparison,raspberry_pi,DES,CBC,64,4096,avalanche,3,0.49611979166666664,0.49611979166666664,0.0,0.0,"raspberry_experience1_20260718.csv, raspberry_experience2_20260718.csv, raspberry_experience3_20260718.csv"
platform_comparison,raspberry_pi,DES,CBC,64,4096,ci95_enc,3,0.0005406822584029215,0.0005406822584029215,0.0,0.0,"raspberry_experience1_20260718.csv, raspberry_experience2_20260718.csv, raspberry_experience3_20260718.csv"
platform_comparison,raspberry_pi,DES,CBC,64,4096,key_avalanche,3,0.42770833333333336,0.42770833333333336,0.0,0.0,"raspberry_experience1_20260718.csv, raspberry_experience2_20260718.csv, raspberry_experience3_20260718.csv"
platform_comparison,raspberry_pi,DES,CBC,64,4096,throughput_dec,3,3.9321221993504243,3.9321221993504243,0.0,0.0,"raspberry_experience1_20260718.csv, raspberry_experience2_20260718.csv, raspberry_experience3_20260718.csv"
platform_comparison,raspberry_pi,DES,CBC,64,4096,throughput_enc,3,0.1344687440222701,0.1344687440222701,0.0,0.0,"raspberry_experience1_20260718.csv, raspberry_experience2_20260718.csv, raspberry_experience3_20260718.csv"
platform_comparison,raspberry_pi,DES,CBC,64,16384,avalanche,3,0.4999218749999999,0.4999218749999999,0.0,0.0,"raspberry_experience1_20260718.csv, raspberry_experience2_20260718.csv, raspberry_experience3_20260718.csv"
platform_comparison,raspberry_pi,DES,CBC,64,16384,ci95_enc,3,0.0006087779765795671,0.0006087779765795671,0.0,0.0,"raspberry_experience1_20260718.csv, raspberry_experience2_20260718.csv, raspberry_experience3_20260718.csv"
platform_comparison,raspberry_pi,DES,CBC,64,16384,key_avalanche,3,0.4437760416666667,0.4437760416666667,0.0,0.0,"raspberry_experience1_20260718.csv, raspberry_experience2_20260718.csv, raspberry_experience3_20260718.csv"
platform_comparison,raspberry_pi,DES,CBC,64,16384,throughput_dec,3,4.658787919207207,4.658787919207207,0.0,0.0,"raspberry_experience1_20260718.csv, raspberry_experience2_20260718.csv, raspberry_experience3_20260718.csv"
platform_comparison,raspberry_pi,DES,CBC,64,16384,throughput_enc,3,0.13807715089764466,0.13807715089764466,0.0,0.0,"raspberry_experience1_20260718.csv, raspberry_experience2_20260718.csv, raspberry_experience3_20260718.csv"
platform_comparison,raspberry_pi,DES,CTR,64,64,avalanche,3,0.49684895833333337,0.49684895833333337,0.0,0.0,"raspberry_experience1_20260718.csv, raspberry_experience2_20260718.csv, raspberry_experience3_20260718.csv"
platform_comparison,raspberry_pi,DES,CTR,64,64,ci95_enc,3,0.02840273041482626,0.02840273041482626,0.0,0.0,"raspberry_experience1_20260718.csv, raspberry_experience2_20260718.csv, raspberry_experience3_20260718.csv"
platform_comparison,raspberry_pi,DES,CTR,64,64,key_avalanche,3,0.44070312500000003,0.44070312500000003,0.0,0.0,"raspberry_experience1_20260718.csv, raspberry_experience2_20260718.csv, raspberry_experience3_20260718.csv"
platform_comparison,raspberry_pi,DES,CTR,64,64,throughput_dec,3,0.7368409500955634,0.7368409500955634,0.0,0.0,"raspberry_experience1_20260718.csv, raspberry_experience2_20260718.csv, raspberry_experience3_20260718.csv"
platform_comparison,raspberry_pi,DES,CTR,64,64,throughput_enc,3,0.704477057949244,0.704477057949244,0.0,0.0,"raspberry_experience1_20260718.csv, raspberry_experience2_20260718.csv, raspberry_experience3_20260718.csv"
platform_comparison,raspberry_pi,DES,CTR,64,256,avalanche,3,0.502421875,0.502421875,0.0,0.0,"raspberry_experience1_20260718.csv, raspberry_experience2_20260718.csv, raspberry_experience3_20260718.csv"
platform_comparison,raspberry_pi,DES,CTR,64,256,ci95_enc,3,0.06492698954829916,0.06492698954829916,0.0,0.0,"raspberry_experience1_20260718.csv, raspberry_experience2_20260718.csv, raspberry_experience3_20260718.csv"
platform_comparison,raspberry_pi,DES,CTR,64,256,key_avalanche,3,0.4464322916666667,0.4464322916666667,0.0,0.0,"raspberry_experience1_20260718.csv, raspberry_experience2_20260718.csv, raspberry_experience3_20260718.csv"
platform_comparison,raspberry_pi,DES,CTR,64,256,throughput_dec,3,1.5541995489979004,1.5541995489979004,0.0,0.0,"raspberry_experience1_20260718.csv, raspberry_experience2_20260718.csv, raspberry_experience3_20260718.csv"
platform_comparison,raspberry_pi,DES,CTR,64,256,throughput_enc,3,1.5788343490791574,1.5788343490791574,0.0,0.0,"raspberry_experience1_20260718.csv, raspberry_experience2_20260718.csv, raspberry_experience3_20260718.csv"
platform_comparison,raspberry_pi,DES,CTR,64,1024,avalanche,3,0.49927083333333333,0.49927083333333333,0.0,0.0,"raspberry_experience1_20260718.csv, raspberry_experience2_20260718.csv, raspberry_experience3_20260718.csv"
platform_comparison,raspberry_pi,DES,CTR,64,1024,ci95_enc,3,0.05370407014023169,0.05370407014023169,0.0,0.0,"raspberry_experience1_20260718.csv, raspberry_experience2_20260718.csv, raspberry_experience3_20260718.csv"
platform_comparison,raspberry_pi,DES,CTR,64,1024,key_avalanche,3,0.43755208333333334,0.43755208333333334,0.0,0.0,"raspberry_experience1_20260718.csv, raspberry_experience2_20260718.csv, raspberry_experience3_20260718.csv"
platform_comparison,raspberry_pi,DES,CTR,64,1024,throughput_dec,3,2.290247948889297,2.290247948889297,0.0,0.0,"raspberry_experience1_20260718.csv, raspberry_experience2_20260718.csv, raspberry_experience3_20260718.csv"
platform_comparison,raspberry_pi,DES,CTR,64,1024,throughput_enc,3,2.3269365670652915,2.3269365670652915,0.0,0.0,"raspberry_experience1_20260718.csv, raspberry_experience2_20260718.csv, raspberry_experience3_20260718.csv"
platform_comparison,raspberry_pi,DES,CTR,64,4096,avalanche,3,0.4953125,0.4953125,0.0,0.0,"raspberry_experience1_20260718.csv, raspberry_experience2_20260718.csv, raspberry_experience3_20260718.csv"
platform_comparison,raspberry_pi,DES,CTR,64,4096,ci95_enc,3,0.04406076951177481,0.04406076951177481,0.0,0.0,"raspberry_experience1_20260718.csv, raspberry_experience2_20260718.csv, raspberry_experience3_20260718.csv"
platform_comparison,raspberry_pi,DES,CTR,64,4096,key_avalanche,3,0.4418489583333333,0.4418489583333333,0.0,0.0,"raspberry_experience1_20260718.csv, raspberry_experience2_20260718.csv, raspberry_experience3_20260718.csv"
platform_comparison,raspberry_pi,DES,CTR,64,4096,throughput_dec,3,2.8664853546266635,2.8664853546266635,0.0,0.0,"raspberry_experience1_20260718.csv, raspberry_experience2_20260718.csv, raspberry_experience3_20260718.csv"
platform_comparison,raspberry_pi,DES,CTR,64,4096,throughput_enc,3,2.839389374121716,2.839389374121716,0.0,0.0,"raspberry_experience1_20260718.csv, raspberry_experience2_20260718.csv, raspberry_experience3_20260718.csv"
platform_comparison,raspberry_pi,DES,CTR,64,16384,avalanche,3,0.5026822916666668,0.5026822916666668,0.0,0.0,"raspberry_experience1_20260718.csv, raspberry_experience2_20260718.csv, raspberry_experience3_20260718.csv"
platform_comparison,raspberry_pi,DES,CTR,64,16384,ci95_enc,3,0.0351775822756466,0.0351775822756466,0.0,0.0,"raspberry_experience1_20260718.csv, raspberry_experience2_20260718.csv, raspberry_experience3_20260718.csv"
platform_comparison,raspberry_pi,DES,CTR,64,16384,key_avalanche,3,0.43716145833333336,0.43716145833333336,0.0,0.0,"raspberry_experience1_20260718.csv, raspberry_experience2_20260718.csv, raspberry_experience3_20260718.csv"
platform_comparison,raspberry_pi,DES,CTR,64,16384,throughput_dec,3,3.199544670460265,3.199544670460265,0.0,0.0,"raspberry_experience1_20260718.csv, raspberry_experience2_20260718.csv, raspberry_experience3_20260718.csv"
platform_comparison,raspberry_pi,DES,CTR,64,16384,throughput_enc,3,3.143309424114199,3.143309424114199,0.0,0.0,"raspberry_experience1_20260718.csv, raspberry_experience2_20260718.csv, raspberry_experience3_20260718.csv"
platform_comparison,raspberry_pi,DES,ECB,64,64,avalanche,3,0.5011979166666666,0.5011979166666666,0.0,0.0,"raspberry_experience1_20260718.csv, raspberry_experience2_20260718.csv, raspberry_experience3_20260718.csv"
platform_comparison,raspberry_pi,DES,ECB,64,64,ci95_enc,3,0.15660498599126235,0.15660498599126235,0.0,0.0,"raspberry_experience1_20260718.csv, raspberry_experience2_20260718.csv, raspberry_experience3_20260718.csv"
platform_comparison,raspberry_pi,DES,ECB,64,64,key_avalanche,3,0.435625,0.435625,0.0,0.0,"raspberry_experience1_20260718.csv, raspberry_experience2_20260718.csv, raspberry_experience3_20260718.csv"
platform_comparison,raspberry_pi,DES,ECB,64,64,throughput_dec,3,1.1132742207965236,1.1132742207965236,0.0,0.0,"raspberry_experience1_20260718.csv, raspberry_experience2_20260718.csv, raspberry_experience3_20260718.csv"
platform_comparison,raspberry_pi,DES,ECB,64,64,throughput_enc,3,0.8625794681891682,0.8625794681891682,0.0,0.0,"raspberry_experience1_20260718.csv, raspberry_experience2_20260718.csv, raspberry_experience3_20260718.csv"
platform_comparison,raspberry_pi,DES,ECB,64,256,avalanche,3,0.49539062500000003,0.49539062500000003,0.0,0.0,"raspberry_experience1_20260718.csv, raspberry_experience2_20260718.csv, raspberry_experience3_20260718.csv"
platform_comparison,raspberry_pi,DES,ECB,64,256,ci95_enc,3,0.32423585151531414,0.32423585151531414,0.0,0.0,"raspberry_experience1_20260718.csv, raspberry_experience2_20260718.csv, raspberry_experience3_20260718.csv"
platform_comparison,raspberry_pi,DES,ECB,64,256,key_avalanche,3,0.43239583333333337,0.43239583333333337,0.0,0.0,"raspberry_experience1_20260718.csv, raspberry_experience2_20260718.csv, raspberry_experience3_20260718.csv"
platform_comparison,raspberry_pi,DES,ECB,64,256,throughput_dec,3,3.8740813487446197,3.8740813487446197,0.0,0.0,"raspberry_experience1_20260718.csv, raspberry_experience2_20260718.csv, raspberry_experience3_20260718.csv"
platform_comparison,raspberry_pi,DES,ECB,64,256,throughput_enc,3,3.5358748414660734,3.5358748414660734,0.0,0.0,"raspberry_experience1_20260718.csv, raspberry_experience2_20260718.csv, raspberry_experience3_20260718.csv"
platform_comparison,raspberry_pi,DES,ECB,64,1024,avalanche,3,0.5023958333333334,0.5023958333333334,0.0,0.0,"raspberry_experience1_20260718.csv, raspberry_experience2_20260718.csv, raspberry_experience3_20260718.csv"
platform_comparison,raspberry_pi,DES,ECB,64,1024,ci95_enc,3,0.5345228947164365,0.5345228947164365,0.0,0.0,"raspberry_experience1_20260718.csv, raspberry_experience2_20260718.csv, raspberry_experience3_20260718.csv"
platform_comparison,raspberry_pi,DES,ECB,64,1024,key_avalanche,3,0.4215625,0.4215625,0.0,0.0,"raspberry_experience1_20260718.csv, raspberry_experience2_20260718.csv, raspberry_experience3_20260718.csv"
platform_comparison,raspberry_pi,DES,ECB,64,1024,throughput_dec,3,10.946703187733307,10.946703187733307,0.0,0.0,"raspberry_experience1_20260718.csv, raspberry_experience2_20260718.csv, raspberry_experience3_20260718.csv"
platform_comparison,raspberry_pi,DES,ECB,64,1024,throughput_enc,3,10.46827849041337,10.46827849041337,0.0,0.0,"raspberry_experience1_20260718.csv, raspberry_experience2_20260718.csv, raspberry_experience3_20260718.csv"
platform_comparison,raspberry_pi,DES,ECB,64,4096,avalanche,3,0.5013802083333333,0.5013802083333333,0.0,0.0,"raspberry_experience1_20260718.csv, raspberry_experience2_20260718.csv, raspberry_experience3_20260718.csv"
platform_comparison,raspberry_pi,DES,ECB,64,4096,ci95_enc,3,0.8430491297813486,0.8430491297813486,0.0,0.0,"raspberry_experience1_20260718.csv, raspberry_experience2_20260718.csv, raspberry_experience3_20260718.csv"
platform_comparison,raspberry_pi,DES,ECB,64,4096,key_avalanche,3,0.44411458333333337,0.44411458333333337,0.0,0.0,"raspberry_experience1_20260718.csv, raspberry_experience2_20260718.csv, raspberry_experience3_20260718.csv"
platform_comparison,raspberry_pi,DES,ECB,64,4096,throughput_dec,3,21.62171958410798,21.62171958410798,0.0,0.0,"raspberry_experience1_20260718.csv, raspberry_experience2_20260718.csv, raspberry_experience3_20260718.csv"
platform_comparison,raspberry_pi,DES,ECB,64,4096,throughput_enc,3,20.75205589187986,20.75205589187986,0.0,0.0,"raspberry_experience1_20260718.csv, raspberry_experience2_20260718.csv, raspberry_experience3_20260718.csv"
platform_comparison,raspberry_pi,DES,ECB,64,16384,avalanche,3,0.501796875,0.501796875,0.0,0.0,"raspberry_experience1_20260718.csv, raspberry_experience2_20260718.csv, raspberry_experience3_20260718.csv"
platform_comparison,raspberry_pi,DES,ECB,64,16384,ci95_enc,3,0.9109410999943219,0.9109410999943219,0.0,0.0,"raspberry_experience1_20260718.csv, raspberry_experience2_20260718.csv, raspberry_experience3_20260718.csv"
platform_comparison,raspberry_pi,DES,ECB,64,16384,key_avalanche,3,0.44036458333333334,0.44036458333333334,0.0,0.0,"raspberry_experience1_20260718.csv, raspberry_experience2_20260718.csv, raspberry_experience3_20260718.csv"
platform_comparison,raspberry_pi,DES,ECB,64,16384,throughput_dec,3,25.3250768289643,25.3250768289643,0.0,0.0,"raspberry_experience1_20260718.csv, raspberry_experience2_20260718.csv, raspberry_experience3_20260718.csv"
platform_comparison,raspberry_pi,DES,ECB,64,16384,throughput_enc,3,23.633593022759168,23.633593022759168,0.0,0.0,"raspberry_experience1_20260718.csv, raspberry_experience2_20260718.csv, raspberry_experience3_20260718.csv"
platform_comparison,raspberry_pi,Twofish,CBC,128,64,avalanche,3,0.5010807291666667,0.5010807291666667,0.0,0.0,"raspberry_experience1_20260718.csv, raspberry_experience2_20260718.csv, raspberry_experience3_20260718.csv"
platform_comparison,raspberry_pi,Twofish,CBC,128,64,ci95_enc,3,0.02029978873758734,0.02029978873758734,0.0,0.0,"raspberry_experience1_20260718.csv, raspberry_experience2_20260718.csv, raspberry_experience3_20260718.csv"
platform_comparison,raspberry_pi,Twofish,CBC,128,64,key_avalanche,3,0.49873697916666665,0.49873697916666665,0.0,0.0,"raspberry_experience1_20260718.csv, raspberry_experience2_20260718.csv, raspberry_experience3_20260718.csv"
platform_comparison,raspberry_pi,Twofish,CBC,128,64,throughput_dec,3,0.7376138436785501,0.7376138436785501,0.0,0.0,"raspberry_experience1_20260718.csv, raspberry_experience2_20260718.csv, raspberry_experience3_20260718.csv"
platform_comparison,raspberry_pi,Twofish,CBC,128,64,throughput_enc,3,0.5829424892138562,0.5829424892138562,0.0,0.0,"raspberry_experience1_20260718.csv, raspberry_experience2_20260718.csv, raspberry_experience3_20260718.csv"
platform_comparison,raspberry_pi,Twofish,CBC,128,256,avalanche,3,0.4985546875,0.4985546875,0.0,0.0,"raspberry_experience1_20260718.csv, raspberry_experience2_20260718.csv, raspberry_experience3_20260718.csv"
platform_comparison,raspberry_pi,Twofish,CBC,128,256,ci95_enc,3,0.010090070704531716,0.010090070704531716,0.0,0.0,"raspberry_experience1_20260718.csv, raspberry_experience2_20260718.csv, raspberry_experience3_20260718.csv"
platform_comparison,raspberry_pi,Twofish,CBC,128,256,key_avalanche,3,0.5015755208333333,0.5015755208333333,0.0,0.0,"raspberry_experience1_20260718.csv, raspberry_experience2_20260718.csv, raspberry_experience3_20260718.csv"
platform_comparison,raspberry_pi,Twofish,CBC,128,256,throughput_dec,3,0.9555401293714555,0.9555401293714555,0.0,0.0,"raspberry_experience1_20260718.csv, raspberry_experience2_20260718.csv, raspberry_experience3_20260718.csv"
platform_comparison,raspberry_pi,Twofish,CBC,128,256,throughput_enc,3,0.7281400325245104,0.7281400325245104,0.0,0.0,"raspberry_experience1_20260718.csv, raspberry_experience2_20260718.csv, raspberry_experience3_20260718.csv"
platform_comparison,raspberry_pi,Twofish,CBC,128,1024,avalanche,3,0.5033854166666667,0.5033854166666667,0.0,0.0,"raspberry_experience1_20260718.csv, raspberry_experience2_20260718.csv, raspberry_experience3_20260718.csv"
platform_comparison,raspberry_pi,Twofish,CBC,128,1024,ci95_enc,3,0.006932465059463918,0.006932465059463918,0.0,0.0,"raspberry_experience1_20260718.csv, raspberry_experience2_20260718.csv, raspberry_experience3_20260718.csv"
platform_comparison,raspberry_pi,Twofish,CBC,128,1024,key_avalanche,3,0.501953125,0.501953125,0.0,0.0,"raspberry_experience1_20260718.csv, raspberry_experience2_20260718.csv, raspberry_experience3_20260718.csv"
platform_comparison,raspberry_pi,Twofish,CBC,128,1024,throughput_dec,3,0.9989988493121845,0.9989988493121845,0.0,0.0,"raspberry_experience1_20260718.csv, raspberry_experience2_20260718.csv, raspberry_experience3_20260718.csv"
platform_comparison,raspberry_pi,Twofish,CBC,128,1024,throughput_enc,3,0.7746148932579886,0.7746148932579886,0.0,0.0,"raspberry_experience1_20260718.csv, raspberry_experience2_20260718.csv, raspberry_experience3_20260718.csv"
platform_comparison,raspberry_pi,Twofish,CBC,128,4096,avalanche,3,0.4976692708333334,0.4976692708333334,0.0,0.0,"raspberry_experience1_20260718.csv, raspberry_experience2_20260718.csv, raspberry_experience3_20260718.csv"
platform_comparison,raspberry_pi,Twofish,CBC,128,4096,ci95_enc,3,0.0033132759738976974,0.0033132759738976974,0.0,0.0,"raspberry_experience1_20260718.csv, raspberry_experience2_20260718.csv, raspberry_experience3_20260718.csv"
platform_comparison,raspberry_pi,Twofish,CBC,128,4096,key_avalanche,3,0.5027083333333333,0.5027083333333333,0.0,0.0,"raspberry_experience1_20260718.csv, raspberry_experience2_20260718.csv, raspberry_experience3_20260718.csv"
platform_comparison,raspberry_pi,Twofish,CBC,128,4096,throughput_dec,3,1.0629875521521186,1.0629875521521186,0.0,0.0,"raspberry_experience1_20260718.csv, raspberry_experience2_20260718.csv, raspberry_experience3_20260718.csv"
platform_comparison,raspberry_pi,Twofish,CBC,128,4096,throughput_enc,3,0.8124949175856226,0.8124949175856226,0.0,0.0,"raspberry_experience1_20260718.csv, raspberry_experience2_20260718.csv, raspberry_experience3_20260718.csv"
platform_comparison,raspberry_pi,Twofish,CBC,128,16384,avalanche,3,0.4998046875,0.4998046875,0.0,0.0,"raspberry_experience1_20260718.csv, raspberry_experience2_20260718.csv, raspberry_experience3_20260718.csv"
platform_comparison,raspberry_pi,Twofish,CBC,128,16384,ci95_enc,3,0.0016046406262018708,0.0016046406262018708,0.0,0.0,"raspberry_experience1_20260718.csv, raspberry_experience2_20260718.csv, raspberry_experience3_20260718.csv"
platform_comparison,raspberry_pi,Twofish,CBC,128,16384,key_avalanche,3,0.4992838541666667,0.4992838541666667,0.0,0.0,"raspberry_experience1_20260718.csv, raspberry_experience2_20260718.csv, raspberry_experience3_20260718.csv"
platform_comparison,raspberry_pi,Twofish,CBC,128,16384,throughput_dec,3,1.1149174275890739,1.1149174275890739,0.0,0.0,"raspberry_experience1_20260718.csv, raspberry_experience2_20260718.csv, raspberry_experience3_20260718.csv"
platform_comparison,raspberry_pi,Twofish,CBC,128,16384,throughput_enc,3,0.8296329114757609,0.8296329114757609,0.0,0.0,"raspberry_experience1_20260718.csv, raspberry_experience2_20260718.csv, raspberry_experience3_20260718.csv"
platform_comparison,raspberry_pi,Twofish,CBC,192,64,avalanche,3,0.500859375,0.500859375,0.0,0.0,"raspberry_experience1_20260718.csv, raspberry_experience2_20260718.csv, raspberry_experience3_20260718.csv"
platform_comparison,raspberry_pi,Twofish,CBC,192,64,ci95_enc,3,0.021574725810395195,0.021574725810395195,0.0,0.0,"raspberry_experience1_20260718.csv, raspberry_experience2_20260718.csv, raspberry_experience3_20260718.csv"
platform_comparison,raspberry_pi,Twofish,CBC,192,64,key_avalanche,3,0.49942708333333335,0.49942708333333335,0.0,0.0,"raspberry_experience1_20260718.csv, raspberry_experience2_20260718.csv, raspberry_experience3_20260718.csv"
platform_comparison,raspberry_pi,Twofish,CBC,192,64,throughput_dec,3,0.7501773101695335,0.7501773101695335,0.0,0.0,"raspberry_experience1_20260718.csv, raspberry_experience2_20260718.csv, raspberry_experience3_20260718.csv"
platform_comparison,raspberry_pi,Twofish,CBC,192,64,throughput_enc,3,0.5716688263410724,0.5716688263410724,0.0,0.0,"raspberry_experience1_20260718.csv, raspberry_experience2_20260718.csv, raspberry_experience3_20260718.csv"
platform_comparison,raspberry_pi,Twofish,CBC,192,256,avalanche,3,0.5004557291666667,0.5004557291666667,0.0,0.0,"raspberry_experience1_20260718.csv, raspberry_experience2_20260718.csv, raspberry_experience3_20260718.csv"
platform_comparison,raspberry_pi,Twofish,CBC,192,256,ci95_enc,3,0.010563608157561128,0.010563608157561128,0.0,0.0,"raspberry_experience1_20260718.csv, raspberry_experience2_20260718.csv, raspberry_experience3_20260718.csv"
platform_comparison,raspberry_pi,Twofish,CBC,192,256,key_avalanche,3,0.4993359375,0.4993359375,0.0,0.0,"raspberry_experience1_20260718.csv, raspberry_experience2_20260718.csv, raspberry_experience3_20260718.csv"
platform_comparison,raspberry_pi,Twofish,CBC,192,256,throughput_dec,3,0.9533033800481888,0.9533033800481888,0.0,0.0,"raspberry_experience1_20260718.csv, raspberry_experience2_20260718.csv, raspberry_experience3_20260718.csv"
platform_comparison,raspberry_pi,Twofish,CBC,192,256,throughput_enc,3,0.7212213209688594,0.7212213209688594,0.0,0.0,"raspberry_experience1_20260718.csv, raspberry_experience2_20260718.csv, raspberry_experience3_20260718.csv"
platform_comparison,raspberry_pi,Twofish,CBC,192,1024,avalanche,3,0.4976692708333333,0.4976692708333333,0.0,0.0,"raspberry_experience1_20260718.csv, raspberry_experience2_20260718.csv, raspberry_experience3_20260718.csv"
platform_comparison,raspberry_pi,Twofish,CBC,192,1024,ci95_enc,3,0.005482215377920423,0.005482215377920423,0.0,0.0,"raspberry_experience1_20260718.csv, raspberry_experience2_20260718.csv, raspberry_experience3_20260718.csv"
platform_comparison,raspberry_pi,Twofish,CBC,192,1024,key_avalanche,3,0.4973567708333333,0.4973567708333333,0.0,0.0,"raspberry_experience1_20260718.csv, raspberry_experience2_20260718.csv, raspberry_experience3_20260718.csv"
platform_comparison,raspberry_pi,Twofish,CBC,192,1024,throughput_dec,3,1.0027750354647118,1.0027750354647118,0.0,0.0,"raspberry_experience1_20260718.csv, raspberry_experience2_20260718.csv, raspberry_experience3_20260718.csv"
platform_comparison,raspberry_pi,Twofish,CBC,192,1024,throughput_enc,3,0.7617944887785502,0.7617944887785502,0.0,0.0,"raspberry_experience1_20260718.csv, raspberry_experience2_20260718.csv, raspberry_experience3_20260718.csv"
platform_comparison,raspberry_pi,Twofish,CBC,192,4096,avalanche,3,0.4974869791666667,0.4974869791666667,0.0,0.0,"raspberry_experience1_20260718.csv, raspberry_experience2_20260718.csv, raspberry_experience3_20260718.csv"
platform_comparison,raspberry_pi,Twofish,CBC,192,4096,ci95_enc,3,0.0029340104274443203,0.0029340104274443203,0.0,0.0,"raspberry_experience1_20260718.csv, raspberry_experience2_20260718.csv, raspberry_experience3_20260718.csv"
platform_comparison,raspberry_pi,Twofish,CBC,192,4096,key_avalanche,3,0.500234375,0.500234375,0.0,0.0,"raspberry_experience1_20260718.csv, raspberry_experience2_20260718.csv, raspberry_experience3_20260718.csv"
platform_comparison,raspberry_pi,Twofish,CBC,192,4096,throughput_dec,3,1.06682158998853,1.06682158998853,0.0,0.0,"raspberry_experience1_20260718.csv, raspberry_experience2_20260718.csv, raspberry_experience3_20260718.csv"
platform_comparison,raspberry_pi,Twofish,CBC,192,4096,throughput_enc,3,0.8108139554999436,0.8108139554999436,0.0,0.0,"raspberry_experience1_20260718.csv, raspberry_experience2_20260718.csv, raspberry_experience3_20260718.csv"
platform_comparison,raspberry_pi,Twofish,CBC,192,16384,avalanche,3,0.5022265625,0.5022265625,0.0,0.0,"raspberry_experience1_20260718.csv, raspberry_experience2_20260718.csv, raspberry_experience3_20260718.csv"
platform_comparison,raspberry_pi,Twofish,CBC,192,16384,ci95_enc,3,0.0015707275570475902,0.0015707275570475902,0.0,0.0,"raspberry_experience1_20260718.csv, raspberry_experience2_20260718.csv, raspberry_experience3_20260718.csv"
platform_comparison,raspberry_pi,Twofish,CBC,192,16384,key_avalanche,3,0.49906249999999996,0.49906249999999996,0.0,0.0,"raspberry_experience1_20260718.csv, raspberry_experience2_20260718.csv, raspberry_experience3_20260718.csv"
platform_comparison,raspberry_pi,Twofish,CBC,192,16384,throughput_dec,3,1.1203249904355195,1.1203249904355195,0.0,0.0,"raspberry_experience1_20260718.csv, raspberry_experience2_20260718.csv, raspberry_experience3_20260718.csv"
platform_comparison,raspberry_pi,Twofish,CBC,192,16384,throughput_enc,3,0.8283152800914758,0.8283152800914758,0.0,0.0,"raspberry_experience1_20260718.csv, raspberry_experience2_20260718.csv, raspberry_experience3_20260718.csv"
platform_comparison,raspberry_pi,Twofish,CBC,256,64,avalanche,3,0.49921875,0.49921875,0.0,0.0,"raspberry_experience1_20260718.csv, raspberry_experience2_20260718.csv, raspberry_experience3_20260718.csv"
platform_comparison,raspberry_pi,Twofish,CBC,256,64,ci95_enc,3,0.014261249284146025,0.014261249284146025,0.0,0.0,"raspberry_experience1_20260718.csv, raspberry_experience2_20260718.csv, raspberry_experience3_20260718.csv"
platform_comparison,raspberry_pi,Twofish,CBC,256,64,key_avalanche,3,0.5003645833333333,0.5003645833333333,0.0,0.0,"raspberry_experience1_20260718.csv, raspberry_experience2_20260718.csv, raspberry_experience3_20260718.csv"
platform_comparison,raspberry_pi,Twofish,CBC,256,64,throughput_dec,3,0.7560651852487453,0.7560651852487453,0.0,0.0,"raspberry_experience1_20260718.csv, raspberry_experience2_20260718.csv, raspberry_experience3_20260718.csv"
platform_comparison,raspberry_pi,Twofish,CBC,256,64,throughput_enc,3,0.5778402461835446,0.5778402461835446,0.0,0.0,"raspberry_experience1_20260718.csv, raspberry_experience2_20260718.csv, raspberry_experience3_20260718.csv"
platform_comparison,raspberry_pi,Twofish,CBC,256,256,avalanche,3,0.4985807291666667,0.4985807291666667,0.0,0.0,"raspberry_experience1_20260718.csv, raspberry_experience2_20260718.csv, raspberry_experience3_20260718.csv"
platform_comparison,raspberry_pi,Twofish,CBC,256,256,ci95_enc,3,0.011533965190379011,0.011533965190379011,0.0,0.0,"raspberry_experience1_20260718.csv, raspberry_experience2_20260718.csv, raspberry_experience3_20260718.csv"
platform_comparison,raspberry_pi,Twofish,CBC,256,256,key_avalanche,3,0.4989322916666667,0.4989322916666667,0.0,0.0,"raspberry_experience1_20260718.csv, raspberry_experience2_20260718.csv, raspberry_experience3_20260718.csv"
platform_comparison,raspberry_pi,Twofish,CBC,256,256,throughput_dec,3,0.9608968516804043,0.9608968516804043,0.0,0.0,"raspberry_experience1_20260718.csv, raspberry_experience2_20260718.csv, raspberry_experience3_20260718.csv"
platform_comparison,raspberry_pi,Twofish,CBC,256,256,throughput_enc,3,0.718809725768789,0.718809725768789,0.0,0.0,"raspberry_experience1_20260718.csv, raspberry_experience2_20260718.csv, raspberry_experience3_20260718.csv"
platform_comparison,raspberry_pi,Twofish,CBC,256,1024,avalanche,3,0.5033072916666667,0.5033072916666667,0.0,0.0,"raspberry_experience1_20260718.csv, raspberry_experience2_20260718.csv, raspberry_experience3_20260718.csv"
platform_comparison,raspberry_pi,Twofish,CBC,256,1024,ci95_enc,3,0.006716049251331357,0.006716049251331357,0.0,0.0,"raspberry_experience1_20260718.csv, raspberry_experience2_20260718.csv, raspberry_experience3_20260718.csv"
platform_comparison,raspberry_pi,Twofish,CBC,256,1024,key_avalanche,3,0.49899739583333336,0.49899739583333336,0.0,0.0,"raspberry_experience1_20260718.csv, raspberry_experience2_20260718.csv, raspberry_experience3_20260718.csv"
platform_comparison,raspberry_pi,Twofish,CBC,256,1024,throughput_dec,3,1.0022706048153012,1.0022706048153012,0.0,0.0,"raspberry_experience1_20260718.csv, raspberry_experience2_20260718.csv, raspberry_experience3_20260718.csv"
platform_comparison,raspberry_pi,Twofish,CBC,256,1024,throughput_enc,3,0.7675336424133336,0.7675336424133336,0.0,0.0,"raspberry_experience1_20260718.csv, raspberry_experience2_20260718.csv, raspberry_experience3_20260718.csv"
platform_comparison,raspberry_pi,Twofish,CBC,256,4096,avalanche,3,0.4983203125,0.4983203125,0.0,0.0,"raspberry_experience1_20260718.csv, raspberry_experience2_20260718.csv, raspberry_experience3_20260718.csv"
platform_comparison,raspberry_pi,Twofish,CBC,256,4096,ci95_enc,3,0.003527006243285198,0.003527006243285198,0.0,0.0,"raspberry_experience1_20260718.csv, raspberry_experience2_20260718.csv, raspberry_experience3_20260718.csv"
platform_comparison,raspberry_pi,Twofish,CBC,256,4096,key_avalanche,3,0.5031119791666666,0.5031119791666666,0.0,0.0,"raspberry_experience1_20260718.csv, raspberry_experience2_20260718.csv, raspberry_experience3_20260718.csv"
platform_comparison,raspberry_pi,Twofish,CBC,256,4096,throughput_dec,3,1.0697293663246468,1.0697293663246468,0.0,0.0,"raspberry_experience1_20260718.csv, raspberry_experience2_20260718.csv, raspberry_experience3_20260718.csv"
platform_comparison,raspberry_pi,Twofish,CBC,256,4096,throughput_enc,3,0.8067100945361315,0.8067100945361315,0.0,0.0,"raspberry_experience1_20260718.csv, raspberry_experience2_20260718.csv, raspberry_experience3_20260718.csv"
platform_comparison,raspberry_pi,Twofish,CBC,256,16384,avalanche,3,0.4996875,0.4996875,0.0,0.0,"raspberry_experience1_20260718.csv, raspberry_experience2_20260718.csv, raspberry_experience3_20260718.csv"
platform_comparison,raspberry_pi,Twofish,CBC,256,16384,ci95_enc,3,0.0059014150119716694,0.0059014150119716694,0.0,0.0,"raspberry_experience1_20260718.csv, raspberry_experience2_20260718.csv, raspberry_experience3_20260718.csv"
platform_comparison,raspberry_pi,Twofish,CBC,256,16384,key_avalanche,3,0.5019921875,0.5019921875,0.0,0.0,"raspberry_experience1_20260718.csv, raspberry_experience2_20260718.csv, raspberry_experience3_20260718.csv"
platform_comparison,raspberry_pi,Twofish,CBC,256,16384,throughput_dec,3,1.1149706657485405,1.1149706657485405,0.0,0.0,"raspberry_experience1_20260718.csv, raspberry_experience2_20260718.csv, raspberry_experience3_20260718.csv"
platform_comparison,raspberry_pi,Twofish,CBC,256,16384,throughput_enc,3,0.813746339295271,0.813746339295271,0.0,0.0,"raspberry_experience1_20260718.csv, raspberry_experience2_20260718.csv, raspberry_experience3_20260718.csv"
platform_comparison,raspberry_pi,Twofish,CTR,128,64,avalanche,3,0.5002604166666667,0.5002604166666667,0.0,0.0,"raspberry_experience1_20260718.csv, raspberry_experience2_20260718.csv, raspberry_experience3_20260718.csv"
platform_comparison,raspberry_pi,Twofish,CTR,128,64,ci95_enc,3,0.04456884942713393,0.04456884942713393,0.0,0.0,"raspberry_experience1_20260718.csv, raspberry_experience2_20260718.csv, raspberry_experience3_20260718.csv"
platform_comparison,raspberry_pi,Twofish,CTR,128,64,key_avalanche,3,0.5002213541666667,0.5002213541666667,0.0,0.0,"raspberry_experience1_20260718.csv, raspberry_experience2_20260718.csv, raspberry_experience3_20260718.csv"
platform_comparison,raspberry_pi,Twofish,CTR,128,64,throughput_dec,3,0.7704159371114935,0.7704159371114935,0.0,0.0,"raspberry_experience1_20260718.csv, raspberry_experience2_20260718.csv, raspberry_experience3_20260718.csv"
platform_comparison,raspberry_pi,Twofish,CTR,128,64,throughput_enc,3,0.7498814258162115,0.7498814258162115,0.0,0.0,"raspberry_experience1_20260718.csv, raspberry_experience2_20260718.csv, raspberry_experience3_20260718.csv"
platform_comparison,raspberry_pi,Twofish,CTR,128,256,avalanche,3,0.49859375,0.49859375,0.0,0.0,"raspberry_experience1_20260718.csv, raspberry_experience2_20260718.csv, raspberry_experience3_20260718.csv"
platform_comparison,raspberry_pi,Twofish,CTR,128,256,ci95_enc,3,0.018790646434687752,0.018790646434687752,0.0,0.0,"raspberry_experience1_20260718.csv, raspberry_experience2_20260718.csv, raspberry_experience3_20260718.csv"
platform_comparison,raspberry_pi,Twofish,CTR,128,256,key_avalanche,3,0.50109375,0.50109375,0.0,0.0,"raspberry_experience1_20260718.csv, raspberry_experience2_20260718.csv, raspberry_experience3_20260718.csv"
platform_comparison,raspberry_pi,Twofish,CTR,128,256,throughput_dec,3,0.9040580768027695,0.9040580768027695,0.0,0.0,"raspberry_experience1_20260718.csv, raspberry_experience2_20260718.csv, raspberry_experience3_20260718.csv"
platform_comparison,raspberry_pi,Twofish,CTR,128,256,throughput_enc,3,0.878250510690865,0.878250510690865,0.0,0.0,"raspberry_experience1_20260718.csv, raspberry_experience2_20260718.csv, raspberry_experience3_20260718.csv"
platform_comparison,raspberry_pi,Twofish,CTR,128,1024,avalanche,3,0.497578125,0.497578125,0.0,0.0,"raspberry_experience1_20260718.csv, raspberry_experience2_20260718.csv, raspberry_experience3_20260718.csv"
platform_comparison,raspberry_pi,Twofish,CTR,128,1024,ci95_enc,3,0.012557508914837997,0.012557508914837997,0.0,0.0,"raspberry_experience1_20260718.csv, raspberry_experience2_20260718.csv, raspberry_experience3_20260718.csv"
platform_comparison,raspberry_pi,Twofish,CTR,128,1024,key_avalanche,3,0.49957031249999995,0.49957031249999995,0.0,0.0,"raspberry_experience1_20260718.csv, raspberry_experience2_20260718.csv, raspberry_experience3_20260718.csv"
platform_comparison,raspberry_pi,Twofish,CTR,128,1024,throughput_dec,3,0.9008909608105538,0.9008909608105538,0.0,0.0,"raspberry_experience1_20260718.csv, raspberry_experience2_20260718.csv, raspberry_experience3_20260718.csv"
platform_comparison,raspberry_pi,Twofish,CTR,128,1024,throughput_enc,3,0.895297229954843,0.895297229954843,0.0,0.0,"raspberry_experience1_20260718.csv, raspberry_experience2_20260718.csv, raspberry_experience3_20260718.csv"
platform_comparison,raspberry_pi,Twofish,CTR,128,4096,avalanche,3,0.5013541666666667,0.5013541666666667,0.0,0.0,"raspberry_experience1_20260718.csv, raspberry_experience2_20260718.csv, raspberry_experience3_20260718.csv"
platform_comparison,raspberry_pi,Twofish,CTR,128,4096,ci95_enc,3,0.006371839668056261,0.006371839668056261,0.0,0.0,"raspberry_experience1_20260718.csv, raspberry_experience2_20260718.csv, raspberry_experience3_20260718.csv"
platform_comparison,raspberry_pi,Twofish,CTR,128,4096,key_avalanche,3,0.4979947916666667,0.4979947916666667,0.0,0.0,"raspberry_experience1_20260718.csv, raspberry_experience2_20260718.csv, raspberry_experience3_20260718.csv"
platform_comparison,raspberry_pi,Twofish,CTR,128,4096,throughput_dec,3,0.9836820527873106,0.9836820527873106,0.0,0.0,"raspberry_experience1_20260718.csv, raspberry_experience2_20260718.csv, raspberry_experience3_20260718.csv"
platform_comparison,raspberry_pi,Twofish,CTR,128,4096,throughput_enc,3,0.9912515817075261,0.9912515817075261,0.0,0.0,"raspberry_experience1_20260718.csv, raspberry_experience2_20260718.csv, raspberry_experience3_20260718.csv"
platform_comparison,raspberry_pi,Twofish,CTR,128,16384,avalanche,3,0.5009765625,0.5009765625,0.0,0.0,"raspberry_experience1_20260718.csv, raspberry_experience2_20260718.csv, raspberry_experience3_20260718.csv"
platform_comparison,raspberry_pi,Twofish,CTR,128,16384,ci95_enc,3,0.005534174135188756,0.005534174135188756,0.0,0.0,"raspberry_experience1_20260718.csv, raspberry_experience2_20260718.csv, raspberry_experience3_20260718.csv"
platform_comparison,raspberry_pi,Twofish,CTR,128,16384,key_avalanche,3,0.4946875,0.4946875,0.0,0.0,"raspberry_experience1_20260718.csv, raspberry_experience2_20260718.csv, raspberry_experience3_20260718.csv"
platform_comparison,raspberry_pi,Twofish,CTR,128,16384,throughput_dec,3,1.0298315989959066,1.0298315989959066,0.0,0.0,"raspberry_experience1_20260718.csv, raspberry_experience2_20260718.csv, raspberry_experience3_20260718.csv"
platform_comparison,raspberry_pi,Twofish,CTR,128,16384,throughput_enc,3,1.019263721637443,1.019263721637443,0.0,0.0,"raspberry_experience1_20260718.csv, raspberry_experience2_20260718.csv, raspberry_experience3_20260718.csv"
platform_comparison,raspberry_pi,Twofish,CTR,192,64,avalanche,3,0.4980989583333333,0.4980989583333333,0.0,0.0,"raspberry_experience1_20260718.csv, raspberry_experience2_20260718.csv, raspberry_experience3_20260718.csv"
platform_comparison,raspberry_pi,Twofish,CTR,192,64,ci95_enc,3,0.0279791376110617,0.0279791376110617,0.0,0.0,"raspberry_experience1_20260718.csv, raspberry_experience2_20260718.csv, raspberry_experience3_20260718.csv"
platform_comparison,raspberry_pi,Twofish,CTR,192,64,key_avalanche,3,0.5007812500000001,0.5007812500000001,0.0,0.0,"raspberry_experience1_20260718.csv, raspberry_experience2_20260718.csv, raspberry_experience3_20260718.csv"
platform_comparison,raspberry_pi,Twofish,CTR,192,64,throughput_dec,3,0.7830844890537204,0.7830844890537204,0.0,0.0,"raspberry_experience1_20260718.csv, raspberry_experience2_20260718.csv, raspberry_experience3_20260718.csv"
platform_comparison,raspberry_pi,Twofish,CTR,192,64,throughput_enc,3,0.7838484031409307,0.7838484031409307,0.0,0.0,"raspberry_experience1_20260718.csv, raspberry_experience2_20260718.csv, raspberry_experience3_20260718.csv"
platform_comparison,raspberry_pi,Twofish,CTR,192,256,avalanche,3,0.4991796875,0.4991796875,0.0,0.0,"raspberry_experience1_20260718.csv, raspberry_experience2_20260718.csv, raspberry_experience3_20260718.csv"
platform_comparison,raspberry_pi,Twofish,CTR,192,256,ci95_enc,3,0.02056111990219531,0.02056111990219531,0.0,0.0,"raspberry_experience1_20260718.csv, raspberry_experience2_20260718.csv, raspberry_experience3_20260718.csv"
platform_comparison,raspberry_pi,Twofish,CTR,192,256,key_avalanche,3,0.5008203125,0.5008203125,0.0,0.0,"raspberry_experience1_20260718.csv, raspberry_experience2_20260718.csv, raspberry_experience3_20260718.csv"
platform_comparison,raspberry_pi,Twofish,CTR,192,256,throughput_dec,3,0.8953746810942226,0.8953746810942226,0.0,0.0,"raspberry_experience1_20260718.csv, raspberry_experience2_20260718.csv, raspberry_experience3_20260718.csv"
platform_comparison,raspberry_pi,Twofish,CTR,192,256,throughput_enc,3,0.8809870473606155,0.8809870473606155,0.0,0.0,"raspberry_experience1_20260718.csv, raspberry_experience2_20260718.csv, raspberry_experience3_20260718.csv"
platform_comparison,raspberry_pi,Twofish,CTR,192,1024,avalanche,3,0.4990755208333333,0.4990755208333333,0.0,0.0,"raspberry_experience1_20260718.csv, raspberry_experience2_20260718.csv, raspberry_experience3_20260718.csv"
platform_comparison,raspberry_pi,Twofish,CTR,192,1024,ci95_enc,3,0.013379458836929538,0.013379458836929538,0.0,0.0,"raspberry_experience1_20260718.csv, raspberry_experience2_20260718.csv, raspberry_experience3_20260718.csv"
platform_comparison,raspberry_pi,Twofish,CTR,192,1024,key_avalanche,3,0.4994661458333333,0.4994661458333333,0.0,0.0,"raspberry_experience1_20260718.csv, raspberry_experience2_20260718.csv, raspberry_experience3_20260718.csv"
platform_comparison,raspberry_pi,Twofish,CTR,192,1024,throughput_dec,3,0.9153234765308303,0.9153234765308303,0.0,0.0,"raspberry_experience1_20260718.csv, raspberry_experience2_20260718.csv, raspberry_experience3_20260718.csv"
platform_comparison,raspberry_pi,Twofish,CTR,192,1024,throughput_enc,3,0.9058515606477155,0.9058515606477155,0.0,0.0,"raspberry_experience1_20260718.csv, raspberry_experience2_20260718.csv, raspberry_experience3_20260718.csv"
platform_comparison,raspberry_pi,Twofish,CTR,192,4096,avalanche,3,0.4965625,0.4965625,0.0,0.0,"raspberry_experience1_20260718.csv, raspberry_experience2_20260718.csv, raspberry_experience3_20260718.csv"
platform_comparison,raspberry_pi,Twofish,CTR,192,4096,ci95_enc,3,0.008625199645813602,0.008625199645813602,0.0,0.0,"raspberry_experience1_20260718.csv, raspberry_experience2_20260718.csv, raspberry_experience3_20260718.csv"
platform_comparison,raspberry_pi,Twofish,CTR,192,4096,key_avalanche,3,0.5016276041666666,0.5016276041666666,0.0,0.0,"raspberry_experience1_20260718.csv, raspberry_experience2_20260718.csv, raspberry_experience3_20260718.csv"
platform_comparison,raspberry_pi,Twofish,CTR,192,4096,throughput_dec,3,0.9915083051151904,0.9915083051151904,0.0,0.0,"raspberry_experience1_20260718.csv, raspberry_experience2_20260718.csv, raspberry_experience3_20260718.csv"
platform_comparison,raspberry_pi,Twofish,CTR,192,4096,throughput_enc,3,0.9824440788214784,0.9824440788214784,0.0,0.0,"raspberry_experience1_20260718.csv, raspberry_experience2_20260718.csv, raspberry_experience3_20260718.csv"
platform_comparison,raspberry_pi,Twofish,CTR,192,16384,avalanche,3,0.4963151041666667,0.4963151041666667,0.0,0.0,"raspberry_experience1_20260718.csv, raspberry_experience2_20260718.csv, raspberry_experience3_20260718.csv"
platform_comparison,raspberry_pi,Twofish,CTR,192,16384,ci95_enc,3,0.004487462524692648,0.004487462524692648,0.0,0.0,"raspberry_experience1_20260718.csv, raspberry_experience2_20260718.csv, raspberry_experience3_20260718.csv"
platform_comparison,raspberry_pi,Twofish,CTR,192,16384,key_avalanche,3,0.49973958333333335,0.49973958333333335,0.0,0.0,"raspberry_experience1_20260718.csv, raspberry_experience2_20260718.csv, raspberry_experience3_20260718.csv"
platform_comparison,raspberry_pi,Twofish,CTR,192,16384,throughput_dec,3,0.9779036987934632,0.9779036987934632,0.0,0.0,"raspberry_experience1_20260718.csv, raspberry_experience2_20260718.csv, raspberry_experience3_20260718.csv"
platform_comparison,raspberry_pi,Twofish,CTR,192,16384,throughput_enc,3,1.0239702144741736,1.0239702144741736,0.0,0.0,"raspberry_experience1_20260718.csv, raspberry_experience2_20260718.csv, raspberry_experience3_20260718.csv"
platform_comparison,raspberry_pi,Twofish,CTR,256,64,avalanche,3,0.5002864583333334,0.5002864583333334,0.0,0.0,"raspberry_experience1_20260718.csv, raspberry_experience2_20260718.csv, raspberry_experience3_20260718.csv"
platform_comparison,raspberry_pi,Twofish,CTR,256,64,ci95_enc,3,0.03446964377099417,0.03446964377099417,0.0,0.0,"raspberry_experience1_20260718.csv, raspberry_experience2_20260718.csv, raspberry_experience3_20260718.csv"
platform_comparison,raspberry_pi,Twofish,CTR,256,64,key_avalanche,3,0.49811197916666666,0.49811197916666666,0.0,0.0,"raspberry_experience1_20260718.csv, raspberry_experience2_20260718.csv, raspberry_experience3_20260718.csv"
platform_comparison,raspberry_pi,Twofish,CTR,256,64,throughput_dec,3,0.79235857583721,0.79235857583721,0.0,0.0,"raspberry_experience1_20260718.csv, raspberry_experience2_20260718.csv, raspberry_experience3_20260718.csv"
platform_comparison,raspberry_pi,Twofish,CTR,256,64,throughput_enc,3,0.7581090163682239,0.7581090163682239,0.0,0.0,"raspberry_experience1_20260718.csv, raspberry_experience2_20260718.csv, raspberry_experience3_20260718.csv"
platform_comparison,raspberry_pi,Twofish,CTR,256,256,avalanche,3,0.4995572916666666,0.4995572916666666,0.0,0.0,"raspberry_experience1_20260718.csv, raspberry_experience2_20260718.csv, raspberry_experience3_20260718.csv"
platform_comparison,raspberry_pi,Twofish,CTR,256,256,ci95_enc,3,0.019042612880927626,0.019042612880927626,0.0,0.0,"raspberry_experience1_20260718.csv, raspberry_experience2_20260718.csv, raspberry_experience3_20260718.csv"
platform_comparison,raspberry_pi,Twofish,CTR,256,256,key_avalanche,3,0.5002473958333333,0.5002473958333333,0.0,0.0,"raspberry_experience1_20260718.csv, raspberry_experience2_20260718.csv, raspberry_experience3_20260718.csv"
platform_comparison,raspberry_pi,Twofish,CTR,256,256,throughput_dec,3,0.8799320042386247,0.8799320042386247,0.0,0.0,"raspberry_experience1_20260718.csv, raspberry_experience2_20260718.csv, raspberry_experience3_20260718.csv"
platform_comparison,raspberry_pi,Twofish,CTR,256,256,throughput_enc,3,0.8603703055360706,0.8603703055360706,0.0,0.0,"raspberry_experience1_20260718.csv, raspberry_experience2_20260718.csv, raspberry_experience3_20260718.csv"
platform_comparison,raspberry_pi,Twofish,CTR,256,1024,avalanche,3,0.4988151041666667,0.4988151041666667,0.0,0.0,"raspberry_experience1_20260718.csv, raspberry_experience2_20260718.csv, raspberry_experience3_20260718.csv"
platform_comparison,raspberry_pi,Twofish,CTR,256,1024,ci95_enc,3,0.012709024164096328,0.012709024164096328,0.0,0.0,"raspberry_experience1_20260718.csv, raspberry_experience2_20260718.csv, raspberry_experience3_20260718.csv"
platform_comparison,raspberry_pi,Twofish,CTR,256,1024,key_avalanche,3,0.49523437499999995,0.49523437499999995,0.0,0.0,"raspberry_experience1_20260718.csv, raspberry_experience2_20260718.csv, raspberry_experience3_20260718.csv"
platform_comparison,raspberry_pi,Twofish,CTR,256,1024,throughput_dec,3,0.898522184936271,0.898522184936271,0.0,0.0,"raspberry_experience1_20260718.csv, raspberry_experience2_20260718.csv, raspberry_experience3_20260718.csv"
platform_comparison,raspberry_pi,Twofish,CTR,256,1024,throughput_enc,3,0.8906110243658686,0.8906110243658686,0.0,0.0,"raspberry_experience1_20260718.csv, raspberry_experience2_20260718.csv, raspberry_experience3_20260718.csv"
platform_comparison,raspberry_pi,Twofish,CTR,256,4096,avalanche,3,0.5017578125000001,0.5017578125000001,0.0,0.0,"raspberry_experience1_20260718.csv, raspberry_experience2_20260718.csv, raspberry_experience3_20260718.csv"
platform_comparison,raspberry_pi,Twofish,CTR,256,4096,ci95_enc,3,0.009902480477341167,0.009902480477341167,0.0,0.0,"raspberry_experience1_20260718.csv, raspberry_experience2_20260718.csv, raspberry_experience3_20260718.csv"
platform_comparison,raspberry_pi,Twofish,CTR,256,4096,key_avalanche,3,0.4981510416666666,0.4981510416666666,0.0,0.0,"raspberry_experience1_20260718.csv, raspberry_experience2_20260718.csv, raspberry_experience3_20260718.csv"
platform_comparison,raspberry_pi,Twofish,CTR,256,4096,throughput_dec,3,0.9863549403576615,0.9863549403576615,0.0,0.0,"raspberry_experience1_20260718.csv, raspberry_experience2_20260718.csv, raspberry_experience3_20260718.csv"
platform_comparison,raspberry_pi,Twofish,CTR,256,4096,throughput_enc,3,0.9786846290445094,0.9786846290445094,0.0,0.0,"raspberry_experience1_20260718.csv, raspberry_experience2_20260718.csv, raspberry_experience3_20260718.csv"
platform_comparison,raspberry_pi,Twofish,CTR,256,16384,avalanche,3,0.497109375,0.497109375,0.0,0.0,"raspberry_experience1_20260718.csv, raspberry_experience2_20260718.csv, raspberry_experience3_20260718.csv"
platform_comparison,raspberry_pi,Twofish,CTR,256,16384,ci95_enc,3,0.0038513343993043067,0.0038513343993043067,0.0,0.0,"raspberry_experience1_20260718.csv, raspberry_experience2_20260718.csv, raspberry_experience3_20260718.csv"
platform_comparison,raspberry_pi,Twofish,CTR,256,16384,key_avalanche,3,0.5011588541666666,0.5011588541666666,0.0,0.0,"raspberry_experience1_20260718.csv, raspberry_experience2_20260718.csv, raspberry_experience3_20260718.csv"
platform_comparison,raspberry_pi,Twofish,CTR,256,16384,throughput_dec,3,1.0363438659861195,1.0363438659861195,0.0,0.0,"raspberry_experience1_20260718.csv, raspberry_experience2_20260718.csv, raspberry_experience3_20260718.csv"
platform_comparison,raspberry_pi,Twofish,CTR,256,16384,throughput_enc,3,1.0270459863273451,1.0270459863273451,0.0,0.0,"raspberry_experience1_20260718.csv, raspberry_experience2_20260718.csv, raspberry_experience3_20260718.csv"
platform_comparison,raspberry_pi,Twofish,ECB,128,64,avalanche,3,0.49834635416666667,0.49834635416666667,0.0,0.0,"raspberry_experience1_20260718.csv, raspberry_experience2_20260718.csv, raspberry_experience3_20260718.csv"
platform_comparison,raspberry_pi,Twofish,ECB,128,64,ci95_enc,3,0.05801891517429022,0.05801891517429022,0.0,0.0,"raspberry_experience1_20260718.csv, raspberry_experience2_20260718.csv, raspberry_experience3_20260718.csv"
platform_comparison,raspberry_pi,Twofish,ECB,128,64,key_avalanche,3,0.5002213541666667,0.5002213541666667,0.0,0.0,"raspberry_experience1_20260718.csv, raspberry_experience2_20260718.csv, raspberry_experience3_20260718.csv"
platform_comparison,raspberry_pi,Twofish,ECB,128,64,throughput_dec,3,0.9458326883824512,0.9458326883824512,0.0,0.0,"raspberry_experience1_20260718.csv, raspberry_experience2_20260718.csv, raspberry_experience3_20260718.csv"
platform_comparison,raspberry_pi,Twofish,ECB,128,64,throughput_enc,3,0.8727771212009711,0.8727771212009711,0.0,0.0,"raspberry_experience1_20260718.csv, raspberry_experience2_20260718.csv, raspberry_experience3_20260718.csv"
platform_comparison,raspberry_pi,Twofish,ECB,128,256,avalanche,3,0.49895833333333334,0.49895833333333334,0.0,0.0,"raspberry_experience1_20260718.csv, raspberry_experience2_20260718.csv, raspberry_experience3_20260718.csv"
platform_comparison,raspberry_pi,Twofish,ECB,128,256,ci95_enc,3,0.023920886342152222,0.023920886342152222,0.0,0.0,"raspberry_experience1_20260718.csv, raspberry_experience2_20260718.csv, raspberry_experience3_20260718.csv"
platform_comparison,raspberry_pi,Twofish,ECB,128,256,key_avalanche,3,0.5020182291666666,0.5020182291666666,0.0,0.0,"raspberry_experience1_20260718.csv, raspberry_experience2_20260718.csv, raspberry_experience3_20260718.csv"
platform_comparison,raspberry_pi,Twofish,ECB,128,256,throughput_dec,3,1.2408081668208266,1.2408081668208266,0.0,0.0,"raspberry_experience1_20260718.csv, raspberry_experience2_20260718.csv, raspberry_experience3_20260718.csv"
platform_comparison,raspberry_pi,Twofish,ECB,128,256,throughput_enc,3,1.1740892903092126,1.1740892903092126,0.0,0.0,"raspberry_experience1_20260718.csv, raspberry_experience2_20260718.csv, raspberry_experience3_20260718.csv"
platform_comparison,raspberry_pi,Twofish,ECB,128,1024,avalanche,3,0.4994010416666667,0.4994010416666667,0.0,0.0,"raspberry_experience1_20260718.csv, raspberry_experience2_20260718.csv, raspberry_experience3_20260718.csv"
platform_comparison,raspberry_pi,Twofish,ECB,128,1024,ci95_enc,3,0.013348834331066567,0.013348834331066567,0.0,0.0,"raspberry_experience1_20260718.csv, raspberry_experience2_20260718.csv, raspberry_experience3_20260718.csv"
platform_comparison,raspberry_pi,Twofish,ECB,128,1024,key_avalanche,3,0.49815104166666674,0.49815104166666674,0.0,0.0,"raspberry_experience1_20260718.csv, raspberry_experience2_20260718.csv, raspberry_experience3_20260718.csv"
platform_comparison,raspberry_pi,Twofish,ECB,128,1024,throughput_dec,3,1.250961993952095,1.250961993952095,0.0,0.0,"raspberry_experience1_20260718.csv, raspberry_experience2_20260718.csv, raspberry_experience3_20260718.csv"
platform_comparison,raspberry_pi,Twofish,ECB,128,1024,throughput_enc,3,1.2331481914886833,1.2331481914886833,0.0,0.0,"raspberry_experience1_20260718.csv, raspberry_experience2_20260718.csv, raspberry_experience3_20260718.csv"
platform_comparison,raspberry_pi,Twofish,ECB,128,4096,avalanche,3,0.49890625000000005,0.49890625000000005,0.0,0.0,"raspberry_experience1_20260718.csv, raspberry_experience2_20260718.csv, raspberry_experience3_20260718.csv"
platform_comparison,raspberry_pi,Twofish,ECB,128,4096,ci95_enc,3,0.008251284957602833,0.008251284957602833,0.0,0.0,"raspberry_experience1_20260718.csv, raspberry_experience2_20260718.csv, raspberry_experience3_20260718.csv"
platform_comparison,raspberry_pi,Twofish,ECB,128,4096,key_avalanche,3,0.49906249999999996,0.49906249999999996,0.0,0.0,"raspberry_experience1_20260718.csv, raspberry_experience2_20260718.csv, raspberry_experience3_20260718.csv"
platform_comparison,raspberry_pi,Twofish,ECB,128,4096,throughput_dec,3,1.3385131210609114,1.3385131210609114,0.0,0.0,"raspberry_experience1_20260718.csv, raspberry_experience2_20260718.csv, raspberry_experience3_20260718.csv"
platform_comparison,raspberry_pi,Twofish,ECB,128,4096,throughput_enc,3,1.3106525966205487,1.3106525966205487,0.0,0.0,"raspberry_experience1_20260718.csv, raspberry_experience2_20260718.csv, raspberry_experience3_20260718.csv"
platform_comparison,raspberry_pi,Twofish,ECB,128,16384,avalanche,3,0.4984114583333333,0.4984114583333333,0.0,0.0,"raspberry_experience1_20260718.csv, raspberry_experience2_20260718.csv, raspberry_experience3_20260718.csv"
platform_comparison,raspberry_pi,Twofish,ECB,128,16384,ci95_enc,3,0.0035671709316369015,0.0035671709316369015,0.0,0.0,"raspberry_experience1_20260718.csv, raspberry_experience2_20260718.csv, raspberry_experience3_20260718.csv"
platform_comparison,raspberry_pi,Twofish,ECB,128,16384,key_avalanche,3,0.4998046875,0.4998046875,0.0,0.0,"raspberry_experience1_20260718.csv, raspberry_experience2_20260718.csv, raspberry_experience3_20260718.csv"
platform_comparison,raspberry_pi,Twofish,ECB,128,16384,throughput_dec,3,1.3689555744564037,1.3689555744564037,0.0,0.0,"raspberry_experience1_20260718.csv, raspberry_experience2_20260718.csv, raspberry_experience3_20260718.csv"
platform_comparison,raspberry_pi,Twofish,ECB,128,16384,throughput_enc,3,1.338302163456109,1.338302163456109,0.0,0.0,"raspberry_experience1_20260718.csv, raspberry_experience2_20260718.csv, raspberry_experience3_20260718.csv"
platform_comparison,raspberry_pi,Twofish,ECB,192,64,avalanche,3,0.49966145833333336,0.49966145833333336,0.0,0.0,"raspberry_experience1_20260718.csv, raspberry_experience2_20260718.csv, raspberry_experience3_20260718.csv"
platform_comparison,raspberry_pi,Twofish,ECB,192,64,ci95_enc,3,0.038030963329779816,0.038030963329779816,0.0,0.0,"raspberry_experience1_20260718.csv, raspberry_experience2_20260718.csv, raspberry_experience3_20260718.csv"
platform_comparison,raspberry_pi,Twofish,ECB,192,64,key_avalanche,3,0.5000781249999999,0.5000781249999999,0.0,0.0,"raspberry_experience1_20260718.csv, raspberry_experience2_20260718.csv, raspberry_experience3_20260718.csv"
platform_comparison,raspberry_pi,Twofish,ECB,192,64,throughput_dec,3,0.9687056602631866,0.9687056602631866,0.0,0.0,"raspberry_experience1_20260718.csv, raspberry_experience2_20260718.csv, raspberry_experience3_20260718.csv"
platform_comparison,raspberry_pi,Twofish,ECB,192,64,throughput_enc,3,0.917830795361855,0.917830795361855,0.0,0.0,"raspberry_experience1_20260718.csv, raspberry_experience2_20260718.csv, raspberry_experience3_20260718.csv"
platform_comparison,raspberry_pi,Twofish,ECB,192,256,avalanche,3,0.4991145833333333,0.4991145833333333,0.0,0.0,"raspberry_experience1_20260718.csv, raspberry_experience2_20260718.csv, raspberry_experience3_20260718.csv"
platform_comparison,raspberry_pi,Twofish,ECB,192,256,ci95_enc,3,0.043370562288084606,0.043370562288084606,0.0,0.0,"raspberry_experience1_20260718.csv, raspberry_experience2_20260718.csv, raspberry_experience3_20260718.csv"
platform_comparison,raspberry_pi,Twofish,ECB,192,256,key_avalanche,3,0.5005468750000001,0.5005468750000001,0.0,0.0,"raspberry_experience1_20260718.csv, raspberry_experience2_20260718.csv, raspberry_experience3_20260718.csv"
platform_comparison,raspberry_pi,Twofish,ECB,192,256,throughput_dec,3,1.2389180792434173,1.2389180792434173,0.0,0.0,"raspberry_experience1_20260718.csv, raspberry_experience2_20260718.csv, raspberry_experience3_20260718.csv"
platform_comparison,raspberry_pi,Twofish,ECB,192,256,throughput_enc,3,1.1453632898022084,1.1453632898022084,0.0,0.0,"raspberry_experience1_20260718.csv, raspberry_experience2_20260718.csv, raspberry_experience3_20260718.csv"
platform_comparison,raspberry_pi,Twofish,ECB,192,1024,avalanche,3,0.4966276041666667,0.4966276041666667,0.0,0.0,"raspberry_experience1_20260718.csv, raspberry_experience2_20260718.csv, raspberry_experience3_20260718.csv"
platform_comparison,raspberry_pi,Twofish,ECB,192,1024,ci95_enc,3,0.026612685013073987,0.026612685013073987,0.0,0.0,"raspberry_experience1_20260718.csv, raspberry_experience2_20260718.csv, raspberry_experience3_20260718.csv"
platform_comparison,raspberry_pi,Twofish,ECB,192,1024,key_avalanche,3,0.5003125,0.5003125,0.0,0.0,"raspberry_experience1_20260718.csv, raspberry_experience2_20260718.csv, raspberry_experience3_20260718.csv"
platform_comparison,raspberry_pi,Twofish,ECB,192,1024,throughput_dec,3,1.268363073830696,1.268363073830696,0.0,0.0,"raspberry_experience1_20260718.csv, raspberry_experience2_20260718.csv, raspberry_experience3_20260718.csv"
platform_comparison,raspberry_pi,Twofish,ECB,192,1024,throughput_enc,3,1.1984165484040687,1.1984165484040687,0.0,0.0,"raspberry_experience1_20260718.csv, raspberry_experience2_20260718.csv, raspberry_experience3_20260718.csv"
platform_comparison,raspberry_pi,Twofish,ECB,192,4096,avalanche,3,0.49957031249999995,0.49957031249999995,0.0,0.0,"raspberry_experience1_20260718.csv, raspberry_experience2_20260718.csv, raspberry_experience3_20260718.csv"
platform_comparison,raspberry_pi,Twofish,ECB,192,4096,ci95_enc,3,0.00931711741347482,0.00931711741347482,0.0,0.0,"raspberry_experience1_20260718.csv, raspberry_experience2_20260718.csv, raspberry_experience3_20260718.csv"
platform_comparison,raspberry_pi,Twofish,ECB,192,4096,key_avalanche,3,0.4995833333333333,0.4995833333333333,0.0,0.0,"raspberry_experience1_20260718.csv, raspberry_experience2_20260718.csv, raspberry_experience3_20260718.csv"
platform_comparison,raspberry_pi,Twofish,ECB,192,4096,throughput_dec,3,1.3177547126560658,1.3177547126560658,0.0,0.0,"raspberry_experience1_20260718.csv, raspberry_experience2_20260718.csv, raspberry_experience3_20260718.csv"
platform_comparison,raspberry_pi,Twofish,ECB,192,4096,throughput_enc,3,1.2877870668208249,1.2877870668208249,0.0,0.0,"raspberry_experience1_20260718.csv, raspberry_experience2_20260718.csv, raspberry_experience3_20260718.csv"
platform_comparison,raspberry_pi,Twofish,ECB,192,16384,avalanche,3,0.5027734375,0.5027734375,0.0,0.0,"raspberry_experience1_20260718.csv, raspberry_experience2_20260718.csv, raspberry_experience3_20260718.csv"
platform_comparison,raspberry_pi,Twofish,ECB,192,16384,ci95_enc,3,0.032168281208699086,0.032168281208699086,0.0,0.0,"raspberry_experience1_20260718.csv, raspberry_experience2_20260718.csv, raspberry_experience3_20260718.csv"
platform_comparison,raspberry_pi,Twofish,ECB,192,16384,key_avalanche,3,0.49834635416666667,0.49834635416666667,0.0,0.0,"raspberry_experience1_20260718.csv, raspberry_experience2_20260718.csv, raspberry_experience3_20260718.csv"
platform_comparison,raspberry_pi,Twofish,ECB,192,16384,throughput_dec,3,1.3681643117037587,1.3681643117037587,0.0,0.0,"raspberry_experience1_20260718.csv, raspberry_experience2_20260718.csv, raspberry_experience3_20260718.csv"
platform_comparison,raspberry_pi,Twofish,ECB,192,16384,throughput_enc,3,1.2500513705582277,1.2500513705582277,0.0,0.0,"raspberry_experience1_20260718.csv, raspberry_experience2_20260718.csv, raspberry_experience3_20260718.csv"
platform_comparison,raspberry_pi,Twofish,ECB,256,64,avalanche,3,0.49807291666666664,0.49807291666666664,0.0,0.0,"raspberry_experience1_20260718.csv, raspberry_experience2_20260718.csv, raspberry_experience3_20260718.csv"
platform_comparison,raspberry_pi,Twofish,ECB,256,64,ci95_enc,3,0.0394736473148675,0.0394736473148675,0.0,0.0,"raspberry_experience1_20260718.csv, raspberry_experience2_20260718.csv, raspberry_experience3_20260718.csv"
platform_comparison,raspberry_pi,Twofish,ECB,256,64,key_avalanche,3,0.4984765625,0.4984765625,0.0,0.0,"raspberry_experience1_20260718.csv, raspberry_experience2_20260718.csv, raspberry_experience3_20260718.csv"
platform_comparison,raspberry_pi,Twofish,ECB,256,64,throughput_dec,3,0.9960716614061246,0.9960716614061246,0.0,0.0,"raspberry_experience1_20260718.csv, raspberry_experience2_20260718.csv, raspberry_experience3_20260718.csv"
platform_comparison,raspberry_pi,Twofish,ECB,256,64,throughput_enc,3,0.935616243344546,0.935616243344546,0.0,0.0,"raspberry_experience1_20260718.csv, raspberry_experience2_20260718.csv, raspberry_experience3_20260718.csv"
platform_comparison,raspberry_pi,Twofish,ECB,256,256,avalanche,3,0.49731770833333333,0.49731770833333333,0.0,0.0,"raspberry_experience1_20260718.csv, raspberry_experience2_20260718.csv, raspberry_experience3_20260718.csv"
platform_comparison,raspberry_pi,Twofish,ECB,256,256,ci95_enc,3,0.01929505926936533,0.01929505926936533,0.0,0.0,"raspberry_experience1_20260718.csv, raspberry_experience2_20260718.csv, raspberry_experience3_20260718.csv"
platform_comparison,raspberry_pi,Twofish,ECB,256,256,key_avalanche,3,0.5022135416666667,0.5022135416666667,0.0,0.0,"raspberry_experience1_20260718.csv, raspberry_experience2_20260718.csv, raspberry_experience3_20260718.csv"
platform_comparison,raspberry_pi,Twofish,ECB,256,256,throughput_dec,3,1.2548914140523386,1.2548914140523386,0.0,0.0,"raspberry_experience1_20260718.csv, raspberry_experience2_20260718.csv, raspberry_experience3_20260718.csv"
platform_comparison,raspberry_pi,Twofish,ECB,256,256,throughput_enc,3,1.220532733854427,1.220532733854427,0.0,0.0,"raspberry_experience1_20260718.csv, raspberry_experience2_20260718.csv, raspberry_experience3_20260718.csv"
platform_comparison,raspberry_pi,Twofish,ECB,256,1024,avalanche,3,0.5010546875,0.5010546875,0.0,0.0,"raspberry_experience1_20260718.csv, raspberry_experience2_20260718.csv, raspberry_experience3_20260718.csv"
platform_comparison,raspberry_pi,Twofish,ECB,256,1024,ci95_enc,3,0.011556573471610617,0.011556573471610617,0.0,0.0,"raspberry_experience1_20260718.csv, raspberry_experience2_20260718.csv, raspberry_experience3_20260718.csv"
platform_comparison,raspberry_pi,Twofish,ECB,256,1024,key_avalanche,3,0.5010807291666666,0.5010807291666666,0.0,0.0,"raspberry_experience1_20260718.csv, raspberry_experience2_20260718.csv, raspberry_experience3_20260718.csv"
platform_comparison,raspberry_pi,Twofish,ECB,256,1024,throughput_dec,3,1.286676722905668,1.286676722905668,0.0,0.0,"raspberry_experience1_20260718.csv, raspberry_experience2_20260718.csv, raspberry_experience3_20260718.csv"
platform_comparison,raspberry_pi,Twofish,ECB,256,1024,throughput_enc,3,1.2568442063666816,1.2568442063666816,0.0,0.0,"raspberry_experience1_20260718.csv, raspberry_experience2_20260718.csv, raspberry_experience3_20260718.csv"
platform_comparison,raspberry_pi,Twofish,ECB,256,4096,avalanche,3,0.5003515625,0.5003515625,0.0,0.0,"raspberry_experience1_20260718.csv, raspberry_experience2_20260718.csv, raspberry_experience3_20260718.csv"
platform_comparison,raspberry_pi,Twofish,ECB,256,4096,ci95_enc,3,0.005833254076484789,0.005833254076484789,0.0,0.0,"raspberry_experience1_20260718.csv, raspberry_experience2_20260718.csv, raspberry_experience3_20260718.csv"
platform_comparison,raspberry_pi,Twofish,ECB,256,4096,key_avalanche,3,0.5008984375,0.5008984375,0.0,0.0,"raspberry_experience1_20260718.csv, raspberry_experience2_20260718.csv, raspberry_experience3_20260718.csv"
platform_comparison,raspberry_pi,Twofish,ECB,256,4096,throughput_dec,3,1.3461676801613436,1.3461676801613436,0.0,0.0,"raspberry_experience1_20260718.csv, raspberry_experience2_20260718.csv, raspberry_experience3_20260718.csv"
platform_comparison,raspberry_pi,Twofish,ECB,256,4096,throughput_enc,3,1.3193440049525431,1.3193440049525431,0.0,0.0,"raspberry_experience1_20260718.csv, raspberry_experience2_20260718.csv, raspberry_experience3_20260718.csv"
platform_comparison,raspberry_pi,Twofish,ECB,256,16384,avalanche,3,0.4990755208333333,0.4990755208333333,0.0,0.0,"raspberry_experience1_20260718.csv, raspberry_experience2_20260718.csv, raspberry_experience3_20260718.csv"
platform_comparison,raspberry_pi,Twofish,ECB,256,16384,ci95_enc,3,0.004578379309153107,0.004578379309153107,0.0,0.0,"raspberry_experience1_20260718.csv, raspberry_experience2_20260718.csv, raspberry_experience3_20260718.csv"
platform_comparison,raspberry_pi,Twofish,ECB,256,16384,key_avalanche,3,0.4967447916666667,0.4967447916666667,0.0,0.0,"raspberry_experience1_20260718.csv, raspberry_experience2_20260718.csv, raspberry_experience3_20260718.csv"
platform_comparison,raspberry_pi,Twofish,ECB,256,16384,throughput_dec,3,1.3894680879012107,1.3894680879012107,0.0,0.0,"raspberry_experience1_20260718.csv, raspberry_experience2_20260718.csv, raspberry_experience3_20260718.csv"
platform_comparison,raspberry_pi,Twofish,ECB,256,16384,throughput_enc,3,1.355246895379538,1.355246895379538,0.0,0.0,"raspberry_experience1_20260718.csv, raspberry_experience2_20260718.csv, raspberry_experience3_20260718.csv"
platform_comparison,x86,3DES,CBC,128,64,avalanche,4,0.4982617187499999,0.4982617187499999,0.0,0.0,"windows_experience1_20260718.csv, windows_experience2_20260718.csv, windows_experience3_20260718.csv, windows_experience4_20260723.csv"
platform_comparison,x86,3DES,CBC,128,64,ci95_enc,4,0.062182784644561985,0.062182784644561985,0.0,0.0,"windows_experience1_20260718.csv, windows_experience2_20260718.csv, windows_experience3_20260718.csv, windows_experience4_20260723.csv"
platform_comparison,x86,3DES,CBC,128,64,key_avalanche,4,0.4303515625,0.4303515625,0.0,0.0,"windows_experience1_20260718.csv, windows_experience2_20260718.csv, windows_experience3_20260718.csv, windows_experience4_20260723.csv"
platform_comparison,x86,3DES,CBC,128,64,throughput_dec,4,0.6157396890534527,0.6157396890534527,0.0,0.0,"windows_experience1_20260718.csv, windows_experience2_20260718.csv, windows_experience3_20260718.csv, windows_experience4_20260723.csv"
platform_comparison,x86,3DES,CBC,128,64,throughput_enc,4,0.737664556889757,0.737664556889757,0.0,0.0,"windows_experience1_20260718.csv, windows_experience2_20260718.csv, windows_experience3_20260718.csv, windows_experience4_20260723.csv"
platform_comparison,x86,3DES,CBC,128,256,avalanche,4,0.50017578125,0.50017578125,0.0,0.0,"windows_experience1_20260718.csv, windows_experience2_20260718.csv, windows_experience3_20260718.csv, windows_experience4_20260723.csv"
platform_comparison,x86,3DES,CBC,128,256,ci95_enc,4,0.055215165139866434,0.055215165139866434,0.0,0.0,"windows_experience1_20260718.csv, windows_experience2_20260718.csv, windows_experience3_20260718.csv, windows_experience4_20260723.csv"
platform_comparison,x86,3DES,CBC,128,256,key_avalanche,4,0.43966796875,0.43966796875,0.0,0.0,"windows_experience1_20260718.csv, windows_experience2_20260718.csv, windows_experience3_20260718.csv, windows_experience4_20260723.csv"
platform_comparison,x86,3DES,CBC,128,256,throughput_dec,4,1.8845879188293453,1.8845879188293453,0.0,0.0,"windows_experience1_20260718.csv, windows_experience2_20260718.csv, windows_experience3_20260718.csv, windows_experience4_20260723.csv"
platform_comparison,x86,3DES,CBC,128,256,throughput_enc,4,0.8035301745693176,0.8035301745693176,0.0,0.0,"windows_experience1_20260718.csv, windows_experience2_20260718.csv, windows_experience3_20260718.csv, windows_experience4_20260723.csv"
platform_comparison,x86,3DES,CBC,128,1024,avalanche,4,0.50216796875,0.50216796875,0.0,0.0,"windows_experience1_20260718.csv, windows_experience2_20260718.csv, windows_experience3_20260718.csv, windows_experience4_20260723.csv"
platform_comparison,x86,3DES,CBC,128,1024,ci95_enc,4,0.045992923316284434,0.045992923316284434,0.0,0.0,"windows_experience1_20260718.csv, windows_experience2_20260718.csv, windows_experience3_20260718.csv, windows_experience4_20260723.csv"
platform_comparison,x86,3DES,CBC,128,1024,key_avalanche,4,0.447578125,0.447578125,0.0,0.0,"windows_experience1_20260718.csv, windows_experience2_20260718.csv, windows_experience3_20260718.csv, windows_experience4_20260723.csv"
platform_comparison,x86,3DES,CBC,128,1024,throughput_dec,4,3.206242578885517,3.206242578885517,0.0,0.0,"windows_experience1_20260718.csv, windows_experience2_20260718.csv, windows_experience3_20260718.csv, windows_experience4_20260723.csv"
platform_comparison,x86,3DES,CBC,128,1024,throughput_enc,4,0.823234385309312,0.823234385309312,0.0,0.0,"windows_experience1_20260718.csv, windows_experience2_20260718.csv, windows_experience3_20260718.csv, windows_experience4_20260723.csv"
platform_comparison,x86,3DES,CBC,128,4096,avalanche,4,0.50166015625,0.50166015625,0.0,0.0,"windows_experience1_20260718.csv, windows_experience2_20260718.csv, windows_experience3_20260718.csv, windows_experience4_20260723.csv"
platform_comparison,x86,3DES,CBC,128,4096,ci95_enc,4,0.027565109777406373,0.027565109777406373,0.0,0.0,"windows_experience1_20260718.csv, windows_experience2_20260718.csv, windows_experience3_20260718.csv, windows_experience4_20260723.csv"
platform_comparison,x86,3DES,CBC,128,4096,key_avalanche,4,0.43197265625000003,0.43197265625000003,0.0,0.0,"windows_experience1_20260718.csv, windows_experience2_20260718.csv, windows_experience3_20260718.csv, windows_experience4_20260723.csv"
platform_comparison,x86,3DES,CBC,128,4096,throughput_dec,4,4.00545776101022,4.00545776101022,0.0,0.0,"windows_experience1_20260718.csv, windows_experience2_20260718.csv, windows_experience3_20260718.csv, windows_experience4_20260723.csv"
platform_comparison,x86,3DES,CBC,128,4096,throughput_enc,4,0.8728403806733462,0.8728403806733462,0.0,0.0,"windows_experience1_20260718.csv, windows_experience2_20260718.csv, windows_experience3_20260718.csv, windows_experience4_20260723.csv"
platform_comparison,x86,3DES,CBC,128,16384,avalanche,4,0.50486328125,0.50486328125,0.0,0.0,"windows_experience1_20260718.csv, windows_experience2_20260718.csv, windows_experience3_20260718.csv, windows_experience4_20260723.csv"
platform_comparison,x86,3DES,CBC,128,16384,ci95_enc,4,0.014034656964172089,0.014034656964172089,0.0,0.0,"windows_experience1_20260718.csv, windows_experience2_20260718.csv, windows_experience3_20260718.csv, windows_experience4_20260723.csv"
platform_comparison,x86,3DES,CBC,128,16384,key_avalanche,4,0.43814453124999997,0.43814453124999997,0.0,0.0,"windows_experience1_20260718.csv, windows_experience2_20260718.csv, windows_experience3_20260718.csv, windows_experience4_20260723.csv"
platform_comparison,x86,3DES,CBC,128,16384,throughput_dec,4,4.468591249997507,4.468591249997507,0.0,0.0,"windows_experience1_20260718.csv, windows_experience2_20260718.csv, windows_experience3_20260718.csv, windows_experience4_20260723.csv"
platform_comparison,x86,3DES,CBC,128,16384,throughput_enc,4,0.8819113745581897,0.8819113745581897,0.0,0.0,"windows_experience1_20260718.csv, windows_experience2_20260718.csv, windows_experience3_20260718.csv, windows_experience4_20260723.csv"
platform_comparison,x86,3DES,CBC,192,64,avalanche,4,0.50173828125,0.50173828125,0.0,0.0,"windows_experience1_20260718.csv, windows_experience2_20260718.csv, windows_experience3_20260718.csv, windows_experience4_20260723.csv"
platform_comparison,x86,3DES,CBC,192,64,ci95_enc,4,0.04360136296121058,0.04360136296121058,0.0,0.0,"windows_experience1_20260718.csv, windows_experience2_20260718.csv, windows_experience3_20260718.csv, windows_experience4_20260723.csv"
platform_comparison,x86,3DES,CBC,192,64,key_avalanche,4,0.41728515625,0.41728515625,0.0,0.0,"windows_experience1_20260718.csv, windows_experience2_20260718.csv, windows_experience3_20260718.csv, windows_experience4_20260723.csv"
platform_comparison,x86,3DES,CBC,192,64,throughput_dec,4,0.53399595125762,0.53399595125762,0.0,0.0,"windows_experience1_20260718.csv, windows_experience2_20260718.csv, windows_experience3_20260718.csv, windows_experience4_20260723.csv"
platform_comparison,x86,3DES,CBC,192,64,throughput_enc,4,0.7258548401084404,0.7258548401084404,0.0,0.0,"windows_experience1_20260718.csv, windows_experience2_20260718.csv, windows_experience3_20260718.csv, windows_experience4_20260723.csv"
platform_comparison,x86,3DES,CBC,192,256,avalanche,4,0.4983984375,0.4983984375,0.0,0.0,"windows_experience1_20260718.csv, windows_experience2_20260718.csv, windows_experience3_20260718.csv, windows_experience4_20260723.csv"
platform_comparison,x86,3DES,CBC,192,256,ci95_enc,4,0.055497203219467675,0.055497203219467675,0.0,0.0,"windows_experience1_20260718.csv, windows_experience2_20260718.csv, windows_experience3_20260718.csv, windows_experience4_20260723.csv"
platform_comparison,x86,3DES,CBC,192,256,key_avalanche,4,0.42660156250000003,0.42660156250000003,0.0,0.0,"windows_experience1_20260718.csv, windows_experience2_20260718.csv, windows_experience3_20260718.csv, windows_experience4_20260723.csv"
platform_comparison,x86,3DES,CBC,192,256,throughput_dec,4,1.501809997165673,1.501809997165673,0.0,0.0,"windows_experience1_20260718.csv, windows_experience2_20260718.csv, windows_experience3_20260718.csv, windows_experience4_20260723.csv"
platform_comparison,x86,3DES,CBC,192,256,throughput_enc,4,0.7390459541197125,0.7390459541197125,0.0,0.0,"windows_experience1_20260718.csv, windows_experience2_20260718.csv, windows_experience3_20260718.csv, windows_experience4_20260723.csv"
platform_comparison,x86,3DES,CBC,192,1024,avalanche,4,0.5021484375,0.5021484375,0.0,0.0,"windows_experience1_20260718.csv, windows_experience2_20260718.csv, windows_experience3_20260718.csv, windows_experience4_20260723.csv"
platform_comparison,x86,3DES,CBC,192,1024,ci95_enc,4,0.040559042030091565,0.040559042030091565,0.0,0.0,"windows_experience1_20260718.csv, windows_experience2_20260718.csv, windows_experience3_20260718.csv, windows_experience4_20260723.csv"
platform_comparison,x86,3DES,CBC,192,1024,key_avalanche,4,0.43490234375000003,0.43490234375000003,0.0,0.0,"windows_experience1_20260718.csv, windows_experience2_20260718.csv, windows_experience3_20260718.csv, windows_experience4_20260723.csv"
platform_comparison,x86,3DES,CBC,192,1024,throughput_dec,4,3.134537858324188,3.134537858324188,0.0,0.0,"windows_experience1_20260718.csv, windows_experience2_20260718.csv, windows_experience3_20260718.csv, windows_experience4_20260723.csv"
platform_comparison,x86,3DES,CBC,192,1024,throughput_enc,4,0.862847574987581,0.862847574987581,0.0,0.0,"windows_experience1_20260718.csv, windows_experience2_20260718.csv, windows_experience3_20260718.csv, windows_experience4_20260723.csv"
platform_comparison,x86,3DES,CBC,192,4096,avalanche,4,0.5008203125,0.5008203125,0.0,0.0,"windows_experience1_20260718.csv, windows_experience2_20260718.csv, windows_experience3_20260718.csv, windows_experience4_20260723.csv"
platform_comparison,x86,3DES,CBC,192,4096,ci95_enc,4,0.023952582446913118,0.023952582446913118,0.0,0.0,"windows_experience1_20260718.csv, windows_experience2_20260718.csv, windows_experience3_20260718.csv, windows_experience4_20260723.csv"
platform_comparison,x86,3DES,CBC,192,4096,key_avalanche,4,0.43849609375,0.43849609375,0.0,0.0,"windows_experience1_20260718.csv, windows_experience2_20260718.csv, windows_experience3_20260718.csv, windows_experience4_20260723.csv"
platform_comparison,x86,3DES,CBC,192,4096,throughput_dec,4,4.099417170344043,4.099417170344043,0.0,0.0,"windows_experience1_20260718.csv, windows_experience2_20260718.csv, windows_experience3_20260718.csv, windows_experience4_20260723.csv"
platform_comparison,x86,3DES,CBC,192,4096,throughput_enc,4,0.876016474162113,0.876016474162113,0.0,0.0,"windows_experience1_20260718.csv, windows_experience2_20260718.csv, windows_experience3_20260718.csv, windows_experience4_20260723.csv"
platform_comparison,x86,3DES,CBC,192,16384,avalanche,4,0.49947265625,0.49947265625,0.0,0.0,"windows_experience1_20260718.csv, windows_experience2_20260718.csv, windows_experience3_20260718.csv, windows_experience4_20260723.csv"
platform_comparison,x86,3DES,CBC,192,16384,ci95_enc,4,0.014791524066281952,0.014791524066281952,0.0,0.0,"windows_experience1_20260718.csv, windows_experience2_20260718.csv, windows_experience3_20260718.csv, windows_experience4_20260723.csv"
platform_comparison,x86,3DES,CBC,192,16384,key_avalanche,4,0.444140625,0.444140625,0.0,0.0,"windows_experience1_20260718.csv, windows_experience2_20260718.csv, windows_experience3_20260718.csv, windows_experience4_20260723.csv"
platform_comparison,x86,3DES,CBC,192,16384,throughput_dec,4,4.661489312679368,4.661489312679368,0.0,0.0,"windows_experience1_20260718.csv, windows_experience2_20260718.csv, windows_experience3_20260718.csv, windows_experience4_20260723.csv"
platform_comparison,x86,3DES,CBC,192,16384,throughput_enc,4,0.8518220481177258,0.8518220481177258,0.0,0.0,"windows_experience1_20260718.csv, windows_experience2_20260718.csv, windows_experience3_20260718.csv, windows_experience4_20260723.csv"
platform_comparison,x86,3DES,CTR,128,64,avalanche,4,0.49947265625000004,0.49947265625000004,0.0,0.0,"windows_experience1_20260718.csv, windows_experience2_20260718.csv, windows_experience3_20260718.csv, windows_experience4_20260723.csv"
platform_comparison,x86,3DES,CTR,128,64,ci95_enc,4,0.04080518896912023,0.04080518896912023,0.0,0.0,"windows_experience1_20260718.csv, windows_experience2_20260718.csv, windows_experience3_20260718.csv, windows_experience4_20260723.csv"
platform_comparison,x86,3DES,CTR,128,64,key_avalanche,4,0.43878906249999994,0.43878906249999994,0.0,0.0,"windows_experience1_20260718.csv, windows_experience2_20260718.csv, windows_experience3_20260718.csv, windows_experience4_20260723.csv"
platform_comparison,x86,3DES,CTR,128,64,throughput_dec,4,0.7129023034149262,0.7129023034149262,0.0,0.0,"windows_experience1_20260718.csv, windows_experience2_20260718.csv, windows_experience3_20260718.csv, windows_experience4_20260723.csv"
platform_comparison,x86,3DES,CTR,128,64,throughput_enc,4,0.6751999880168262,0.6751999880168262,0.0,0.0,"windows_experience1_20260718.csv, windows_experience2_20260718.csv, windows_experience3_20260718.csv, windows_experience4_20260723.csv"
platform_comparison,x86,3DES,CTR,128,256,avalanche,4,0.49953125,0.49953125,0.0,0.0,"windows_experience1_20260718.csv, windows_experience2_20260718.csv, windows_experience3_20260718.csv, windows_experience4_20260723.csv"
platform_comparison,x86,3DES,CTR,128,256,ci95_enc,4,0.11572024147176216,0.11572024147176216,0.0,0.0,"windows_experience1_20260718.csv, windows_experience2_20260718.csv, windows_experience3_20260718.csv, windows_experience4_20260723.csv"
platform_comparison,x86,3DES,CTR,128,256,key_avalanche,4,0.43978515625000003,0.43978515625000003,0.0,0.0,"windows_experience1_20260718.csv, windows_experience2_20260718.csv, windows_experience3_20260718.csv, windows_experience4_20260723.csv"
platform_comparison,x86,3DES,CTR,128,256,throughput_dec,4,1.6092565704563302,1.6092565704563302,0.0,0.0,"windows_experience1_20260718.csv, windows_experience2_20260718.csv, windows_experience3_20260718.csv, windows_experience4_20260723.csv"
platform_comparison,x86,3DES,CTR,128,256,throughput_enc,4,1.6739515253571795,1.6739515253571795,0.0,0.0,"windows_experience1_20260718.csv, windows_experience2_20260718.csv, windows_experience3_20260718.csv, windows_experience4_20260723.csv"
platform_comparison,x86,3DES,CTR,128,1024,avalanche,4,0.50232421875,0.50232421875,0.0,0.0,"windows_experience1_20260718.csv, windows_experience2_20260718.csv, windows_experience3_20260718.csv, windows_experience4_20260723.csv"
platform_comparison,x86,3DES,CTR,128,1024,ci95_enc,4,0.18050670747511077,0.18050670747511077,0.0,0.0,"windows_experience1_20260718.csv, windows_experience2_20260718.csv, windows_experience3_20260718.csv, windows_experience4_20260723.csv"
platform_comparison,x86,3DES,CTR,128,1024,key_avalanche,4,0.434765625,0.434765625,0.0,0.0,"windows_experience1_20260718.csv, windows_experience2_20260718.csv, windows_experience3_20260718.csv, windows_experience4_20260723.csv"
platform_comparison,x86,3DES,CTR,128,1024,throughput_dec,4,2.798887955511998,2.798887955511998,0.0,0.0,"windows_experience1_20260718.csv, windows_experience2_20260718.csv, windows_experience3_20260718.csv, windows_experience4_20260723.csv"
platform_comparison,x86,3DES,CTR,128,1024,throughput_enc,4,2.6250234596303583,2.6250234596303583,0.0,0.0,"windows_experience1_20260718.csv, windows_experience2_20260718.csv, windows_experience3_20260718.csv, windows_experience4_20260723.csv"
platform_comparison,x86,3DES,CTR,128,4096,avalanche,4,0.50216796875,0.50216796875,0.0,0.0,"windows_experience1_20260718.csv, windows_experience2_20260718.csv, windows_experience3_20260718.csv, windows_experience4_20260723.csv"
platform_comparison,x86,3DES,CTR,128,4096,ci95_enc,4,0.15106974926439912,0.15106974926439912,0.0,0.0,"windows_experience1_20260718.csv, windows_experience2_20260718.csv, windows_experience3_20260718.csv, windows_experience4_20260723.csv"
platform_comparison,x86,3DES,CTR,128,4096,key_avalanche,4,0.43384765625,0.43384765625,0.0,0.0,"windows_experience1_20260718.csv, windows_experience2_20260718.csv, windows_experience3_20260718.csv, windows_experience4_20260723.csv"
platform_comparison,x86,3DES,CTR,128,4096,throughput_dec,4,3.3593600832993054,3.3593600832993054,0.0,0.0,"windows_experience1_20260718.csv, windows_experience2_20260718.csv, windows_experience3_20260718.csv, windows_experience4_20260723.csv"
platform_comparison,x86,3DES,CTR,128,4096,throughput_enc,4,3.226052671656765,3.226052671656765,0.0,0.0,"windows_experience1_20260718.csv, windows_experience2_20260718.csv, windows_experience3_20260718.csv, windows_experience4_20260723.csv"
platform_comparison,x86,3DES,CTR,128,16384,avalanche,4,0.4990234375,0.4990234375,0.0,0.0,"windows_experience1_20260718.csv, windows_experience2_20260718.csv, windows_experience3_20260718.csv, windows_experience4_20260723.csv"
platform_comparison,x86,3DES,CTR,128,16384,ci95_enc,4,0.08083033478443737,0.08083033478443737,0.0,0.0,"windows_experience1_20260718.csv, windows_experience2_20260718.csv, windows_experience3_20260718.csv, windows_experience4_20260723.csv"
platform_comparison,x86,3DES,CTR,128,16384,key_avalanche,4,0.43621093750000006,0.43621093750000006,0.0,0.0,"windows_experience1_20260718.csv, windows_experience2_20260718.csv, windows_experience3_20260718.csv, windows_experience4_20260723.csv"
platform_comparison,x86,3DES,CTR,128,16384,throughput_dec,4,3.5871732122966353,3.5871732122966353,0.0,0.0,"windows_experience1_20260718.csv, windows_experience2_20260718.csv, windows_experience3_20260718.csv, windows_experience4_20260723.csv"
platform_comparison,x86,3DES,CTR,128,16384,throughput_enc,4,3.6381115151457966,3.6381115151457966,0.0,0.0,"windows_experience1_20260718.csv, windows_experience2_20260718.csv, windows_experience3_20260718.csv, windows_experience4_20260723.csv"
platform_comparison,x86,3DES,CTR,192,64,avalanche,4,0.50208984375,0.50208984375,0.0,0.0,"windows_experience1_20260718.csv, windows_experience2_20260718.csv, windows_experience3_20260718.csv, windows_experience4_20260723.csv"
platform_comparison,x86,3DES,CTR,192,64,ci95_enc,4,0.042565826472641365,0.042565826472641365,0.0,0.0,"windows_experience1_20260718.csv, windows_experience2_20260718.csv, windows_experience3_20260718.csv, windows_experience4_20260723.csv"
platform_comparison,x86,3DES,CTR,192,64,key_avalanche,4,0.43855468750000004,0.43855468750000004,0.0,0.0,"windows_experience1_20260718.csv, windows_experience2_20260718.csv, windows_experience3_20260718.csv, windows_experience4_20260723.csv"
platform_comparison,x86,3DES,CTR,192,64,throughput_dec,4,0.5980240990940999,0.5980240990940999,0.0,0.0,"windows_experience1_20260718.csv, windows_experience2_20260718.csv, windows_experience3_20260718.csv, windows_experience4_20260723.csv"
platform_comparison,x86,3DES,CTR,192,64,throughput_enc,4,0.5532758922621239,0.5532758922621239,0.0,0.0,"windows_experience1_20260718.csv, windows_experience2_20260718.csv, windows_experience3_20260718.csv, windows_experience4_20260723.csv"
platform_comparison,x86,3DES,CTR,192,256,avalanche,4,0.4946484375,0.4946484375,0.0,0.0,"windows_experience1_20260718.csv, windows_experience2_20260718.csv, windows_experience3_20260718.csv, windows_experience4_20260723.csv"
platform_comparison,x86,3DES,CTR,192,256,ci95_enc,4,0.09119162817012172,0.09119162817012172,0.0,0.0,"windows_experience1_20260718.csv, windows_experience2_20260718.csv, windows_experience3_20260718.csv, windows_experience4_20260723.csv"
platform_comparison,x86,3DES,CTR,192,256,key_avalanche,4,0.4387890625,0.4387890625,0.0,0.0,"windows_experience1_20260718.csv, windows_experience2_20260718.csv, windows_experience3_20260718.csv, windows_experience4_20260723.csv"
platform_comparison,x86,3DES,CTR,192,256,throughput_dec,4,1.4716564686426419,1.4716564686426419,0.0,0.0,"windows_experience1_20260718.csv, windows_experience2_20260718.csv, windows_experience3_20260718.csv, windows_experience4_20260723.csv"
platform_comparison,x86,3DES,CTR,192,256,throughput_enc,4,1.5026795261519859,1.5026795261519859,0.0,0.0,"windows_experience1_20260718.csv, windows_experience2_20260718.csv, windows_experience3_20260718.csv, windows_experience4_20260723.csv"
platform_comparison,x86,3DES,CTR,192,1024,avalanche,4,0.5004296875,0.5004296875,0.0,0.0,"windows_experience1_20260718.csv, windows_experience2_20260718.csv, windows_experience3_20260718.csv, windows_experience4_20260723.csv"
platform_comparison,x86,3DES,CTR,192,1024,ci95_enc,4,0.14696887302716505,0.14696887302716505,0.0,0.0,"windows_experience1_20260718.csv, windows_experience2_20260718.csv, windows_experience3_20260718.csv, windows_experience4_20260723.csv"
platform_comparison,x86,3DES,CTR,192,1024,key_avalanche,4,0.43705078125,0.43705078125,0.0,0.0,"windows_experience1_20260718.csv, windows_experience2_20260718.csv, windows_experience3_20260718.csv, windows_experience4_20260723.csv"
platform_comparison,x86,3DES,CTR,192,1024,throughput_dec,4,2.6782800437597016,2.6782800437597016,0.0,0.0,"windows_experience1_20260718.csv, windows_experience2_20260718.csv, windows_experience3_20260718.csv, windows_experience4_20260723.csv"
platform_comparison,x86,3DES,CTR,192,1024,throughput_enc,4,2.573169650586674,2.573169650586674,0.0,0.0,"windows_experience1_20260718.csv, windows_experience2_20260718.csv, windows_experience3_20260718.csv, windows_experience4_20260723.csv"
platform_comparison,x86,3DES,CTR,192,4096,avalanche,4,0.50302734375,0.50302734375,0.0,0.0,"windows_experience1_20260718.csv, windows_experience2_20260718.csv, windows_experience3_20260718.csv, windows_experience4_20260723.csv"
platform_comparison,x86,3DES,CTR,192,4096,ci95_enc,4,0.12081955478380917,0.12081955478380917,0.0,0.0,"windows_experience1_20260718.csv, windows_experience2_20260718.csv, windows_experience3_20260718.csv, windows_experience4_20260723.csv"
platform_comparison,x86,3DES,CTR,192,4096,key_avalanche,4,0.4425,0.4425,0.0,0.0,"windows_experience1_20260718.csv, windows_experience2_20260718.csv, windows_experience3_20260718.csv, windows_experience4_20260723.csv"
platform_comparison,x86,3DES,CTR,192,4096,throughput_dec,4,3.3470540512316873,3.3470540512316873,0.0,0.0,"windows_experience1_20260718.csv, windows_experience2_20260718.csv, windows_experience3_20260718.csv, windows_experience4_20260723.csv"
platform_comparison,x86,3DES,CTR,192,4096,throughput_enc,4,3.245749239759875,3.245749239759875,0.0,0.0,"windows_experience1_20260718.csv, windows_experience2_20260718.csv, windows_experience3_20260718.csv, windows_experience4_20260723.csv"
platform_comparison,x86,3DES,CTR,192,16384,avalanche,4,0.50390625,0.50390625,0.0,0.0,"windows_experience1_20260718.csv, windows_experience2_20260718.csv, windows_experience3_20260718.csv, windows_experience4_20260723.csv"
platform_comparison,x86,3DES,CTR,192,16384,ci95_enc,4,0.08532125047373619,0.08532125047373619,0.0,0.0,"windows_experience1_20260718.csv, windows_experience2_20260718.csv, windows_experience3_20260718.csv, windows_experience4_20260723.csv"
platform_comparison,x86,3DES,CTR,192,16384,key_avalanche,4,0.44375,0.44375,0.0,0.0,"windows_experience1_20260718.csv, windows_experience2_20260718.csv, windows_experience3_20260718.csv, windows_experience4_20260723.csv"
platform_comparison,x86,3DES,CTR,192,16384,throughput_dec,4,3.4000612573530695,3.4000612573530695,0.0,0.0,"windows_experience1_20260718.csv, windows_experience2_20260718.csv, windows_experience3_20260718.csv, windows_experience4_20260723.csv"
platform_comparison,x86,3DES,CTR,192,16384,throughput_enc,4,3.5181131306788456,3.5181131306788456,0.0,0.0,"windows_experience1_20260718.csv, windows_experience2_20260718.csv, windows_experience3_20260718.csv, windows_experience4_20260723.csv"
platform_comparison,x86,3DES,ECB,128,64,avalanche,4,0.50087890625,0.50087890625,0.0,0.0,"windows_experience1_20260718.csv, windows_experience2_20260718.csv, windows_experience3_20260718.csv, windows_experience4_20260723.csv"
platform_comparison,x86,3DES,ECB,128,64,ci95_enc,4,0.08219480574851691,0.08219480574851691,0.0,0.0,"windows_experience1_20260718.csv, windows_experience2_20260718.csv, windows_experience3_20260718.csv, windows_experience4_20260723.csv"
platform_comparison,x86,3DES,ECB,128,64,key_avalanche,4,0.44201171875,0.44201171875,0.0,0.0,"windows_experience1_20260718.csv, windows_experience2_20260718.csv, windows_experience3_20260718.csv, windows_experience4_20260723.csv"
platform_comparison,x86,3DES,ECB,128,64,throughput_dec,4,0.8164515058012402,0.8164515058012402,0.0,0.0,"windows_experience1_20260718.csv, windows_experience2_20260718.csv, windows_experience3_20260718.csv, windows_experience4_20260723.csv"
platform_comparison,x86,3DES,ECB,128,64,throughput_enc,4,0.8075083666570373,0.8075083666570373,0.0,0.0,"windows_experience1_20260718.csv, windows_experience2_20260718.csv, windows_experience3_20260718.csv, windows_experience4_20260723.csv"
platform_comparison,x86,3DES,ECB,128,256,avalanche,4,0.500703125,0.500703125,0.0,0.0,"windows_experience1_20260718.csv, windows_experience2_20260718.csv, windows_experience3_20260718.csv, windows_experience4_20260723.csv"
platform_comparison,x86,3DES,ECB,128,256,ci95_enc,4,0.22020450975112343,0.22020450975112343,0.0,0.0,"windows_experience1_20260718.csv, windows_experience2_20260718.csv, windows_experience3_20260718.csv, windows_experience4_20260723.csv"
platform_comparison,x86,3DES,ECB,128,256,key_avalanche,4,0.43701171875,0.43701171875,0.0,0.0,"windows_experience1_20260718.csv, windows_experience2_20260718.csv, windows_experience3_20260718.csv, windows_experience4_20260723.csv"
platform_comparison,x86,3DES,ECB,128,256,throughput_dec,4,2.534762922595137,2.534762922595137,0.0,0.0,"windows_experience1_20260718.csv, windows_experience2_20260718.csv, windows_experience3_20260718.csv, windows_experience4_20260723.csv"
platform_comparison,x86,3DES,ECB,128,256,throughput_enc,4,2.7971766945072325,2.7971766945072325,0.0,0.0,"windows_experience1_20260718.csv, windows_experience2_20260718.csv, windows_experience3_20260718.csv, windows_experience4_20260723.csv"
platform_comparison,x86,3DES,ECB,128,1024,avalanche,4,0.49947265625,0.49947265625,0.0,0.0,"windows_experience1_20260718.csv, windows_experience2_20260718.csv, windows_experience3_20260718.csv, windows_experience4_20260723.csv"
platform_comparison,x86,3DES,ECB,128,1024,ci95_enc,4,0.3746837806589821,0.3746837806589821,0.0,0.0,"windows_experience1_20260718.csv, windows_experience2_20260718.csv, windows_experience3_20260718.csv, windows_experience4_20260723.csv"
platform_comparison,x86,3DES,ECB,128,1024,key_avalanche,4,0.44076171875000003,0.44076171875000003,0.0,0.0,"windows_experience1_20260718.csv, windows_experience2_20260718.csv, windows_experience3_20260718.csv, windows_experience4_20260723.csv"
platform_comparison,x86,3DES,ECB,128,1024,throughput_dec,4,6.351564728291756,6.351564728291756,0.0,0.0,"windows_experience1_20260718.csv, windows_experience2_20260718.csv, windows_experience3_20260718.csv, windows_experience4_20260723.csv"
platform_comparison,x86,3DES,ECB,128,1024,throughput_enc,4,7.071809342108404,7.071809342108404,0.0,0.0,"windows_experience1_20260718.csv, windows_experience2_20260718.csv, windows_experience3_20260718.csv, windows_experience4_20260723.csv"
platform_comparison,x86,3DES,ECB,128,4096,avalanche,4,0.5021093750000001,0.5021093750000001,0.0,0.0,"windows_experience1_20260718.csv, windows_experience2_20260718.csv, windows_experience3_20260718.csv, windows_experience4_20260723.csv"
platform_comparison,x86,3DES,ECB,128,4096,ci95_enc,4,0.48891075312865784,0.48891075312865784,0.0,0.0,"windows_experience1_20260718.csv, windows_experience2_20260718.csv, windows_experience3_20260718.csv, windows_experience4_20260723.csv"
platform_comparison,x86,3DES,ECB,128,4096,key_avalanche,4,0.44076171875,0.44076171875,0.0,0.0,"windows_experience1_20260718.csv, windows_experience2_20260718.csv, windows_experience3_20260718.csv, windows_experience4_20260723.csv"
platform_comparison,x86,3DES,ECB,128,4096,throughput_dec,4,10.951631577284601,10.951631577284601,0.0,0.0,"windows_experience1_20260718.csv, windows_experience2_20260718.csv, windows_experience3_20260718.csv, windows_experience4_20260723.csv"
platform_comparison,x86,3DES,ECB,128,4096,throughput_enc,4,10.615998970936023,10.615998970936023,0.0,0.0,"windows_experience1_20260718.csv, windows_experience2_20260718.csv, windows_experience3_20260718.csv, windows_experience4_20260723.csv"
platform_comparison,x86,3DES,ECB,128,16384,avalanche,4,0.5028515625000001,0.5028515625000001,0.0,0.0,"windows_experience1_20260718.csv, windows_experience2_20260718.csv, windows_experience3_20260718.csv, windows_experience4_20260723.csv"
platform_comparison,x86,3DES,ECB,128,16384,ci95_enc,4,0.3687629133446624,0.3687629133446624,0.0,0.0,"windows_experience1_20260718.csv, windows_experience2_20260718.csv, windows_experience3_20260718.csv, windows_experience4_20260723.csv"
platform_comparison,x86,3DES,ECB,128,16384,key_avalanche,4,0.43986328125,0.43986328125,0.0,0.0,"windows_experience1_20260718.csv, windows_experience2_20260718.csv, windows_experience3_20260718.csv, windows_experience4_20260723.csv"
platform_comparison,x86,3DES,ECB,128,16384,throughput_dec,4,13.007200569314126,13.007200569314126,0.0,0.0,"windows_experience1_20260718.csv, windows_experience2_20260718.csv, windows_experience3_20260718.csv, windows_experience4_20260723.csv"
platform_comparison,x86,3DES,ECB,128,16384,throughput_enc,4,12.464813660445767,12.464813660445767,0.0,0.0,"windows_experience1_20260718.csv, windows_experience2_20260718.csv, windows_experience3_20260718.csv, windows_experience4_20260723.csv"
platform_comparison,x86,3DES,ECB,192,64,avalanche,4,0.49705078124999996,0.49705078124999996,0.0,0.0,"windows_experience1_20260718.csv, windows_experience2_20260718.csv, windows_experience3_20260718.csv, windows_experience4_20260723.csv"
platform_comparison,x86,3DES,ECB,192,64,ci95_enc,4,0.06503612902978732,0.06503612902978732,0.0,0.0,"windows_experience1_20260718.csv, windows_experience2_20260718.csv, windows_experience3_20260718.csv, windows_experience4_20260723.csv"
platform_comparison,x86,3DES,ECB,192,64,key_avalanche,4,0.44949218750000003,0.44949218750000003,0.0,0.0,"windows_experience1_20260718.csv, windows_experience2_20260718.csv, windows_experience3_20260718.csv, windows_experience4_20260723.csv"
platform_comparison,x86,3DES,ECB,192,64,throughput_dec,4,0.646089907373712,0.646089907373712,0.0,0.0,"windows_experience1_20260718.csv, windows_experience2_20260718.csv, windows_experience3_20260718.csv, windows_experience4_20260723.csv"
platform_comparison,x86,3DES,ECB,192,64,throughput_enc,4,0.6347669291690808,0.6347669291690808,0.0,0.0,"windows_experience1_20260718.csv, windows_experience2_20260718.csv, windows_experience3_20260718.csv, windows_experience4_20260723.csv"
platform_comparison,x86,3DES,ECB,192,256,avalanche,4,0.50220703125,0.50220703125,0.0,0.0,"windows_experience1_20260718.csv, windows_experience2_20260718.csv, windows_experience3_20260718.csv, windows_experience4_20260723.csv"
platform_comparison,x86,3DES,ECB,192,256,ci95_enc,4,0.3119106809826556,0.3119106809826556,0.0,0.0,"windows_experience1_20260718.csv, windows_experience2_20260718.csv, windows_experience3_20260718.csv, windows_experience4_20260723.csv"
platform_comparison,x86,3DES,ECB,192,256,key_avalanche,4,0.43119140625,0.43119140625,0.0,0.0,"windows_experience1_20260718.csv, windows_experience2_20260718.csv, windows_experience3_20260718.csv, windows_experience4_20260723.csv"
platform_comparison,x86,3DES,ECB,192,256,throughput_dec,4,1.7158138190251404,1.7158138190251404,0.0,0.0,"windows_experience1_20260718.csv, windows_experience2_20260718.csv, windows_experience3_20260718.csv, windows_experience4_20260723.csv"
platform_comparison,x86,3DES,ECB,192,256,throughput_enc,4,1.749759124062151,1.749759124062151,0.0,0.0,"windows_experience1_20260718.csv, windows_experience2_20260718.csv, windows_experience3_20260718.csv, windows_experience4_20260723.csv"
platform_comparison,x86,3DES,ECB,192,1024,avalanche,4,0.5031054687500001,0.5031054687500001,0.0,0.0,"windows_experience1_20260718.csv, windows_experience2_20260718.csv, windows_experience3_20260718.csv, windows_experience4_20260723.csv"
platform_comparison,x86,3DES,ECB,192,1024,ci95_enc,4,0.3313903907871756,0.3313903907871756,0.0,0.0,"windows_experience1_20260718.csv, windows_experience2_20260718.csv, windows_experience3_20260718.csv, windows_experience4_20260723.csv"
platform_comparison,x86,3DES,ECB,192,1024,key_avalanche,4,0.43876953125,0.43876953125,0.0,0.0,"windows_experience1_20260718.csv, windows_experience2_20260718.csv, windows_experience3_20260718.csv, windows_experience4_20260723.csv"
platform_comparison,x86,3DES,ECB,192,1024,throughput_dec,4,5.8718658236294115,5.8718658236294115,0.0,0.0,"windows_experience1_20260718.csv, windows_experience2_20260718.csv, windows_experience3_20260718.csv, windows_experience4_20260723.csv"
platform_comparison,x86,3DES,ECB,192,1024,throughput_enc,4,5.598573622068131,5.598573622068131,0.0,0.0,"windows_experience1_20260718.csv, windows_experience2_20260718.csv, windows_experience3_20260718.csv, windows_experience4_20260723.csv"
platform_comparison,x86,3DES,ECB,192,4096,avalanche,4,0.502109375,0.502109375,0.0,0.0,"windows_experience1_20260718.csv, windows_experience2_20260718.csv, windows_experience3_20260718.csv, windows_experience4_20260723.csv"
platform_comparison,x86,3DES,ECB,192,4096,ci95_enc,4,0.4921647897261273,0.4921647897261273,0.0,0.0,"windows_experience1_20260718.csv, windows_experience2_20260718.csv, windows_experience3_20260718.csv, windows_experience4_20260723.csv"
platform_comparison,x86,3DES,ECB,192,4096,key_avalanche,4,0.42892578124999997,0.42892578124999997,0.0,0.0,"windows_experience1_20260718.csv, windows_experience2_20260718.csv, windows_experience3_20260718.csv, windows_experience4_20260723.csv"
platform_comparison,x86,3DES,ECB,192,4096,throughput_dec,4,9.540030083861925,9.540030083861925,0.0,0.0,"windows_experience1_20260718.csv, windows_experience2_20260718.csv, windows_experience3_20260718.csv, windows_experience4_20260723.csv"
platform_comparison,x86,3DES,ECB,192,4096,throughput_enc,4,8.806012107951577,8.806012107951577,0.0,0.0,"windows_experience1_20260718.csv, windows_experience2_20260718.csv, windows_experience3_20260718.csv, windows_experience4_20260723.csv"
platform_comparison,x86,3DES,ECB,192,16384,avalanche,4,0.49878906249999994,0.49878906249999994,0.0,0.0,"windows_experience1_20260718.csv, windows_experience2_20260718.csv, windows_experience3_20260718.csv, windows_experience4_20260723.csv"
platform_comparison,x86,3DES,ECB,192,16384,ci95_enc,4,0.33763838916096695,0.33763838916096695,0.0,0.0,"windows_experience1_20260718.csv, windows_experience2_20260718.csv, windows_experience3_20260718.csv, windows_experience4_20260723.csv"
platform_comparison,x86,3DES,ECB,192,16384,key_avalanche,4,0.44537109375,0.44537109375,0.0,0.0,"windows_experience1_20260718.csv, windows_experience2_20260718.csv, windows_experience3_20260718.csv, windows_experience4_20260723.csv"
platform_comparison,x86,3DES,ECB,192,16384,throughput_dec,4,12.589859658548745,12.589859658548745,0.0,0.0,"windows_experience1_20260718.csv, windows_experience2_20260718.csv, windows_experience3_20260718.csv, windows_experience4_20260723.csv"
platform_comparison,x86,3DES,ECB,192,16384,throughput_enc,4,12.194833256994018,12.194833256994018,0.0,0.0,"windows_experience1_20260718.csv, windows_experience2_20260718.csv, windows_experience3_20260718.csv, windows_experience4_20260723.csv"
platform_comparison,x86,AES,CBC,128,64,avalanche,4,0.501103515625,0.501103515625,0.0,0.0,"windows_experience1_20260718.csv, windows_experience2_20260718.csv, windows_experience3_20260718.csv, windows_experience4_20260723.csv"
platform_comparison,x86,AES,CBC,128,64,ci95_enc,4,0.034883805031346526,0.034883805031346526,0.0,0.0,"windows_experience1_20260718.csv, windows_experience2_20260718.csv, windows_experience3_20260718.csv, windows_experience4_20260723.csv"
platform_comparison,x86,AES,CBC,128,64,key_avalanche,4,0.499052734375,0.499052734375,0.0,0.0,"windows_experience1_20260718.csv, windows_experience2_20260718.csv, windows_experience3_20260718.csv, windows_experience4_20260723.csv"
platform_comparison,x86,AES,CBC,128,64,throughput_dec,4,1.4205289456972705,1.4205289456972705,0.0,0.0,"windows_experience1_20260718.csv, windows_experience2_20260718.csv, windows_experience3_20260718.csv, windows_experience4_20260723.csv"
platform_comparison,x86,AES,CBC,128,64,throughput_enc,4,0.4218206368215101,0.4218206368215101,0.0,0.0,"windows_experience1_20260718.csv, windows_experience2_20260718.csv, windows_experience3_20260718.csv, windows_experience4_20260723.csv"
platform_comparison,x86,AES,CBC,128,256,avalanche,4,0.49814453125,0.49814453125,0.0,0.0,"windows_experience1_20260718.csv, windows_experience2_20260718.csv, windows_experience3_20260718.csv, windows_experience4_20260723.csv"
platform_comparison,x86,AES,CBC,128,256,ci95_enc,4,0.03629626264489769,0.03629626264489769,0.0,0.0,"windows_experience1_20260718.csv, windows_experience2_20260718.csv, windows_experience3_20260718.csv, windows_experience4_20260723.csv"
platform_comparison,x86,AES,CBC,128,256,key_avalanche,4,0.49956054687499996,0.49956054687499996,0.0,0.0,"windows_experience1_20260718.csv, windows_experience2_20260718.csv, windows_experience3_20260718.csv, windows_experience4_20260723.csv"
platform_comparison,x86,AES,CBC,128,256,throughput_dec,4,4.364111318781857,4.364111318781857,0.0,0.0,"windows_experience1_20260718.csv, windows_experience2_20260718.csv, windows_experience3_20260718.csv, windows_experience4_20260723.csv"
platform_comparison,x86,AES,CBC,128,256,throughput_enc,4,0.5895165348589659,0.5895165348589659,0.0,0.0,"windows_experience1_20260718.csv, windows_experience2_20260718.csv, windows_experience3_20260718.csv, windows_experience4_20260723.csv"
platform_comparison,x86,AES,CBC,128,1024,avalanche,4,0.50068359375,0.50068359375,0.0,0.0,"windows_experience1_20260718.csv, windows_experience2_20260718.csv, windows_experience3_20260718.csv, windows_experience4_20260723.csv"
platform_comparison,x86,AES,CBC,128,1024,ci95_enc,4,0.026815518014749677,0.026815518014749677,0.0,0.0,"windows_experience1_20260718.csv, windows_experience2_20260718.csv, windows_experience3_20260718.csv, windows_experience4_20260723.csv"
platform_comparison,x86,AES,CBC,128,1024,key_avalanche,4,0.49905273437500003,0.49905273437500003,0.0,0.0,"windows_experience1_20260718.csv, windows_experience2_20260718.csv, windows_experience3_20260718.csv, windows_experience4_20260723.csv"
platform_comparison,x86,AES,CBC,128,1024,throughput_dec,4,6.031657217283721,6.031657217283721,0.0,0.0,"windows_experience1_20260718.csv, windows_experience2_20260718.csv, windows_experience3_20260718.csv, windows_experience4_20260723.csv"
platform_comparison,x86,AES,CBC,128,1024,throughput_enc,4,0.6304180861828033,0.6304180861828033,0.0,0.0,"windows_experience1_20260718.csv, windows_experience2_20260718.csv, windows_experience3_20260718.csv, windows_experience4_20260723.csv"
platform_comparison,x86,AES,CBC,128,4096,avalanche,4,0.5001171875,0.5001171875,0.0,0.0,"windows_experience1_20260718.csv, windows_experience2_20260718.csv, windows_experience3_20260718.csv, windows_experience4_20260723.csv"
platform_comparison,x86,AES,CBC,128,4096,ci95_enc,4,0.015015111645992535,0.015015111645992535,0.0,0.0,"windows_experience1_20260718.csv, windows_experience2_20260718.csv, windows_experience3_20260718.csv, windows_experience4_20260723.csv"
platform_comparison,x86,AES,CBC,128,4096,key_avalanche,4,0.49716796875,0.49716796875,0.0,0.0,"windows_experience1_20260718.csv, windows_experience2_20260718.csv, windows_experience3_20260718.csv, windows_experience4_20260723.csv"
platform_comparison,x86,AES,CBC,128,4096,throughput_dec,4,7.1228902168502,7.1228902168502,0.0,0.0,"windows_experience1_20260718.csv, windows_experience2_20260718.csv, windows_experience3_20260718.csv, windows_experience4_20260723.csv"
platform_comparison,x86,AES,CBC,128,4096,throughput_enc,4,0.630843241425796,0.630843241425796,0.0,0.0,"windows_experience1_20260718.csv, windows_experience2_20260718.csv, windows_experience3_20260718.csv, windows_experience4_20260723.csv"
platform_comparison,x86,AES,CBC,128,16384,avalanche,4,0.49962890625,0.49962890625,0.0,0.0,"windows_experience1_20260718.csv, windows_experience2_20260718.csv, windows_experience3_20260718.csv, windows_experience4_20260723.csv"
platform_comparison,x86,AES,CBC,128,16384,ci95_enc,4,0.009277803546364732,0.009277803546364732,0.0,0.0,"windows_experience1_20260718.csv, windows_experience2_20260718.csv, windows_experience3_20260718.csv, windows_experience4_20260723.csv"
platform_comparison,x86,AES,CBC,128,16384,key_avalanche,4,0.498779296875,0.498779296875,0.0,0.0,"windows_experience1_20260718.csv, windows_experience2_20260718.csv, windows_experience3_20260718.csv, windows_experience4_20260723.csv"
platform_comparison,x86,AES,CBC,128,16384,throughput_dec,4,7.526027182408507,7.526027182408507,0.0,0.0,"windows_experience1_20260718.csv, windows_experience2_20260718.csv, windows_experience3_20260718.csv, windows_experience4_20260723.csv"
platform_comparison,x86,AES,CBC,128,16384,throughput_enc,4,0.640235185651059,0.640235185651059,0.0,0.0,"windows_experience1_20260718.csv, windows_experience2_20260718.csv, windows_experience3_20260718.csv, windows_experience4_20260723.csv"
platform_comparison,x86,AES,CBC,192,64,avalanche,4,0.500224609375,0.500224609375,0.0,0.0,"windows_experience1_20260718.csv, windows_experience2_20260718.csv, windows_experience3_20260718.csv, windows_experience4_20260723.csv"
platform_comparison,x86,AES,CBC,192,64,ci95_enc,4,0.032376751743027794,0.032376751743027794,0.0,0.0,"windows_experience1_20260718.csv, windows_experience2_20260718.csv, windows_experience3_20260718.csv, windows_experience4_20260723.csv"
platform_comparison,x86,AES,CBC,192,64,key_avalanche,4,0.49701171875,0.49701171875,0.0,0.0,"windows_experience1_20260718.csv, windows_experience2_20260718.csv, windows_experience3_20260718.csv, windows_experience4_20260723.csv"
platform_comparison,x86,AES,CBC,192,64,throughput_dec,4,1.4086186188311363,1.4086186188311363,0.0,0.0,"windows_experience1_20260718.csv, windows_experience2_20260718.csv, windows_experience3_20260718.csv, windows_experience4_20260723.csv"
platform_comparison,x86,AES,CBC,192,64,throughput_enc,4,0.4428946158221019,0.4428946158221019,0.0,0.0,"windows_experience1_20260718.csv, windows_experience2_20260718.csv, windows_experience3_20260718.csv, windows_experience4_20260723.csv"
platform_comparison,x86,AES,CBC,192,256,avalanche,4,0.4975,0.4975,0.0,0.0,"windows_experience1_20260718.csv, windows_experience2_20260718.csv, windows_experience3_20260718.csv, windows_experience4_20260723.csv"
platform_comparison,x86,AES,CBC,192,256,ci95_enc,4,0.03695165638540608,0.03695165638540608,0.0,0.0,"windows_experience1_20260718.csv, windows_experience2_20260718.csv, windows_experience3_20260718.csv, windows_experience4_20260723.csv"
platform_comparison,x86,AES,CBC,192,256,key_avalanche,4,0.498681640625,0.498681640625,0.0,0.0,"windows_experience1_20260718.csv, windows_experience2_20260718.csv, windows_experience3_20260718.csv, windows_experience4_20260723.csv"
platform_comparison,x86,AES,CBC,192,256,throughput_dec,4,3.9733623952871184,3.9733623952871184,0.0,0.0,"windows_experience1_20260718.csv, windows_experience2_20260718.csv, windows_experience3_20260718.csv, windows_experience4_20260723.csv"
platform_comparison,x86,AES,CBC,192,256,throughput_enc,4,0.5618182724490441,0.5618182724490441,0.0,0.0,"windows_experience1_20260718.csv, windows_experience2_20260718.csv, windows_experience3_20260718.csv, windows_experience4_20260723.csv"
platform_comparison,x86,AES,CBC,192,1024,avalanche,4,0.49978515625000003,0.49978515625000003,0.0,0.0,"windows_experience1_20260718.csv, windows_experience2_20260718.csv, windows_experience3_20260718.csv, windows_experience4_20260723.csv"
platform_comparison,x86,AES,CBC,192,1024,ci95_enc,4,0.025146276078492742,0.025146276078492742,0.0,0.0,"windows_experience1_20260718.csv, windows_experience2_20260718.csv, windows_experience3_20260718.csv, windows_experience4_20260723.csv"
platform_comparison,x86,AES,CBC,192,1024,key_avalanche,4,0.49990234375,0.49990234375,0.0,0.0,"windows_experience1_20260718.csv, windows_experience2_20260718.csv, windows_experience3_20260718.csv, windows_experience4_20260723.csv"
platform_comparison,x86,AES,CBC,192,1024,throughput_dec,4,6.086152411243511,6.086152411243511,0.0,0.0,"windows_experience1_20260718.csv, windows_experience2_20260718.csv, windows_experience3_20260718.csv, windows_experience4_20260723.csv"
platform_comparison,x86,AES,CBC,192,1024,throughput_enc,4,0.6296498408711831,0.6296498408711831,0.0,0.0,"windows_experience1_20260718.csv, windows_experience2_20260718.csv, windows_experience3_20260718.csv, windows_experience4_20260723.csv"
platform_comparison,x86,AES,CBC,192,4096,avalanche,4,0.50107421875,0.50107421875,0.0,0.0,"windows_experience1_20260718.csv, windows_experience2_20260718.csv, windows_experience3_20260718.csv, windows_experience4_20260723.csv"
platform_comparison,x86,AES,CBC,192,4096,ci95_enc,4,0.014074575291589342,0.014074575291589342,0.0,0.0,"windows_experience1_20260718.csv, windows_experience2_20260718.csv, windows_experience3_20260718.csv, windows_experience4_20260723.csv"
platform_comparison,x86,AES,CBC,192,4096,key_avalanche,4,0.5017968749999999,0.5017968749999999,0.0,0.0,"windows_experience1_20260718.csv, windows_experience2_20260718.csv, windows_experience3_20260718.csv, windows_experience4_20260723.csv"
platform_comparison,x86,AES,CBC,192,4096,throughput_dec,4,6.8762074065916945,6.8762074065916945,0.0,0.0,"windows_experience1_20260718.csv, windows_experience2_20260718.csv, windows_experience3_20260718.csv, windows_experience4_20260723.csv"
platform_comparison,x86,AES,CBC,192,4096,throughput_enc,4,0.6251418085011973,0.6251418085011973,0.0,0.0,"windows_experience1_20260718.csv, windows_experience2_20260718.csv, windows_experience3_20260718.csv, windows_experience4_20260723.csv"
platform_comparison,x86,AES,CBC,192,16384,avalanche,4,0.5014453125,0.5014453125,0.0,0.0,"windows_experience1_20260718.csv, windows_experience2_20260718.csv, windows_experience3_20260718.csv, windows_experience4_20260723.csv"
platform_comparison,x86,AES,CBC,192,16384,ci95_enc,4,0.01860454907350595,0.01860454907350595,0.0,0.0,"windows_experience1_20260718.csv, windows_experience2_20260718.csv, windows_experience3_20260718.csv, windows_experience4_20260723.csv"
platform_comparison,x86,AES,CBC,192,16384,key_avalanche,4,0.501552734375,0.501552734375,0.0,0.0,"windows_experience1_20260718.csv, windows_experience2_20260718.csv, windows_experience3_20260718.csv, windows_experience4_20260723.csv"
platform_comparison,x86,AES,CBC,192,16384,throughput_dec,4,6.417813295280901,6.417813295280901,0.0,0.0,"windows_experience1_20260718.csv, windows_experience2_20260718.csv, windows_experience3_20260718.csv, windows_experience4_20260723.csv"
platform_comparison,x86,AES,CBC,192,16384,throughput_enc,4,0.5553960209685573,0.5553960209685573,0.0,0.0,"windows_experience1_20260718.csv, windows_experience2_20260718.csv, windows_experience3_20260718.csv, windows_experience4_20260723.csv"
platform_comparison,x86,AES,CBC,256,64,avalanche,4,0.49849609375000004,0.49849609375000004,0.0,0.0,"windows_experience1_20260718.csv, windows_experience2_20260718.csv, windows_experience3_20260718.csv, windows_experience4_20260723.csv"
platform_comparison,x86,AES,CBC,256,64,ci95_enc,4,0.02687011661582793,0.02687011661582793,0.0,0.0,"windows_experience1_20260718.csv, windows_experience2_20260718.csv, windows_experience3_20260718.csv, windows_experience4_20260723.csv"
platform_comparison,x86,AES,CBC,256,64,key_avalanche,4,0.50021484375,0.50021484375,0.0,0.0,"windows_experience1_20260718.csv, windows_experience2_20260718.csv, windows_experience3_20260718.csv, windows_experience4_20260723.csv"
platform_comparison,x86,AES,CBC,256,64,throughput_dec,4,1.5618038540920842,1.5618038540920842,0.0,0.0,"windows_experience1_20260718.csv, windows_experience2_20260718.csv, windows_experience3_20260718.csv, windows_experience4_20260723.csv"
platform_comparison,x86,AES,CBC,256,64,throughput_enc,4,0.4052108513290581,0.4052108513290581,0.0,0.0,"windows_experience1_20260718.csv, windows_experience2_20260718.csv, windows_experience3_20260718.csv, windows_experience4_20260723.csv"
platform_comparison,x86,AES,CBC,256,256,avalanche,4,0.5008984375,0.5008984375,0.0,0.0,"windows_experience1_20260718.csv, windows_experience2_20260718.csv, windows_experience3_20260718.csv, windows_experience4_20260723.csv"
platform_comparison,x86,AES,CBC,256,256,ci95_enc,4,0.03739046654340756,0.03739046654340756,0.0,0.0,"windows_experience1_20260718.csv, windows_experience2_20260718.csv, windows_experience3_20260718.csv, windows_experience4_20260723.csv"
platform_comparison,x86,AES,CBC,256,256,key_avalanche,4,0.49845703124999996,0.49845703124999996,0.0,0.0,"windows_experience1_20260718.csv, windows_experience2_20260718.csv, windows_experience3_20260718.csv, windows_experience4_20260723.csv"
platform_comparison,x86,AES,CBC,256,256,throughput_dec,4,3.637648727175935,3.637648727175935,0.0,0.0,"windows_experience1_20260718.csv, windows_experience2_20260718.csv, windows_experience3_20260718.csv, windows_experience4_20260723.csv"
platform_comparison,x86,AES,CBC,256,256,throughput_enc,4,0.46869861881279656,0.46869861881279656,0.0,0.0,"windows_experience1_20260718.csv, windows_experience2_20260718.csv, windows_experience3_20260718.csv, windows_experience4_20260723.csv"
platform_comparison,x86,AES,CBC,256,1024,avalanche,4,0.49947265625000004,0.49947265625000004,0.0,0.0,"windows_experience1_20260718.csv, windows_experience2_20260718.csv, windows_experience3_20260718.csv, windows_experience4_20260723.csv"
platform_comparison,x86,AES,CBC,256,1024,ci95_enc,4,0.021276294932097893,0.021276294932097893,0.0,0.0,"windows_experience1_20260718.csv, windows_experience2_20260718.csv, windows_experience3_20260718.csv, windows_experience4_20260723.csv"
platform_comparison,x86,AES,CBC,256,1024,key_avalanche,4,0.5002050781249999,0.5002050781249999,0.0,0.0,"windows_experience1_20260718.csv, windows_experience2_20260718.csv, windows_experience3_20260718.csv, windows_experience4_20260723.csv"
platform_comparison,x86,AES,CBC,256,1024,throughput_dec,4,5.07428511232341,5.07428511232341,0.0,0.0,"windows_experience1_20260718.csv, windows_experience2_20260718.csv, windows_experience3_20260718.csv, windows_experience4_20260723.csv"
platform_comparison,x86,AES,CBC,256,1024,throughput_enc,4,0.543734335819484,0.543734335819484,0.0,0.0,"windows_experience1_20260718.csv, windows_experience2_20260718.csv, windows_experience3_20260718.csv, windows_experience4_20260723.csv"
platform_comparison,x86,AES,CBC,256,4096,avalanche,4,0.5010449218749999,0.5010449218749999,0.0,0.0,"windows_experience1_20260718.csv, windows_experience2_20260718.csv, windows_experience3_20260718.csv, windows_experience4_20260723.csv"
platform_comparison,x86,AES,CBC,256,4096,ci95_enc,4,0.011220904047592583,0.011220904047592583,0.0,0.0,"windows_experience1_20260718.csv, windows_experience2_20260718.csv, windows_experience3_20260718.csv, windows_experience4_20260723.csv"
platform_comparison,x86,AES,CBC,256,4096,key_avalanche,4,0.501484375,0.501484375,0.0,0.0,"windows_experience1_20260718.csv, windows_experience2_20260718.csv, windows_experience3_20260718.csv, windows_experience4_20260723.csv"
platform_comparison,x86,AES,CBC,256,4096,throughput_dec,4,6.430034746940337,6.430034746940337,0.0,0.0,"windows_experience1_20260718.csv, windows_experience2_20260718.csv, windows_experience3_20260718.csv, windows_experience4_20260723.csv"
platform_comparison,x86,AES,CBC,256,4096,throughput_enc,4,0.5703254622850169,0.5703254622850169,0.0,0.0,"windows_experience1_20260718.csv, windows_experience2_20260718.csv, windows_experience3_20260718.csv, windows_experience4_20260723.csv"
platform_comparison,x86,AES,CBC,256,16384,avalanche,4,0.50029296875,0.50029296875,0.0,0.0,"windows_experience1_20260718.csv, windows_experience2_20260718.csv, windows_experience3_20260718.csv, windows_experience4_20260723.csv"
platform_comparison,x86,AES,CBC,256,16384,ci95_enc,4,0.011664501104535981,0.011664501104535981,0.0,0.0,"windows_experience1_20260718.csv, windows_experience2_20260718.csv, windows_experience3_20260718.csv, windows_experience4_20260723.csv"
platform_comparison,x86,AES,CBC,256,16384,key_avalanche,4,0.5005761718749999,0.5005761718749999,0.0,0.0,"windows_experience1_20260718.csv, windows_experience2_20260718.csv, windows_experience3_20260718.csv, windows_experience4_20260723.csv"
platform_comparison,x86,AES,CBC,256,16384,throughput_dec,4,6.176217168143701,6.176217168143701,0.0,0.0,"windows_experience1_20260718.csv, windows_experience2_20260718.csv, windows_experience3_20260718.csv, windows_experience4_20260723.csv"
platform_comparison,x86,AES,CBC,256,16384,throughput_enc,4,0.5694404099085351,0.5694404099085351,0.0,0.0,"windows_experience1_20260718.csv, windows_experience2_20260718.csv, windows_experience3_20260718.csv, windows_experience4_20260723.csv"
platform_comparison,x86,AES,CTR,128,64,avalanche,4,0.497724609375,0.497724609375,0.0,0.0,"windows_experience1_20260718.csv, windows_experience2_20260718.csv, windows_experience3_20260718.csv, windows_experience4_20260723.csv"
platform_comparison,x86,AES,CTR,128,64,ci95_enc,4,0.17836842765851707,0.17836842765851707,0.0,0.0,"windows_experience1_20260718.csv, windows_experience2_20260718.csv, windows_experience3_20260718.csv, windows_experience4_20260723.csv"
platform_comparison,x86,AES,CTR,128,64,key_avalanche,4,0.501279296875,0.501279296875,0.0,0.0,"windows_experience1_20260718.csv, windows_experience2_20260718.csv, windows_experience3_20260718.csv, windows_experience4_20260723.csv"
platform_comparison,x86,AES,CTR,128,64,throughput_dec,4,1.4013827615977235,1.4013827615977235,0.0,0.0,"windows_experience1_20260718.csv, windows_experience2_20260718.csv, windows_experience3_20260718.csv, windows_experience4_20260723.csv"
platform_comparison,x86,AES,CTR,128,64,throughput_enc,4,1.556124179069966,1.556124179069966,0.0,0.0,"windows_experience1_20260718.csv, windows_experience2_20260718.csv, windows_experience3_20260718.csv, windows_experience4_20260723.csv"
platform_comparison,x86,AES,CTR,128,256,avalanche,4,0.500517578125,0.500517578125,0.0,0.0,"windows_experience1_20260718.csv, windows_experience2_20260718.csv, windows_experience3_20260718.csv, windows_experience4_20260723.csv"
platform_comparison,x86,AES,CTR,128,256,ci95_enc,4,0.23949949175190924,0.23949949175190924,0.0,0.0,"windows_experience1_20260718.csv, windows_experience2_20260718.csv, windows_experience3_20260718.csv, windows_experience4_20260723.csv"
platform_comparison,x86,AES,CTR,128,256,key_avalanche,4,0.49880859375000003,0.49880859375000003,0.0,0.0,"windows_experience1_20260718.csv, windows_experience2_20260718.csv, windows_experience3_20260718.csv, windows_experience4_20260723.csv"
platform_comparison,x86,AES,CTR,128,256,throughput_dec,4,3.1538096803086946,3.1538096803086946,0.0,0.0,"windows_experience1_20260718.csv, windows_experience2_20260718.csv, windows_experience3_20260718.csv, windows_experience4_20260723.csv"
platform_comparison,x86,AES,CTR,128,256,throughput_enc,4,3.1610555530068627,3.1610555530068627,0.0,0.0,"windows_experience1_20260718.csv, windows_experience2_20260718.csv, windows_experience3_20260718.csv, windows_experience4_20260723.csv"
platform_comparison,x86,AES,CTR,128,1024,avalanche,4,0.497568359375,0.497568359375,0.0,0.0,"windows_experience1_20260718.csv, windows_experience2_20260718.csv, windows_experience3_20260718.csv, windows_experience4_20260723.csv"
platform_comparison,x86,AES,CTR,128,1024,ci95_enc,4,0.36742381896739795,0.36742381896739795,0.0,0.0,"windows_experience1_20260718.csv, windows_experience2_20260718.csv, windows_experience3_20260718.csv, windows_experience4_20260723.csv"
platform_comparison,x86,AES,CTR,128,1024,key_avalanche,4,0.5003515625,0.5003515625,0.0,0.0,"windows_experience1_20260718.csv, windows_experience2_20260718.csv, windows_experience3_20260718.csv, windows_experience4_20260723.csv"
platform_comparison,x86,AES,CTR,128,1024,throughput_dec,4,4.536795803995304,4.536795803995304,0.0,0.0,"windows_experience1_20260718.csv, windows_experience2_20260718.csv, windows_experience3_20260718.csv, windows_experience4_20260723.csv"
platform_comparison,x86,AES,CTR,128,1024,throughput_enc,4,4.400288901584401,4.400288901584401,0.0,0.0,"windows_experience1_20260718.csv, windows_experience2_20260718.csv, windows_experience3_20260718.csv, windows_experience4_20260723.csv"
platform_comparison,x86,AES,CTR,128,4096,avalanche,4,0.498720703125,0.498720703125,0.0,0.0,"windows_experience1_20260718.csv, windows_experience2_20260718.csv, windows_experience3_20260718.csv, windows_experience4_20260723.csv"
platform_comparison,x86,AES,CTR,128,4096,ci95_enc,4,0.35048406702874996,0.35048406702874996,0.0,0.0,"windows_experience1_20260718.csv, windows_experience2_20260718.csv, windows_experience3_20260718.csv, windows_experience4_20260723.csv"
platform_comparison,x86,AES,CTR,128,4096,key_avalanche,4,0.499765625,0.499765625,0.0,0.0,"windows_experience1_20260718.csv, windows_experience2_20260718.csv, windows_experience3_20260718.csv, windows_experience4_20260723.csv"
platform_comparison,x86,AES,CTR,128,4096,throughput_dec,4,5.210649152440804,5.210649152440804,0.0,0.0,"windows_experience1_20260718.csv, windows_experience2_20260718.csv, windows_experience3_20260718.csv, windows_experience4_20260723.csv"
platform_comparison,x86,AES,CTR,128,4096,throughput_enc,4,4.722181899106969,4.722181899106969,0.0,0.0,"windows_experience1_20260718.csv, windows_experience2_20260718.csv, windows_experience3_20260718.csv, windows_experience4_20260723.csv"
platform_comparison,x86,AES,CTR,128,16384,avalanche,4,0.499052734375,0.499052734375,0.0,0.0,"windows_experience1_20260718.csv, windows_experience2_20260718.csv, windows_experience3_20260718.csv, windows_experience4_20260723.csv"
platform_comparison,x86,AES,CTR,128,16384,ci95_enc,4,0.1834530392551924,0.1834530392551924,0.0,0.0,"windows_experience1_20260718.csv, windows_experience2_20260718.csv, windows_experience3_20260718.csv, windows_experience4_20260723.csv"
platform_comparison,x86,AES,CTR,128,16384,key_avalanche,4,0.4985546875,0.4985546875,0.0,0.0,"windows_experience1_20260718.csv, windows_experience2_20260718.csv, windows_experience3_20260718.csv, windows_experience4_20260723.csv"
platform_comparison,x86,AES,CTR,128,16384,throughput_dec,4,5.683488583276023,5.683488583276023,0.0,0.0,"windows_experience1_20260718.csv, windows_experience2_20260718.csv, windows_experience3_20260718.csv, windows_experience4_20260723.csv"
platform_comparison,x86,AES,CTR,128,16384,throughput_enc,4,5.321871277710795,5.321871277710795,0.0,0.0,"windows_experience1_20260718.csv, windows_experience2_20260718.csv, windows_experience3_20260718.csv, windows_experience4_20260723.csv"
platform_comparison,x86,AES,CTR,192,64,avalanche,4,0.49908203125,0.49908203125,0.0,0.0,"windows_experience1_20260718.csv, windows_experience2_20260718.csv, windows_experience3_20260718.csv, windows_experience4_20260723.csv"
platform_comparison,x86,AES,CTR,192,64,ci95_enc,4,0.10214991342544852,0.10214991342544852,0.0,0.0,"windows_experience1_20260718.csv, windows_experience2_20260718.csv, windows_experience3_20260718.csv, windows_experience4_20260723.csv"
platform_comparison,x86,AES,CTR,192,64,key_avalanche,4,0.499052734375,0.499052734375,0.0,0.0,"windows_experience1_20260718.csv, windows_experience2_20260718.csv, windows_experience3_20260718.csv, windows_experience4_20260723.csv"
platform_comparison,x86,AES,CTR,192,64,throughput_dec,4,1.523670879265011,1.523670879265011,0.0,0.0,"windows_experience1_20260718.csv, windows_experience2_20260718.csv, windows_experience3_20260718.csv, windows_experience4_20260723.csv"
platform_comparison,x86,AES,CTR,192,64,throughput_enc,4,1.7224054608159518,1.7224054608159518,0.0,0.0,"windows_experience1_20260718.csv, windows_experience2_20260718.csv, windows_experience3_20260718.csv, windows_experience4_20260723.csv"
platform_comparison,x86,AES,CTR,192,256,avalanche,4,0.501396484375,0.501396484375,0.0,0.0,"windows_experience1_20260718.csv, windows_experience2_20260718.csv, windows_experience3_20260718.csv, windows_experience4_20260723.csv"
platform_comparison,x86,AES,CTR,192,256,ci95_enc,4,0.21474282424677138,0.21474282424677138,0.0,0.0,"windows_experience1_20260718.csv, windows_experience2_20260718.csv, windows_experience3_20260718.csv, windows_experience4_20260723.csv"
platform_comparison,x86,AES,CTR,192,256,key_avalanche,4,0.5012890624999999,0.5012890624999999,0.0,0.0,"windows_experience1_20260718.csv, windows_experience2_20260718.csv, windows_experience3_20260718.csv, windows_experience4_20260723.csv"
platform_comparison,x86,AES,CTR,192,256,throughput_dec,4,3.290995932766111,3.290995932766111,0.0,0.0,"windows_experience1_20260718.csv, windows_experience2_20260718.csv, windows_experience3_20260718.csv, windows_experience4_20260723.csv"
platform_comparison,x86,AES,CTR,192,256,throughput_enc,4,3.2553115309888785,3.2553115309888785,0.0,0.0,"windows_experience1_20260718.csv, windows_experience2_20260718.csv, windows_experience3_20260718.csv, windows_experience4_20260723.csv"
platform_comparison,x86,AES,CTR,192,1024,avalanche,4,0.500595703125,0.500595703125,0.0,0.0,"windows_experience1_20260718.csv, windows_experience2_20260718.csv, windows_experience3_20260718.csv, windows_experience4_20260723.csv"
platform_comparison,x86,AES,CTR,192,1024,ci95_enc,4,0.27206094968690697,0.27206094968690697,0.0,0.0,"windows_experience1_20260718.csv, windows_experience2_20260718.csv, windows_experience3_20260718.csv, windows_experience4_20260723.csv"
platform_comparison,x86,AES,CTR,192,1024,key_avalanche,4,0.49905273437500003,0.49905273437500003,0.0,0.0,"windows_experience1_20260718.csv, windows_experience2_20260718.csv, windows_experience3_20260718.csv, windows_experience4_20260723.csv"
platform_comparison,x86,AES,CTR,192,1024,throughput_dec,4,4.875786056361633,4.875786056361633,0.0,0.0,"windows_experience1_20260718.csv, windows_experience2_20260718.csv, windows_experience3_20260718.csv, windows_experience4_20260723.csv"
platform_comparison,x86,AES,CTR,192,1024,throughput_enc,4,4.890330574157353,4.890330574157353,0.0,0.0,"windows_experience1_20260718.csv, windows_experience2_20260718.csv, windows_experience3_20260718.csv, windows_experience4_20260723.csv"
platform_comparison,x86,AES,CTR,192,4096,avalanche,4,0.498994140625,0.498994140625,0.0,0.0,"windows_experience1_20260718.csv, windows_experience2_20260718.csv, windows_experience3_20260718.csv, windows_experience4_20260723.csv"
platform_comparison,x86,AES,CTR,192,4096,ci95_enc,4,0.2965459995613162,0.2965459995613162,0.0,0.0,"windows_experience1_20260718.csv, windows_experience2_20260718.csv, windows_experience3_20260718.csv, windows_experience4_20260723.csv"
platform_comparison,x86,AES,CTR,192,4096,key_avalanche,4,0.49814453125,0.49814453125,0.0,0.0,"windows_experience1_20260718.csv, windows_experience2_20260718.csv, windows_experience3_20260718.csv, windows_experience4_20260723.csv"
platform_comparison,x86,AES,CTR,192,4096,throughput_dec,4,5.724129808592577,5.724129808592577,0.0,0.0,"windows_experience1_20260718.csv, windows_experience2_20260718.csv, windows_experience3_20260718.csv, windows_experience4_20260723.csv"
platform_comparison,x86,AES,CTR,192,4096,throughput_enc,4,5.387079002310913,5.387079002310913,0.0,0.0,"windows_experience1_20260718.csv, windows_experience2_20260718.csv, windows_experience3_20260718.csv, windows_experience4_20260723.csv"
platform_comparison,x86,AES,CTR,192,16384,avalanche,4,0.4989453125,0.4989453125,0.0,0.0,"windows_experience1_20260718.csv, windows_experience2_20260718.csv, windows_experience3_20260718.csv, windows_experience4_20260723.csv"
platform_comparison,x86,AES,CTR,192,16384,ci95_enc,4,0.16690620248058313,0.16690620248058313,0.0,0.0,"windows_experience1_20260718.csv, windows_experience2_20260718.csv, windows_experience3_20260718.csv, windows_experience4_20260723.csv"
platform_comparison,x86,AES,CTR,192,16384,key_avalanche,4,0.49877929687500006,0.49877929687500006,0.0,0.0,"windows_experience1_20260718.csv, windows_experience2_20260718.csv, windows_experience3_20260718.csv, windows_experience4_20260723.csv"
platform_comparison,x86,AES,CTR,192,16384,throughput_dec,4,5.468465273433795,5.468465273433795,0.0,0.0,"windows_experience1_20260718.csv, windows_experience2_20260718.csv, windows_experience3_20260718.csv, windows_experience4_20260723.csv"
platform_comparison,x86,AES,CTR,192,16384,throughput_enc,4,5.9325526557207064,5.9325526557207064,0.0,0.0,"windows_experience1_20260718.csv, windows_experience2_20260718.csv, windows_experience3_20260718.csv, windows_experience4_20260723.csv"
platform_comparison,x86,AES,CTR,256,64,avalanche,4,0.50060546875,0.50060546875,0.0,0.0,"windows_experience1_20260718.csv, windows_experience2_20260718.csv, windows_experience3_20260718.csv, windows_experience4_20260723.csv"
platform_comparison,x86,AES,CTR,256,64,ci95_enc,4,0.12052589896750877,0.12052589896750877,0.0,0.0,"windows_experience1_20260718.csv, windows_experience2_20260718.csv, windows_experience3_20260718.csv, windows_experience4_20260723.csv"
platform_comparison,x86,AES,CTR,256,64,key_avalanche,4,0.500595703125,0.500595703125,0.0,0.0,"windows_experience1_20260718.csv, windows_experience2_20260718.csv, windows_experience3_20260718.csv, windows_experience4_20260723.csv"
platform_comparison,x86,AES,CTR,256,64,throughput_dec,4,1.6971488325953774,1.6971488325953774,0.0,0.0,"windows_experience1_20260718.csv, windows_experience2_20260718.csv, windows_experience3_20260718.csv, windows_experience4_20260723.csv"
platform_comparison,x86,AES,CTR,256,64,throughput_enc,4,1.5030871293473307,1.5030871293473307,0.0,0.0,"windows_experience1_20260718.csv, windows_experience2_20260718.csv, windows_experience3_20260718.csv, windows_experience4_20260723.csv"
platform_comparison,x86,AES,CTR,256,256,avalanche,4,0.49970703125,0.49970703125,0.0,0.0,"windows_experience1_20260718.csv, windows_experience2_20260718.csv, windows_experience3_20260718.csv, windows_experience4_20260723.csv"
platform_comparison,x86,AES,CTR,256,256,ci95_enc,4,0.2315246492493624,0.2315246492493624,0.0,0.0,"windows_experience1_20260718.csv, windows_experience2_20260718.csv, windows_experience3_20260718.csv, windows_experience4_20260723.csv"
platform_comparison,x86,AES,CTR,256,256,key_avalanche,4,0.5026953125,0.5026953125,0.0,0.0,"windows_experience1_20260718.csv, windows_experience2_20260718.csv, windows_experience3_20260718.csv, windows_experience4_20260723.csv"
platform_comparison,x86,AES,CTR,256,256,throughput_dec,4,3.1411526181029954,3.1411526181029954,0.0,0.0,"windows_experience1_20260718.csv, windows_experience2_20260718.csv, windows_experience3_20260718.csv, windows_experience4_20260723.csv"
platform_comparison,x86,AES,CTR,256,256,throughput_enc,4,3.2664088024128084,3.2664088024128084,0.0,0.0,"windows_experience1_20260718.csv, windows_experience2_20260718.csv, windows_experience3_20260718.csv, windows_experience4_20260723.csv"
platform_comparison,x86,AES,CTR,256,1024,avalanche,4,0.5012109375,0.5012109375,0.0,0.0,"windows_experience1_20260718.csv, windows_experience2_20260718.csv, windows_experience3_20260718.csv, windows_experience4_20260723.csv"
platform_comparison,x86,AES,CTR,256,1024,ci95_enc,4,0.337410745170274,0.337410745170274,0.0,0.0,"windows_experience1_20260718.csv, windows_experience2_20260718.csv, windows_experience3_20260718.csv, windows_experience4_20260723.csv"
platform_comparison,x86,AES,CTR,256,1024,key_avalanche,4,0.502978515625,0.502978515625,0.0,0.0,"windows_experience1_20260718.csv, windows_experience2_20260718.csv, windows_experience3_20260718.csv, windows_experience4_20260723.csv"
platform_comparison,x86,AES,CTR,256,1024,throughput_dec,4,4.7757005814014315,4.7757005814014315,0.0,0.0,"windows_experience1_20260718.csv, windows_experience2_20260718.csv, windows_experience3_20260718.csv, windows_experience4_20260723.csv"
platform_comparison,x86,AES,CTR,256,1024,throughput_enc,4,4.355174896557305,4.355174896557305,0.0,0.0,"windows_experience1_20260718.csv, windows_experience2_20260718.csv, windows_experience3_20260718.csv, windows_experience4_20260723.csv"
platform_comparison,x86,AES,CTR,256,4096,avalanche,4,0.5005859374999999,0.5005859374999999,0.0,0.0,"windows_experience1_20260718.csv, windows_experience2_20260718.csv, windows_experience3_20260718.csv, windows_experience4_20260723.csv"
platform_comparison,x86,AES,CTR,256,4096,ci95_enc,4,0.26544945094069883,0.26544945094069883,0.0,0.0,"windows_experience1_20260718.csv, windows_experience2_20260718.csv, windows_experience3_20260718.csv, windows_experience4_20260723.csv"
platform_comparison,x86,AES,CTR,256,4096,key_avalanche,4,0.50244140625,0.50244140625,0.0,0.0,"windows_experience1_20260718.csv, windows_experience2_20260718.csv, windows_experience3_20260718.csv, windows_experience4_20260723.csv"
platform_comparison,x86,AES,CTR,256,4096,throughput_dec,4,4.894571670182179,4.894571670182179,0.0,0.0,"windows_experience1_20260718.csv, windows_experience2_20260718.csv, windows_experience3_20260718.csv, windows_experience4_20260723.csv"
platform_comparison,x86,AES,CTR,256,4096,throughput_enc,4,4.7833548959592935,4.7833548959592935,0.0,0.0,"windows_experience1_20260718.csv, windows_experience2_20260718.csv, windows_experience3_20260718.csv, windows_experience4_20260723.csv"
platform_comparison,x86,AES,CTR,256,16384,avalanche,4,0.4982519531249999,0.4982519531249999,0.0,0.0,"windows_experience1_20260718.csv, windows_experience2_20260718.csv, windows_experience3_20260718.csv, windows_experience4_20260723.csv"
platform_comparison,x86,AES,CTR,256,16384,ci95_enc,4,0.202417420833821,0.202417420833821,0.0,0.0,"windows_experience1_20260718.csv, windows_experience2_20260718.csv, windows_experience3_20260718.csv, windows_experience4_20260723.csv"
platform_comparison,x86,AES,CTR,256,16384,key_avalanche,4,0.50095703125,0.50095703125,0.0,0.0,"windows_experience1_20260718.csv, windows_experience2_20260718.csv, windows_experience3_20260718.csv, windows_experience4_20260723.csv"
platform_comparison,x86,AES,CTR,256,16384,throughput_dec,4,5.744048641779265,5.744048641779265,0.0,0.0,"windows_experience1_20260718.csv, windows_experience2_20260718.csv, windows_experience3_20260718.csv, windows_experience4_20260723.csv"
platform_comparison,x86,AES,CTR,256,16384,throughput_enc,4,5.725649372834582,5.725649372834582,0.0,0.0,"windows_experience1_20260718.csv, windows_experience2_20260718.csv, windows_experience3_20260718.csv, windows_experience4_20260723.csv"
platform_comparison,x86,AES,ECB,128,64,avalanche,4,0.501572265625,0.501572265625,0.0,0.0,"windows_experience1_20260718.csv, windows_experience2_20260718.csv, windows_experience3_20260718.csv, windows_experience4_20260723.csv"
platform_comparison,x86,AES,ECB,128,64,ci95_enc,4,1.282742639820778,1.282742639820778,0.0,0.0,"windows_experience1_20260718.csv, windows_experience2_20260718.csv, windows_experience3_20260718.csv, windows_experience4_20260723.csv"
platform_comparison,x86,AES,ECB,128,64,key_avalanche,4,0.501005859375,0.501005859375,0.0,0.0,"windows_experience1_20260718.csv, windows_experience2_20260718.csv, windows_experience3_20260718.csv, windows_experience4_20260723.csv"
platform_comparison,x86,AES,ECB,128,64,throughput_dec,4,2.798720010868858,2.798720010868858,0.0,0.0,"windows_experience1_20260718.csv, windows_experience2_20260718.csv, windows_experience3_20260718.csv, windows_experience4_20260723.csv"
platform_comparison,x86,AES,ECB,128,64,throughput_enc,4,1.2014392180660993,1.2014392180660993,0.0,0.0,"windows_experience1_20260718.csv, windows_experience2_20260718.csv, windows_experience3_20260718.csv, windows_experience4_20260723.csv"
platform_comparison,x86,AES,ECB,128,256,avalanche,4,0.498427734375,0.498427734375,0.0,0.0,"windows_experience1_20260718.csv, windows_experience2_20260718.csv, windows_experience3_20260718.csv, windows_experience4_20260723.csv"
platform_comparison,x86,AES,ECB,128,256,ci95_enc,4,1.2693735974382574,1.2693735974382574,0.0,0.0,"windows_experience1_20260718.csv, windows_experience2_20260718.csv, windows_experience3_20260718.csv, windows_experience4_20260723.csv"
platform_comparison,x86,AES,ECB,128,256,key_avalanche,4,0.497080078125,0.497080078125,0.0,0.0,"windows_experience1_20260718.csv, windows_experience2_20260718.csv, windows_experience3_20260718.csv, windows_experience4_20260723.csv"
platform_comparison,x86,AES,ECB,128,256,throughput_dec,4,11.407870522344115,11.407870522344115,0.0,0.0,"windows_experience1_20260718.csv, windows_experience2_20260718.csv, windows_experience3_20260718.csv, windows_experience4_20260723.csv"
platform_comparison,x86,AES,ECB,128,256,throughput_enc,4,8.900750964557576,8.900750964557576,0.0,0.0,"windows_experience1_20260718.csv, windows_experience2_20260718.csv, windows_experience3_20260718.csv, windows_experience4_20260723.csv"
platform_comparison,x86,AES,ECB,128,1024,avalanche,4,0.50142578125,0.50142578125,0.0,0.0,"windows_experience1_20260718.csv, windows_experience2_20260718.csv, windows_experience3_20260718.csv, windows_experience4_20260723.csv"
platform_comparison,x86,AES,ECB,128,1024,ci95_enc,4,3.5749211426373124,3.5749211426373124,0.0,0.0,"windows_experience1_20260718.csv, windows_experience2_20260718.csv, windows_experience3_20260718.csv, windows_experience4_20260723.csv"
platform_comparison,x86,AES,ECB,128,1024,key_avalanche,4,0.49971679687500004,0.49971679687500004,0.0,0.0,"windows_experience1_20260718.csv, windows_experience2_20260718.csv, windows_experience3_20260718.csv, windows_experience4_20260723.csv"
platform_comparison,x86,AES,ECB,128,1024,throughput_dec,4,38.088033403713816,38.088033403713816,0.0,0.0,"windows_experience1_20260718.csv, windows_experience2_20260718.csv, windows_experience3_20260718.csv, windows_experience4_20260723.csv"
platform_comparison,x86,AES,ECB,128,1024,throughput_enc,4,31.45012200904239,31.45012200904239,0.0,0.0,"windows_experience1_20260718.csv, windows_experience2_20260718.csv, windows_experience3_20260718.csv, windows_experience4_20260723.csv"
platform_comparison,x86,AES,ECB,128,4096,avalanche,4,0.50244140625,0.50244140625,0.0,0.0,"windows_experience1_20260718.csv, windows_experience2_20260718.csv, windows_experience3_20260718.csv, windows_experience4_20260723.csv"
platform_comparison,x86,AES,ECB,128,4096,ci95_enc,4,14.426148134973316,14.426148134973316,0.0,0.0,"windows_experience1_20260718.csv, windows_experience2_20260718.csv, windows_experience3_20260718.csv, windows_experience4_20260723.csv"
platform_comparison,x86,AES,ECB,128,4096,key_avalanche,4,0.499384765625,0.499384765625,0.0,0.0,"windows_experience1_20260718.csv, windows_experience2_20260718.csv, windows_experience3_20260718.csv, windows_experience4_20260723.csv"
platform_comparison,x86,AES,ECB,128,4096,throughput_dec,4,141.53188018624647,141.53188018624647,0.0,0.0,"windows_experience1_20260718.csv, windows_experience2_20260718.csv, windows_experience3_20260718.csv, windows_experience4_20260723.csv"
platform_comparison,x86,AES,ECB,128,4096,throughput_enc,4,114.86162923507091,114.86162923507091,0.0,0.0,"windows_experience1_20260718.csv, windows_experience2_20260718.csv, windows_experience3_20260718.csv, windows_experience4_20260723.csv"
platform_comparison,x86,AES,ECB,128,16384,avalanche,4,0.49876953125,0.49876953125,0.0,0.0,"windows_experience1_20260718.csv, windows_experience2_20260718.csv, windows_experience3_20260718.csv, windows_experience4_20260723.csv"
platform_comparison,x86,AES,ECB,128,16384,ci95_enc,4,30.86209398270951,30.86209398270951,0.0,0.0,"windows_experience1_20260718.csv, windows_experience2_20260718.csv, windows_experience3_20260718.csv, windows_experience4_20260723.csv"
platform_comparison,x86,AES,ECB,128,16384,key_avalanche,4,0.500478515625,0.500478515625,0.0,0.0,"windows_experience1_20260718.csv, windows_experience2_20260718.csv, windows_experience3_20260718.csv, windows_experience4_20260723.csv"
platform_comparison,x86,AES,ECB,128,16384,throughput_dec,4,485.6633684651089,485.6633684651089,0.0,0.0,"windows_experience1_20260718.csv, windows_experience2_20260718.csv, windows_experience3_20260718.csv, windows_experience4_20260723.csv"
platform_comparison,x86,AES,ECB,128,16384,throughput_enc,4,303.03321068387646,303.03321068387646,0.0,0.0,"windows_experience1_20260718.csv, windows_experience2_20260718.csv, windows_experience3_20260718.csv, windows_experience4_20260723.csv"
platform_comparison,x86,AES,ECB,192,64,avalanche,4,0.498896484375,0.498896484375,0.0,0.0,"windows_experience1_20260718.csv, windows_experience2_20260718.csv, windows_experience3_20260718.csv, windows_experience4_20260723.csv"
platform_comparison,x86,AES,ECB,192,64,ci95_enc,4,0.19663539975249372,0.19663539975249372,0.0,0.0,"windows_experience1_20260718.csv, windows_experience2_20260718.csv, windows_experience3_20260718.csv, windows_experience4_20260723.csv"
platform_comparison,x86,AES,ECB,192,64,key_avalanche,4,0.49859375000000006,0.49859375000000006,0.0,0.0,"windows_experience1_20260718.csv, windows_experience2_20260718.csv, windows_experience3_20260718.csv, windows_experience4_20260723.csv"
platform_comparison,x86,AES,ECB,192,64,throughput_dec,4,2.3663732252032403,2.3663732252032403,0.0,0.0,"windows_experience1_20260718.csv, windows_experience2_20260718.csv, windows_experience3_20260718.csv, windows_experience4_20260723.csv"
platform_comparison,x86,AES,ECB,192,64,throughput_enc,4,2.743329319474559,2.743329319474559,0.0,0.0,"windows_experience1_20260718.csv, windows_experience2_20260718.csv, windows_experience3_20260718.csv, windows_experience4_20260723.csv"
platform_comparison,x86,AES,ECB,192,256,avalanche,4,0.500048828125,0.500048828125,0.0,0.0,"windows_experience1_20260718.csv, windows_experience2_20260718.csv, windows_experience3_20260718.csv, windows_experience4_20260723.csv"
platform_comparison,x86,AES,ECB,192,256,ci95_enc,4,0.9882886237144201,0.9882886237144201,0.0,0.0,"windows_experience1_20260718.csv, windows_experience2_20260718.csv, windows_experience3_20260718.csv, windows_experience4_20260723.csv"
platform_comparison,x86,AES,ECB,192,256,key_avalanche,4,0.50048828125,0.50048828125,0.0,0.0,"windows_experience1_20260718.csv, windows_experience2_20260718.csv, windows_experience3_20260718.csv, windows_experience4_20260723.csv"
platform_comparison,x86,AES,ECB,192,256,throughput_dec,4,11.365525669433088,11.365525669433088,0.0,0.0,"windows_experience1_20260718.csv, windows_experience2_20260718.csv, windows_experience3_20260718.csv, windows_experience4_20260723.csv"
platform_comparison,x86,AES,ECB,192,256,throughput_enc,4,10.070356928785007,10.070356928785007,0.0,0.0,"windows_experience1_20260718.csv, windows_experience2_20260718.csv, windows_experience3_20260718.csv, windows_experience4_20260723.csv"
platform_comparison,x86,AES,ECB,192,1024,avalanche,4,0.497275390625,0.497275390625,0.0,0.0,"windows_experience1_20260718.csv, windows_experience2_20260718.csv, windows_experience3_20260718.csv, windows_experience4_20260723.csv"
platform_comparison,x86,AES,ECB,192,1024,ci95_enc,4,3.9040691942843635,3.9040691942843635,0.0,0.0,"windows_experience1_20260718.csv, windows_experience2_20260718.csv, windows_experience3_20260718.csv, windows_experience4_20260723.csv"
platform_comparison,x86,AES,ECB,192,1024,key_avalanche,4,0.5006542968750001,0.5006542968750001,0.0,0.0,"windows_experience1_20260718.csv, windows_experience2_20260718.csv, windows_experience3_20260718.csv, windows_experience4_20260723.csv"
platform_comparison,x86,AES,ECB,192,1024,throughput_dec,4,42.68822371412728,42.68822371412728,0.0,0.0,"windows_experience1_20260718.csv, windows_experience2_20260718.csv, windows_experience3_20260718.csv, windows_experience4_20260723.csv"
platform_comparison,x86,AES,ECB,192,1024,throughput_enc,4,39.50449121717131,39.50449121717131,0.0,0.0,"windows_experience1_20260718.csv, windows_experience2_20260718.csv, windows_experience3_20260718.csv, windows_experience4_20260723.csv"
platform_comparison,x86,AES,ECB,192,4096,avalanche,4,0.5005468750000001,0.5005468750000001,0.0,0.0,"windows_experience1_20260718.csv, windows_experience2_20260718.csv, windows_experience3_20260718.csv, windows_experience4_20260723.csv"
platform_comparison,x86,AES,ECB,192,4096,ci95_enc,4,10.407637887283116,10.407637887283116,0.0,0.0,"windows_experience1_20260718.csv, windows_experience2_20260718.csv, windows_experience3_20260718.csv, windows_experience4_20260723.csv"
platform_comparison,x86,AES,ECB,192,4096,key_avalanche,4,0.49735351562499996,0.49735351562499996,0.0,0.0,"windows_experience1_20260718.csv, windows_experience2_20260718.csv, windows_experience3_20260718.csv, windows_experience4_20260723.csv"
platform_comparison,x86,AES,ECB,192,4096,throughput_dec,4,130.07091605232227,130.07091605232227,0.0,0.0,"windows_experience1_20260718.csv, windows_experience2_20260718.csv, windows_experience3_20260718.csv, windows_experience4_20260723.csv"
platform_comparison,x86,AES,ECB,192,4096,throughput_enc,4,136.39715512009036,136.39715512009036,0.0,0.0,"windows_experience1_20260718.csv, windows_experience2_20260718.csv, windows_experience3_20260718.csv, windows_experience4_20260723.csv"
platform_comparison,x86,AES,ECB,192,16384,avalanche,4,0.50068359375,0.50068359375,0.0,0.0,"windows_experience1_20260718.csv, windows_experience2_20260718.csv, windows_experience3_20260718.csv, windows_experience4_20260723.csv"
platform_comparison,x86,AES,ECB,192,16384,ci95_enc,4,24.81883060185479,24.81883060185479,0.0,0.0,"windows_experience1_20260718.csv, windows_experience2_20260718.csv, windows_experience3_20260718.csv, windows_experience4_20260723.csv"
platform_comparison,x86,AES,ECB,192,16384,key_avalanche,4,0.49927734375,0.49927734375,0.0,0.0,"windows_experience1_20260718.csv, windows_experience2_20260718.csv, windows_experience3_20260718.csv, windows_experience4_20260723.csv"
platform_comparison,x86,AES,ECB,192,16384,throughput_dec,4,393.39966933980577,393.39966933980577,0.0,0.0,"windows_experience1_20260718.csv, windows_experience2_20260718.csv, windows_experience3_20260718.csv, windows_experience4_20260723.csv"
platform_comparison,x86,AES,ECB,192,16384,throughput_enc,4,330.743696440407,330.743696440407,0.0,0.0,"windows_experience1_20260718.csv, windows_experience2_20260718.csv, windows_experience3_20260718.csv, windows_experience4_20260723.csv"
platform_comparison,x86,AES,ECB,256,64,avalanche,4,0.499501953125,0.499501953125,0.0,0.0,"windows_experience1_20260718.csv, windows_experience2_20260718.csv, windows_experience3_20260718.csv, windows_experience4_20260723.csv"
platform_comparison,x86,AES,ECB,256,64,ci95_enc,4,0.19519198383802455,0.19519198383802455,0.0,0.0,"windows_experience1_20260718.csv, windows_experience2_20260718.csv, windows_experience3_20260718.csv, windows_experience4_20260723.csv"
platform_comparison,x86,AES,ECB,256,64,key_avalanche,4,0.5020214843749999,0.5020214843749999,0.0,0.0,"windows_experience1_20260718.csv, windows_experience2_20260718.csv, windows_experience3_20260718.csv, windows_experience4_20260723.csv"
platform_comparison,x86,AES,ECB,256,64,throughput_dec,4,3.320911984864937,3.320911984864937,0.0,0.0,"windows_experience1_20260718.csv, windows_experience2_20260718.csv, windows_experience3_20260718.csv, windows_experience4_20260723.csv"
platform_comparison,x86,AES,ECB,256,64,throughput_enc,4,2.280412542862357,2.280412542862357,0.0,0.0,"windows_experience1_20260718.csv, windows_experience2_20260718.csv, windows_experience3_20260718.csv, windows_experience4_20260723.csv"
platform_comparison,x86,AES,ECB,256,256,avalanche,4,0.50029296875,0.50029296875,0.0,0.0,"windows_experience1_20260718.csv, windows_experience2_20260718.csv, windows_experience3_20260718.csv, windows_experience4_20260723.csv"
platform_comparison,x86,AES,ECB,256,256,ci95_enc,4,1.2628459817387296,1.2628459817387296,0.0,0.0,"windows_experience1_20260718.csv, windows_experience2_20260718.csv, windows_experience3_20260718.csv, windows_experience4_20260723.csv"
platform_comparison,x86,AES,ECB,256,256,key_avalanche,4,0.5023535156250001,0.5023535156250001,0.0,0.0,"windows_experience1_20260718.csv, windows_experience2_20260718.csv, windows_experience3_20260718.csv, windows_experience4_20260723.csv"
platform_comparison,x86,AES,ECB,256,256,throughput_dec,4,11.183735679156298,11.183735679156298,0.0,0.0,"windows_experience1_20260718.csv, windows_experience2_20260718.csv, windows_experience3_20260718.csv, windows_experience4_20260723.csv"
platform_comparison,x86,AES,ECB,256,256,throughput_enc,4,11.031498183256307,11.031498183256307,0.0,0.0,"windows_experience1_20260718.csv, windows_experience2_20260718.csv, windows_experience3_20260718.csv, windows_experience4_20260723.csv"
platform_comparison,x86,AES,ECB,256,1024,avalanche,4,0.49908203124999995,0.49908203124999995,0.0,0.0,"windows_experience1_20260718.csv, windows_experience2_20260718.csv, windows_experience3_20260718.csv, windows_experience4_20260723.csv"
platform_comparison,x86,AES,ECB,256,1024,ci95_enc,4,3.693647473755277,3.693647473755277,0.0,0.0,"windows_experience1_20260718.csv, windows_experience2_20260718.csv, windows_experience3_20260718.csv, windows_experience4_20260723.csv"
platform_comparison,x86,AES,ECB,256,1024,key_avalanche,4,0.49552734374999996,0.49552734374999996,0.0,0.0,"windows_experience1_20260718.csv, windows_experience2_20260718.csv, windows_experience3_20260718.csv, windows_experience4_20260723.csv"
platform_comparison,x86,AES,ECB,256,1024,throughput_dec,4,35.14617459733242,35.14617459733242,0.0,0.0,"windows_experience1_20260718.csv, windows_experience2_20260718.csv, windows_experience3_20260718.csv, windows_experience4_20260723.csv"
platform_comparison,x86,AES,ECB,256,1024,throughput_enc,4,30.042611830760823,30.042611830760823,0.0,0.0,"windows_experience1_20260718.csv, windows_experience2_20260718.csv, windows_experience3_20260718.csv, windows_experience4_20260723.csv"
platform_comparison,x86,AES,ECB,256,4096,avalanche,4,0.49908203125,0.49908203125,0.0,0.0,"windows_experience1_20260718.csv, windows_experience2_20260718.csv, windows_experience3_20260718.csv, windows_experience4_20260723.csv"
platform_comparison,x86,AES,ECB,256,4096,ci95_enc,4,13.036005065109737,13.036005065109737,0.0,0.0,"windows_experience1_20260718.csv, windows_experience2_20260718.csv, windows_experience3_20260718.csv, windows_experience4_20260723.csv"
platform_comparison,x86,AES,ECB,256,4096,key_avalanche,4,0.499814453125,0.499814453125,0.0,0.0,"windows_experience1_20260718.csv, windows_experience2_20260718.csv, windows_experience3_20260718.csv, windows_experience4_20260723.csv"
platform_comparison,x86,AES,ECB,256,4096,throughput_dec,4,140.7651294966684,140.7651294966684,0.0,0.0,"windows_experience1_20260718.csv, windows_experience2_20260718.csv, windows_experience3_20260718.csv, windows_experience4_20260723.csv"
platform_comparison,x86,AES,ECB,256,4096,throughput_enc,4,130.42203648617186,130.42203648617186,0.0,0.0,"windows_experience1_20260718.csv, windows_experience2_20260718.csv, windows_experience3_20260718.csv, windows_experience4_20260723.csv"
platform_comparison,x86,AES,ECB,256,16384,avalanche,4,0.503095703125,0.503095703125,0.0,0.0,"windows_experience1_20260718.csv, windows_experience2_20260718.csv, windows_experience3_20260718.csv, windows_experience4_20260723.csv"
platform_comparison,x86,AES,ECB,256,16384,ci95_enc,4,20.81870769024382,20.81870769024382,0.0,0.0,"windows_experience1_20260718.csv, windows_experience2_20260718.csv, windows_experience3_20260718.csv, windows_experience4_20260723.csv"
platform_comparison,x86,AES,ECB,256,16384,key_avalanche,4,0.5006445312500001,0.5006445312500001,0.0,0.0,"windows_experience1_20260718.csv, windows_experience2_20260718.csv, windows_experience3_20260718.csv, windows_experience4_20260723.csv"
platform_comparison,x86,AES,ECB,256,16384,throughput_dec,4,363.8959426031322,363.8959426031322,0.0,0.0,"windows_experience1_20260718.csv, windows_experience2_20260718.csv, windows_experience3_20260718.csv, windows_experience4_20260723.csv"
platform_comparison,x86,AES,ECB,256,16384,throughput_enc,4,333.81858701588294,333.81858701588294,0.0,0.0,"windows_experience1_20260718.csv, windows_experience2_20260718.csv, windows_experience3_20260718.csv, windows_experience4_20260723.csv"
platform_comparison,x86,AES,GCM,128,64,avalanche,4,0.49967773437499996,0.49967773437499996,0.0,0.0,"windows_experience1_20260718.csv, windows_experience2_20260718.csv, windows_experience3_20260718.csv, windows_experience4_20260723.csv"
platform_comparison,x86,AES,GCM,128,64,ci95_enc,4,0.19976460349648556,0.19976460349648556,0.0,0.0,"windows_experience1_20260718.csv, windows_experience2_20260718.csv, windows_experience3_20260718.csv, windows_experience4_20260723.csv"
platform_comparison,x86,AES,GCM,128,64,key_avalanche,4,0.499658203125,0.499658203125,0.0,0.0,"windows_experience1_20260718.csv, windows_experience2_20260718.csv, windows_experience3_20260718.csv, windows_experience4_20260723.csv"
platform_comparison,x86,AES,GCM,128,64,throughput_dec,4,0.30618195950592053,0.30618195950592053,0.0,0.0,"windows_experience1_20260718.csv, windows_experience2_20260718.csv, windows_experience3_20260718.csv, windows_experience4_20260723.csv"
platform_comparison,x86,AES,GCM,128,64,throughput_enc,4,0.19644324422413223,0.19644324422413223,0.0,0.0,"windows_experience1_20260718.csv, windows_experience2_20260718.csv, windows_experience3_20260718.csv, windows_experience4_20260723.csv"
platform_comparison,x86,AES,GCM,128,256,avalanche,4,0.499189453125,0.499189453125,0.0,0.0,"windows_experience1_20260718.csv, windows_experience2_20260718.csv, windows_experience3_20260718.csv, windows_experience4_20260723.csv"
platform_comparison,x86,AES,GCM,128,256,ci95_enc,4,0.1159151075455588,0.1159151075455588,0.0,0.0,"windows_experience1_20260718.csv, windows_experience2_20260718.csv, windows_experience3_20260718.csv, windows_experience4_20260723.csv"
platform_comparison,x86,AES,GCM,128,256,key_avalanche,4,0.499755859375,0.499755859375,0.0,0.0,"windows_experience1_20260718.csv, windows_experience2_20260718.csv, windows_experience3_20260718.csv, windows_experience4_20260723.csv"
platform_comparison,x86,AES,GCM,128,256,throughput_dec,4,1.2290853364444874,1.2290853364444874,0.0,0.0,"windows_experience1_20260718.csv, windows_experience2_20260718.csv, windows_experience3_20260718.csv, windows_experience4_20260723.csv"
platform_comparison,x86,AES,GCM,128,256,throughput_enc,4,1.6691514872176056,1.6691514872176056,0.0,0.0,"windows_experience1_20260718.csv, windows_experience2_20260718.csv, windows_experience3_20260718.csv, windows_experience4_20260723.csv"
platform_comparison,x86,AES,GCM,128,1024,avalanche,4,0.501298828125,0.501298828125,0.0,0.0,"windows_experience1_20260718.csv, windows_experience2_20260718.csv, windows_experience3_20260718.csv, windows_experience4_20260723.csv"
platform_comparison,x86,AES,GCM,128,1024,ci95_enc,4,0.5357594172168988,0.5357594172168988,0.0,0.0,"windows_experience1_20260718.csv, windows_experience2_20260718.csv, windows_experience3_20260718.csv, windows_experience4_20260723.csv"
platform_comparison,x86,AES,GCM,128,1024,key_avalanche,4,0.50228515625,0.50228515625,0.0,0.0,"windows_experience1_20260718.csv, windows_experience2_20260718.csv, windows_experience3_20260718.csv, windows_experience4_20260723.csv"
platform_comparison,x86,AES,GCM,128,1024,throughput_dec,4,4.8912511702563455,4.8912511702563455,0.0,0.0,"windows_experience1_20260718.csv, windows_experience2_20260718.csv, windows_experience3_20260718.csv, windows_experience4_20260723.csv"
platform_comparison,x86,AES,GCM,128,1024,throughput_enc,4,6.280174220370947,6.280174220370947,0.0,0.0,"windows_experience1_20260718.csv, windows_experience2_20260718.csv, windows_experience3_20260718.csv, windows_experience4_20260723.csv"
platform_comparison,x86,AES,GCM,128,4096,avalanche,4,0.49993164062499995,0.49993164062499995,0.0,0.0,"windows_experience1_20260718.csv, windows_experience2_20260718.csv, windows_experience3_20260718.csv, windows_experience4_20260723.csv"
platform_comparison,x86,AES,GCM,128,4096,ci95_enc,4,1.6941662430495192,1.6941662430495192,0.0,0.0,"windows_experience1_20260718.csv, windows_experience2_20260718.csv, windows_experience3_20260718.csv, windows_experience4_20260723.csv"
platform_comparison,x86,AES,GCM,128,4096,key_avalanche,4,0.5009375,0.5009375,0.0,0.0,"windows_experience1_20260718.csv, windows_experience2_20260718.csv, windows_experience3_20260718.csv, windows_experience4_20260723.csv"
platform_comparison,x86,AES,GCM,128,4096,throughput_dec,4,19.928859545335342,19.928859545335342,0.0,0.0,"windows_experience1_20260718.csv, windows_experience2_20260718.csv, windows_experience3_20260718.csv, windows_experience4_20260723.csv"
platform_comparison,x86,AES,GCM,128,4096,throughput_enc,4,25.198171861019613,25.198171861019613,0.0,0.0,"windows_experience1_20260718.csv, windows_experience2_20260718.csv, windows_experience3_20260718.csv, windows_experience4_20260723.csv"
platform_comparison,x86,AES,GCM,128,16384,avalanche,4,0.497333984375,0.497333984375,0.0,0.0,"windows_experience1_20260718.csv, windows_experience2_20260718.csv, windows_experience3_20260718.csv, windows_experience4_20260723.csv"
platform_comparison,x86,AES,GCM,128,16384,ci95_enc,4,6.46251249977223,6.46251249977223,0.0,0.0,"windows_experience1_20260718.csv, windows_experience2_20260718.csv, windows_experience3_20260718.csv, windows_experience4_20260723.csv"
platform_comparison,x86,AES,GCM,128,16384,key_avalanche,4,0.49916015625,0.49916015625,0.0,0.0,"windows_experience1_20260718.csv, windows_experience2_20260718.csv, windows_experience3_20260718.csv, windows_experience4_20260723.csv"
platform_comparison,x86,AES,GCM,128,16384,throughput_dec,4,68.93332338093532,68.93332338093532,0.0,0.0,"windows_experience1_20260718.csv, windows_experience2_20260718.csv, windows_experience3_20260718.csv, windows_experience4_20260723.csv"
platform_comparison,x86,AES,GCM,128,16384,throughput_enc,4,82.28347587118492,82.28347587118492,0.0,0.0,"windows_experience1_20260718.csv, windows_experience2_20260718.csv, windows_experience3_20260718.csv, windows_experience4_20260723.csv"
platform_comparison,x86,AES,GCM,192,64,avalanche,4,0.5015234375,0.5015234375,0.0,0.0,"windows_experience1_20260718.csv, windows_experience2_20260718.csv, windows_experience3_20260718.csv, windows_experience4_20260723.csv"
platform_comparison,x86,AES,GCM,192,64,ci95_enc,4,0.04582397610874605,0.04582397610874605,0.0,0.0,"windows_experience1_20260718.csv, windows_experience2_20260718.csv, windows_experience3_20260718.csv, windows_experience4_20260723.csv"
platform_comparison,x86,AES,GCM,192,64,key_avalanche,4,0.50109375,0.50109375,0.0,0.0,"windows_experience1_20260718.csv, windows_experience2_20260718.csv, windows_experience3_20260718.csv, windows_experience4_20260723.csv"
platform_comparison,x86,AES,GCM,192,64,throughput_dec,4,0.3441504948232361,0.3441504948232361,0.0,0.0,"windows_experience1_20260718.csv, windows_experience2_20260718.csv, windows_experience3_20260718.csv, windows_experience4_20260723.csv"
platform_comparison,x86,AES,GCM,192,64,throughput_enc,4,0.40550899208930014,0.40550899208930014,0.0,0.0,"windows_experience1_20260718.csv, windows_experience2_20260718.csv, windows_experience3_20260718.csv, windows_experience4_20260723.csv"
platform_comparison,x86,AES,GCM,192,256,avalanche,4,0.49971679687500004,0.49971679687500004,0.0,0.0,"windows_experience1_20260718.csv, windows_experience2_20260718.csv, windows_experience3_20260718.csv, windows_experience4_20260723.csv"
platform_comparison,x86,AES,GCM,192,256,ci95_enc,4,0.11585866027389283,0.11585866027389283,0.0,0.0,"windows_experience1_20260718.csv, windows_experience2_20260718.csv, windows_experience3_20260718.csv, windows_experience4_20260723.csv"
platform_comparison,x86,AES,GCM,192,256,key_avalanche,4,0.50080078125,0.50080078125,0.0,0.0,"windows_experience1_20260718.csv, windows_experience2_20260718.csv, windows_experience3_20260718.csv, windows_experience4_20260723.csv"
platform_comparison,x86,AES,GCM,192,256,throughput_dec,4,1.2773877185082505,1.2773877185082505,0.0,0.0,"windows_experience1_20260718.csv, windows_experience2_20260718.csv, windows_experience3_20260718.csv, windows_experience4_20260723.csv"
platform_comparison,x86,AES,GCM,192,256,throughput_enc,4,1.8259596805697242,1.8259596805697242,0.0,0.0,"windows_experience1_20260718.csv, windows_experience2_20260718.csv, windows_experience3_20260718.csv, windows_experience4_20260723.csv"
platform_comparison,x86,AES,GCM,192,1024,avalanche,4,0.50009765625,0.50009765625,0.0,0.0,"windows_experience1_20260718.csv, windows_experience2_20260718.csv, windows_experience3_20260718.csv, windows_experience4_20260723.csv"
platform_comparison,x86,AES,GCM,192,1024,ci95_enc,4,0.5209971658661199,0.5209971658661199,0.0,0.0,"windows_experience1_20260718.csv, windows_experience2_20260718.csv, windows_experience3_20260718.csv, windows_experience4_20260723.csv"
platform_comparison,x86,AES,GCM,192,1024,key_avalanche,4,0.49875,0.49875,0.0,0.0,"windows_experience1_20260718.csv, windows_experience2_20260718.csv, windows_experience3_20260718.csv, windows_experience4_20260723.csv"
platform_comparison,x86,AES,GCM,192,1024,throughput_dec,4,5.150066141946356,5.150066141946356,0.0,0.0,"windows_experience1_20260718.csv, windows_experience2_20260718.csv, windows_experience3_20260718.csv, windows_experience4_20260723.csv"
platform_comparison,x86,AES,GCM,192,1024,throughput_enc,4,6.531204194346052,6.531204194346052,0.0,0.0,"windows_experience1_20260718.csv, windows_experience2_20260718.csv, windows_experience3_20260718.csv, windows_experience4_20260723.csv"
platform_comparison,x86,AES,GCM,192,4096,avalanche,4,0.49828125,0.49828125,0.0,0.0,"windows_experience1_20260718.csv, windows_experience2_20260718.csv, windows_experience3_20260718.csv, windows_experience4_20260723.csv"
platform_comparison,x86,AES,GCM,192,4096,ci95_enc,4,2.3964143496458323,2.3964143496458323,0.0,0.0,"windows_experience1_20260718.csv, windows_experience2_20260718.csv, windows_experience3_20260718.csv, windows_experience4_20260723.csv"
platform_comparison,x86,AES,GCM,192,4096,key_avalanche,4,0.501708984375,0.501708984375,0.0,0.0,"windows_experience1_20260718.csv, windows_experience2_20260718.csv, windows_experience3_20260718.csv, windows_experience4_20260723.csv"
platform_comparison,x86,AES,GCM,192,4096,throughput_dec,4,19.062244029632406,19.062244029632406,0.0,0.0,"windows_experience1_20260718.csv, windows_experience2_20260718.csv, windows_experience3_20260718.csv, windows_experience4_20260723.csv"
platform_comparison,x86,AES,GCM,192,4096,throughput_enc,4,22.998362243859216,22.998362243859216,0.0,0.0,"windows_experience1_20260718.csv, windows_experience2_20260718.csv, windows_experience3_20260718.csv, windows_experience4_20260723.csv"
platform_comparison,x86,AES,GCM,192,16384,avalanche,4,0.49784179687499996,0.49784179687499996,0.0,0.0,"windows_experience1_20260718.csv, windows_experience2_20260718.csv, windows_experience3_20260718.csv, windows_experience4_20260723.csv"
platform_comparison,x86,AES,GCM,192,16384,ci95_enc,4,7.263931123531021,7.263931123531021,0.0,0.0,"windows_experience1_20260718.csv, windows_experience2_20260718.csv, windows_experience3_20260718.csv, windows_experience4_20260723.csv"
platform_comparison,x86,AES,GCM,192,16384,key_avalanche,4,0.49962890625,0.49962890625,0.0,0.0,"windows_experience1_20260718.csv, windows_experience2_20260718.csv, windows_experience3_20260718.csv, windows_experience4_20260723.csv"
platform_comparison,x86,AES,GCM,192,16384,throughput_dec,4,70.78550123964341,70.78550123964341,0.0,0.0,"windows_experience1_20260718.csv, windows_experience2_20260718.csv, windows_experience3_20260718.csv, windows_experience4_20260723.csv"
platform_comparison,x86,AES,GCM,192,16384,throughput_enc,4,81.89300293402086,81.89300293402086,0.0,0.0,"windows_experience1_20260718.csv, windows_experience2_20260718.csv, windows_experience3_20260718.csv, windows_experience4_20260723.csv"
platform_comparison,x86,AES,GCM,256,64,avalanche,4,0.49763671875000004,0.49763671875000004,0.0,0.0,"windows_experience1_20260718.csv, windows_experience2_20260718.csv, windows_experience3_20260718.csv, windows_experience4_20260723.csv"
platform_comparison,x86,AES,GCM,256,64,ci95_enc,4,0.03105641983118011,0.03105641983118011,0.0,0.0,"windows_experience1_20260718.csv, windows_experience2_20260718.csv, windows_experience3_20260718.csv, windows_experience4_20260723.csv"
platform_comparison,x86,AES,GCM,256,64,key_avalanche,4,0.49870117187499996,0.49870117187499996,0.0,0.0,"windows_experience1_20260718.csv, windows_experience2_20260718.csv, windows_experience3_20260718.csv, windows_experience4_20260723.csv"
platform_comparison,x86,AES,GCM,256,64,throughput_dec,4,0.27475502729888557,0.27475502729888557,0.0,0.0,"windows_experience1_20260718.csv, windows_experience2_20260718.csv, windows_experience3_20260718.csv, windows_experience4_20260723.csv"
platform_comparison,x86,AES,GCM,256,64,throughput_enc,4,0.3770175204716236,0.3770175204716236,0.0,0.0,"windows_experience1_20260718.csv, windows_experience2_20260718.csv, windows_experience3_20260718.csv, windows_experience4_20260723.csv"
platform_comparison,x86,AES,GCM,256,256,avalanche,4,0.49869140625,0.49869140625,0.0,0.0,"windows_experience1_20260718.csv, windows_experience2_20260718.csv, windows_experience3_20260718.csv, windows_experience4_20260723.csv"
platform_comparison,x86,AES,GCM,256,256,ci95_enc,4,0.10459231290244712,0.10459231290244712,0.0,0.0,"windows_experience1_20260718.csv, windows_experience2_20260718.csv, windows_experience3_20260718.csv, windows_experience4_20260723.csv"
platform_comparison,x86,AES,GCM,256,256,key_avalanche,4,0.50146484375,0.50146484375,0.0,0.0,"windows_experience1_20260718.csv, windows_experience2_20260718.csv, windows_experience3_20260718.csv, windows_experience4_20260723.csv"
platform_comparison,x86,AES,GCM,256,256,throughput_dec,4,1.2589761345079715,1.2589761345079715,0.0,0.0,"windows_experience1_20260718.csv, windows_experience2_20260718.csv, windows_experience3_20260718.csv, windows_experience4_20260723.csv"
platform_comparison,x86,AES,GCM,256,256,throughput_enc,4,1.5126242684821034,1.5126242684821034,0.0,0.0,"windows_experience1_20260718.csv, windows_experience2_20260718.csv, windows_experience3_20260718.csv, windows_experience4_20260723.csv"
platform_comparison,x86,AES,GCM,256,1024,avalanche,4,0.50318359375,0.50318359375,0.0,0.0,"windows_experience1_20260718.csv, windows_experience2_20260718.csv, windows_experience3_20260718.csv, windows_experience4_20260723.csv"
platform_comparison,x86,AES,GCM,256,1024,ci95_enc,4,0.49948835844500744,0.49948835844500744,0.0,0.0,"windows_experience1_20260718.csv, windows_experience2_20260718.csv, windows_experience3_20260718.csv, windows_experience4_20260723.csv"
platform_comparison,x86,AES,GCM,256,1024,key_avalanche,4,0.49732421875000005,0.49732421875000005,0.0,0.0,"windows_experience1_20260718.csv, windows_experience2_20260718.csv, windows_experience3_20260718.csv, windows_experience4_20260723.csv"
platform_comparison,x86,AES,GCM,256,1024,throughput_dec,4,5.1732787746347135,5.1732787746347135,0.0,0.0,"windows_experience1_20260718.csv, windows_experience2_20260718.csv, windows_experience3_20260718.csv, windows_experience4_20260723.csv"
platform_comparison,x86,AES,GCM,256,1024,throughput_enc,4,6.788894729756974,6.788894729756974,0.0,0.0,"windows_experience1_20260718.csv, windows_experience2_20260718.csv, windows_experience3_20260718.csv, windows_experience4_20260723.csv"
platform_comparison,x86,AES,GCM,256,4096,avalanche,4,0.5008984375,0.5008984375,0.0,0.0,"windows_experience1_20260718.csv, windows_experience2_20260718.csv, windows_experience3_20260718.csv, windows_experience4_20260723.csv"
platform_comparison,x86,AES,GCM,256,4096,ci95_enc,4,1.4961565580946405,1.4961565580946405,0.0,0.0,"windows_experience1_20260718.csv, windows_experience2_20260718.csv, windows_experience3_20260718.csv, windows_experience4_20260723.csv"
platform_comparison,x86,AES,GCM,256,4096,key_avalanche,4,0.49712890625,0.49712890625,0.0,0.0,"windows_experience1_20260718.csv, windows_experience2_20260718.csv, windows_experience3_20260718.csv, windows_experience4_20260723.csv"
platform_comparison,x86,AES,GCM,256,4096,throughput_dec,4,19.151217039317395,19.151217039317395,0.0,0.0,"windows_experience1_20260718.csv, windows_experience2_20260718.csv, windows_experience3_20260718.csv, windows_experience4_20260723.csv"
platform_comparison,x86,AES,GCM,256,4096,throughput_enc,4,25.392637977001762,25.392637977001762,0.0,0.0,"windows_experience1_20260718.csv, windows_experience2_20260718.csv, windows_experience3_20260718.csv, windows_experience4_20260723.csv"
platform_comparison,x86,AES,GCM,256,16384,avalanche,4,0.49962890625,0.49962890625,0.0,0.0,"windows_experience1_20260718.csv, windows_experience2_20260718.csv, windows_experience3_20260718.csv, windows_experience4_20260723.csv"
platform_comparison,x86,AES,GCM,256,16384,ci95_enc,4,4.296449329501772,4.296449329501772,0.0,0.0,"windows_experience1_20260718.csv, windows_experience2_20260718.csv, windows_experience3_20260718.csv, windows_experience4_20260723.csv"
platform_comparison,x86,AES,GCM,256,16384,key_avalanche,4,0.501044921875,0.501044921875,0.0,0.0,"windows_experience1_20260718.csv, windows_experience2_20260718.csv, windows_experience3_20260718.csv, windows_experience4_20260723.csv"
platform_comparison,x86,AES,GCM,256,16384,throughput_dec,4,68.4903288022563,68.4903288022563,0.0,0.0,"windows_experience1_20260718.csv, windows_experience2_20260718.csv, windows_experience3_20260718.csv, windows_experience4_20260723.csv"
platform_comparison,x86,AES,GCM,256,16384,throughput_enc,4,81.78487416378343,81.78487416378343,0.0,0.0,"windows_experience1_20260718.csv, windows_experience2_20260718.csv, windows_experience3_20260718.csv, windows_experience4_20260723.csv"
platform_comparison,x86,ChaCha20,Stream,256,64,avalanche,4,0.5948876953125,0.5948876953125,0.0,0.0,"windows_experience1_20260718.csv, windows_experience2_20260718.csv, windows_experience3_20260718.csv, windows_experience4_20260723.csv"
platform_comparison,x86,ChaCha20,Stream,256,64,ci95_enc,4,0.5135709952411859,0.5135709952411859,0.0,0.0,"windows_experience1_20260718.csv, windows_experience2_20260718.csv, windows_experience3_20260718.csv, windows_experience4_20260723.csv"
platform_comparison,x86,ChaCha20,Stream,256,64,key_avalanche,4,0.5927050781250001,0.5927050781250001,0.0,0.0,"windows_experience1_20260718.csv, windows_experience2_20260718.csv, windows_experience3_20260718.csv, windows_experience4_20260723.csv"
platform_comparison,x86,ChaCha20,Stream,256,64,throughput_dec,4,3.4357334321076847,3.4357334321076847,0.0,0.0,"windows_experience1_20260718.csv, windows_experience2_20260718.csv, windows_experience3_20260718.csv, windows_experience4_20260723.csv"
platform_comparison,x86,ChaCha20,Stream,256,64,throughput_enc,4,2.87219457259737,2.87219457259737,0.0,0.0,"windows_experience1_20260718.csv, windows_experience2_20260718.csv, windows_experience3_20260718.csv, windows_experience4_20260723.csv"
platform_comparison,x86,ChaCha20,Stream,256,256,avalanche,4,0.59457275390625,0.59457275390625,0.0,0.0,"windows_experience1_20260718.csv, windows_experience2_20260718.csv, windows_experience3_20260718.csv, windows_experience4_20260723.csv"
platform_comparison,x86,ChaCha20,Stream,256,256,ci95_enc,4,1.2387652971847403,1.2387652971847403,0.0,0.0,"windows_experience1_20260718.csv, windows_experience2_20260718.csv, windows_experience3_20260718.csv, windows_experience4_20260723.csv"
platform_comparison,x86,ChaCha20,Stream,256,256,key_avalanche,4,0.59350341796875,0.59350341796875,0.0,0.0,"windows_experience1_20260718.csv, windows_experience2_20260718.csv, windows_experience3_20260718.csv, windows_experience4_20260723.csv"
platform_comparison,x86,ChaCha20,Stream,256,256,throughput_dec,4,11.971750922475245,11.971750922475245,0.0,0.0,"windows_experience1_20260718.csv, windows_experience2_20260718.csv, windows_experience3_20260718.csv, windows_experience4_20260723.csv"
platform_comparison,x86,ChaCha20,Stream,256,256,throughput_enc,4,12.766709846648936,12.766709846648936,0.0,0.0,"windows_experience1_20260718.csv, windows_experience2_20260718.csv, windows_experience3_20260718.csv, windows_experience4_20260723.csv"
platform_comparison,x86,ChaCha20,Stream,256,1024,avalanche,4,0.59400634765625,0.59400634765625,0.0,0.0,"windows_experience1_20260718.csv, windows_experience2_20260718.csv, windows_experience3_20260718.csv, windows_experience4_20260723.csv"
platform_comparison,x86,ChaCha20,Stream,256,1024,ci95_enc,4,3.4780968667520495,3.4780968667520495,0.0,0.0,"windows_experience1_20260718.csv, windows_experience2_20260718.csv, windows_experience3_20260718.csv, windows_experience4_20260723.csv"
platform_comparison,x86,ChaCha20,Stream,256,1024,key_avalanche,4,0.593486328125,0.593486328125,0.0,0.0,"windows_experience1_20260718.csv, windows_experience2_20260718.csv, windows_experience3_20260718.csv, windows_experience4_20260723.csv"
platform_comparison,x86,ChaCha20,Stream,256,1024,throughput_dec,4,34.42761488451025,34.42761488451025,0.0,0.0,"windows_experience1_20260718.csv, windows_experience2_20260718.csv, windows_experience3_20260718.csv, windows_experience4_20260723.csv"
platform_comparison,x86,ChaCha20,Stream,256,1024,throughput_enc,4,36.680689810182386,36.680689810182386,0.0,0.0,"windows_experience1_20260718.csv, windows_experience2_20260718.csv, windows_experience3_20260718.csv, windows_experience4_20260723.csv"
platform_comparison,x86,ChaCha20,Stream,256,4096,avalanche,4,0.5935205078125001,0.5935205078125001,0.0,0.0,"windows_experience1_20260718.csv, windows_experience2_20260718.csv, windows_experience3_20260718.csv, windows_experience4_20260723.csv"
platform_comparison,x86,ChaCha20,Stream,256,4096,ci95_enc,4,7.822643147031528,7.822643147031528,0.0,0.0,"windows_experience1_20260718.csv, windows_experience2_20260718.csv, windows_experience3_20260718.csv, windows_experience4_20260723.csv"
platform_comparison,x86,ChaCha20,Stream,256,4096,key_avalanche,4,0.59332763671875,0.59332763671875,0.0,0.0,"windows_experience1_20260718.csv, windows_experience2_20260718.csv, windows_experience3_20260718.csv, windows_experience4_20260723.csv"
platform_comparison,x86,ChaCha20,Stream,256,4096,throughput_dec,4,89.30397989315817,89.30397989315817,0.0,0.0,"windows_experience1_20260718.csv, windows_experience2_20260718.csv, windows_experience3_20260718.csv, windows_experience4_20260723.csv"
platform_comparison,x86,ChaCha20,Stream,256,4096,throughput_enc,4,86.78138333902152,86.78138333902152,0.0,0.0,"windows_experience1_20260718.csv, windows_experience2_20260718.csv, windows_experience3_20260718.csv, windows_experience4_20260723.csv"
platform_comparison,x86,ChaCha20,Stream,256,16384,avalanche,4,0.5943603515625,0.5943603515625,0.0,0.0,"windows_experience1_20260718.csv, windows_experience2_20260718.csv, windows_experience3_20260718.csv, windows_experience4_20260723.csv"
platform_comparison,x86,ChaCha20,Stream,256,16384,ci95_enc,4,8.582955531840241,8.582955531840241,0.0,0.0,"windows_experience1_20260718.csv, windows_experience2_20260718.csv, windows_experience3_20260718.csv, windows_experience4_20260723.csv"
platform_comparison,x86,ChaCha20,Stream,256,16384,key_avalanche,4,0.5928906249999999,0.5928906249999999,0.0,0.0,"windows_experience1_20260718.csv, windows_experience2_20260718.csv, windows_experience3_20260718.csv, windows_experience4_20260723.csv"
platform_comparison,x86,ChaCha20,Stream,256,16384,throughput_dec,4,124.5826451021644,124.5826451021644,0.0,0.0,"windows_experience1_20260718.csv, windows_experience2_20260718.csv, windows_experience3_20260718.csv, windows_experience4_20260723.csv"
platform_comparison,x86,ChaCha20,Stream,256,16384,throughput_enc,4,118.84713779097117,118.84713779097117,0.0,0.0,"windows_experience1_20260718.csv, windows_experience2_20260718.csv, windows_experience3_20260718.csv, windows_experience4_20260723.csv"
platform_comparison,x86,DES,CBC,64,64,avalanche,4,0.5007812500000001,0.5007812500000001,0.0,0.0,"windows_experience1_20260718.csv, windows_experience2_20260718.csv, windows_experience3_20260718.csv, windows_experience4_20260723.csv"
platform_comparison,x86,DES,CBC,64,64,ci95_enc,4,0.0179544769134699,0.0179544769134699,0.0,0.0,"windows_experience1_20260718.csv, windows_experience2_20260718.csv, windows_experience3_20260718.csv, windows_experience4_20260723.csv"
platform_comparison,x86,DES,CBC,64,64,key_avalanche,4,0.4485546875,0.4485546875,0.0,0.0,"windows_experience1_20260718.csv, windows_experience2_20260718.csv, windows_experience3_20260718.csv, windows_experience4_20260723.csv"
platform_comparison,x86,DES,CBC,64,64,throughput_dec,4,1.373085298595913,1.373085298595913,0.0,0.0,"windows_experience1_20260718.csv, windows_experience2_20260718.csv, windows_experience3_20260718.csv, windows_experience4_20260723.csv"
platform_comparison,x86,DES,CBC,64,64,throughput_enc,4,0.20661343867378248,0.20661343867378248,0.0,0.0,"windows_experience1_20260718.csv, windows_experience2_20260718.csv, windows_experience3_20260718.csv, windows_experience4_20260723.csv"
platform_comparison,x86,DES,CBC,64,256,avalanche,4,0.497890625,0.497890625,0.0,0.0,"windows_experience1_20260718.csv, windows_experience2_20260718.csv, windows_experience3_20260718.csv, windows_experience4_20260723.csv"
platform_comparison,x86,DES,CBC,64,256,ci95_enc,4,0.012602324390000986,0.012602324390000986,0.0,0.0,"windows_experience1_20260718.csv, windows_experience2_20260718.csv, windows_experience3_20260718.csv, windows_experience4_20260723.csv"
platform_comparison,x86,DES,CBC,64,256,key_avalanche,4,0.43732421875,0.43732421875,0.0,0.0,"windows_experience1_20260718.csv, windows_experience2_20260718.csv, windows_experience3_20260718.csv, windows_experience4_20260723.csv"
platform_comparison,x86,DES,CBC,64,256,throughput_dec,4,3.281853198028583,3.281853198028583,0.0,0.0,"windows_experience1_20260718.csv, windows_experience2_20260718.csv, windows_experience3_20260718.csv, windows_experience4_20260723.csv"
platform_comparison,x86,DES,CBC,64,256,throughput_enc,4,0.2444371567865039,0.2444371567865039,0.0,0.0,"windows_experience1_20260718.csv, windows_experience2_20260718.csv, windows_experience3_20260718.csv, windows_experience4_20260723.csv"
platform_comparison,x86,DES,CBC,64,1024,avalanche,4,0.504296875,0.504296875,0.0,0.0,"windows_experience1_20260718.csv, windows_experience2_20260718.csv, windows_experience3_20260718.csv, windows_experience4_20260723.csv"
platform_comparison,x86,DES,CBC,64,1024,ci95_enc,4,0.008977126074258684,0.008977126074258684,0.0,0.0,"windows_experience1_20260718.csv, windows_experience2_20260718.csv, windows_experience3_20260718.csv, windows_experience4_20260723.csv"
platform_comparison,x86,DES,CBC,64,1024,key_avalanche,4,0.43337890625000003,0.43337890625000003,0.0,0.0,"windows_experience1_20260718.csv, windows_experience2_20260718.csv, windows_experience3_20260718.csv, windows_experience4_20260723.csv"
platform_comparison,x86,DES,CBC,64,1024,throughput_dec,4,4.4249135281419605,4.4249135281419605,0.0,0.0,"windows_experience1_20260718.csv, windows_experience2_20260718.csv, windows_experience3_20260718.csv, windows_experience4_20260723.csv"
platform_comparison,x86,DES,CBC,64,1024,throughput_enc,4,0.27574229768954234,0.27574229768954234,0.0,0.0,"windows_experience1_20260718.csv, windows_experience2_20260718.csv, windows_experience3_20260718.csv, windows_experience4_20260723.csv"
platform_comparison,x86,DES,CBC,64,4096,avalanche,4,0.49843750000000003,0.49843750000000003,0.0,0.0,"windows_experience1_20260718.csv, windows_experience2_20260718.csv, windows_experience3_20260718.csv, windows_experience4_20260723.csv"
platform_comparison,x86,DES,CBC,64,4096,ci95_enc,4,0.008187246257278414,0.008187246257278414,0.0,0.0,"windows_experience1_20260718.csv, windows_experience2_20260718.csv, windows_experience3_20260718.csv, windows_experience4_20260723.csv"
platform_comparison,x86,DES,CBC,64,4096,key_avalanche,4,0.44251953125,0.44251953125,0.0,0.0,"windows_experience1_20260718.csv, windows_experience2_20260718.csv, windows_experience3_20260718.csv, windows_experience4_20260723.csv"
platform_comparison,x86,DES,CBC,64,4096,throughput_dec,4,5.823526736138945,5.823526736138945,0.0,0.0,"windows_experience1_20260718.csv, windows_experience2_20260718.csv, windows_experience3_20260718.csv, windows_experience4_20260723.csv"
platform_comparison,x86,DES,CBC,64,4096,throughput_enc,4,0.264227337854405,0.264227337854405,0.0,0.0,"windows_experience1_20260718.csv, windows_experience2_20260718.csv, windows_experience3_20260718.csv, windows_experience4_20260723.csv"
platform_comparison,x86,DES,CBC,64,16384,avalanche,4,0.49875,0.49875,0.0,0.0,"windows_experience1_20260718.csv, windows_experience2_20260718.csv, windows_experience3_20260718.csv, windows_experience4_20260723.csv"
platform_comparison,x86,DES,CBC,64,16384,ci95_enc,4,0.008135586103072414,0.008135586103072414,0.0,0.0,"windows_experience1_20260718.csv, windows_experience2_20260718.csv, windows_experience3_20260718.csv, windows_experience4_20260723.csv"
platform_comparison,x86,DES,CBC,64,16384,key_avalanche,4,0.44076171875,0.44076171875,0.0,0.0,"windows_experience1_20260718.csv, windows_experience2_20260718.csv, windows_experience3_20260718.csv, windows_experience4_20260723.csv"
platform_comparison,x86,DES,CBC,64,16384,throughput_dec,4,6.151477862393577,6.151477862393577,0.0,0.0,"windows_experience1_20260718.csv, windows_experience2_20260718.csv, windows_experience3_20260718.csv, windows_experience4_20260723.csv"
platform_comparison,x86,DES,CBC,64,16384,throughput_enc,4,0.2567434520895251,0.2567434520895251,0.0,0.0,"windows_experience1_20260718.csv, windows_experience2_20260718.csv, windows_experience3_20260718.csv, windows_experience4_20260723.csv"
platform_comparison,x86,DES,CTR,64,64,avalanche,4,0.49998046875,0.49998046875,0.0,0.0,"windows_experience1_20260718.csv, windows_experience2_20260718.csv, windows_experience3_20260718.csv, windows_experience4_20260723.csv"
platform_comparison,x86,DES,CTR,64,64,ci95_enc,4,0.12419730425930933,0.12419730425930933,0.0,0.0,"windows_experience1_20260718.csv, windows_experience2_20260718.csv, windows_experience3_20260718.csv, windows_experience4_20260723.csv"
platform_comparison,x86,DES,CTR,64,64,key_avalanche,4,0.43830078125,0.43830078125,0.0,0.0,"windows_experience1_20260718.csv, windows_experience2_20260718.csv, windows_experience3_20260718.csv, windows_experience4_20260723.csv"
platform_comparison,x86,DES,CTR,64,64,throughput_dec,4,1.2685502762386796,1.2685502762386796,0.0,0.0,"windows_experience1_20260718.csv, windows_experience2_20260718.csv, windows_experience3_20260718.csv, windows_experience4_20260723.csv"
platform_comparison,x86,DES,CTR,64,64,throughput_enc,4,1.220734355925933,1.220734355925933,0.0,0.0,"windows_experience1_20260718.csv, windows_experience2_20260718.csv, windows_experience3_20260718.csv, windows_experience4_20260723.csv"
platform_comparison,x86,DES,CTR,64,256,avalanche,4,0.49927734375000005,0.49927734375000005,0.0,0.0,"windows_experience1_20260718.csv, windows_experience2_20260718.csv, windows_experience3_20260718.csv, windows_experience4_20260723.csv"
platform_comparison,x86,DES,CTR,64,256,ci95_enc,4,0.27423512790496424,0.27423512790496424,0.0,0.0,"windows_experience1_20260718.csv, windows_experience2_20260718.csv, windows_experience3_20260718.csv, windows_experience4_20260723.csv"
platform_comparison,x86,DES,CTR,64,256,key_avalanche,4,0.4412890625,0.4412890625,0.0,0.0,"windows_experience1_20260718.csv, windows_experience2_20260718.csv, windows_experience3_20260718.csv, windows_experience4_20260723.csv"
platform_comparison,x86,DES,CTR,64,256,throughput_dec,4,2.5943550459829217,2.5943550459829217,0.0,0.0,"windows_experience1_20260718.csv, windows_experience2_20260718.csv, windows_experience3_20260718.csv, windows_experience4_20260723.csv"
platform_comparison,x86,DES,CTR,64,256,throughput_enc,4,2.501965408164711,2.501965408164711,0.0,0.0,"windows_experience1_20260718.csv, windows_experience2_20260718.csv, windows_experience3_20260718.csv, windows_experience4_20260723.csv"
platform_comparison,x86,DES,CTR,64,1024,avalanche,4,0.50306640625,0.50306640625,0.0,0.0,"windows_experience1_20260718.csv, windows_experience2_20260718.csv, windows_experience3_20260718.csv, windows_experience4_20260723.csv"
platform_comparison,x86,DES,CTR,64,1024,ci95_enc,4,0.26440542354001123,0.26440542354001123,0.0,0.0,"windows_experience1_20260718.csv, windows_experience2_20260718.csv, windows_experience3_20260718.csv, windows_experience4_20260723.csv"
platform_comparison,x86,DES,CTR,64,1024,key_avalanche,4,0.446875,0.446875,0.0,0.0,"windows_experience1_20260718.csv, windows_experience2_20260718.csv, windows_experience3_20260718.csv, windows_experience4_20260723.csv"
platform_comparison,x86,DES,CTR,64,1024,throughput_dec,4,3.306147942312666,3.306147942312666,0.0,0.0,"windows_experience1_20260718.csv, windows_experience2_20260718.csv, windows_experience3_20260718.csv, windows_experience4_20260723.csv"
platform_comparison,x86,DES,CTR,64,1024,throughput_enc,4,3.025876630137734,3.025876630137734,0.0,0.0,"windows_experience1_20260718.csv, windows_experience2_20260718.csv, windows_experience3_20260718.csv, windows_experience4_20260723.csv"
platform_comparison,x86,DES,CTR,64,4096,avalanche,4,0.49939453124999994,0.49939453124999994,0.0,0.0,"windows_experience1_20260718.csv, windows_experience2_20260718.csv, windows_experience3_20260718.csv, windows_experience4_20260723.csv"
platform_comparison,x86,DES,CTR,64,4096,ci95_enc,4,0.43354415409787483,0.43354415409787483,0.0,0.0,"windows_experience1_20260718.csv, windows_experience2_20260718.csv, windows_experience3_20260718.csv, windows_experience4_20260723.csv"
platform_comparison,x86,DES,CTR,64,4096,key_avalanche,4,0.442578125,0.442578125,0.0,0.0,"windows_experience1_20260718.csv, windows_experience2_20260718.csv, windows_experience3_20260718.csv, windows_experience4_20260723.csv"
platform_comparison,x86,DES,CTR,64,4096,throughput_dec,4,3.999266724791804,3.999266724791804,0.0,0.0,"windows_experience1_20260718.csv, windows_experience2_20260718.csv, windows_experience3_20260718.csv, windows_experience4_20260723.csv"
platform_comparison,x86,DES,CTR,64,4096,throughput_enc,4,3.1228898395931513,3.1228898395931513,0.0,0.0,"windows_experience1_20260718.csv, windows_experience2_20260718.csv, windows_experience3_20260718.csv, windows_experience4_20260723.csv"
platform_comparison,x86,DES,CTR,64,16384,avalanche,4,0.49958984375,0.49958984375,0.0,0.0,"windows_experience1_20260718.csv, windows_experience2_20260718.csv, windows_experience3_20260718.csv, windows_experience4_20260723.csv"
platform_comparison,x86,DES,CTR,64,16384,ci95_enc,4,0.23715670119770338,0.23715670119770338,0.0,0.0,"windows_experience1_20260718.csv, windows_experience2_20260718.csv, windows_experience3_20260718.csv, windows_experience4_20260723.csv"
platform_comparison,x86,DES,CTR,64,16384,key_avalanche,4,0.436953125,0.436953125,0.0,0.0,"windows_experience1_20260718.csv, windows_experience2_20260718.csv, windows_experience3_20260718.csv, windows_experience4_20260723.csv"
platform_comparison,x86,DES,CTR,64,16384,throughput_dec,4,4.2623501378119535,4.2623501378119535,0.0,0.0,"windows_experience1_20260718.csv, windows_experience2_20260718.csv, windows_experience3_20260718.csv, windows_experience4_20260723.csv"
platform_comparison,x86,DES,CTR,64,16384,throughput_enc,4,3.9052153881317073,3.9052153881317073,0.0,0.0,"windows_experience1_20260718.csv, windows_experience2_20260718.csv, windows_experience3_20260718.csv, windows_experience4_20260723.csv"
platform_comparison,x86,DES,ECB,64,64,avalanche,4,0.49732421875,0.49732421875,0.0,0.0,"windows_experience1_20260718.csv, windows_experience2_20260718.csv, windows_experience3_20260718.csv, windows_experience4_20260723.csv"
platform_comparison,x86,DES,ECB,64,64,ci95_enc,4,0.3300540560103063,0.3300540560103063,0.0,0.0,"windows_experience1_20260718.csv, windows_experience2_20260718.csv, windows_experience3_20260718.csv, windows_experience4_20260723.csv"
platform_comparison,x86,DES,ECB,64,64,key_avalanche,4,0.44013671874999993,0.44013671874999993,0.0,0.0,"windows_experience1_20260718.csv, windows_experience2_20260718.csv, windows_experience3_20260718.csv, windows_experience4_20260723.csv"
platform_comparison,x86,DES,ECB,64,64,throughput_dec,4,2.304861370881195,2.304861370881195,0.0,0.0,"windows_experience1_20260718.csv, windows_experience2_20260718.csv, windows_experience3_20260718.csv, windows_experience4_20260723.csv"
platform_comparison,x86,DES,ECB,64,64,throughput_enc,4,1.9935522895546676,1.9935522895546676,0.0,0.0,"windows_experience1_20260718.csv, windows_experience2_20260718.csv, windows_experience3_20260718.csv, windows_experience4_20260723.csv"
platform_comparison,x86,DES,ECB,64,256,avalanche,4,0.49705078125,0.49705078125,0.0,0.0,"windows_experience1_20260718.csv, windows_experience2_20260718.csv, windows_experience3_20260718.csv, windows_experience4_20260723.csv"
platform_comparison,x86,DES,ECB,64,256,ci95_enc,4,0.9997845918495261,0.9997845918495261,0.0,0.0,"windows_experience1_20260718.csv, windows_experience2_20260718.csv, windows_experience3_20260718.csv, windows_experience4_20260723.csv"
platform_comparison,x86,DES,ECB,64,256,key_avalanche,4,0.42265625,0.42265625,0.0,0.0,"windows_experience1_20260718.csv, windows_experience2_20260718.csv, windows_experience3_20260718.csv, windows_experience4_20260723.csv"
platform_comparison,x86,DES,ECB,64,256,throughput_dec,4,6.391649568699763,6.391649568699763,0.0,0.0,"windows_experience1_20260718.csv, windows_experience2_20260718.csv, windows_experience3_20260718.csv, windows_experience4_20260723.csv"
platform_comparison,x86,DES,ECB,64,256,throughput_enc,4,7.289798083811348,7.289798083811348,0.0,0.0,"windows_experience1_20260718.csv, windows_experience2_20260718.csv, windows_experience3_20260718.csv, windows_experience4_20260723.csv"
platform_comparison,x86,DES,ECB,64,1024,avalanche,4,0.49841796875,0.49841796875,0.0,0.0,"windows_experience1_20260718.csv, windows_experience2_20260718.csv, windows_experience3_20260718.csv, windows_experience4_20260723.csv"
platform_comparison,x86,DES,ECB,64,1024,ci95_enc,4,1.8351899966621266,1.8351899966621266,0.0,0.0,"windows_experience1_20260718.csv, windows_experience2_20260718.csv, windows_experience3_20260718.csv, windows_experience4_20260723.csv"
platform_comparison,x86,DES,ECB,64,1024,key_avalanche,4,0.43609375,0.43609375,0.0,0.0,"windows_experience1_20260718.csv, windows_experience2_20260718.csv, windows_experience3_20260718.csv, windows_experience4_20260723.csv"
platform_comparison,x86,DES,ECB,64,1024,throughput_dec,4,18.606158541168558,18.606158541168558,0.0,0.0,"windows_experience1_20260718.csv, windows_experience2_20260718.csv, windows_experience3_20260718.csv, windows_experience4_20260723.csv"
platform_comparison,x86,DES,ECB,64,1024,throughput_enc,4,18.255620993576162,18.255620993576162,0.0,0.0,"windows_experience1_20260718.csv, windows_experience2_20260718.csv, windows_experience3_20260718.csv, windows_experience4_20260723.csv"
platform_comparison,x86,DES,ECB,64,4096,avalanche,4,0.499765625,0.499765625,0.0,0.0,"windows_experience1_20260718.csv, windows_experience2_20260718.csv, windows_experience3_20260718.csv, windows_experience4_20260723.csv"
platform_comparison,x86,DES,ECB,64,4096,ci95_enc,4,1.903945892887394,1.903945892887394,0.0,0.0,"windows_experience1_20260718.csv, windows_experience2_20260718.csv, windows_experience3_20260718.csv, windows_experience4_20260723.csv"
platform_comparison,x86,DES,ECB,64,4096,key_avalanche,4,0.44048828125,0.44048828125,0.0,0.0,"windows_experience1_20260718.csv, windows_experience2_20260718.csv, windows_experience3_20260718.csv, windows_experience4_20260723.csv"
platform_comparison,x86,DES,ECB,64,4096,throughput_dec,4,30.732437590231896,30.732437590231896,0.0,0.0,"windows_experience1_20260718.csv, windows_experience2_20260718.csv, windows_experience3_20260718.csv, windows_experience4_20260723.csv"
platform_comparison,x86,DES,ECB,64,4096,throughput_enc,4,30.484840845515052,30.484840845515052,0.0,0.0,"windows_experience1_20260718.csv, windows_experience2_20260718.csv, windows_experience3_20260718.csv, windows_experience4_20260723.csv"
platform_comparison,x86,DES,ECB,64,16384,avalanche,4,0.50048828125,0.50048828125,0.0,0.0,"windows_experience1_20260718.csv, windows_experience2_20260718.csv, windows_experience3_20260718.csv, windows_experience4_20260723.csv"
platform_comparison,x86,DES,ECB,64,16384,ci95_enc,4,1.659262932922693,1.659262932922693,0.0,0.0,"windows_experience1_20260718.csv, windows_experience2_20260718.csv, windows_experience3_20260718.csv, windows_experience4_20260723.csv"
platform_comparison,x86,DES,ECB,64,16384,key_avalanche,4,0.44634765625,0.44634765625,0.0,0.0,"windows_experience1_20260718.csv, windows_experience2_20260718.csv, windows_experience3_20260718.csv, windows_experience4_20260723.csv"
platform_comparison,x86,DES,ECB,64,16384,throughput_dec,4,37.70617753595287,37.70617753595287,0.0,0.0,"windows_experience1_20260718.csv, windows_experience2_20260718.csv, windows_experience3_20260718.csv, windows_experience4_20260723.csv"
platform_comparison,x86,DES,ECB,64,16384,throughput_enc,4,35.96035301293266,35.96035301293266,0.0,0.0,"windows_experience1_20260718.csv, windows_experience2_20260718.csv, windows_experience3_20260718.csv, windows_experience4_20260723.csv"
platform_comparison,x86,Twofish,CBC,128,64,avalanche,4,0.50029296875,0.50029296875,0.0,0.0,"windows_experience1_20260718.csv, windows_experience2_20260718.csv, windows_experience3_20260718.csv, windows_experience4_20260723.csv"
platform_comparison,x86,Twofish,CBC,128,64,ci95_enc,4,0.07953932648696979,0.07953932648696979,0.0,0.0,"windows_experience1_20260718.csv, windows_experience2_20260718.csv, windows_experience3_20260718.csv, windows_experience4_20260723.csv"
platform_comparison,x86,Twofish,CBC,128,64,key_avalanche,4,0.5010644531249999,0.5010644531249999,0.0,0.0,"windows_experience1_20260718.csv, windows_experience2_20260718.csv, windows_experience3_20260718.csv, windows_experience4_20260723.csv"
platform_comparison,x86,Twofish,CBC,128,64,throughput_dec,4,1.1495586109691633,1.1495586109691633,0.0,0.0,"windows_experience1_20260718.csv, windows_experience2_20260718.csv, windows_experience3_20260718.csv, windows_experience4_20260723.csv"
platform_comparison,x86,Twofish,CBC,128,64,throughput_enc,4,0.9679470873156286,0.9679470873156286,0.0,0.0,"windows_experience1_20260718.csv, windows_experience2_20260718.csv, windows_experience3_20260718.csv, windows_experience4_20260723.csv"
platform_comparison,x86,Twofish,CBC,128,256,avalanche,4,0.498056640625,0.498056640625,0.0,0.0,"windows_experience1_20260718.csv, windows_experience2_20260718.csv, windows_experience3_20260718.csv, windows_experience4_20260723.csv"
platform_comparison,x86,Twofish,CBC,128,256,ci95_enc,4,0.11125596531425161,0.11125596531425161,0.0,0.0,"windows_experience1_20260718.csv, windows_experience2_20260718.csv, windows_experience3_20260718.csv, windows_experience4_20260723.csv"
platform_comparison,x86,Twofish,CBC,128,256,key_avalanche,4,0.49945312500000005,0.49945312500000005,0.0,0.0,"windows_experience1_20260718.csv, windows_experience2_20260718.csv, windows_experience3_20260718.csv, windows_experience4_20260723.csv"
platform_comparison,x86,Twofish,CBC,128,256,throughput_dec,4,1.6127137715361863,1.6127137715361863,0.0,0.0,"windows_experience1_20260718.csv, windows_experience2_20260718.csv, windows_experience3_20260718.csv, windows_experience4_20260723.csv"
platform_comparison,x86,Twofish,CBC,128,256,throughput_enc,4,1.193076406590947,1.193076406590947,0.0,0.0,"windows_experience1_20260718.csv, windows_experience2_20260718.csv, windows_experience3_20260718.csv, windows_experience4_20260723.csv"
platform_comparison,x86,Twofish,CBC,128,1024,avalanche,4,0.500654296875,0.500654296875,0.0,0.0,"windows_experience1_20260718.csv, windows_experience2_20260718.csv, windows_experience3_20260718.csv, windows_experience4_20260723.csv"
platform_comparison,x86,Twofish,CBC,128,1024,ci95_enc,4,0.08347428885414065,0.08347428885414065,0.0,0.0,"windows_experience1_20260718.csv, windows_experience2_20260718.csv, windows_experience3_20260718.csv, windows_experience4_20260723.csv"
platform_comparison,x86,Twofish,CBC,128,1024,key_avalanche,4,0.50177734375,0.50177734375,0.0,0.0,"windows_experience1_20260718.csv, windows_experience2_20260718.csv, windows_experience3_20260718.csv, windows_experience4_20260723.csv"
platform_comparison,x86,Twofish,CBC,128,1024,throughput_dec,4,1.800413391992211,1.800413391992211,0.0,0.0,"windows_experience1_20260718.csv, windows_experience2_20260718.csv, windows_experience3_20260718.csv, windows_experience4_20260723.csv"
platform_comparison,x86,Twofish,CBC,128,1024,throughput_enc,4,1.245451463981524,1.245451463981524,0.0,0.0,"windows_experience1_20260718.csv, windows_experience2_20260718.csv, windows_experience3_20260718.csv, windows_experience4_20260723.csv"
platform_comparison,x86,Twofish,CBC,128,4096,avalanche,4,0.50048828125,0.50048828125,0.0,0.0,"windows_experience1_20260718.csv, windows_experience2_20260718.csv, windows_experience3_20260718.csv, windows_experience4_20260723.csv"
platform_comparison,x86,Twofish,CBC,128,4096,ci95_enc,4,0.04418335198279091,0.04418335198279091,0.0,0.0,"windows_experience1_20260718.csv, windows_experience2_20260718.csv, windows_experience3_20260718.csv, windows_experience4_20260723.csv"
platform_comparison,x86,Twofish,CBC,128,4096,key_avalanche,4,0.49799804687500004,0.49799804687500004,0.0,0.0,"windows_experience1_20260718.csv, windows_experience2_20260718.csv, windows_experience3_20260718.csv, windows_experience4_20260723.csv"
platform_comparison,x86,Twofish,CBC,128,4096,throughput_dec,4,1.8562809957869628,1.8562809957869628,0.0,0.0,"windows_experience1_20260718.csv, windows_experience2_20260718.csv, windows_experience3_20260718.csv, windows_experience4_20260723.csv"
platform_comparison,x86,Twofish,CBC,128,4096,throughput_enc,4,1.4603950966006478,1.4603950966006478,0.0,0.0,"windows_experience1_20260718.csv, windows_experience2_20260718.csv, windows_experience3_20260718.csv, windows_experience4_20260723.csv"
platform_comparison,x86,Twofish,CBC,128,16384,avalanche,4,0.500029296875,0.500029296875,0.0,0.0,"windows_experience1_20260718.csv, windows_experience2_20260718.csv, windows_experience3_20260718.csv, windows_experience4_20260723.csv"
platform_comparison,x86,Twofish,CBC,128,16384,ci95_enc,4,0.1021058440300314,0.1021058440300314,0.0,0.0,"windows_experience1_20260718.csv, windows_experience2_20260718.csv, windows_experience3_20260718.csv, windows_experience4_20260723.csv"
platform_comparison,x86,Twofish,CBC,128,16384,key_avalanche,4,0.499228515625,0.499228515625,0.0,0.0,"windows_experience1_20260718.csv, windows_experience2_20260718.csv, windows_experience3_20260718.csv, windows_experience4_20260723.csv"
platform_comparison,x86,Twofish,CBC,128,16384,throughput_dec,4,1.7937425689584705,1.7937425689584705,0.0,0.0,"windows_experience1_20260718.csv, windows_experience2_20260718.csv, windows_experience3_20260718.csv, windows_experience4_20260723.csv"
platform_comparison,x86,Twofish,CBC,128,16384,throughput_enc,4,1.282026623578462,1.282026623578462,0.0,0.0,"windows_experience1_20260718.csv, windows_experience2_20260718.csv, windows_experience3_20260718.csv, windows_experience4_20260723.csv"
platform_comparison,x86,Twofish,CBC,192,64,avalanche,4,0.499677734375,0.499677734375,0.0,0.0,"windows_experience1_20260718.csv, windows_experience2_20260718.csv, windows_experience3_20260718.csv, windows_experience4_20260723.csv"
platform_comparison,x86,Twofish,CBC,192,64,ci95_enc,4,0.07493768646090991,0.07493768646090991,0.0,0.0,"windows_experience1_20260718.csv, windows_experience2_20260718.csv, windows_experience3_20260718.csv, windows_experience4_20260723.csv"
platform_comparison,x86,Twofish,CBC,192,64,key_avalanche,4,0.499287109375,0.499287109375,0.0,0.0,"windows_experience1_20260718.csv, windows_experience2_20260718.csv, windows_experience3_20260718.csv, windows_experience4_20260723.csv"
platform_comparison,x86,Twofish,CBC,192,64,throughput_dec,4,1.104335101493008,1.104335101493008,0.0,0.0,"windows_experience1_20260718.csv, windows_experience2_20260718.csv, windows_experience3_20260718.csv, windows_experience4_20260723.csv"
platform_comparison,x86,Twofish,CBC,192,64,throughput_enc,4,0.9610306860275006,0.9610306860275006,0.0,0.0,"windows_experience1_20260718.csv, windows_experience2_20260718.csv, windows_experience3_20260718.csv, windows_experience4_20260723.csv"
platform_comparison,x86,Twofish,CBC,192,256,avalanche,4,0.49917968749999997,0.49917968749999997,0.0,0.0,"windows_experience1_20260718.csv, windows_experience2_20260718.csv, windows_experience3_20260718.csv, windows_experience4_20260723.csv"
platform_comparison,x86,Twofish,CBC,192,256,ci95_enc,4,0.08845780718368929,0.08845780718368929,0.0,0.0,"windows_experience1_20260718.csv, windows_experience2_20260718.csv, windows_experience3_20260718.csv, windows_experience4_20260723.csv"
platform_comparison,x86,Twofish,CBC,192,256,key_avalanche,4,0.502119140625,0.502119140625,0.0,0.0,"windows_experience1_20260718.csv, windows_experience2_20260718.csv, windows_experience3_20260718.csv, windows_experience4_20260723.csv"
platform_comparison,x86,Twofish,CBC,192,256,throughput_dec,4,1.3305785670221755,1.3305785670221755,0.0,0.0,"windows_experience1_20260718.csv, windows_experience2_20260718.csv, windows_experience3_20260718.csv, windows_experience4_20260723.csv"
platform_comparison,x86,Twofish,CBC,192,256,throughput_enc,4,1.1647318030785365,1.1647318030785365,0.0,0.0,"windows_experience1_20260718.csv, windows_experience2_20260718.csv, windows_experience3_20260718.csv, windows_experience4_20260723.csv"
platform_comparison,x86,Twofish,CBC,192,1024,avalanche,4,0.49994140625,0.49994140625,0.0,0.0,"windows_experience1_20260718.csv, windows_experience2_20260718.csv, windows_experience3_20260718.csv, windows_experience4_20260723.csv"
platform_comparison,x86,Twofish,CBC,192,1024,ci95_enc,4,0.07032424835839378,0.07032424835839378,0.0,0.0,"windows_experience1_20260718.csv, windows_experience2_20260718.csv, windows_experience3_20260718.csv, windows_experience4_20260723.csv"
platform_comparison,x86,Twofish,CBC,192,1024,key_avalanche,4,0.49871093749999995,0.49871093749999995,0.0,0.0,"windows_experience1_20260718.csv, windows_experience2_20260718.csv, windows_experience3_20260718.csv, windows_experience4_20260723.csv"
platform_comparison,x86,Twofish,CBC,192,1024,throughput_dec,4,1.6316155336875053,1.6316155336875053,0.0,0.0,"windows_experience1_20260718.csv, windows_experience2_20260718.csv, windows_experience3_20260718.csv, windows_experience4_20260723.csv"
platform_comparison,x86,Twofish,CBC,192,1024,throughput_enc,4,1.229122942200834,1.229122942200834,0.0,0.0,"windows_experience1_20260718.csv, windows_experience2_20260718.csv, windows_experience3_20260718.csv, windows_experience4_20260723.csv"
platform_comparison,x86,Twofish,CBC,192,4096,avalanche,4,0.5018652343750001,0.5018652343750001,0.0,0.0,"windows_experience1_20260718.csv, windows_experience2_20260718.csv, windows_experience3_20260718.csv, windows_experience4_20260723.csv"
platform_comparison,x86,Twofish,CBC,192,4096,ci95_enc,4,0.042298437812908984,0.042298437812908984,0.0,0.0,"windows_experience1_20260718.csv, windows_experience2_20260718.csv, windows_experience3_20260718.csv, windows_experience4_20260723.csv"
platform_comparison,x86,Twofish,CBC,192,4096,key_avalanche,4,0.5008984375,0.5008984375,0.0,0.0,"windows_experience1_20260718.csv, windows_experience2_20260718.csv, windows_experience3_20260718.csv, windows_experience4_20260723.csv"
platform_comparison,x86,Twofish,CBC,192,4096,throughput_dec,4,1.6179838915089557,1.6179838915089557,0.0,0.0,"windows_experience1_20260718.csv, windows_experience2_20260718.csv, windows_experience3_20260718.csv, windows_experience4_20260723.csv"
platform_comparison,x86,Twofish,CBC,192,4096,throughput_enc,4,1.2659021738367775,1.2659021738367775,0.0,0.0,"windows_experience1_20260718.csv, windows_experience2_20260718.csv, windows_experience3_20260718.csv, windows_experience4_20260723.csv"
platform_comparison,x86,Twofish,CBC,192,16384,avalanche,4,0.499384765625,0.499384765625,0.0,0.0,"windows_experience1_20260718.csv, windows_experience2_20260718.csv, windows_experience3_20260718.csv, windows_experience4_20260723.csv"
platform_comparison,x86,Twofish,CBC,192,16384,ci95_enc,4,0.03478526326735994,0.03478526326735994,0.0,0.0,"windows_experience1_20260718.csv, windows_experience2_20260718.csv, windows_experience3_20260718.csv, windows_experience4_20260723.csv"
platform_comparison,x86,Twofish,CBC,192,16384,key_avalanche,4,0.49969726562500005,0.49969726562500005,0.0,0.0,"windows_experience1_20260718.csv, windows_experience2_20260718.csv, windows_experience3_20260718.csv, windows_experience4_20260723.csv"
platform_comparison,x86,Twofish,CBC,192,16384,throughput_dec,4,1.717396105145638,1.717396105145638,0.0,0.0,"windows_experience1_20260718.csv, windows_experience2_20260718.csv, windows_experience3_20260718.csv, windows_experience4_20260723.csv"
platform_comparison,x86,Twofish,CBC,192,16384,throughput_enc,4,1.2591189458587522,1.2591189458587522,0.0,0.0,"windows_experience1_20260718.csv, windows_experience2_20260718.csv, windows_experience3_20260718.csv, windows_experience4_20260723.csv"
platform_comparison,x86,Twofish,CBC,256,64,avalanche,4,0.499638671875,0.499638671875,0.0,0.0,"windows_experience1_20260718.csv, windows_experience2_20260718.csv, windows_experience3_20260718.csv, windows_experience4_20260723.csv"
platform_comparison,x86,Twofish,CBC,256,64,ci95_enc,4,0.07571624252026582,0.07571624252026582,0.0,0.0,"windows_experience1_20260718.csv, windows_experience2_20260718.csv, windows_experience3_20260718.csv, windows_experience4_20260723.csv"
platform_comparison,x86,Twofish,CBC,256,64,key_avalanche,4,0.500595703125,0.500595703125,0.0,0.0,"windows_experience1_20260718.csv, windows_experience2_20260718.csv, windows_experience3_20260718.csv, windows_experience4_20260723.csv"
platform_comparison,x86,Twofish,CBC,256,64,throughput_dec,4,1.1526303140128444,1.1526303140128444,0.0,0.0,"windows_experience1_20260718.csv, windows_experience2_20260718.csv, windows_experience3_20260718.csv, windows_experience4_20260723.csv"
platform_comparison,x86,Twofish,CBC,256,64,throughput_enc,4,0.9597481469247302,0.9597481469247302,0.0,0.0,"windows_experience1_20260718.csv, windows_experience2_20260718.csv, windows_experience3_20260718.csv, windows_experience4_20260723.csv"
platform_comparison,x86,Twofish,CBC,256,256,avalanche,4,0.49978515625000003,0.49978515625000003,0.0,0.0,"windows_experience1_20260718.csv, windows_experience2_20260718.csv, windows_experience3_20260718.csv, windows_experience4_20260723.csv"
platform_comparison,x86,Twofish,CBC,256,256,ci95_enc,4,0.08793781161009764,0.08793781161009764,0.0,0.0,"windows_experience1_20260718.csv, windows_experience2_20260718.csv, windows_experience3_20260718.csv, windows_experience4_20260723.csv"
platform_comparison,x86,Twofish,CBC,256,256,key_avalanche,4,0.498115234375,0.498115234375,0.0,0.0,"windows_experience1_20260718.csv, windows_experience2_20260718.csv, windows_experience3_20260718.csv, windows_experience4_20260723.csv"
platform_comparison,x86,Twofish,CBC,256,256,throughput_dec,4,1.3156563617691137,1.3156563617691137,0.0,0.0,"windows_experience1_20260718.csv, windows_experience2_20260718.csv, windows_experience3_20260718.csv, windows_experience4_20260723.csv"
platform_comparison,x86,Twofish,CBC,256,256,throughput_enc,4,1.162179238247412,1.162179238247412,0.0,0.0,"windows_experience1_20260718.csv, windows_experience2_20260718.csv, windows_experience3_20260718.csv, windows_experience4_20260723.csv"
platform_comparison,x86,Twofish,CBC,256,1024,avalanche,4,0.500517578125,0.500517578125,0.0,0.0,"windows_experience1_20260718.csv, windows_experience2_20260718.csv, windows_experience3_20260718.csv, windows_experience4_20260723.csv"
platform_comparison,x86,Twofish,CBC,256,1024,ci95_enc,4,0.0740085031719284,0.0740085031719284,0.0,0.0,"windows_experience1_20260718.csv, windows_experience2_20260718.csv, windows_experience3_20260718.csv, windows_experience4_20260723.csv"
platform_comparison,x86,Twofish,CBC,256,1024,key_avalanche,4,0.49859374999999995,0.49859374999999995,0.0,0.0,"windows_experience1_20260718.csv, windows_experience2_20260718.csv, windows_experience3_20260718.csv, windows_experience4_20260723.csv"
platform_comparison,x86,Twofish,CBC,256,1024,throughput_dec,4,1.616445808311009,1.616445808311009,0.0,0.0,"windows_experience1_20260718.csv, windows_experience2_20260718.csv, windows_experience3_20260718.csv, windows_experience4_20260723.csv"
platform_comparison,x86,Twofish,CBC,256,1024,throughput_enc,4,1.2172967481804375,1.2172967481804375,0.0,0.0,"windows_experience1_20260718.csv, windows_experience2_20260718.csv, windows_experience3_20260718.csv, windows_experience4_20260723.csv"
platform_comparison,x86,Twofish,CBC,256,4096,avalanche,4,0.5015234375,0.5015234375,0.0,0.0,"windows_experience1_20260718.csv, windows_experience2_20260718.csv, windows_experience3_20260718.csv, windows_experience4_20260723.csv"
platform_comparison,x86,Twofish,CBC,256,4096,ci95_enc,4,0.045692071307058456,0.045692071307058456,0.0,0.0,"windows_experience1_20260718.csv, windows_experience2_20260718.csv, windows_experience3_20260718.csv, windows_experience4_20260723.csv"
platform_comparison,x86,Twofish,CBC,256,4096,key_avalanche,4,0.5,0.5,0.0,0.0,"windows_experience1_20260718.csv, windows_experience2_20260718.csv, windows_experience3_20260718.csv, windows_experience4_20260723.csv"
platform_comparison,x86,Twofish,CBC,256,4096,throughput_dec,4,1.636387164765898,1.636387164765898,0.0,0.0,"windows_experience1_20260718.csv, windows_experience2_20260718.csv, windows_experience3_20260718.csv, windows_experience4_20260723.csv"
platform_comparison,x86,Twofish,CBC,256,4096,throughput_enc,4,1.348951553810638,1.348951553810638,0.0,0.0,"windows_experience1_20260718.csv, windows_experience2_20260718.csv, windows_experience3_20260718.csv, windows_experience4_20260723.csv"
platform_comparison,x86,Twofish,CBC,256,16384,avalanche,4,0.50013671875,0.50013671875,0.0,0.0,"windows_experience1_20260718.csv, windows_experience2_20260718.csv, windows_experience3_20260718.csv, windows_experience4_20260723.csv"
platform_comparison,x86,Twofish,CBC,256,16384,ci95_enc,4,0.04588921594235589,0.04588921594235589,0.0,0.0,"windows_experience1_20260718.csv, windows_experience2_20260718.csv, windows_experience3_20260718.csv, windows_experience4_20260723.csv"
platform_comparison,x86,Twofish,CBC,256,16384,key_avalanche,4,0.5005078125,0.5005078125,0.0,0.0,"windows_experience1_20260718.csv, windows_experience2_20260718.csv, windows_experience3_20260718.csv, windows_experience4_20260723.csv"
platform_comparison,x86,Twofish,CBC,256,16384,throughput_dec,4,1.8242673007168677,1.8242673007168677,0.0,0.0,"windows_experience1_20260718.csv, windows_experience2_20260718.csv, windows_experience3_20260718.csv, windows_experience4_20260723.csv"
platform_comparison,x86,Twofish,CBC,256,16384,throughput_enc,4,1.3053983030266672,1.3053983030266672,0.0,0.0,"windows_experience1_20260718.csv, windows_experience2_20260718.csv, windows_experience3_20260718.csv, windows_experience4_20260723.csv"
platform_comparison,x86,Twofish,CTR,128,64,avalanche,4,0.49828125,0.49828125,0.0,0.0,"windows_experience1_20260718.csv, windows_experience2_20260718.csv, windows_experience3_20260718.csv, windows_experience4_20260723.csv"
platform_comparison,x86,Twofish,CTR,128,64,ci95_enc,4,0.08401384547319803,0.08401384547319803,0.0,0.0,"windows_experience1_20260718.csv, windows_experience2_20260718.csv, windows_experience3_20260718.csv, windows_experience4_20260723.csv"
platform_comparison,x86,Twofish,CTR,128,64,key_avalanche,4,0.5003417968749999,0.5003417968749999,0.0,0.0,"windows_experience1_20260718.csv, windows_experience2_20260718.csv, windows_experience3_20260718.csv, windows_experience4_20260723.csv"
platform_comparison,x86,Twofish,CTR,128,64,throughput_dec,4,1.2508393770084576,1.2508393770084576,0.0,0.0,"windows_experience1_20260718.csv, windows_experience2_20260718.csv, windows_experience3_20260718.csv, windows_experience4_20260723.csv"
platform_comparison,x86,Twofish,CTR,128,64,throughput_enc,4,1.2121231945556685,1.2121231945556685,0.0,0.0,"windows_experience1_20260718.csv, windows_experience2_20260718.csv, windows_experience3_20260718.csv, windows_experience4_20260723.csv"
platform_comparison,x86,Twofish,CTR,128,256,avalanche,4,0.505224609375,0.505224609375,0.0,0.0,"windows_experience1_20260718.csv, windows_experience2_20260718.csv, windows_experience3_20260718.csv, windows_experience4_20260723.csv"
platform_comparison,x86,Twofish,CTR,128,256,ci95_enc,4,0.10847047318176843,0.10847047318176843,0.0,0.0,"windows_experience1_20260718.csv, windows_experience2_20260718.csv, windows_experience3_20260718.csv, windows_experience4_20260723.csv"
platform_comparison,x86,Twofish,CTR,128,256,key_avalanche,4,0.49884765625,0.49884765625,0.0,0.0,"windows_experience1_20260718.csv, windows_experience2_20260718.csv, windows_experience3_20260718.csv, windows_experience4_20260723.csv"
platform_comparison,x86,Twofish,CTR,128,256,throughput_dec,4,1.4813081081272055,1.4813081081272055,0.0,0.0,"windows_experience1_20260718.csv, windows_experience2_20260718.csv, windows_experience3_20260718.csv, windows_experience4_20260723.csv"
platform_comparison,x86,Twofish,CTR,128,256,throughput_enc,4,1.3996685804302231,1.3996685804302231,0.0,0.0,"windows_experience1_20260718.csv, windows_experience2_20260718.csv, windows_experience3_20260718.csv, windows_experience4_20260723.csv"
platform_comparison,x86,Twofish,CTR,128,1024,avalanche,4,0.5003027343750001,0.5003027343750001,0.0,0.0,"windows_experience1_20260718.csv, windows_experience2_20260718.csv, windows_experience3_20260718.csv, windows_experience4_20260723.csv"
platform_comparison,x86,Twofish,CTR,128,1024,ci95_enc,4,0.09882737609999831,0.09882737609999831,0.0,0.0,"windows_experience1_20260718.csv, windows_experience2_20260718.csv, windows_experience3_20260718.csv, windows_experience4_20260723.csv"
platform_comparison,x86,Twofish,CTR,128,1024,key_avalanche,4,0.498125,0.498125,0.0,0.0,"windows_experience1_20260718.csv, windows_experience2_20260718.csv, windows_experience3_20260718.csv, windows_experience4_20260723.csv"
platform_comparison,x86,Twofish,CTR,128,1024,throughput_dec,4,1.6328562254067138,1.6328562254067138,0.0,0.0,"windows_experience1_20260718.csv, windows_experience2_20260718.csv, windows_experience3_20260718.csv, windows_experience4_20260723.csv"
platform_comparison,x86,Twofish,CTR,128,1024,throughput_enc,4,1.5092117373507299,1.5092117373507299,0.0,0.0,"windows_experience1_20260718.csv, windows_experience2_20260718.csv, windows_experience3_20260718.csv, windows_experience4_20260723.csv"
platform_comparison,x86,Twofish,CTR,128,4096,avalanche,4,0.500732421875,0.500732421875,0.0,0.0,"windows_experience1_20260718.csv, windows_experience2_20260718.csv, windows_experience3_20260718.csv, windows_experience4_20260723.csv"
platform_comparison,x86,Twofish,CTR,128,4096,ci95_enc,4,0.06724222909387134,0.06724222909387134,0.0,0.0,"windows_experience1_20260718.csv, windows_experience2_20260718.csv, windows_experience3_20260718.csv, windows_experience4_20260723.csv"
platform_comparison,x86,Twofish,CTR,128,4096,key_avalanche,4,0.49900390625,0.49900390625,0.0,0.0,"windows_experience1_20260718.csv, windows_experience2_20260718.csv, windows_experience3_20260718.csv, windows_experience4_20260723.csv"
platform_comparison,x86,Twofish,CTR,128,4096,throughput_dec,4,1.602155857553274,1.602155857553274,0.0,0.0,"windows_experience1_20260718.csv, windows_experience2_20260718.csv, windows_experience3_20260718.csv, windows_experience4_20260723.csv"
platform_comparison,x86,Twofish,CTR,128,4096,throughput_enc,4,1.6012212846358793,1.6012212846358793,0.0,0.0,"windows_experience1_20260718.csv, windows_experience2_20260718.csv, windows_experience3_20260718.csv, windows_experience4_20260723.csv"
platform_comparison,x86,Twofish,CTR,128,16384,avalanche,4,0.499228515625,0.499228515625,0.0,0.0,"windows_experience1_20260718.csv, windows_experience2_20260718.csv, windows_experience3_20260718.csv, windows_experience4_20260723.csv"
platform_comparison,x86,Twofish,CTR,128,16384,ci95_enc,4,0.030257515026223085,0.030257515026223085,0.0,0.0,"windows_experience1_20260718.csv, windows_experience2_20260718.csv, windows_experience3_20260718.csv, windows_experience4_20260723.csv"
platform_comparison,x86,Twofish,CTR,128,16384,key_avalanche,4,0.499052734375,0.499052734375,0.0,0.0,"windows_experience1_20260718.csv, windows_experience2_20260718.csv, windows_experience3_20260718.csv, windows_experience4_20260723.csv"
platform_comparison,x86,Twofish,CTR,128,16384,throughput_dec,4,1.796617457880544,1.796617457880544,0.0,0.0,"windows_experience1_20260718.csv, windows_experience2_20260718.csv, windows_experience3_20260718.csv, windows_experience4_20260723.csv"
platform_comparison,x86,Twofish,CTR,128,16384,throughput_enc,4,1.7553312908774759,1.7553312908774759,0.0,0.0,"windows_experience1_20260718.csv, windows_experience2_20260718.csv, windows_experience3_20260718.csv, windows_experience4_20260723.csv"
platform_comparison,x86,Twofish,CTR,192,64,avalanche,4,0.501083984375,0.501083984375,0.0,0.0,"windows_experience1_20260718.csv, windows_experience2_20260718.csv, windows_experience3_20260718.csv, windows_experience4_20260723.csv"
platform_comparison,x86,Twofish,CTR,192,64,ci95_enc,4,0.1317979311234942,0.1317979311234942,0.0,0.0,"windows_experience1_20260718.csv, windows_experience2_20260718.csv, windows_experience3_20260718.csv, windows_experience4_20260723.csv"
platform_comparison,x86,Twofish,CTR,192,64,key_avalanche,4,0.5013281249999999,0.5013281249999999,0.0,0.0,"windows_experience1_20260718.csv, windows_experience2_20260718.csv, windows_experience3_20260718.csv, windows_experience4_20260723.csv"
platform_comparison,x86,Twofish,CTR,192,64,throughput_dec,4,1.375532192386654,1.375532192386654,0.0,0.0,"windows_experience1_20260718.csv, windows_experience2_20260718.csv, windows_experience3_20260718.csv, windows_experience4_20260723.csv"
platform_comparison,x86,Twofish,CTR,192,64,throughput_enc,4,1.2252321509766924,1.2252321509766924,0.0,0.0,"windows_experience1_20260718.csv, windows_experience2_20260718.csv, windows_experience3_20260718.csv, windows_experience4_20260723.csv"
platform_comparison,x86,Twofish,CTR,192,256,avalanche,4,0.49912109375,0.49912109375,0.0,0.0,"windows_experience1_20260718.csv, windows_experience2_20260718.csv, windows_experience3_20260718.csv, windows_experience4_20260723.csv"
platform_comparison,x86,Twofish,CTR,192,256,ci95_enc,4,0.09979234179830007,0.09979234179830007,0.0,0.0,"windows_experience1_20260718.csv, windows_experience2_20260718.csv, windows_experience3_20260718.csv, windows_experience4_20260723.csv"
platform_comparison,x86,Twofish,CTR,192,256,key_avalanche,4,0.50416015625,0.50416015625,0.0,0.0,"windows_experience1_20260718.csv, windows_experience2_20260718.csv, windows_experience3_20260718.csv, windows_experience4_20260723.csv"
platform_comparison,x86,Twofish,CTR,192,256,throughput_dec,4,1.5331000264860863,1.5331000264860863,0.0,0.0,"windows_experience1_20260718.csv, windows_experience2_20260718.csv, windows_experience3_20260718.csv, windows_experience4_20260723.csv"
platform_comparison,x86,Twofish,CTR,192,256,throughput_enc,4,1.3586282267931333,1.3586282267931333,0.0,0.0,"windows_experience1_20260718.csv, windows_experience2_20260718.csv, windows_experience3_20260718.csv, windows_experience4_20260723.csv"
platform_comparison,x86,Twofish,CTR,192,1024,avalanche,4,0.497880859375,0.497880859375,0.0,0.0,"windows_experience1_20260718.csv, windows_experience2_20260718.csv, windows_experience3_20260718.csv, windows_experience4_20260723.csv"
platform_comparison,x86,Twofish,CTR,192,1024,ci95_enc,4,0.08539635807663876,0.08539635807663876,0.0,0.0,"windows_experience1_20260718.csv, windows_experience2_20260718.csv, windows_experience3_20260718.csv, windows_experience4_20260723.csv"
platform_comparison,x86,Twofish,CTR,192,1024,key_avalanche,4,0.4969140625,0.4969140625,0.0,0.0,"windows_experience1_20260718.csv, windows_experience2_20260718.csv, windows_experience3_20260718.csv, windows_experience4_20260723.csv"
platform_comparison,x86,Twofish,CTR,192,1024,throughput_dec,4,1.6734287869276339,1.6734287869276339,0.0,0.0,"windows_experience1_20260718.csv, windows_experience2_20260718.csv, windows_experience3_20260718.csv, windows_experience4_20260723.csv"
platform_comparison,x86,Twofish,CTR,192,1024,throughput_enc,4,1.5937678702481775,1.5937678702481775,0.0,0.0,"windows_experience1_20260718.csv, windows_experience2_20260718.csv, windows_experience3_20260718.csv, windows_experience4_20260723.csv"
platform_comparison,x86,Twofish,CTR,192,4096,avalanche,4,0.5020703125,0.5020703125,0.0,0.0,"windows_experience1_20260718.csv, windows_experience2_20260718.csv, windows_experience3_20260718.csv, windows_experience4_20260723.csv"
platform_comparison,x86,Twofish,CTR,192,4096,ci95_enc,4,0.0561880428568735,0.0561880428568735,0.0,0.0,"windows_experience1_20260718.csv, windows_experience2_20260718.csv, windows_experience3_20260718.csv, windows_experience4_20260723.csv"
platform_comparison,x86,Twofish,CTR,192,4096,key_avalanche,4,0.5013671875000001,0.5013671875000001,0.0,0.0,"windows_experience1_20260718.csv, windows_experience2_20260718.csv, windows_experience3_20260718.csv, windows_experience4_20260723.csv"
platform_comparison,x86,Twofish,CTR,192,4096,throughput_dec,4,1.682863136915235,1.682863136915235,0.0,0.0,"windows_experience1_20260718.csv, windows_experience2_20260718.csv, windows_experience3_20260718.csv, windows_experience4_20260723.csv"
platform_comparison,x86,Twofish,CTR,192,4096,throughput_enc,4,1.7057516914659352,1.7057516914659352,0.0,0.0,"windows_experience1_20260718.csv, windows_experience2_20260718.csv, windows_experience3_20260718.csv, windows_experience4_20260723.csv"
platform_comparison,x86,Twofish,CTR,192,16384,avalanche,4,0.500078125,0.500078125,0.0,0.0,"windows_experience1_20260718.csv, windows_experience2_20260718.csv, windows_experience3_20260718.csv, windows_experience4_20260723.csv"
platform_comparison,x86,Twofish,CTR,192,16384,ci95_enc,4,0.031675839412867904,0.031675839412867904,0.0,0.0,"windows_experience1_20260718.csv, windows_experience2_20260718.csv, windows_experience3_20260718.csv, windows_experience4_20260723.csv"
platform_comparison,x86,Twofish,CTR,192,16384,key_avalanche,4,0.49916015625,0.49916015625,0.0,0.0,"windows_experience1_20260718.csv, windows_experience2_20260718.csv, windows_experience3_20260718.csv, windows_experience4_20260723.csv"
platform_comparison,x86,Twofish,CTR,192,16384,throughput_dec,4,1.6869070645979911,1.6869070645979911,0.0,0.0,"windows_experience1_20260718.csv, windows_experience2_20260718.csv, windows_experience3_20260718.csv, windows_experience4_20260723.csv"
platform_comparison,x86,Twofish,CTR,192,16384,throughput_enc,4,1.6363391146402981,1.6363391146402981,0.0,0.0,"windows_experience1_20260718.csv, windows_experience2_20260718.csv, windows_experience3_20260718.csv, windows_experience4_20260723.csv"
platform_comparison,x86,Twofish,CTR,256,64,avalanche,4,0.49850585937499997,0.49850585937499997,0.0,0.0,"windows_experience1_20260718.csv, windows_experience2_20260718.csv, windows_experience3_20260718.csv, windows_experience4_20260723.csv"
platform_comparison,x86,Twofish,CTR,256,64,ci95_enc,4,0.15099237529055387,0.15099237529055387,0.0,0.0,"windows_experience1_20260718.csv, windows_experience2_20260718.csv, windows_experience3_20260718.csv, windows_experience4_20260723.csv"
platform_comparison,x86,Twofish,CTR,256,64,key_avalanche,4,0.5016015625,0.5016015625,0.0,0.0,"windows_experience1_20260718.csv, windows_experience2_20260718.csv, windows_experience3_20260718.csv, windows_experience4_20260723.csv"
platform_comparison,x86,Twofish,CTR,256,64,throughput_dec,4,1.2045175196094478,1.2045175196094478,0.0,0.0,"windows_experience1_20260718.csv, windows_experience2_20260718.csv, windows_experience3_20260718.csv, windows_experience4_20260723.csv"
platform_comparison,x86,Twofish,CTR,256,64,throughput_enc,4,1.452650753821018,1.452650753821018,0.0,0.0,"windows_experience1_20260718.csv, windows_experience2_20260718.csv, windows_experience3_20260718.csv, windows_experience4_20260723.csv"
platform_comparison,x86,Twofish,CTR,256,256,avalanche,4,0.500244140625,0.500244140625,0.0,0.0,"windows_experience1_20260718.csv, windows_experience2_20260718.csv, windows_experience3_20260718.csv, windows_experience4_20260723.csv"
platform_comparison,x86,Twofish,CTR,256,256,ci95_enc,4,0.109796232851363,0.109796232851363,0.0,0.0,"windows_experience1_20260718.csv, windows_experience2_20260718.csv, windows_experience3_20260718.csv, windows_experience4_20260723.csv"
platform_comparison,x86,Twofish,CTR,256,256,key_avalanche,4,0.5025195312499999,0.5025195312499999,0.0,0.0,"windows_experience1_20260718.csv, windows_experience2_20260718.csv, windows_experience3_20260718.csv, windows_experience4_20260723.csv"
platform_comparison,x86,Twofish,CTR,256,256,throughput_dec,4,1.4538316871525123,1.4538316871525123,0.0,0.0,"windows_experience1_20260718.csv, windows_experience2_20260718.csv, windows_experience3_20260718.csv, windows_experience4_20260723.csv"
platform_comparison,x86,Twofish,CTR,256,256,throughput_enc,4,1.5770059209262735,1.5770059209262735,0.0,0.0,"windows_experience1_20260718.csv, windows_experience2_20260718.csv, windows_experience3_20260718.csv, windows_experience4_20260723.csv"
platform_comparison,x86,Twofish,CTR,256,1024,avalanche,4,0.499873046875,0.499873046875,0.0,0.0,"windows_experience1_20260718.csv, windows_experience2_20260718.csv, windows_experience3_20260718.csv, windows_experience4_20260723.csv"
platform_comparison,x86,Twofish,CTR,256,1024,ci95_enc,4,0.09501389243991254,0.09501389243991254,0.0,0.0,"windows_experience1_20260718.csv, windows_experience2_20260718.csv, windows_experience3_20260718.csv, windows_experience4_20260723.csv"
platform_comparison,x86,Twofish,CTR,256,1024,key_avalanche,4,0.498671875,0.498671875,0.0,0.0,"windows_experience1_20260718.csv, windows_experience2_20260718.csv, windows_experience3_20260718.csv, windows_experience4_20260723.csv"
platform_comparison,x86,Twofish,CTR,256,1024,throughput_dec,4,1.7380335674379332,1.7380335674379332,0.0,0.0,"windows_experience1_20260718.csv, windows_experience2_20260718.csv, windows_experience3_20260718.csv, windows_experience4_20260723.csv"
platform_comparison,x86,Twofish,CTR,256,1024,throughput_enc,4,1.6583780929602139,1.6583780929602139,0.0,0.0,"windows_experience1_20260718.csv, windows_experience2_20260718.csv, windows_experience3_20260718.csv, windows_experience4_20260723.csv"
platform_comparison,x86,Twofish,CTR,256,4096,avalanche,4,0.500244140625,0.500244140625,0.0,0.0,"windows_experience1_20260718.csv, windows_experience2_20260718.csv, windows_experience3_20260718.csv, windows_experience4_20260723.csv"
platform_comparison,x86,Twofish,CTR,256,4096,ci95_enc,4,0.06450699332814043,0.06450699332814043,0.0,0.0,"windows_experience1_20260718.csv, windows_experience2_20260718.csv, windows_experience3_20260718.csv, windows_experience4_20260723.csv"
platform_comparison,x86,Twofish,CTR,256,4096,key_avalanche,4,0.499521484375,0.499521484375,0.0,0.0,"windows_experience1_20260718.csv, windows_experience2_20260718.csv, windows_experience3_20260718.csv, windows_experience4_20260723.csv"
platform_comparison,x86,Twofish,CTR,256,4096,throughput_dec,4,1.7160490265598303,1.7160490265598303,0.0,0.0,"windows_experience1_20260718.csv, windows_experience2_20260718.csv, windows_experience3_20260718.csv, windows_experience4_20260723.csv"
platform_comparison,x86,Twofish,CTR,256,4096,throughput_enc,4,1.7585559476238122,1.7585559476238122,0.0,0.0,"windows_experience1_20260718.csv, windows_experience2_20260718.csv, windows_experience3_20260718.csv, windows_experience4_20260723.csv"
platform_comparison,x86,Twofish,CTR,256,16384,avalanche,4,0.4973828125,0.4973828125,0.0,0.0,"windows_experience1_20260718.csv, windows_experience2_20260718.csv, windows_experience3_20260718.csv, windows_experience4_20260723.csv"
platform_comparison,x86,Twofish,CTR,256,16384,ci95_enc,4,0.031494490513968514,0.031494490513968514,0.0,0.0,"windows_experience1_20260718.csv, windows_experience2_20260718.csv, windows_experience3_20260718.csv, windows_experience4_20260723.csv"
platform_comparison,x86,Twofish,CTR,256,16384,key_avalanche,4,0.5007421875,0.5007421875,0.0,0.0,"windows_experience1_20260718.csv, windows_experience2_20260718.csv, windows_experience3_20260718.csv, windows_experience4_20260723.csv"
platform_comparison,x86,Twofish,CTR,256,16384,throughput_dec,4,1.6353324276634975,1.6353324276634975,0.0,0.0,"windows_experience1_20260718.csv, windows_experience2_20260718.csv, windows_experience3_20260718.csv, windows_experience4_20260723.csv"
platform_comparison,x86,Twofish,CTR,256,16384,throughput_enc,4,1.751420482642473,1.751420482642473,0.0,0.0,"windows_experience1_20260718.csv, windows_experience2_20260718.csv, windows_experience3_20260718.csv, windows_experience4_20260723.csv"
platform_comparison,x86,Twofish,ECB,128,64,avalanche,4,0.49994140625,0.49994140625,0.0,0.0,"windows_experience1_20260718.csv, windows_experience2_20260718.csv, windows_experience3_20260718.csv, windows_experience4_20260723.csv"
platform_comparison,x86,Twofish,ECB,128,64,ci95_enc,4,0.17163539466610672,0.17163539466610672,0.0,0.0,"windows_experience1_20260718.csv, windows_experience2_20260718.csv, windows_experience3_20260718.csv, windows_experience4_20260723.csv"
platform_comparison,x86,Twofish,ECB,128,64,key_avalanche,4,0.49878906249999994,0.49878906249999994,0.0,0.0,"windows_experience1_20260718.csv, windows_experience2_20260718.csv, windows_experience3_20260718.csv, windows_experience4_20260723.csv"
platform_comparison,x86,Twofish,ECB,128,64,throughput_dec,4,1.68338847496732,1.68338847496732,0.0,0.0,"windows_experience1_20260718.csv, windows_experience2_20260718.csv, windows_experience3_20260718.csv, windows_experience4_20260723.csv"
platform_comparison,x86,Twofish,ECB,128,64,throughput_enc,4,1.4879379961715828,1.4879379961715828,0.0,0.0,"windows_experience1_20260718.csv, windows_experience2_20260718.csv, windows_experience3_20260718.csv, windows_experience4_20260723.csv"
platform_comparison,x86,Twofish,ECB,128,256,avalanche,4,0.500185546875,0.500185546875,0.0,0.0,"windows_experience1_20260718.csv, windows_experience2_20260718.csv, windows_experience3_20260718.csv, windows_experience4_20260723.csv"
platform_comparison,x86,Twofish,ECB,128,256,ci95_enc,4,0.15033891989493856,0.15033891989493856,0.0,0.0,"windows_experience1_20260718.csv, windows_experience2_20260718.csv, windows_experience3_20260718.csv, windows_experience4_20260723.csv"
platform_comparison,x86,Twofish,ECB,128,256,key_avalanche,4,0.5015625,0.5015625,0.0,0.0,"windows_experience1_20260718.csv, windows_experience2_20260718.csv, windows_experience3_20260718.csv, windows_experience4_20260723.csv"
platform_comparison,x86,Twofish,ECB,128,256,throughput_dec,4,1.9131884084732866,1.9131884084732866,0.0,0.0,"windows_experience1_20260718.csv, windows_experience2_20260718.csv, windows_experience3_20260718.csv, windows_experience4_20260723.csv"
platform_comparison,x86,Twofish,ECB,128,256,throughput_enc,4,1.9937808283042684,1.9937808283042684,0.0,0.0,"windows_experience1_20260718.csv, windows_experience2_20260718.csv, windows_experience3_20260718.csv, windows_experience4_20260723.csv"
platform_comparison,x86,Twofish,ECB,128,1024,avalanche,4,0.49983398437500004,0.49983398437500004,0.0,0.0,"windows_experience1_20260718.csv, windows_experience2_20260718.csv, windows_experience3_20260718.csv, windows_experience4_20260723.csv"
platform_comparison,x86,Twofish,ECB,128,1024,ci95_enc,4,0.16264089099641021,0.16264089099641021,0.0,0.0,"windows_experience1_20260718.csv, windows_experience2_20260718.csv, windows_experience3_20260718.csv, windows_experience4_20260723.csv"
platform_comparison,x86,Twofish,ECB,128,1024,key_avalanche,4,0.500380859375,0.500380859375,0.0,0.0,"windows_experience1_20260718.csv, windows_experience2_20260718.csv, windows_experience3_20260718.csv, windows_experience4_20260723.csv"
platform_comparison,x86,Twofish,ECB,128,1024,throughput_dec,4,2.2961209707080967,2.2961209707080967,0.0,0.0,"windows_experience1_20260718.csv, windows_experience2_20260718.csv, windows_experience3_20260718.csv, windows_experience4_20260723.csv"
platform_comparison,x86,Twofish,ECB,128,1024,throughput_enc,4,2.1068211388532694,2.1068211388532694,0.0,0.0,"windows_experience1_20260718.csv, windows_experience2_20260718.csv, windows_experience3_20260718.csv, windows_experience4_20260723.csv"
platform_comparison,x86,Twofish,ECB,128,4096,avalanche,4,0.5000781249999999,0.5000781249999999,0.0,0.0,"windows_experience1_20260718.csv, windows_experience2_20260718.csv, windows_experience3_20260718.csv, windows_experience4_20260723.csv"
platform_comparison,x86,Twofish,ECB,128,4096,ci95_enc,4,0.1093047214310103,0.1093047214310103,0.0,0.0,"windows_experience1_20260718.csv, windows_experience2_20260718.csv, windows_experience3_20260718.csv, windows_experience4_20260723.csv"
platform_comparison,x86,Twofish,ECB,128,4096,key_avalanche,4,0.500546875,0.500546875,0.0,0.0,"windows_experience1_20260718.csv, windows_experience2_20260718.csv, windows_experience3_20260718.csv, windows_experience4_20260723.csv"
platform_comparison,x86,Twofish,ECB,128,4096,throughput_dec,4,2.362785052933937,2.362785052933937,0.0,0.0,"windows_experience1_20260718.csv, windows_experience2_20260718.csv, windows_experience3_20260718.csv, windows_experience4_20260723.csv"
platform_comparison,x86,Twofish,ECB,128,4096,throughput_enc,4,2.4352646337702684,2.4352646337702684,0.0,0.0,"windows_experience1_20260718.csv, windows_experience2_20260718.csv, windows_experience3_20260718.csv, windows_experience4_20260723.csv"
platform_comparison,x86,Twofish,ECB,128,16384,avalanche,4,0.5020703124999999,0.5020703124999999,0.0,0.0,"windows_experience1_20260718.csv, windows_experience2_20260718.csv, windows_experience3_20260718.csv, windows_experience4_20260723.csv"
platform_comparison,x86,Twofish,ECB,128,16384,ci95_enc,4,0.15585140259778918,0.15585140259778918,0.0,0.0,"windows_experience1_20260718.csv, windows_experience2_20260718.csv, windows_experience3_20260718.csv, windows_experience4_20260723.csv"
platform_comparison,x86,Twofish,ECB,128,16384,key_avalanche,4,0.499521484375,0.499521484375,0.0,0.0,"windows_experience1_20260718.csv, windows_experience2_20260718.csv, windows_experience3_20260718.csv, windows_experience4_20260723.csv"
platform_comparison,x86,Twofish,ECB,128,16384,throughput_dec,4,2.4391415996377668,2.4391415996377668,0.0,0.0,"windows_experience1_20260718.csv, windows_experience2_20260718.csv, windows_experience3_20260718.csv, windows_experience4_20260723.csv"
platform_comparison,x86,Twofish,ECB,128,16384,throughput_enc,4,2.2854928935109444,2.2854928935109444,0.0,0.0,"windows_experience1_20260718.csv, windows_experience2_20260718.csv, windows_experience3_20260718.csv, windows_experience4_20260723.csv"
platform_comparison,x86,Twofish,ECB,192,64,avalanche,4,0.5003222656249999,0.5003222656249999,0.0,0.0,"windows_experience1_20260718.csv, windows_experience2_20260718.csv, windows_experience3_20260718.csv, windows_experience4_20260723.csv"
platform_comparison,x86,Twofish,ECB,192,64,ci95_enc,4,0.19505973904152962,0.19505973904152962,0.0,0.0,"windows_experience1_20260718.csv, windows_experience2_20260718.csv, windows_experience3_20260718.csv, windows_experience4_20260723.csv"
platform_comparison,x86,Twofish,ECB,192,64,key_avalanche,4,0.499560546875,0.499560546875,0.0,0.0,"windows_experience1_20260718.csv, windows_experience2_20260718.csv, windows_experience3_20260718.csv, windows_experience4_20260723.csv"
platform_comparison,x86,Twofish,ECB,192,64,throughput_dec,4,1.9333244280444828,1.9333244280444828,0.0,0.0,"windows_experience1_20260718.csv, windows_experience2_20260718.csv, windows_experience3_20260718.csv, windows_experience4_20260723.csv"
platform_comparison,x86,Twofish,ECB,192,64,throughput_enc,4,1.7185756376635122,1.7185756376635122,0.0,0.0,"windows_experience1_20260718.csv, windows_experience2_20260718.csv, windows_experience3_20260718.csv, windows_experience4_20260723.csv"
platform_comparison,x86,Twofish,ECB,192,256,avalanche,4,0.49993164062500006,0.49993164062500006,0.0,0.0,"windows_experience1_20260718.csv, windows_experience2_20260718.csv, windows_experience3_20260718.csv, windows_experience4_20260723.csv"
platform_comparison,x86,Twofish,ECB,192,256,ci95_enc,4,0.21926675789009215,0.21926675789009215,0.0,0.0,"windows_experience1_20260718.csv, windows_experience2_20260718.csv, windows_experience3_20260718.csv, windows_experience4_20260723.csv"
platform_comparison,x86,Twofish,ECB,192,256,key_avalanche,4,0.498857421875,0.498857421875,0.0,0.0,"windows_experience1_20260718.csv, windows_experience2_20260718.csv, windows_experience3_20260718.csv, windows_experience4_20260723.csv"
platform_comparison,x86,Twofish,ECB,192,256,throughput_dec,4,2.024012522970121,2.024012522970121,0.0,0.0,"windows_experience1_20260718.csv, windows_experience2_20260718.csv, windows_experience3_20260718.csv, windows_experience4_20260723.csv"
platform_comparison,x86,Twofish,ECB,192,256,throughput_enc,4,2.0393076703751545,2.0393076703751545,0.0,0.0,"windows_experience1_20260718.csv, windows_experience2_20260718.csv, windows_experience3_20260718.csv, windows_experience4_20260723.csv"
platform_comparison,x86,Twofish,ECB,192,1024,avalanche,4,0.501513671875,0.501513671875,0.0,0.0,"windows_experience1_20260718.csv, windows_experience2_20260718.csv, windows_experience3_20260718.csv, windows_experience4_20260723.csv"
platform_comparison,x86,Twofish,ECB,192,1024,ci95_enc,4,0.16446289559793345,0.16446289559793345,0.0,0.0,"windows_experience1_20260718.csv, windows_experience2_20260718.csv, windows_experience3_20260718.csv, windows_experience4_20260723.csv"
platform_comparison,x86,Twofish,ECB,192,1024,key_avalanche,4,0.50298828125,0.50298828125,0.0,0.0,"windows_experience1_20260718.csv, windows_experience2_20260718.csv, windows_experience3_20260718.csv, windows_experience4_20260723.csv"
platform_comparison,x86,Twofish,ECB,192,1024,throughput_dec,4,2.457231192641233,2.457231192641233,0.0,0.0,"windows_experience1_20260718.csv, windows_experience2_20260718.csv, windows_experience3_20260718.csv, windows_experience4_20260723.csv"
platform_comparison,x86,Twofish,ECB,192,1024,throughput_enc,4,2.2593895347982715,2.2593895347982715,0.0,0.0,"windows_experience1_20260718.csv, windows_experience2_20260718.csv, windows_experience3_20260718.csv, windows_experience4_20260723.csv"
platform_comparison,x86,Twofish,ECB,192,4096,avalanche,4,0.5004199218750001,0.5004199218750001,0.0,0.0,"windows_experience1_20260718.csv, windows_experience2_20260718.csv, windows_experience3_20260718.csv, windows_experience4_20260723.csv"
platform_comparison,x86,Twofish,ECB,192,4096,ci95_enc,4,0.11772709196872977,0.11772709196872977,0.0,0.0,"windows_experience1_20260718.csv, windows_experience2_20260718.csv, windows_experience3_20260718.csv, windows_experience4_20260723.csv"
platform_comparison,x86,Twofish,ECB,192,4096,key_avalanche,4,0.501591796875,0.501591796875,0.0,0.0,"windows_experience1_20260718.csv, windows_experience2_20260718.csv, windows_experience3_20260718.csv, windows_experience4_20260723.csv"
platform_comparison,x86,Twofish,ECB,192,4096,throughput_dec,4,2.5160861633010914,2.5160861633010914,0.0,0.0,"windows_experience1_20260718.csv, windows_experience2_20260718.csv, windows_experience3_20260718.csv, windows_experience4_20260723.csv"
platform_comparison,x86,Twofish,ECB,192,4096,throughput_enc,4,2.392985269233872,2.392985269233872,0.0,0.0,"windows_experience1_20260718.csv, windows_experience2_20260718.csv, windows_experience3_20260718.csv, windows_experience4_20260723.csv"
platform_comparison,x86,Twofish,ECB,192,16384,avalanche,4,0.50021484375,0.50021484375,0.0,0.0,"windows_experience1_20260718.csv, windows_experience2_20260718.csv, windows_experience3_20260718.csv, windows_experience4_20260723.csv"
platform_comparison,x86,Twofish,ECB,192,16384,ci95_enc,4,0.08038586723457132,0.08038586723457132,0.0,0.0,"windows_experience1_20260718.csv, windows_experience2_20260718.csv, windows_experience3_20260718.csv, windows_experience4_20260723.csv"
platform_comparison,x86,Twofish,ECB,192,16384,key_avalanche,4,0.501455078125,0.501455078125,0.0,0.0,"windows_experience1_20260718.csv, windows_experience2_20260718.csv, windows_experience3_20260718.csv, windows_experience4_20260723.csv"
platform_comparison,x86,Twofish,ECB,192,16384,throughput_dec,4,2.301005372919788,2.301005372919788,0.0,0.0,"windows_experience1_20260718.csv, windows_experience2_20260718.csv, windows_experience3_20260718.csv, windows_experience4_20260723.csv"
platform_comparison,x86,Twofish,ECB,192,16384,throughput_enc,4,2.4165463656894115,2.4165463656894115,0.0,0.0,"windows_experience1_20260718.csv, windows_experience2_20260718.csv, windows_experience3_20260718.csv, windows_experience4_20260723.csv"
platform_comparison,x86,Twofish,ECB,256,64,avalanche,4,0.499404296875,0.499404296875,0.0,0.0,"windows_experience1_20260718.csv, windows_experience2_20260718.csv, windows_experience3_20260718.csv, windows_experience4_20260723.csv"
platform_comparison,x86,Twofish,ECB,256,64,ci95_enc,4,0.15534489289401793,0.15534489289401793,0.0,0.0,"windows_experience1_20260718.csv, windows_experience2_20260718.csv, windows_experience3_20260718.csv, windows_experience4_20260723.csv"
platform_comparison,x86,Twofish,ECB,256,64,key_avalanche,4,0.49818359375,0.49818359375,0.0,0.0,"windows_experience1_20260718.csv, windows_experience2_20260718.csv, windows_experience3_20260718.csv, windows_experience4_20260723.csv"
platform_comparison,x86,Twofish,ECB,256,64,throughput_dec,4,1.740526789524843,1.740526789524843,0.0,0.0,"windows_experience1_20260718.csv, windows_experience2_20260718.csv, windows_experience3_20260718.csv, windows_experience4_20260723.csv"
platform_comparison,x86,Twofish,ECB,256,64,throughput_enc,4,1.5697227855288567,1.5697227855288567,0.0,0.0,"windows_experience1_20260718.csv, windows_experience2_20260718.csv, windows_experience3_20260718.csv, windows_experience4_20260723.csv"
platform_comparison,x86,Twofish,ECB,256,256,avalanche,4,0.502158203125,0.502158203125,0.0,0.0,"windows_experience1_20260718.csv, windows_experience2_20260718.csv, windows_experience3_20260718.csv, windows_experience4_20260723.csv"
platform_comparison,x86,Twofish,ECB,256,256,ci95_enc,4,0.1764895644578647,0.1764895644578647,0.0,0.0,"windows_experience1_20260718.csv, windows_experience2_20260718.csv, windows_experience3_20260718.csv, windows_experience4_20260723.csv"
platform_comparison,x86,Twofish,ECB,256,256,key_avalanche,4,0.5024023437499999,0.5024023437499999,0.0,0.0,"windows_experience1_20260718.csv, windows_experience2_20260718.csv, windows_experience3_20260718.csv, windows_experience4_20260723.csv"
platform_comparison,x86,Twofish,ECB,256,256,throughput_dec,4,2.1355634437429005,2.1355634437429005,0.0,0.0,"windows_experience1_20260718.csv, windows_experience2_20260718.csv, windows_experience3_20260718.csv, windows_experience4_20260723.csv"
platform_comparison,x86,Twofish,ECB,256,256,throughput_enc,4,1.9204098287032685,1.9204098287032685,0.0,0.0,"windows_experience1_20260718.csv, windows_experience2_20260718.csv, windows_experience3_20260718.csv, windows_experience4_20260723.csv"
platform_comparison,x86,Twofish,ECB,256,1024,avalanche,4,0.50322265625,0.50322265625,0.0,0.0,"windows_experience1_20260718.csv, windows_experience2_20260718.csv, windows_experience3_20260718.csv, windows_experience4_20260723.csv"
platform_comparison,x86,Twofish,ECB,256,1024,ci95_enc,4,0.168697757723201,0.168697757723201,0.0,0.0,"windows_experience1_20260718.csv, windows_experience2_20260718.csv, windows_experience3_20260718.csv, windows_experience4_20260723.csv"
platform_comparison,x86,Twofish,ECB,256,1024,key_avalanche,4,0.49896484375000005,0.49896484375000005,0.0,0.0,"windows_experience1_20260718.csv, windows_experience2_20260718.csv, windows_experience3_20260718.csv, windows_experience4_20260723.csv"
platform_comparison,x86,Twofish,ECB,256,1024,throughput_dec,4,2.2956589952153106,2.2956589952153106,0.0,0.0,"windows_experience1_20260718.csv, windows_experience2_20260718.csv, windows_experience3_20260718.csv, windows_experience4_20260723.csv"
platform_comparison,x86,Twofish,ECB,256,1024,throughput_enc,4,2.299584954745417,2.299584954745417,0.0,0.0,"windows_experience1_20260718.csv, windows_experience2_20260718.csv, windows_experience3_20260718.csv, windows_experience4_20260723.csv"
platform_comparison,x86,Twofish,ECB,256,4096,avalanche,4,0.497626953125,0.497626953125,0.0,0.0,"windows_experience1_20260718.csv, windows_experience2_20260718.csv, windows_experience3_20260718.csv, windows_experience4_20260723.csv"
platform_comparison,x86,Twofish,ECB,256,4096,ci95_enc,4,0.09367581432073031,0.09367581432073031,0.0,0.0,"windows_experience1_20260718.csv, windows_experience2_20260718.csv, windows_experience3_20260718.csv, windows_experience4_20260723.csv"
platform_comparison,x86,Twofish,ECB,256,4096,key_avalanche,4,0.500380859375,0.500380859375,0.0,0.0,"windows_experience1_20260718.csv, windows_experience2_20260718.csv, windows_experience3_20260718.csv, windows_experience4_20260723.csv"
platform_comparison,x86,Twofish,ECB,256,4096,throughput_dec,4,2.369527933991175,2.369527933991175,0.0,0.0,"windows_experience1_20260718.csv, windows_experience2_20260718.csv, windows_experience3_20260718.csv, windows_experience4_20260723.csv"
platform_comparison,x86,Twofish,ECB,256,4096,throughput_enc,4,2.5203022309812386,2.5203022309812386,0.0,0.0,"windows_experience1_20260718.csv, windows_experience2_20260718.csv, windows_experience3_20260718.csv, windows_experience4_20260723.csv"
platform_comparison,x86,Twofish,ECB,256,16384,avalanche,4,0.49881835937499996,0.49881835937499996,0.0,0.0,"windows_experience1_20260718.csv, windows_experience2_20260718.csv, windows_experience3_20260718.csv, windows_experience4_20260723.csv"
platform_comparison,x86,Twofish,ECB,256,16384,ci95_enc,4,0.06776026808970603,0.06776026808970603,0.0,0.0,"windows_experience1_20260718.csv, windows_experience2_20260718.csv, windows_experience3_20260718.csv, windows_experience4_20260723.csv"
platform_comparison,x86,Twofish,ECB,256,16384,key_avalanche,4,0.49747070312499997,0.49747070312499997,0.0,0.0,"windows_experience1_20260718.csv, windows_experience2_20260718.csv, windows_experience3_20260718.csv, windows_experience4_20260723.csv"
platform_comparison,x86,Twofish,ECB,256,16384,throughput_dec,4,2.3815281543080737,2.3815281543080737,0.0,0.0,"windows_experience1_20260718.csv, windows_experience2_20260718.csv, windows_experience3_20260718.csv, windows_experience4_20260723.csv"
platform_comparison,x86,Twofish,ECB,256,16384,throughput_enc,4,2.4768122990027255,2.4768122990027255,0.0,0.0,"windows_experience1_20260718.csv, windows_experience2_20260718.csv, windows_experience3_20260718.csv, windows_experience4_20260723.csv"
