context,platform,algorithm,mode,key_size_bits,message_size_bytes,throughput_enc_mbps,throughput_dec_mbps,avalanche_score,key_avalanche_score,ci95_enc_mbps,source_csvs
performance,x86,3DES,CBC,128,64,0.737664556889757,0.6157396890534527,0.4982617187499999,0.4303515625,,"windows_experience1_20260718.csv, windows_experience2_20260718.csv, windows_experience3_20260718.csv, windows_experience4_20260723.csv"
performance,x86,3DES,CBC,128,256,0.8035301745693176,1.8845879188293453,0.50017578125,0.43966796875,,"windows_experience1_20260718.csv, windows_experience2_20260718.csv, windows_experience3_20260718.csv, windows_experience4_20260723.csv"
performance,x86,3DES,CBC,128,1024,0.823234385309312,3.206242578885517,0.50216796875,0.447578125,,"windows_experience1_20260718.csv, windows_experience2_20260718.csv, windows_experience3_20260718.csv, windows_experience4_20260723.csv"
performance,x86,3DES,CBC,128,4096,0.8728403806733462,4.00545776101022,0.50166015625,0.43197265625000003,,"windows_experience1_20260718.csv, windows_experience2_20260718.csv, windows_experience3_20260718.csv, windows_experience4_20260723.csv"
performance,x86,3DES,CBC,128,16384,0.8819113745581897,4.468591249997507,0.50486328125,0.43814453124999997,,"windows_experience1_20260718.csv, windows_experience2_20260718.csv, windows_experience3_20260718.csv, windows_experience4_20260723.csv"
performance,x86,3DES,CBC,192,64,0.7258548401084404,0.53399595125762,0.50173828125,0.41728515625,,"windows_experience1_20260718.csv, windows_experience2_20260718.csv, windows_experience3_20260718.csv, windows_experience4_20260723.csv"
performance,x86,3DES,CBC,192,256,0.7390459541197125,1.501809997165673,0.4983984375,0.42660156250000003,,"windows_experience1_20260718.csv, windows_experience2_20260718.csv, windows_experience3_20260718.csv, windows_experience4_20260723.csv"
performance,x86,3DES,CBC,192,1024,0.862847574987581,3.134537858324188,0.5021484375,0.43490234375000003,,"windows_experience1_20260718.csv, windows_experience2_20260718.csv, windows_experience3_20260718.csv, windows_experience4_20260723.csv"
performance,x86,3DES,CBC,192,4096,0.876016474162113,4.099417170344043,0.5008203125,0.43849609375,,"windows_experience1_20260718.csv, windows_experience2_20260718.csv, windows_experience3_20260718.csv, windows_experience4_20260723.csv"
performance,x86,3DES,CBC,192,16384,0.8518220481177258,4.661489312679368,0.49947265625,0.444140625,,"windows_experience1_20260718.csv, windows_experience2_20260718.csv, windows_experience3_20260718.csv, windows_experience4_20260723.csv"
performance,x86,3DES,CTR,128,64,0.6751999880168262,0.7129023034149262,0.49947265625000004,0.43878906249999994,,"windows_experience1_20260718.csv, windows_experience2_20260718.csv, windows_experience3_20260718.csv, windows_experience4_20260723.csv"
performance,x86,3DES,CTR,128,256,1.6739515253571795,1.6092565704563302,0.49953125,0.43978515625000003,,"windows_experience1_20260718.csv, windows_experience2_20260718.csv, windows_experience3_20260718.csv, windows_experience4_20260723.csv"
performance,x86,3DES,CTR,128,1024,2.6250234596303583,2.798887955511998,0.50232421875,0.434765625,,"windows_experience1_20260718.csv, windows_experience2_20260718.csv, windows_experience3_20260718.csv, windows_experience4_20260723.csv"
performance,x86,3DES,CTR,128,4096,3.226052671656765,3.3593600832993054,0.50216796875,0.43384765625,,"windows_experience1_20260718.csv, windows_experience2_20260718.csv, windows_experience3_20260718.csv, windows_experience4_20260723.csv"
performance,x86,3DES,CTR,128,16384,3.6381115151457966,3.5871732122966353,0.4990234375,0.43621093750000006,,"windows_experience1_20260718.csv, windows_experience2_20260718.csv, windows_experience3_20260718.csv, windows_experience4_20260723.csv"
performance,x86,3DES,CTR,192,64,0.5532758922621239,0.5980240990940999,0.50208984375,0.43855468750000004,,"windows_experience1_20260718.csv, windows_experience2_20260718.csv, windows_experience3_20260718.csv, windows_experience4_20260723.csv"
performance,x86,3DES,CTR,192,256,1.5026795261519859,1.4716564686426419,0.4946484375,0.4387890625,,"windows_experience1_20260718.csv, windows_experience2_20260718.csv, windows_experience3_20260718.csv, windows_experience4_20260723.csv"
performance,x86,3DES,CTR,192,1024,2.573169650586674,2.6782800437597016,0.5004296875,0.43705078125,,"windows_experience1_20260718.csv, windows_experience2_20260718.csv, windows_experience3_20260718.csv, windows_experience4_20260723.csv"
performance,x86,3DES,CTR,192,4096,3.245749239759875,3.3470540512316873,0.50302734375,0.4425,,"windows_experience1_20260718.csv, windows_experience2_20260718.csv, windows_experience3_20260718.csv, windows_experience4_20260723.csv"
performance,x86,3DES,CTR,192,16384,3.5181131306788456,3.4000612573530695,0.50390625,0.44375,,"windows_experience1_20260718.csv, windows_experience2_20260718.csv, windows_experience3_20260718.csv, windows_experience4_20260723.csv"
performance,x86,3DES,ECB,128,64,0.8075083666570373,0.8164515058012402,0.50087890625,0.44201171875,,"windows_experience1_20260718.csv, windows_experience2_20260718.csv, windows_experience3_20260718.csv, windows_experience4_20260723.csv"
performance,x86,3DES,ECB,128,256,2.7971766945072325,2.534762922595137,0.500703125,0.43701171875,,"windows_experience1_20260718.csv, windows_experience2_20260718.csv, windows_experience3_20260718.csv, windows_experience4_20260723.csv"
performance,x86,3DES,ECB,128,1024,7.071809342108404,6.351564728291756,0.49947265625,0.44076171875000003,,"windows_experience1_20260718.csv, windows_experience2_20260718.csv, windows_experience3_20260718.csv, windows_experience4_20260723.csv"
performance,x86,3DES,ECB,128,4096,10.615998970936023,10.951631577284601,0.5021093750000001,0.44076171875,,"windows_experience1_20260718.csv, windows_experience2_20260718.csv, windows_experience3_20260718.csv, windows_experience4_20260723.csv"
performance,x86,3DES,ECB,128,16384,12.464813660445767,13.007200569314126,0.5028515625000001,0.43986328125,,"windows_experience1_20260718.csv, windows_experience2_20260718.csv, windows_experience3_20260718.csv, windows_experience4_20260723.csv"
performance,x86,3DES,ECB,192,64,0.6347669291690808,0.646089907373712,0.49705078124999996,0.44949218750000003,,"windows_experience1_20260718.csv, windows_experience2_20260718.csv, windows_experience3_20260718.csv, windows_experience4_20260723.csv"
performance,x86,3DES,ECB,192,256,1.749759124062151,1.7158138190251404,0.50220703125,0.43119140625,,"windows_experience1_20260718.csv, windows_experience2_20260718.csv, windows_experience3_20260718.csv, windows_experience4_20260723.csv"
performance,x86,3DES,ECB,192,1024,5.598573622068131,5.8718658236294115,0.5031054687500001,0.43876953125,,"windows_experience1_20260718.csv, windows_experience2_20260718.csv, windows_experience3_20260718.csv, windows_experience4_20260723.csv"
performance,x86,3DES,ECB,192,4096,8.806012107951577,9.540030083861925,0.502109375,0.42892578124999997,,"windows_experience1_20260718.csv, windows_experience2_20260718.csv, windows_experience3_20260718.csv, windows_experience4_20260723.csv"
performance,x86,3DES,ECB,192,16384,12.194833256994018,12.589859658548745,0.49878906249999994,0.44537109375,,"windows_experience1_20260718.csv, windows_experience2_20260718.csv, windows_experience3_20260718.csv, windows_experience4_20260723.csv"
performance,x86,AES,CBC,128,64,0.4218206368215101,1.4205289456972705,0.501103515625,0.499052734375,,"windows_experience1_20260718.csv, windows_experience2_20260718.csv, windows_experience3_20260718.csv, windows_experience4_20260723.csv"
performance,x86,AES,CBC,128,256,0.5895165348589659,4.364111318781857,0.49814453125,0.49956054687499996,,"windows_experience1_20260718.csv, windows_experience2_20260718.csv, windows_experience3_20260718.csv, windows_experience4_20260723.csv"
performance,x86,AES,CBC,128,1024,0.6304180861828033,6.031657217283721,0.50068359375,0.49905273437500003,,"windows_experience1_20260718.csv, windows_experience2_20260718.csv, windows_experience3_20260718.csv, windows_experience4_20260723.csv"
performance,x86,AES,CBC,128,4096,0.630843241425796,7.1228902168502,0.5001171875,0.49716796875,,"windows_experience1_20260718.csv, windows_experience2_20260718.csv, windows_experience3_20260718.csv, windows_experience4_20260723.csv"
performance,x86,AES,CBC,128,16384,0.640235185651059,7.526027182408507,0.49962890625,0.498779296875,,"windows_experience1_20260718.csv, windows_experience2_20260718.csv, windows_experience3_20260718.csv, windows_experience4_20260723.csv"
performance,x86,AES,CBC,192,64,0.4428946158221019,1.4086186188311363,0.500224609375,0.49701171875,,"windows_experience1_20260718.csv, windows_experience2_20260718.csv, windows_experience3_20260718.csv, windows_experience4_20260723.csv"
performance,x86,AES,CBC,192,256,0.5618182724490441,3.9733623952871184,0.4975,0.498681640625,,"windows_experience1_20260718.csv, windows_experience2_20260718.csv, windows_experience3_20260718.csv, windows_experience4_20260723.csv"
performance,x86,AES,CBC,192,1024,0.6296498408711831,6.086152411243511,0.49978515625000003,0.49990234375,,"windows_experience1_20260718.csv, windows_experience2_20260718.csv, windows_experience3_20260718.csv, windows_experience4_20260723.csv"
performance,x86,AES,CBC,192,4096,0.6251418085011973,6.8762074065916945,0.50107421875,0.5017968749999999,,"windows_experience1_20260718.csv, windows_experience2_20260718.csv, windows_experience3_20260718.csv, windows_experience4_20260723.csv"
performance,x86,AES,CBC,192,16384,0.5553960209685573,6.417813295280901,0.5014453125,0.501552734375,,"windows_experience1_20260718.csv, windows_experience2_20260718.csv, windows_experience3_20260718.csv, windows_experience4_20260723.csv"
performance,x86,AES,CBC,256,64,0.4052108513290581,1.5618038540920842,0.49849609375000004,0.50021484375,,"windows_experience1_20260718.csv, windows_experience2_20260718.csv, windows_experience3_20260718.csv, windows_experience4_20260723.csv"
performance,x86,AES,CBC,256,256,0.46869861881279656,3.637648727175935,0.5008984375,0.49845703124999996,,"windows_experience1_20260718.csv, windows_experience2_20260718.csv, windows_experience3_20260718.csv, windows_experience4_20260723.csv"
performance,x86,AES,CBC,256,1024,0.543734335819484,5.07428511232341,0.49947265625000004,0.5002050781249999,,"windows_experience1_20260718.csv, windows_experience2_20260718.csv, windows_experience3_20260718.csv, windows_experience4_20260723.csv"
performance,x86,AES,CBC,256,4096,0.5703254622850169,6.430034746940337,0.5010449218749999,0.501484375,,"windows_experience1_20260718.csv, windows_experience2_20260718.csv, windows_experience3_20260718.csv, windows_experience4_20260723.csv"
performance,x86,AES,CBC,256,16384,0.5694404099085351,6.176217168143701,0.50029296875,0.5005761718749999,,"windows_experience1_20260718.csv, windows_experience2_20260718.csv, windows_experience3_20260718.csv, windows_experience4_20260723.csv"
performance,x86,AES,CTR,128,64,1.556124179069966,1.4013827615977235,0.497724609375,0.501279296875,,"windows_experience1_20260718.csv, windows_experience2_20260718.csv, windows_experience3_20260718.csv, windows_experience4_20260723.csv"
performance,x86,AES,CTR,128,256,3.1610555530068627,3.1538096803086946,0.500517578125,0.49880859375000003,,"windows_experience1_20260718.csv, windows_experience2_20260718.csv, windows_experience3_20260718.csv, windows_experience4_20260723.csv"
performance,x86,AES,CTR,128,1024,4.400288901584401,4.536795803995304,0.497568359375,0.5003515625,,"windows_experience1_20260718.csv, windows_experience2_20260718.csv, windows_experience3_20260718.csv, windows_experience4_20260723.csv"
performance,x86,AES,CTR,128,4096,4.722181899106969,5.210649152440804,0.498720703125,0.499765625,,"windows_experience1_20260718.csv, windows_experience2_20260718.csv, windows_experience3_20260718.csv, windows_experience4_20260723.csv"
performance,x86,AES,CTR,128,16384,5.321871277710795,5.683488583276023,0.499052734375,0.4985546875,,"windows_experience1_20260718.csv, windows_experience2_20260718.csv, windows_experience3_20260718.csv, windows_experience4_20260723.csv"
performance,x86,AES,CTR,192,64,1.7224054608159518,1.523670879265011,0.49908203125,0.499052734375,,"windows_experience1_20260718.csv, windows_experience2_20260718.csv, windows_experience3_20260718.csv, windows_experience4_20260723.csv"
performance,x86,AES,CTR,192,256,3.2553115309888785,3.290995932766111,0.501396484375,0.5012890624999999,,"windows_experience1_20260718.csv, windows_experience2_20260718.csv, windows_experience3_20260718.csv, windows_experience4_20260723.csv"
performance,x86,AES,CTR,192,1024,4.890330574157353,4.875786056361633,0.500595703125,0.49905273437500003,,"windows_experience1_20260718.csv, windows_experience2_20260718.csv, windows_experience3_20260718.csv, windows_experience4_20260723.csv"
performance,x86,AES,CTR,192,4096,5.387079002310913,5.724129808592577,0.498994140625,0.49814453125,,"windows_experience1_20260718.csv, windows_experience2_20260718.csv, windows_experience3_20260718.csv, windows_experience4_20260723.csv"
performance,x86,AES,CTR,192,16384,5.9325526557207064,5.468465273433795,0.4989453125,0.49877929687500006,,"windows_experience1_20260718.csv, windows_experience2_20260718.csv, windows_experience3_20260718.csv, windows_experience4_20260723.csv"
performance,x86,AES,CTR,256,64,1.5030871293473307,1.6971488325953774,0.50060546875,0.500595703125,,"windows_experience1_20260718.csv, windows_experience2_20260718.csv, windows_experience3_20260718.csv, windows_experience4_20260723.csv"
performance,x86,AES,CTR,256,256,3.2664088024128084,3.1411526181029954,0.49970703125,0.5026953125,,"windows_experience1_20260718.csv, windows_experience2_20260718.csv, windows_experience3_20260718.csv, windows_experience4_20260723.csv"
performance,x86,AES,CTR,256,1024,4.355174896557305,4.7757005814014315,0.5012109375,0.502978515625,,"windows_experience1_20260718.csv, windows_experience2_20260718.csv, windows_experience3_20260718.csv, windows_experience4_20260723.csv"
performance,x86,AES,CTR,256,4096,4.7833548959592935,4.894571670182179,0.5005859374999999,0.50244140625,,"windows_experience1_20260718.csv, windows_experience2_20260718.csv, windows_experience3_20260718.csv, windows_experience4_20260723.csv"
performance,x86,AES,CTR,256,16384,5.725649372834582,5.744048641779265,0.4982519531249999,0.50095703125,,"windows_experience1_20260718.csv, windows_experience2_20260718.csv, windows_experience3_20260718.csv, windows_experience4_20260723.csv"
performance,x86,AES,ECB,128,64,1.2014392180660993,2.798720010868858,0.501572265625,0.501005859375,,"windows_experience1_20260718.csv, windows_experience2_20260718.csv, windows_experience3_20260718.csv, windows_experience4_20260723.csv"
performance,x86,AES,ECB,128,256,8.900750964557576,11.407870522344115,0.498427734375,0.497080078125,,"windows_experience1_20260718.csv, windows_experience2_20260718.csv, windows_experience3_20260718.csv, windows_experience4_20260723.csv"
performance,x86,AES,ECB,128,1024,31.45012200904239,38.088033403713816,0.50142578125,0.49971679687500004,,"windows_experience1_20260718.csv, windows_experience2_20260718.csv, windows_experience3_20260718.csv, windows_experience4_20260723.csv"
performance,x86,AES,ECB,128,4096,114.86162923507091,141.53188018624647,0.50244140625,0.499384765625,,"windows_experience1_20260718.csv, windows_experience2_20260718.csv, windows_experience3_20260718.csv, windows_experience4_20260723.csv"
performance,x86,AES,ECB,128,16384,303.03321068387646,485.6633684651089,0.49876953125,0.500478515625,,"windows_experience1_20260718.csv, windows_experience2_20260718.csv, windows_experience3_20260718.csv, windows_experience4_20260723.csv"
performance,x86,AES,ECB,192,64,2.743329319474559,2.3663732252032403,0.498896484375,0.49859375000000006,,"windows_experience1_20260718.csv, windows_experience2_20260718.csv, windows_experience3_20260718.csv, windows_experience4_20260723.csv"
performance,x86,AES,ECB,192,256,10.070356928785007,11.365525669433088,0.500048828125,0.50048828125,,"windows_experience1_20260718.csv, windows_experience2_20260718.csv, windows_experience3_20260718.csv, windows_experience4_20260723.csv"
performance,x86,AES,ECB,192,1024,39.50449121717131,42.68822371412728,0.497275390625,0.5006542968750001,,"windows_experience1_20260718.csv, windows_experience2_20260718.csv, windows_experience3_20260718.csv, windows_experience4_20260723.csv"
performance,x86,AES,ECB,192,4096,136.39715512009036,130.07091605232227,0.5005468750000001,0.49735351562499996,,"windows_experience1_20260718.csv, windows_experience2_20260718.csv, windows_experience3_20260718.csv, windows_experience4_20260723.csv"
performance,x86,AES,ECB,192,16384,330.743696440407,393.39966933980577,0.50068359375,0.49927734375,,"windows_experience1_20260718.csv, windows_experience2_20260718.csv, windows_experience3_20260718.csv, windows_experience4_20260723.csv"
performance,x86,AES,ECB,256,64,2.280412542862357,3.320911984864937,0.499501953125,0.5020214843749999,,"windows_experience1_20260718.csv, windows_experience2_20260718.csv, windows_experience3_20260718.csv, windows_experience4_20260723.csv"
performance,x86,AES,ECB,256,256,11.031498183256307,11.183735679156298,0.50029296875,0.5023535156250001,,"windows_experience1_20260718.csv, windows_experience2_20260718.csv, windows_experience3_20260718.csv, windows_experience4_20260723.csv"
performance,x86,AES,ECB,256,1024,30.042611830760823,35.14617459733242,0.49908203124999995,0.49552734374999996,,"windows_experience1_20260718.csv, windows_experience2_20260718.csv, windows_experience3_20260718.csv, windows_experience4_20260723.csv"
performance,x86,AES,ECB,256,4096,130.42203648617186,140.7651294966684,0.49908203125,0.499814453125,,"windows_experience1_20260718.csv, windows_experience2_20260718.csv, windows_experience3_20260718.csv, windows_experience4_20260723.csv"
performance,x86,AES,ECB,256,16384,333.81858701588294,363.8959426031322,0.503095703125,0.5006445312500001,,"windows_experience1_20260718.csv, windows_experience2_20260718.csv, windows_experience3_20260718.csv, windows_experience4_20260723.csv"
performance,x86,AES,GCM,128,64,0.19644324422413223,0.30618195950592053,0.49967773437499996,0.499658203125,,"windows_experience1_20260718.csv, windows_experience2_20260718.csv, windows_experience3_20260718.csv, windows_experience4_20260723.csv"
performance,x86,AES,GCM,128,256,1.6691514872176056,1.2290853364444874,0.499189453125,0.499755859375,,"windows_experience1_20260718.csv, windows_experience2_20260718.csv, windows_experience3_20260718.csv, windows_experience4_20260723.csv"
performance,x86,AES,GCM,128,1024,6.280174220370947,4.8912511702563455,0.501298828125,0.50228515625,,"windows_experience1_20260718.csv, windows_experience2_20260718.csv, windows_experience3_20260718.csv, windows_experience4_20260723.csv"
performance,x86,AES,GCM,128,4096,25.198171861019613,19.928859545335342,0.49993164062499995,0.5009375,,"windows_experience1_20260718.csv, windows_experience2_20260718.csv, windows_experience3_20260718.csv, windows_experience4_20260723.csv"
performance,x86,AES,GCM,128,16384,82.28347587118492,68.93332338093532,0.497333984375,0.49916015625,,"windows_experience1_20260718.csv, windows_experience2_20260718.csv, windows_experience3_20260718.csv, windows_experience4_20260723.csv"
performance,x86,AES,GCM,192,64,0.40550899208930014,0.3441504948232361,0.5015234375,0.50109375,,"windows_experience1_20260718.csv, windows_experience2_20260718.csv, windows_experience3_20260718.csv, windows_experience4_20260723.csv"
performance,x86,AES,GCM,192,256,1.8259596805697242,1.2773877185082505,0.49971679687500004,0.50080078125,,"windows_experience1_20260718.csv, windows_experience2_20260718.csv, windows_experience3_20260718.csv, windows_experience4_20260723.csv"
performance,x86,AES,GCM,192,1024,6.531204194346052,5.150066141946356,0.50009765625,0.49875,,"windows_experience1_20260718.csv, windows_experience2_20260718.csv, windows_experience3_20260718.csv, windows_experience4_20260723.csv"
performance,x86,AES,GCM,192,4096,22.998362243859216,19.062244029632406,0.49828125,0.501708984375,,"windows_experience1_20260718.csv, windows_experience2_20260718.csv, windows_experience3_20260718.csv, windows_experience4_20260723.csv"
performance,x86,AES,GCM,192,16384,81.89300293402086,70.78550123964341,0.49784179687499996,0.49962890625,,"windows_experience1_20260718.csv, windows_experience2_20260718.csv, windows_experience3_20260718.csv, windows_experience4_20260723.csv"
performance,x86,AES,GCM,256,64,0.3770175204716236,0.27475502729888557,0.49763671875000004,0.49870117187499996,,"windows_experience1_20260718.csv, windows_experience2_20260718.csv, windows_experience3_20260718.csv, windows_experience4_20260723.csv"
performance,x86,AES,GCM,256,256,1.5126242684821034,1.2589761345079715,0.49869140625,0.50146484375,,"windows_experience1_20260718.csv, windows_experience2_20260718.csv, windows_experience3_20260718.csv, windows_experience4_20260723.csv"
performance,x86,AES,GCM,256,1024,6.788894729756974,5.1732787746347135,0.50318359375,0.49732421875000005,,"windows_experience1_20260718.csv, windows_experience2_20260718.csv, windows_experience3_20260718.csv, windows_experience4_20260723.csv"
performance,x86,AES,GCM,256,4096,25.392637977001762,19.151217039317395,0.5008984375,0.49712890625,,"windows_experience1_20260718.csv, windows_experience2_20260718.csv, windows_experience3_20260718.csv, windows_experience4_20260723.csv"
performance,x86,AES,GCM,256,16384,81.78487416378343,68.4903288022563,0.49962890625,0.501044921875,,"windows_experience1_20260718.csv, windows_experience2_20260718.csv, windows_experience3_20260718.csv, windows_experience4_20260723.csv"
performance,x86,ChaCha20,Stream,256,64,2.87219457259737,3.4357334321076847,0.5948876953125,0.5927050781250001,,"windows_experience1_20260718.csv, windows_experience2_20260718.csv, windows_experience3_20260718.csv, windows_experience4_20260723.csv"
performance,x86,ChaCha20,Stream,256,256,12.766709846648936,11.971750922475245,0.59457275390625,0.59350341796875,,"windows_experience1_20260718.csv, windows_experience2_20260718.csv, windows_experience3_20260718.csv, windows_experience4_20260723.csv"
performance,x86,ChaCha20,Stream,256,1024,36.680689810182386,34.42761488451025,0.59400634765625,0.593486328125,,"windows_experience1_20260718.csv, windows_experience2_20260718.csv, windows_experience3_20260718.csv, windows_experience4_20260723.csv"
performance,x86,ChaCha20,Stream,256,4096,86.78138333902152,89.30397989315817,0.5935205078125001,0.59332763671875,,"windows_experience1_20260718.csv, windows_experience2_20260718.csv, windows_experience3_20260718.csv, windows_experience4_20260723.csv"
performance,x86,ChaCha20,Stream,256,16384,118.84713779097117,124.5826451021644,0.5943603515625,0.5928906249999999,,"windows_experience1_20260718.csv, windows_experience2_20260718.csv, windows_experience3_20260718.csv, windows_experience4_20260723.csv"
performance,x86,DES,CBC,64,64,0.20661343867378248,1.373085298595913,0.5007812500000001,0.4485546875,,"windows_experience1_20260718.csv, windows_experience2_20260718.csv, windows_experience3_20260718.csv, windows_experience4_20260723.csv"
performance,x86,DES,CBC,64,256,0.2444371567865039,3.281853198028583,0.497890625,0.43732421875,,"windows_experience1_20260718.csv, windows_experience2_20260718.csv, windows_experience3_20260718.csv, windows_experience4_20260723.csv"
performance,x86,DES,CBC,64,1024,0.27574229768954234,4.4249135281419605,0.504296875,0.43337890625000003,,"windows_experience1_20260718.csv, windows_experience2_20260718.csv, windows_experience3_20260718.csv, windows_experience4_20260723.csv"
performance,x86,DES,CBC,64,4096,0.264227337854405,5.823526736138945,0.49843750000000003,0.44251953125,,"windows_experience1_20260718.csv, windows_experience2_20260718.csv, windows_experience3_20260718.csv, windows_experience4_20260723.csv"
performance,x86,DES,CBC,64,16384,0.2567434520895251,6.151477862393577,0.49875,0.44076171875,,"windows_experience1_20260718.csv, windows_experience2_20260718.csv, windows_experience3_20260718.csv, windows_experience4_20260723.csv"
performance,x86,DES,CTR,64,64,1.220734355925933,1.2685502762386796,0.49998046875,0.43830078125,,"windows_experience1_20260718.csv, windows_experience2_20260718.csv, windows_experience3_20260718.csv, windows_experience4_20260723.csv"
performance,x86,DES,CTR,64,256,2.501965408164711,2.5943550459829217,0.49927734375000005,0.4412890625,,"windows_experience1_20260718.csv, windows_experience2_20260718.csv, windows_experience3_20260718.csv, windows_experience4_20260723.csv"
performance,x86,DES,CTR,64,1024,3.025876630137734,3.306147942312666,0.50306640625,0.446875,,"windows_experience1_20260718.csv, windows_experience2_20260718.csv, windows_experience3_20260718.csv, windows_experience4_20260723.csv"
performance,x86,DES,CTR,64,4096,3.1228898395931513,3.999266724791804,0.49939453124999994,0.442578125,,"windows_experience1_20260718.csv, windows_experience2_20260718.csv, windows_experience3_20260718.csv, windows_experience4_20260723.csv"
performance,x86,DES,CTR,64,16384,3.9052153881317073,4.2623501378119535,0.49958984375,0.436953125,,"windows_experience1_20260718.csv, windows_experience2_20260718.csv, windows_experience3_20260718.csv, windows_experience4_20260723.csv"
performance,x86,DES,ECB,64,64,1.9935522895546676,2.304861370881195,0.49732421875,0.44013671874999993,,"windows_experience1_20260718.csv, windows_experience2_20260718.csv, windows_experience3_20260718.csv, windows_experience4_20260723.csv"
performance,x86,DES,ECB,64,256,7.289798083811348,6.391649568699763,0.49705078125,0.42265625,,"windows_experience1_20260718.csv, windows_experience2_20260718.csv, windows_experience3_20260718.csv, windows_experience4_20260723.csv"
performance,x86,DES,ECB,64,1024,18.255620993576162,18.606158541168558,0.49841796875,0.43609375,,"windows_experience1_20260718.csv, windows_experience2_20260718.csv, windows_experience3_20260718.csv, windows_experience4_20260723.csv"
performance,x86,DES,ECB,64,4096,30.484840845515052,30.732437590231896,0.499765625,0.44048828125,,"windows_experience1_20260718.csv, windows_experience2_20260718.csv, windows_experience3_20260718.csv, windows_experience4_20260723.csv"
performance,x86,DES,ECB,64,16384,35.96035301293266,37.70617753595287,0.50048828125,0.44634765625,,"windows_experience1_20260718.csv, windows_experience2_20260718.csv, windows_experience3_20260718.csv, windows_experience4_20260723.csv"
performance,x86,Twofish,CBC,128,64,0.9679470873156286,1.1495586109691633,0.50029296875,0.5010644531249999,,"windows_experience1_20260718.csv, windows_experience2_20260718.csv, windows_experience3_20260718.csv, windows_experience4_20260723.csv"
performance,x86,Twofish,CBC,128,256,1.193076406590947,1.6127137715361863,0.498056640625,0.49945312500000005,,"windows_experience1_20260718.csv, windows_experience2_20260718.csv, windows_experience3_20260718.csv, windows_experience4_20260723.csv"
performance,x86,Twofish,CBC,128,1024,1.245451463981524,1.800413391992211,0.500654296875,0.50177734375,,"windows_experience1_20260718.csv, windows_experience2_20260718.csv, windows_experience3_20260718.csv, windows_experience4_20260723.csv"
performance,x86,Twofish,CBC,128,4096,1.4603950966006478,1.8562809957869628,0.50048828125,0.49799804687500004,,"windows_experience1_20260718.csv, windows_experience2_20260718.csv, windows_experience3_20260718.csv, windows_experience4_20260723.csv"
performance,x86,Twofish,CBC,128,16384,1.282026623578462,1.7937425689584705,0.500029296875,0.499228515625,,"windows_experience1_20260718.csv, windows_experience2_20260718.csv, windows_experience3_20260718.csv, windows_experience4_20260723.csv"
performance,x86,Twofish,CBC,192,64,0.9610306860275006,1.104335101493008,0.499677734375,0.499287109375,,"windows_experience1_20260718.csv, windows_experience2_20260718.csv, windows_experience3_20260718.csv, windows_experience4_20260723.csv"
performance,x86,Twofish,CBC,192,256,1.1647318030785365,1.3305785670221755,0.49917968749999997,0.502119140625,,"windows_experience1_20260718.csv, windows_experience2_20260718.csv, windows_experience3_20260718.csv, windows_experience4_20260723.csv"
performance,x86,Twofish,CBC,192,1024,1.229122942200834,1.6316155336875053,0.49994140625,0.49871093749999995,,"windows_experience1_20260718.csv, windows_experience2_20260718.csv, windows_experience3_20260718.csv, windows_experience4_20260723.csv"
performance,x86,Twofish,CBC,192,4096,1.2659021738367775,1.6179838915089557,0.5018652343750001,0.5008984375,,"windows_experience1_20260718.csv, windows_experience2_20260718.csv, windows_experience3_20260718.csv, windows_experience4_20260723.csv"
performance,x86,Twofish,CBC,192,16384,1.2591189458587522,1.717396105145638,0.499384765625,0.49969726562500005,,"windows_experience1_20260718.csv, windows_experience2_20260718.csv, windows_experience3_20260718.csv, windows_experience4_20260723.csv"
performance,x86,Twofish,CBC,256,64,0.9597481469247302,1.1526303140128444,0.499638671875,0.500595703125,,"windows_experience1_20260718.csv, windows_experience2_20260718.csv, windows_experience3_20260718.csv, windows_experience4_20260723.csv"
performance,x86,Twofish,CBC,256,256,1.162179238247412,1.3156563617691137,0.49978515625000003,0.498115234375,,"windows_experience1_20260718.csv, windows_experience2_20260718.csv, windows_experience3_20260718.csv, windows_experience4_20260723.csv"
performance,x86,Twofish,CBC,256,1024,1.2172967481804375,1.616445808311009,0.500517578125,0.49859374999999995,,"windows_experience1_20260718.csv, windows_experience2_20260718.csv, windows_experience3_20260718.csv, windows_experience4_20260723.csv"
performance,x86,Twofish,CBC,256,4096,1.348951553810638,1.636387164765898,0.5015234375,0.5,,"windows_experience1_20260718.csv, windows_experience2_20260718.csv, windows_experience3_20260718.csv, windows_experience4_20260723.csv"
performance,x86,Twofish,CBC,256,16384,1.3053983030266672,1.8242673007168677,0.50013671875,0.5005078125,,"windows_experience1_20260718.csv, windows_experience2_20260718.csv, windows_experience3_20260718.csv, windows_experience4_20260723.csv"
performance,x86,Twofish,CTR,128,64,1.2121231945556685,1.2508393770084576,0.49828125,0.5003417968749999,,"windows_experience1_20260718.csv, windows_experience2_20260718.csv, windows_experience3_20260718.csv, windows_experience4_20260723.csv"
performance,x86,Twofish,CTR,128,256,1.3996685804302231,1.4813081081272055,0.505224609375,0.49884765625,,"windows_experience1_20260718.csv, windows_experience2_20260718.csv, windows_experience3_20260718.csv, windows_experience4_20260723.csv"
performance,x86,Twofish,CTR,128,1024,1.5092117373507299,1.6328562254067138,0.5003027343750001,0.498125,,"windows_experience1_20260718.csv, windows_experience2_20260718.csv, windows_experience3_20260718.csv, windows_experience4_20260723.csv"
performance,x86,Twofish,CTR,128,4096,1.6012212846358793,1.602155857553274,0.500732421875,0.49900390625,,"windows_experience1_20260718.csv, windows_experience2_20260718.csv, windows_experience3_20260718.csv, windows_experience4_20260723.csv"
performance,x86,Twofish,CTR,128,16384,1.7553312908774759,1.796617457880544,0.499228515625,0.499052734375,,"windows_experience1_20260718.csv, windows_experience2_20260718.csv, windows_experience3_20260718.csv, windows_experience4_20260723.csv"
performance,x86,Twofish,CTR,192,64,1.2252321509766924,1.375532192386654,0.501083984375,0.5013281249999999,,"windows_experience1_20260718.csv, windows_experience2_20260718.csv, windows_experience3_20260718.csv, windows_experience4_20260723.csv"
performance,x86,Twofish,CTR,192,256,1.3586282267931333,1.5331000264860863,0.49912109375,0.50416015625,,"windows_experience1_20260718.csv, windows_experience2_20260718.csv, windows_experience3_20260718.csv, windows_experience4_20260723.csv"
performance,x86,Twofish,CTR,192,1024,1.5937678702481775,1.6734287869276339,0.497880859375,0.4969140625,,"windows_experience1_20260718.csv, windows_experience2_20260718.csv, windows_experience3_20260718.csv, windows_experience4_20260723.csv"
performance,x86,Twofish,CTR,192,4096,1.7057516914659352,1.682863136915235,0.5020703125,0.5013671875000001,,"windows_experience1_20260718.csv, windows_experience2_20260718.csv, windows_experience3_20260718.csv, windows_experience4_20260723.csv"
performance,x86,Twofish,CTR,192,16384,1.6363391146402981,1.6869070645979911,0.500078125,0.49916015625,,"windows_experience1_20260718.csv, windows_experience2_20260718.csv, windows_experience3_20260718.csv, windows_experience4_20260723.csv"
performance,x86,Twofish,CTR,256,64,1.452650753821018,1.2045175196094478,0.49850585937499997,0.5016015625,,"windows_experience1_20260718.csv, windows_experience2_20260718.csv, windows_experience3_20260718.csv, windows_experience4_20260723.csv"
performance,x86,Twofish,CTR,256,256,1.5770059209262735,1.4538316871525123,0.500244140625,0.5025195312499999,,"windows_experience1_20260718.csv, windows_experience2_20260718.csv, windows_experience3_20260718.csv, windows_experience4_20260723.csv"
performance,x86,Twofish,CTR,256,1024,1.6583780929602139,1.7380335674379332,0.499873046875,0.498671875,,"windows_experience1_20260718.csv, windows_experience2_20260718.csv, windows_experience3_20260718.csv, windows_experience4_20260723.csv"
performance,x86,Twofish,CTR,256,4096,1.7585559476238122,1.7160490265598303,0.500244140625,0.499521484375,,"windows_experience1_20260718.csv, windows_experience2_20260718.csv, windows_experience3_20260718.csv, windows_experience4_20260723.csv"
performance,x86,Twofish,CTR,256,16384,1.751420482642473,1.6353324276634975,0.4973828125,0.5007421875,,"windows_experience1_20260718.csv, windows_experience2_20260718.csv, windows_experience3_20260718.csv, windows_experience4_20260723.csv"
performance,x86,Twofish,ECB,128,64,1.4879379961715828,1.68338847496732,0.49994140625,0.49878906249999994,,"windows_experience1_20260718.csv, windows_experience2_20260718.csv, windows_experience3_20260718.csv, windows_experience4_20260723.csv"
performance,x86,Twofish,ECB,128,256,1.9937808283042684,1.9131884084732866,0.500185546875,0.5015625,,"windows_experience1_20260718.csv, windows_experience2_20260718.csv, windows_experience3_20260718.csv, windows_experience4_20260723.csv"
performance,x86,Twofish,ECB,128,1024,2.1068211388532694,2.2961209707080967,0.49983398437500004,0.500380859375,,"windows_experience1_20260718.csv, windows_experience2_20260718.csv, windows_experience3_20260718.csv, windows_experience4_20260723.csv"
performance,x86,Twofish,ECB,128,4096,2.4352646337702684,2.362785052933937,0.5000781249999999,0.500546875,,"windows_experience1_20260718.csv, windows_experience2_20260718.csv, windows_experience3_20260718.csv, windows_experience4_20260723.csv"
performance,x86,Twofish,ECB,128,16384,2.2854928935109444,2.4391415996377668,0.5020703124999999,0.499521484375,,"windows_experience1_20260718.csv, windows_experience2_20260718.csv, windows_experience3_20260718.csv, windows_experience4_20260723.csv"
performance,x86,Twofish,ECB,192,64,1.7185756376635122,1.9333244280444828,0.5003222656249999,0.499560546875,,"windows_experience1_20260718.csv, windows_experience2_20260718.csv, windows_experience3_20260718.csv, windows_experience4_20260723.csv"
performance,x86,Twofish,ECB,192,256,2.0393076703751545,2.024012522970121,0.49993164062500006,0.498857421875,,"windows_experience1_20260718.csv, windows_experience2_20260718.csv, windows_experience3_20260718.csv, windows_experience4_20260723.csv"
performance,x86,Twofish,ECB,192,1024,2.2593895347982715,2.457231192641233,0.501513671875,0.50298828125,,"windows_experience1_20260718.csv, windows_experience2_20260718.csv, windows_experience3_20260718.csv, windows_experience4_20260723.csv"
performance,x86,Twofish,ECB,192,4096,2.392985269233872,2.5160861633010914,0.5004199218750001,0.501591796875,,"windows_experience1_20260718.csv, windows_experience2_20260718.csv, windows_experience3_20260718.csv, windows_experience4_20260723.csv"
performance,x86,Twofish,ECB,192,16384,2.4165463656894115,2.301005372919788,0.50021484375,0.501455078125,,"windows_experience1_20260718.csv, windows_experience2_20260718.csv, windows_experience3_20260718.csv, windows_experience4_20260723.csv"
performance,x86,Twofish,ECB,256,64,1.5697227855288567,1.740526789524843,0.499404296875,0.49818359375,,"windows_experience1_20260718.csv, windows_experience2_20260718.csv, windows_experience3_20260718.csv, windows_experience4_20260723.csv"
performance,x86,Twofish,ECB,256,256,1.9204098287032685,2.1355634437429005,0.502158203125,0.5024023437499999,,"windows_experience1_20260718.csv, windows_experience2_20260718.csv, windows_experience3_20260718.csv, windows_experience4_20260723.csv"
performance,x86,Twofish,ECB,256,1024,2.299584954745417,2.2956589952153106,0.50322265625,0.49896484375000005,,"windows_experience1_20260718.csv, windows_experience2_20260718.csv, windows_experience3_20260718.csv, windows_experience4_20260723.csv"
performance,x86,Twofish,ECB,256,4096,2.5203022309812386,2.369527933991175,0.497626953125,0.500380859375,,"windows_experience1_20260718.csv, windows_experience2_20260718.csv, windows_experience3_20260718.csv, windows_experience4_20260723.csv"
performance,x86,Twofish,ECB,256,16384,2.4768122990027255,2.3815281543080737,0.49881835937499996,0.49747070312499997,,"windows_experience1_20260718.csv, windows_experience2_20260718.csv, windows_experience3_20260718.csv, windows_experience4_20260723.csv"
platform_comparison,x86,3DES,CBC,128,64,0.737664556889757,0.6157396890534527,0.4982617187499999,0.4303515625,0.062182784644561985,"windows_experience1_20260718.csv, windows_experience2_20260718.csv, windows_experience3_20260718.csv, windows_experience4_20260723.csv"
platform_comparison,x86,3DES,CBC,128,256,0.8035301745693176,1.8845879188293453,0.50017578125,0.43966796875,0.055215165139866434,"windows_experience1_20260718.csv, windows_experience2_20260718.csv, windows_experience3_20260718.csv, windows_experience4_20260723.csv"
platform_comparison,x86,3DES,CBC,128,1024,0.823234385309312,3.206242578885517,0.50216796875,0.447578125,0.045992923316284434,"windows_experience1_20260718.csv, windows_experience2_20260718.csv, windows_experience3_20260718.csv, windows_experience4_20260723.csv"
platform_comparison,x86,3DES,CBC,128,4096,0.8728403806733462,4.00545776101022,0.50166015625,0.43197265625000003,0.027565109777406373,"windows_experience1_20260718.csv, windows_experience2_20260718.csv, windows_experience3_20260718.csv, windows_experience4_20260723.csv"
platform_comparison,x86,3DES,CBC,128,16384,0.8819113745581897,4.468591249997507,0.50486328125,0.43814453124999997,0.014034656964172089,"windows_experience1_20260718.csv, windows_experience2_20260718.csv, windows_experience3_20260718.csv, windows_experience4_20260723.csv"
platform_comparison,x86,3DES,CBC,192,64,0.7258548401084404,0.53399595125762,0.50173828125,0.41728515625,0.04360136296121058,"windows_experience1_20260718.csv, windows_experience2_20260718.csv, windows_experience3_20260718.csv, windows_experience4_20260723.csv"
platform_comparison,x86,3DES,CBC,192,256,0.7390459541197125,1.501809997165673,0.4983984375,0.42660156250000003,0.055497203219467675,"windows_experience1_20260718.csv, windows_experience2_20260718.csv, windows_experience3_20260718.csv, windows_experience4_20260723.csv"
platform_comparison,x86,3DES,CBC,192,1024,0.862847574987581,3.134537858324188,0.5021484375,0.43490234375000003,0.040559042030091565,"windows_experience1_20260718.csv, windows_experience2_20260718.csv, windows_experience3_20260718.csv, windows_experience4_20260723.csv"
platform_comparison,x86,3DES,CBC,192,4096,0.876016474162113,4.099417170344043,0.5008203125,0.43849609375,0.023952582446913118,"windows_experience1_20260718.csv, windows_experience2_20260718.csv, windows_experience3_20260718.csv, windows_experience4_20260723.csv"
platform_comparison,x86,3DES,CBC,192,16384,0.8518220481177258,4.661489312679368,0.49947265625,0.444140625,0.014791524066281952,"windows_experience1_20260718.csv, windows_experience2_20260718.csv, windows_experience3_20260718.csv, windows_experience4_20260723.csv"
platform_comparison,x86,3DES,CTR,128,64,0.6751999880168262,0.7129023034149262,0.49947265625000004,0.43878906249999994,0.04080518896912023,"windows_experience1_20260718.csv, windows_experience2_20260718.csv, windows_experience3_20260718.csv, windows_experience4_20260723.csv"
platform_comparison,x86,3DES,CTR,128,256,1.6739515253571795,1.6092565704563302,0.49953125,0.43978515625000003,0.11572024147176216,"windows_experience1_20260718.csv, windows_experience2_20260718.csv, windows_experience3_20260718.csv, windows_experience4_20260723.csv"
platform_comparison,x86,3DES,CTR,128,1024,2.6250234596303583,2.798887955511998,0.50232421875,0.434765625,0.18050670747511077,"windows_experience1_20260718.csv, windows_experience2_20260718.csv, windows_experience3_20260718.csv, windows_experience4_20260723.csv"
platform_comparison,x86,3DES,CTR,128,4096,3.226052671656765,3.3593600832993054,0.50216796875,0.43384765625,0.15106974926439912,"windows_experience1_20260718.csv, windows_experience2_20260718.csv, windows_experience3_20260718.csv, windows_experience4_20260723.csv"
platform_comparison,x86,3DES,CTR,128,16384,3.6381115151457966,3.5871732122966353,0.4990234375,0.43621093750000006,0.08083033478443737,"windows_experience1_20260718.csv, windows_experience2_20260718.csv, windows_experience3_20260718.csv, windows_experience4_20260723.csv"
platform_comparison,x86,3DES,CTR,192,64,0.5532758922621239,0.5980240990940999,0.50208984375,0.43855468750000004,0.042565826472641365,"windows_experience1_20260718.csv, windows_experience2_20260718.csv, windows_experience3_20260718.csv, windows_experience4_20260723.csv"
platform_comparison,x86,3DES,CTR,192,256,1.5026795261519859,1.4716564686426419,0.4946484375,0.4387890625,0.09119162817012172,"windows_experience1_20260718.csv, windows_experience2_20260718.csv, windows_experience3_20260718.csv, windows_experience4_20260723.csv"
platform_comparison,x86,3DES,CTR,192,1024,2.573169650586674,2.6782800437597016,0.5004296875,0.43705078125,0.14696887302716505,"windows_experience1_20260718.csv, windows_experience2_20260718.csv, windows_experience3_20260718.csv, windows_experience4_20260723.csv"
platform_comparison,x86,3DES,CTR,192,4096,3.245749239759875,3.3470540512316873,0.50302734375,0.4425,0.12081955478380917,"windows_experience1_20260718.csv, windows_experience2_20260718.csv, windows_experience3_20260718.csv, windows_experience4_20260723.csv"
platform_comparison,x86,3DES,CTR,192,16384,3.5181131306788456,3.4000612573530695,0.50390625,0.44375,0.08532125047373619,"windows_experience1_20260718.csv, windows_experience2_20260718.csv, windows_experience3_20260718.csv, windows_experience4_20260723.csv"
platform_comparison,x86,3DES,ECB,128,64,0.8075083666570373,0.8164515058012402,0.50087890625,0.44201171875,0.08219480574851691,"windows_experience1_20260718.csv, windows_experience2_20260718.csv, windows_experience3_20260718.csv, windows_experience4_20260723.csv"
platform_comparison,x86,3DES,ECB,128,256,2.7971766945072325,2.534762922595137,0.500703125,0.43701171875,0.22020450975112343,"windows_experience1_20260718.csv, windows_experience2_20260718.csv, windows_experience3_20260718.csv, windows_experience4_20260723.csv"
platform_comparison,x86,3DES,ECB,128,1024,7.071809342108404,6.351564728291756,0.49947265625,0.44076171875000003,0.3746837806589821,"windows_experience1_20260718.csv, windows_experience2_20260718.csv, windows_experience3_20260718.csv, windows_experience4_20260723.csv"
platform_comparison,x86,3DES,ECB,128,4096,10.615998970936023,10.951631577284601,0.5021093750000001,0.44076171875,0.48891075312865784,"windows_experience1_20260718.csv, windows_experience2_20260718.csv, windows_experience3_20260718.csv, windows_experience4_20260723.csv"
platform_comparison,x86,3DES,ECB,128,16384,12.464813660445767,13.007200569314126,0.5028515625000001,0.43986328125,0.3687629133446624,"windows_experience1_20260718.csv, windows_experience2_20260718.csv, windows_experience3_20260718.csv, windows_experience4_20260723.csv"
platform_comparison,x86,3DES,ECB,192,64,0.6347669291690808,0.646089907373712,0.49705078124999996,0.44949218750000003,0.06503612902978732,"windows_experience1_20260718.csv, windows_experience2_20260718.csv, windows_experience3_20260718.csv, windows_experience4_20260723.csv"
platform_comparison,x86,3DES,ECB,192,256,1.749759124062151,1.7158138190251404,0.50220703125,0.43119140625,0.3119106809826556,"windows_experience1_20260718.csv, windows_experience2_20260718.csv, windows_experience3_20260718.csv, windows_experience4_20260723.csv"
platform_comparison,x86,3DES,ECB,192,1024,5.598573622068131,5.8718658236294115,0.5031054687500001,0.43876953125,0.3313903907871756,"windows_experience1_20260718.csv, windows_experience2_20260718.csv, windows_experience3_20260718.csv, windows_experience4_20260723.csv"
platform_comparison,x86,3DES,ECB,192,4096,8.806012107951577,9.540030083861925,0.502109375,0.42892578124999997,0.4921647897261273,"windows_experience1_20260718.csv, windows_experience2_20260718.csv, windows_experience3_20260718.csv, windows_experience4_20260723.csv"
platform_comparison,x86,3DES,ECB,192,16384,12.194833256994018,12.589859658548745,0.49878906249999994,0.44537109375,0.33763838916096695,"windows_experience1_20260718.csv, windows_experience2_20260718.csv, windows_experience3_20260718.csv, windows_experience4_20260723.csv"
platform_comparison,x86,AES,CBC,128,64,0.4218206368215101,1.4205289456972705,0.501103515625,0.499052734375,0.034883805031346526,"windows_experience1_20260718.csv, windows_experience2_20260718.csv, windows_experience3_20260718.csv, windows_experience4_20260723.csv"
platform_comparison,x86,AES,CBC,128,256,0.5895165348589659,4.364111318781857,0.49814453125,0.49956054687499996,0.03629626264489769,"windows_experience1_20260718.csv, windows_experience2_20260718.csv, windows_experience3_20260718.csv, windows_experience4_20260723.csv"
platform_comparison,x86,AES,CBC,128,1024,0.6304180861828033,6.031657217283721,0.50068359375,0.49905273437500003,0.026815518014749677,"windows_experience1_20260718.csv, windows_experience2_20260718.csv, windows_experience3_20260718.csv, windows_experience4_20260723.csv"
platform_comparison,x86,AES,CBC,128,4096,0.630843241425796,7.1228902168502,0.5001171875,0.49716796875,0.015015111645992535,"windows_experience1_20260718.csv, windows_experience2_20260718.csv, windows_experience3_20260718.csv, windows_experience4_20260723.csv"
platform_comparison,x86,AES,CBC,128,16384,0.640235185651059,7.526027182408507,0.49962890625,0.498779296875,0.009277803546364732,"windows_experience1_20260718.csv, windows_experience2_20260718.csv, windows_experience3_20260718.csv, windows_experience4_20260723.csv"
platform_comparison,x86,AES,CBC,192,64,0.4428946158221019,1.4086186188311363,0.500224609375,0.49701171875,0.032376751743027794,"windows_experience1_20260718.csv, windows_experience2_20260718.csv, windows_experience3_20260718.csv, windows_experience4_20260723.csv"
platform_comparison,x86,AES,CBC,192,256,0.5618182724490441,3.9733623952871184,0.4975,0.498681640625,0.03695165638540608,"windows_experience1_20260718.csv, windows_experience2_20260718.csv, windows_experience3_20260718.csv, windows_experience4_20260723.csv"
platform_comparison,x86,AES,CBC,192,1024,0.6296498408711831,6.086152411243511,0.49978515625000003,0.49990234375,0.025146276078492742,"windows_experience1_20260718.csv, windows_experience2_20260718.csv, windows_experience3_20260718.csv, windows_experience4_20260723.csv"
platform_comparison,x86,AES,CBC,192,4096,0.6251418085011973,6.8762074065916945,0.50107421875,0.5017968749999999,0.014074575291589342,"windows_experience1_20260718.csv, windows_experience2_20260718.csv, windows_experience3_20260718.csv, windows_experience4_20260723.csv"
platform_comparison,x86,AES,CBC,192,16384,0.5553960209685573,6.417813295280901,0.5014453125,0.501552734375,0.01860454907350595,"windows_experience1_20260718.csv, windows_experience2_20260718.csv, windows_experience3_20260718.csv, windows_experience4_20260723.csv"
platform_comparison,x86,AES,CBC,256,64,0.4052108513290581,1.5618038540920842,0.49849609375000004,0.50021484375,0.02687011661582793,"windows_experience1_20260718.csv, windows_experience2_20260718.csv, windows_experience3_20260718.csv, windows_experience4_20260723.csv"
platform_comparison,x86,AES,CBC,256,256,0.46869861881279656,3.637648727175935,0.5008984375,0.49845703124999996,0.03739046654340756,"windows_experience1_20260718.csv, windows_experience2_20260718.csv, windows_experience3_20260718.csv, windows_experience4_20260723.csv"
platform_comparison,x86,AES,CBC,256,1024,0.543734335819484,5.07428511232341,0.49947265625000004,0.5002050781249999,0.021276294932097893,"windows_experience1_20260718.csv, windows_experience2_20260718.csv, windows_experience3_20260718.csv, windows_experience4_20260723.csv"
platform_comparison,x86,AES,CBC,256,4096,0.5703254622850169,6.430034746940337,0.5010449218749999,0.501484375,0.011220904047592583,"windows_experience1_20260718.csv, windows_experience2_20260718.csv, windows_experience3_20260718.csv, windows_experience4_20260723.csv"
platform_comparison,x86,AES,CBC,256,16384,0.5694404099085351,6.176217168143701,0.50029296875,0.5005761718749999,0.011664501104535981,"windows_experience1_20260718.csv, windows_experience2_20260718.csv, windows_experience3_20260718.csv, windows_experience4_20260723.csv"
platform_comparison,x86,AES,CTR,128,64,1.556124179069966,1.4013827615977235,0.497724609375,0.501279296875,0.17836842765851707,"windows_experience1_20260718.csv, windows_experience2_20260718.csv, windows_experience3_20260718.csv, windows_experience4_20260723.csv"
platform_comparison,x86,AES,CTR,128,256,3.1610555530068627,3.1538096803086946,0.500517578125,0.49880859375000003,0.23949949175190924,"windows_experience1_20260718.csv, windows_experience2_20260718.csv, windows_experience3_20260718.csv, windows_experience4_20260723.csv"
platform_comparison,x86,AES,CTR,128,1024,4.400288901584401,4.536795803995304,0.497568359375,0.5003515625,0.36742381896739795,"windows_experience1_20260718.csv, windows_experience2_20260718.csv, windows_experience3_20260718.csv, windows_experience4_20260723.csv"
platform_comparison,x86,AES,CTR,128,4096,4.722181899106969,5.210649152440804,0.498720703125,0.499765625,0.35048406702874996,"windows_experience1_20260718.csv, windows_experience2_20260718.csv, windows_experience3_20260718.csv, windows_experience4_20260723.csv"
platform_comparison,x86,AES,CTR,128,16384,5.321871277710795,5.683488583276023,0.499052734375,0.4985546875,0.1834530392551924,"windows_experience1_20260718.csv, windows_experience2_20260718.csv, windows_experience3_20260718.csv, windows_experience4_20260723.csv"
platform_comparison,x86,AES,CTR,192,64,1.7224054608159518,1.523670879265011,0.49908203125,0.499052734375,0.10214991342544852,"windows_experience1_20260718.csv, windows_experience2_20260718.csv, windows_experience3_20260718.csv, windows_experience4_20260723.csv"
platform_comparison,x86,AES,CTR,192,256,3.2553115309888785,3.290995932766111,0.501396484375,0.5012890624999999,0.21474282424677138,"windows_experience1_20260718.csv, windows_experience2_20260718.csv, windows_experience3_20260718.csv, windows_experience4_20260723.csv"
platform_comparison,x86,AES,CTR,192,1024,4.890330574157353,4.875786056361633,0.500595703125,0.49905273437500003,0.27206094968690697,"windows_experience1_20260718.csv, windows_experience2_20260718.csv, windows_experience3_20260718.csv, windows_experience4_20260723.csv"
platform_comparison,x86,AES,CTR,192,4096,5.387079002310913,5.724129808592577,0.498994140625,0.49814453125,0.2965459995613162,"windows_experience1_20260718.csv, windows_experience2_20260718.csv, windows_experience3_20260718.csv, windows_experience4_20260723.csv"
platform_comparison,x86,AES,CTR,192,16384,5.9325526557207064,5.468465273433795,0.4989453125,0.49877929687500006,0.16690620248058313,"windows_experience1_20260718.csv, windows_experience2_20260718.csv, windows_experience3_20260718.csv, windows_experience4_20260723.csv"
platform_comparison,x86,AES,CTR,256,64,1.5030871293473307,1.6971488325953774,0.50060546875,0.500595703125,0.12052589896750877,"windows_experience1_20260718.csv, windows_experience2_20260718.csv, windows_experience3_20260718.csv, windows_experience4_20260723.csv"
platform_comparison,x86,AES,CTR,256,256,3.2664088024128084,3.1411526181029954,0.49970703125,0.5026953125,0.2315246492493624,"windows_experience1_20260718.csv, windows_experience2_20260718.csv, windows_experience3_20260718.csv, windows_experience4_20260723.csv"
platform_comparison,x86,AES,CTR,256,1024,4.355174896557305,4.7757005814014315,0.5012109375,0.502978515625,0.337410745170274,"windows_experience1_20260718.csv, windows_experience2_20260718.csv, windows_experience3_20260718.csv, windows_experience4_20260723.csv"
platform_comparison,x86,AES,CTR,256,4096,4.7833548959592935,4.894571670182179,0.5005859374999999,0.50244140625,0.26544945094069883,"windows_experience1_20260718.csv, windows_experience2_20260718.csv, windows_experience3_20260718.csv, windows_experience4_20260723.csv"
platform_comparison,x86,AES,CTR,256,16384,5.725649372834582,5.744048641779265,0.4982519531249999,0.50095703125,0.202417420833821,"windows_experience1_20260718.csv, windows_experience2_20260718.csv, windows_experience3_20260718.csv, windows_experience4_20260723.csv"
platform_comparison,x86,AES,ECB,128,64,1.2014392180660993,2.798720010868858,0.501572265625,0.501005859375,1.282742639820778,"windows_experience1_20260718.csv, windows_experience2_20260718.csv, windows_experience3_20260718.csv, windows_experience4_20260723.csv"
platform_comparison,x86,AES,ECB,128,256,8.900750964557576,11.407870522344115,0.498427734375,0.497080078125,1.2693735974382574,"windows_experience1_20260718.csv, windows_experience2_20260718.csv, windows_experience3_20260718.csv, windows_experience4_20260723.csv"
platform_comparison,x86,AES,ECB,128,1024,31.45012200904239,38.088033403713816,0.50142578125,0.49971679687500004,3.5749211426373124,"windows_experience1_20260718.csv, windows_experience2_20260718.csv, windows_experience3_20260718.csv, windows_experience4_20260723.csv"
platform_comparison,x86,AES,ECB,128,4096,114.86162923507091,141.53188018624647,0.50244140625,0.499384765625,14.426148134973316,"windows_experience1_20260718.csv, windows_experience2_20260718.csv, windows_experience3_20260718.csv, windows_experience4_20260723.csv"
platform_comparison,x86,AES,ECB,128,16384,303.03321068387646,485.6633684651089,0.49876953125,0.500478515625,30.86209398270951,"windows_experience1_20260718.csv, windows_experience2_20260718.csv, windows_experience3_20260718.csv, windows_experience4_20260723.csv"
platform_comparison,x86,AES,ECB,192,64,2.743329319474559,2.3663732252032403,0.498896484375,0.49859375000000006,0.19663539975249372,"windows_experience1_20260718.csv, windows_experience2_20260718.csv, windows_experience3_20260718.csv, windows_experience4_20260723.csv"
platform_comparison,x86,AES,ECB,192,256,10.070356928785007,11.365525669433088,0.500048828125,0.50048828125,0.9882886237144201,"windows_experience1_20260718.csv, windows_experience2_20260718.csv, windows_experience3_20260718.csv, windows_experience4_20260723.csv"
platform_comparison,x86,AES,ECB,192,1024,39.50449121717131,42.68822371412728,0.497275390625,0.5006542968750001,3.9040691942843635,"windows_experience1_20260718.csv, windows_experience2_20260718.csv, windows_experience3_20260718.csv, windows_experience4_20260723.csv"
platform_comparison,x86,AES,ECB,192,4096,136.39715512009036,130.07091605232227,0.5005468750000001,0.49735351562499996,10.407637887283116,"windows_experience1_20260718.csv, windows_experience2_20260718.csv, windows_experience3_20260718.csv, windows_experience4_20260723.csv"
platform_comparison,x86,AES,ECB,192,16384,330.743696440407,393.39966933980577,0.50068359375,0.49927734375,24.81883060185479,"windows_experience1_20260718.csv, windows_experience2_20260718.csv, windows_experience3_20260718.csv, windows_experience4_20260723.csv"
platform_comparison,x86,AES,ECB,256,64,2.280412542862357,3.320911984864937,0.499501953125,0.5020214843749999,0.19519198383802455,"windows_experience1_20260718.csv, windows_experience2_20260718.csv, windows_experience3_20260718.csv, windows_experience4_20260723.csv"
platform_comparison,x86,AES,ECB,256,256,11.031498183256307,11.183735679156298,0.50029296875,0.5023535156250001,1.2628459817387296,"windows_experience1_20260718.csv, windows_experience2_20260718.csv, windows_experience3_20260718.csv, windows_experience4_20260723.csv"
platform_comparison,x86,AES,ECB,256,1024,30.042611830760823,35.14617459733242,0.49908203124999995,0.49552734374999996,3.693647473755277,"windows_experience1_20260718.csv, windows_experience2_20260718.csv, windows_experience3_20260718.csv, windows_experience4_20260723.csv"
platform_comparison,x86,AES,ECB,256,4096,130.42203648617186,140.7651294966684,0.49908203125,0.499814453125,13.036005065109737,"windows_experience1_20260718.csv, windows_experience2_20260718.csv, windows_experience3_20260718.csv, windows_experience4_20260723.csv"
platform_comparison,x86,AES,ECB,256,16384,333.81858701588294,363.8959426031322,0.503095703125,0.5006445312500001,20.81870769024382,"windows_experience1_20260718.csv, windows_experience2_20260718.csv, windows_experience3_20260718.csv, windows_experience4_20260723.csv"
platform_comparison,x86,AES,GCM,128,64,0.19644324422413223,0.30618195950592053,0.49967773437499996,0.499658203125,0.19976460349648556,"windows_experience1_20260718.csv, windows_experience2_20260718.csv, windows_experience3_20260718.csv, windows_experience4_20260723.csv"
platform_comparison,x86,AES,GCM,128,256,1.6691514872176056,1.2290853364444874,0.499189453125,0.499755859375,0.1159151075455588,"windows_experience1_20260718.csv, windows_experience2_20260718.csv, windows_experience3_20260718.csv, windows_experience4_20260723.csv"
platform_comparison,x86,AES,GCM,128,1024,6.280174220370947,4.8912511702563455,0.501298828125,0.50228515625,0.5357594172168988,"windows_experience1_20260718.csv, windows_experience2_20260718.csv, windows_experience3_20260718.csv, windows_experience4_20260723.csv"
platform_comparison,x86,AES,GCM,128,4096,25.198171861019613,19.928859545335342,0.49993164062499995,0.5009375,1.6941662430495192,"windows_experience1_20260718.csv, windows_experience2_20260718.csv, windows_experience3_20260718.csv, windows_experience4_20260723.csv"
platform_comparison,x86,AES,GCM,128,16384,82.28347587118492,68.93332338093532,0.497333984375,0.49916015625,6.46251249977223,"windows_experience1_20260718.csv, windows_experience2_20260718.csv, windows_experience3_20260718.csv, windows_experience4_20260723.csv"
platform_comparison,x86,AES,GCM,192,64,0.40550899208930014,0.3441504948232361,0.5015234375,0.50109375,0.04582397610874605,"windows_experience1_20260718.csv, windows_experience2_20260718.csv, windows_experience3_20260718.csv, windows_experience4_20260723.csv"
platform_comparison,x86,AES,GCM,192,256,1.8259596805697242,1.2773877185082505,0.49971679687500004,0.50080078125,0.11585866027389283,"windows_experience1_20260718.csv, windows_experience2_20260718.csv, windows_experience3_20260718.csv, windows_experience4_20260723.csv"
platform_comparison,x86,AES,GCM,192,1024,6.531204194346052,5.150066141946356,0.50009765625,0.49875,0.5209971658661199,"windows_experience1_20260718.csv, windows_experience2_20260718.csv, windows_experience3_20260718.csv, windows_experience4_20260723.csv"
platform_comparison,x86,AES,GCM,192,4096,22.998362243859216,19.062244029632406,0.49828125,0.501708984375,2.3964143496458323,"windows_experience1_20260718.csv, windows_experience2_20260718.csv, windows_experience3_20260718.csv, windows_experience4_20260723.csv"
platform_comparison,x86,AES,GCM,192,16384,81.89300293402086,70.78550123964341,0.49784179687499996,0.49962890625,7.263931123531021,"windows_experience1_20260718.csv, windows_experience2_20260718.csv, windows_experience3_20260718.csv, windows_experience4_20260723.csv"
platform_comparison,x86,AES,GCM,256,64,0.3770175204716236,0.27475502729888557,0.49763671875000004,0.49870117187499996,0.03105641983118011,"windows_experience1_20260718.csv, windows_experience2_20260718.csv, windows_experience3_20260718.csv, windows_experience4_20260723.csv"
platform_comparison,x86,AES,GCM,256,256,1.5126242684821034,1.2589761345079715,0.49869140625,0.50146484375,0.10459231290244712,"windows_experience1_20260718.csv, windows_experience2_20260718.csv, windows_experience3_20260718.csv, windows_experience4_20260723.csv"
platform_comparison,x86,AES,GCM,256,1024,6.788894729756974,5.1732787746347135,0.50318359375,0.49732421875000005,0.49948835844500744,"windows_experience1_20260718.csv, windows_experience2_20260718.csv, windows_experience3_20260718.csv, windows_experience4_20260723.csv"
platform_comparison,x86,AES,GCM,256,4096,25.392637977001762,19.151217039317395,0.5008984375,0.49712890625,1.4961565580946405,"windows_experience1_20260718.csv, windows_experience2_20260718.csv, windows_experience3_20260718.csv, windows_experience4_20260723.csv"
platform_comparison,x86,AES,GCM,256,16384,81.78487416378343,68.4903288022563,0.49962890625,0.501044921875,4.296449329501772,"windows_experience1_20260718.csv, windows_experience2_20260718.csv, windows_experience3_20260718.csv, windows_experience4_20260723.csv"
platform_comparison,x86,ChaCha20,Stream,256,64,2.87219457259737,3.4357334321076847,0.5948876953125,0.5927050781250001,0.5135709952411859,"windows_experience1_20260718.csv, windows_experience2_20260718.csv, windows_experience3_20260718.csv, windows_experience4_20260723.csv"
platform_comparison,x86,ChaCha20,Stream,256,256,12.766709846648936,11.971750922475245,0.59457275390625,0.59350341796875,1.2387652971847403,"windows_experience1_20260718.csv, windows_experience2_20260718.csv, windows_experience3_20260718.csv, windows_experience4_20260723.csv"
platform_comparison,x86,ChaCha20,Stream,256,1024,36.680689810182386,34.42761488451025,0.59400634765625,0.593486328125,3.4780968667520495,"windows_experience1_20260718.csv, windows_experience2_20260718.csv, windows_experience3_20260718.csv, windows_experience4_20260723.csv"
platform_comparison,x86,ChaCha20,Stream,256,4096,86.78138333902152,89.30397989315817,0.5935205078125001,0.59332763671875,7.822643147031528,"windows_experience1_20260718.csv, windows_experience2_20260718.csv, windows_experience3_20260718.csv, windows_experience4_20260723.csv"
platform_comparison,x86,ChaCha20,Stream,256,16384,118.84713779097117,124.5826451021644,0.5943603515625,0.5928906249999999,8.582955531840241,"windows_experience1_20260718.csv, windows_experience2_20260718.csv, windows_experience3_20260718.csv, windows_experience4_20260723.csv"
platform_comparison,x86,DES,CBC,64,64,0.20661343867378248,1.373085298595913,0.5007812500000001,0.4485546875,0.0179544769134699,"windows_experience1_20260718.csv, windows_experience2_20260718.csv, windows_experience3_20260718.csv, windows_experience4_20260723.csv"
platform_comparison,x86,DES,CBC,64,256,0.2444371567865039,3.281853198028583,0.497890625,0.43732421875,0.012602324390000986,"windows_experience1_20260718.csv, windows_experience2_20260718.csv, windows_experience3_20260718.csv, windows_experience4_20260723.csv"
platform_comparison,x86,DES,CBC,64,1024,0.27574229768954234,4.4249135281419605,0.504296875,0.43337890625000003,0.008977126074258684,"windows_experience1_20260718.csv, windows_experience2_20260718.csv, windows_experience3_20260718.csv, windows_experience4_20260723.csv"
platform_comparison,x86,DES,CBC,64,4096,0.264227337854405,5.823526736138945,0.49843750000000003,0.44251953125,0.008187246257278414,"windows_experience1_20260718.csv, windows_experience2_20260718.csv, windows_experience3_20260718.csv, windows_experience4_20260723.csv"
platform_comparison,x86,DES,CBC,64,16384,0.2567434520895251,6.151477862393577,0.49875,0.44076171875,0.008135586103072414,"windows_experience1_20260718.csv, windows_experience2_20260718.csv, windows_experience3_20260718.csv, windows_experience4_20260723.csv"
platform_comparison,x86,DES,CTR,64,64,1.220734355925933,1.2685502762386796,0.49998046875,0.43830078125,0.12419730425930933,"windows_experience1_20260718.csv, windows_experience2_20260718.csv, windows_experience3_20260718.csv, windows_experience4_20260723.csv"
platform_comparison,x86,DES,CTR,64,256,2.501965408164711,2.5943550459829217,0.49927734375000005,0.4412890625,0.27423512790496424,"windows_experience1_20260718.csv, windows_experience2_20260718.csv, windows_experience3_20260718.csv, windows_experience4_20260723.csv"
platform_comparison,x86,DES,CTR,64,1024,3.025876630137734,3.306147942312666,0.50306640625,0.446875,0.26440542354001123,"windows_experience1_20260718.csv, windows_experience2_20260718.csv, windows_experience3_20260718.csv, windows_experience4_20260723.csv"
platform_comparison,x86,DES,CTR,64,4096,3.1228898395931513,3.999266724791804,0.49939453124999994,0.442578125,0.43354415409787483,"windows_experience1_20260718.csv, windows_experience2_20260718.csv, windows_experience3_20260718.csv, windows_experience4_20260723.csv"
platform_comparison,x86,DES,CTR,64,16384,3.9052153881317073,4.2623501378119535,0.49958984375,0.436953125,0.23715670119770338,"windows_experience1_20260718.csv, windows_experience2_20260718.csv, windows_experience3_20260718.csv, windows_experience4_20260723.csv"
platform_comparison,x86,DES,ECB,64,64,1.9935522895546676,2.304861370881195,0.49732421875,0.44013671874999993,0.3300540560103063,"windows_experience1_20260718.csv, windows_experience2_20260718.csv, windows_experience3_20260718.csv, windows_experience4_20260723.csv"
platform_comparison,x86,DES,ECB,64,256,7.289798083811348,6.391649568699763,0.49705078125,0.42265625,0.9997845918495261,"windows_experience1_20260718.csv, windows_experience2_20260718.csv, windows_experience3_20260718.csv, windows_experience4_20260723.csv"
platform_comparison,x86,DES,ECB,64,1024,18.255620993576162,18.606158541168558,0.49841796875,0.43609375,1.8351899966621266,"windows_experience1_20260718.csv, windows_experience2_20260718.csv, windows_experience3_20260718.csv, windows_experience4_20260723.csv"
platform_comparison,x86,DES,ECB,64,4096,30.484840845515052,30.732437590231896,0.499765625,0.44048828125,1.903945892887394,"windows_experience1_20260718.csv, windows_experience2_20260718.csv, windows_experience3_20260718.csv, windows_experience4_20260723.csv"
platform_comparison,x86,DES,ECB,64,16384,35.96035301293266,37.70617753595287,0.50048828125,0.44634765625,1.659262932922693,"windows_experience1_20260718.csv, windows_experience2_20260718.csv, windows_experience3_20260718.csv, windows_experience4_20260723.csv"
platform_comparison,x86,Twofish,CBC,128,64,0.9679470873156286,1.1495586109691633,0.50029296875,0.5010644531249999,0.07953932648696979,"windows_experience1_20260718.csv, windows_experience2_20260718.csv, windows_experience3_20260718.csv, windows_experience4_20260723.csv"
platform_comparison,x86,Twofish,CBC,128,256,1.193076406590947,1.6127137715361863,0.498056640625,0.49945312500000005,0.11125596531425161,"windows_experience1_20260718.csv, windows_experience2_20260718.csv, windows_experience3_20260718.csv, windows_experience4_20260723.csv"
platform_comparison,x86,Twofish,CBC,128,1024,1.245451463981524,1.800413391992211,0.500654296875,0.50177734375,0.08347428885414065,"windows_experience1_20260718.csv, windows_experience2_20260718.csv, windows_experience3_20260718.csv, windows_experience4_20260723.csv"
platform_comparison,x86,Twofish,CBC,128,4096,1.4603950966006478,1.8562809957869628,0.50048828125,0.49799804687500004,0.04418335198279091,"windows_experience1_20260718.csv, windows_experience2_20260718.csv, windows_experience3_20260718.csv, windows_experience4_20260723.csv"
platform_comparison,x86,Twofish,CBC,128,16384,1.282026623578462,1.7937425689584705,0.500029296875,0.499228515625,0.1021058440300314,"windows_experience1_20260718.csv, windows_experience2_20260718.csv, windows_experience3_20260718.csv, windows_experience4_20260723.csv"
platform_comparison,x86,Twofish,CBC,192,64,0.9610306860275006,1.104335101493008,0.499677734375,0.499287109375,0.07493768646090991,"windows_experience1_20260718.csv, windows_experience2_20260718.csv, windows_experience3_20260718.csv, windows_experience4_20260723.csv"
platform_comparison,x86,Twofish,CBC,192,256,1.1647318030785365,1.3305785670221755,0.49917968749999997,0.502119140625,0.08845780718368929,"windows_experience1_20260718.csv, windows_experience2_20260718.csv, windows_experience3_20260718.csv, windows_experience4_20260723.csv"
platform_comparison,x86,Twofish,CBC,192,1024,1.229122942200834,1.6316155336875053,0.49994140625,0.49871093749999995,0.07032424835839378,"windows_experience1_20260718.csv, windows_experience2_20260718.csv, windows_experience3_20260718.csv, windows_experience4_20260723.csv"
platform_comparison,x86,Twofish,CBC,192,4096,1.2659021738367775,1.6179838915089557,0.5018652343750001,0.5008984375,0.042298437812908984,"windows_experience1_20260718.csv, windows_experience2_20260718.csv, windows_experience3_20260718.csv, windows_experience4_20260723.csv"
platform_comparison,x86,Twofish,CBC,192,16384,1.2591189458587522,1.717396105145638,0.499384765625,0.49969726562500005,0.03478526326735994,"windows_experience1_20260718.csv, windows_experience2_20260718.csv, windows_experience3_20260718.csv, windows_experience4_20260723.csv"
platform_comparison,x86,Twofish,CBC,256,64,0.9597481469247302,1.1526303140128444,0.499638671875,0.500595703125,0.07571624252026582,"windows_experience1_20260718.csv, windows_experience2_20260718.csv, windows_experience3_20260718.csv, windows_experience4_20260723.csv"
platform_comparison,x86,Twofish,CBC,256,256,1.162179238247412,1.3156563617691137,0.49978515625000003,0.498115234375,0.08793781161009764,"windows_experience1_20260718.csv, windows_experience2_20260718.csv, windows_experience3_20260718.csv, windows_experience4_20260723.csv"
platform_comparison,x86,Twofish,CBC,256,1024,1.2172967481804375,1.616445808311009,0.500517578125,0.49859374999999995,0.0740085031719284,"windows_experience1_20260718.csv, windows_experience2_20260718.csv, windows_experience3_20260718.csv, windows_experience4_20260723.csv"
platform_comparison,x86,Twofish,CBC,256,4096,1.348951553810638,1.636387164765898,0.5015234375,0.5,0.045692071307058456,"windows_experience1_20260718.csv, windows_experience2_20260718.csv, windows_experience3_20260718.csv, windows_experience4_20260723.csv"
platform_comparison,x86,Twofish,CBC,256,16384,1.3053983030266672,1.8242673007168677,0.50013671875,0.5005078125,0.04588921594235589,"windows_experience1_20260718.csv, windows_experience2_20260718.csv, windows_experience3_20260718.csv, windows_experience4_20260723.csv"
platform_comparison,x86,Twofish,CTR,128,64,1.2121231945556685,1.2508393770084576,0.49828125,0.5003417968749999,0.08401384547319803,"windows_experience1_20260718.csv, windows_experience2_20260718.csv, windows_experience3_20260718.csv, windows_experience4_20260723.csv"
platform_comparison,x86,Twofish,CTR,128,256,1.3996685804302231,1.4813081081272055,0.505224609375,0.49884765625,0.10847047318176843,"windows_experience1_20260718.csv, windows_experience2_20260718.csv, windows_experience3_20260718.csv, windows_experience4_20260723.csv"
platform_comparison,x86,Twofish,CTR,128,1024,1.5092117373507299,1.6328562254067138,0.5003027343750001,0.498125,0.09882737609999831,"windows_experience1_20260718.csv, windows_experience2_20260718.csv, windows_experience3_20260718.csv, windows_experience4_20260723.csv"
platform_comparison,x86,Twofish,CTR,128,4096,1.6012212846358793,1.602155857553274,0.500732421875,0.49900390625,0.06724222909387134,"windows_experience1_20260718.csv, windows_experience2_20260718.csv, windows_experience3_20260718.csv, windows_experience4_20260723.csv"
platform_comparison,x86,Twofish,CTR,128,16384,1.7553312908774759,1.796617457880544,0.499228515625,0.499052734375,0.030257515026223085,"windows_experience1_20260718.csv, windows_experience2_20260718.csv, windows_experience3_20260718.csv, windows_experience4_20260723.csv"
platform_comparison,x86,Twofish,CTR,192,64,1.2252321509766924,1.375532192386654,0.501083984375,0.5013281249999999,0.1317979311234942,"windows_experience1_20260718.csv, windows_experience2_20260718.csv, windows_experience3_20260718.csv, windows_experience4_20260723.csv"
platform_comparison,x86,Twofish,CTR,192,256,1.3586282267931333,1.5331000264860863,0.49912109375,0.50416015625,0.09979234179830007,"windows_experience1_20260718.csv, windows_experience2_20260718.csv, windows_experience3_20260718.csv, windows_experience4_20260723.csv"
platform_comparison,x86,Twofish,CTR,192,1024,1.5937678702481775,1.6734287869276339,0.497880859375,0.4969140625,0.08539635807663876,"windows_experience1_20260718.csv, windows_experience2_20260718.csv, windows_experience3_20260718.csv, windows_experience4_20260723.csv"
platform_comparison,x86,Twofish,CTR,192,4096,1.7057516914659352,1.682863136915235,0.5020703125,0.5013671875000001,0.0561880428568735,"windows_experience1_20260718.csv, windows_experience2_20260718.csv, windows_experience3_20260718.csv, windows_experience4_20260723.csv"
platform_comparison,x86,Twofish,CTR,192,16384,1.6363391146402981,1.6869070645979911,0.500078125,0.49916015625,0.031675839412867904,"windows_experience1_20260718.csv, windows_experience2_20260718.csv, windows_experience3_20260718.csv, windows_experience4_20260723.csv"
platform_comparison,x86,Twofish,CTR,256,64,1.452650753821018,1.2045175196094478,0.49850585937499997,0.5016015625,0.15099237529055387,"windows_experience1_20260718.csv, windows_experience2_20260718.csv, windows_experience3_20260718.csv, windows_experience4_20260723.csv"
platform_comparison,x86,Twofish,CTR,256,256,1.5770059209262735,1.4538316871525123,0.500244140625,0.5025195312499999,0.109796232851363,"windows_experience1_20260718.csv, windows_experience2_20260718.csv, windows_experience3_20260718.csv, windows_experience4_20260723.csv"
platform_comparison,x86,Twofish,CTR,256,1024,1.6583780929602139,1.7380335674379332,0.499873046875,0.498671875,0.09501389243991254,"windows_experience1_20260718.csv, windows_experience2_20260718.csv, windows_experience3_20260718.csv, windows_experience4_20260723.csv"
platform_comparison,x86,Twofish,CTR,256,4096,1.7585559476238122,1.7160490265598303,0.500244140625,0.499521484375,0.06450699332814043,"windows_experience1_20260718.csv, windows_experience2_20260718.csv, windows_experience3_20260718.csv, windows_experience4_20260723.csv"
platform_comparison,x86,Twofish,CTR,256,16384,1.751420482642473,1.6353324276634975,0.4973828125,0.5007421875,0.031494490513968514,"windows_experience1_20260718.csv, windows_experience2_20260718.csv, windows_experience3_20260718.csv, windows_experience4_20260723.csv"
platform_comparison,x86,Twofish,ECB,128,64,1.4879379961715828,1.68338847496732,0.49994140625,0.49878906249999994,0.17163539466610672,"windows_experience1_20260718.csv, windows_experience2_20260718.csv, windows_experience3_20260718.csv, windows_experience4_20260723.csv"
platform_comparison,x86,Twofish,ECB,128,256,1.9937808283042684,1.9131884084732866,0.500185546875,0.5015625,0.15033891989493856,"windows_experience1_20260718.csv, windows_experience2_20260718.csv, windows_experience3_20260718.csv, windows_experience4_20260723.csv"
platform_comparison,x86,Twofish,ECB,128,1024,2.1068211388532694,2.2961209707080967,0.49983398437500004,0.500380859375,0.16264089099641021,"windows_experience1_20260718.csv, windows_experience2_20260718.csv, windows_experience3_20260718.csv, windows_experience4_20260723.csv"
platform_comparison,x86,Twofish,ECB,128,4096,2.4352646337702684,2.362785052933937,0.5000781249999999,0.500546875,0.1093047214310103,"windows_experience1_20260718.csv, windows_experience2_20260718.csv, windows_experience3_20260718.csv, windows_experience4_20260723.csv"
platform_comparison,x86,Twofish,ECB,128,16384,2.2854928935109444,2.4391415996377668,0.5020703124999999,0.499521484375,0.15585140259778918,"windows_experience1_20260718.csv, windows_experience2_20260718.csv, windows_experience3_20260718.csv, windows_experience4_20260723.csv"
platform_comparison,x86,Twofish,ECB,192,64,1.7185756376635122,1.9333244280444828,0.5003222656249999,0.499560546875,0.19505973904152962,"windows_experience1_20260718.csv, windows_experience2_20260718.csv, windows_experience3_20260718.csv, windows_experience4_20260723.csv"
platform_comparison,x86,Twofish,ECB,192,256,2.0393076703751545,2.024012522970121,0.49993164062500006,0.498857421875,0.21926675789009215,"windows_experience1_20260718.csv, windows_experience2_20260718.csv, windows_experience3_20260718.csv, windows_experience4_20260723.csv"
platform_comparison,x86,Twofish,ECB,192,1024,2.2593895347982715,2.457231192641233,0.501513671875,0.50298828125,0.16446289559793345,"windows_experience1_20260718.csv, windows_experience2_20260718.csv, windows_experience3_20260718.csv, windows_experience4_20260723.csv"
platform_comparison,x86,Twofish,ECB,192,4096,2.392985269233872,2.5160861633010914,0.5004199218750001,0.501591796875,0.11772709196872977,"windows_experience1_20260718.csv, windows_experience2_20260718.csv, windows_experience3_20260718.csv, windows_experience4_20260723.csv"
platform_comparison,x86,Twofish,ECB,192,16384,2.4165463656894115,2.301005372919788,0.50021484375,0.501455078125,0.08038586723457132,"windows_experience1_20260718.csv, windows_experience2_20260718.csv, windows_experience3_20260718.csv, windows_experience4_20260723.csv"
platform_comparison,x86,Twofish,ECB,256,64,1.5697227855288567,1.740526789524843,0.499404296875,0.49818359375,0.15534489289401793,"windows_experience1_20260718.csv, windows_experience2_20260718.csv, windows_experience3_20260718.csv, windows_experience4_20260723.csv"
platform_comparison,x86,Twofish,ECB,256,256,1.9204098287032685,2.1355634437429005,0.502158203125,0.5024023437499999,0.1764895644578647,"windows_experience1_20260718.csv, windows_experience2_20260718.csv, windows_experience3_20260718.csv, windows_experience4_20260723.csv"
platform_comparison,x86,Twofish,ECB,256,1024,2.299584954745417,2.2956589952153106,0.50322265625,0.49896484375000005,0.168697757723201,"windows_experience1_20260718.csv, windows_experience2_20260718.csv, windows_experience3_20260718.csv, windows_experience4_20260723.csv"
platform_comparison,x86,Twofish,ECB,256,4096,2.5203022309812386,2.369527933991175,0.497626953125,0.500380859375,0.09367581432073031,"windows_experience1_20260718.csv, windows_experience2_20260718.csv, windows_experience3_20260718.csv, windows_experience4_20260723.csv"
platform_comparison,x86,Twofish,ECB,256,16384,2.4768122990027255,2.3815281543080737,0.49881835937499996,0.49747070312499997,0.06776026808970603,"windows_experience1_20260718.csv, windows_experience2_20260718.csv, windows_experience3_20260718.csv, windows_experience4_20260723.csv"
platform_comparison,raspberry_pi,3DES,CBC,128,64,0.3815276348401993,0.3148928848200308,0.49809895833333334,0.43682291666666667,0.010254095554739719,"raspberry_experience1_20260718.csv, raspberry_experience2_20260718.csv, raspberry_experience3_20260718.csv"
platform_comparison,raspberry_pi,3DES,CBC,128,256,0.4279734941650344,0.9183219774297551,0.501796875,0.4437760416666667,0.010048315671199159,"raspberry_experience1_20260718.csv, raspberry_experience2_20260718.csv, raspberry_experience3_20260718.csv"
platform_comparison,raspberry_pi,3DES,CBC,128,1024,0.45314871368517623,1.9507975845609336,0.49736979166666667,0.4318489583333333,0.008571162843282158,"raspberry_experience1_20260718.csv, raspberry_experience2_20260718.csv, raspberry_experience3_20260718.csv"
platform_comparison,raspberry_pi,3DES,CBC,128,4096,0.4803257706545319,2.919705932923557,0.5028385416666666,0.42578125,0.0022235173839061113,"raspberry_experience1_20260718.csv, raspberry_experience2_20260718.csv, raspberry_experience3_20260718.csv"
platform_comparison,raspberry_pi,3DES,CBC,128,16384,0.4886419569772889,3.605178362951411,0.5006770833333333,0.44078124999999996,0.0009370416817810872,"raspberry_experience1_20260718.csv, raspberry_experience2_20260718.csv, raspberry_experience3_20260718.csv"
platform_comparison,raspberry_pi,3DES,CBC,192,64,0.3845971394685533,0.2713775483922727,0.4993489583333333,0.42802083333333335,0.010032553699047552,"raspberry_experience1_20260718.csv, raspberry_experience2_20260718.csv, raspberry_experience3_20260718.csv"
platform_comparison,raspberry_pi,3DES,CBC,192,256,0.4423445823706376,0.8276899521402487,0.4927083333333333,0.435625,0.007570652608202981,"raspberry_experience1_20260718.csv, raspberry_experience2_20260718.csv, raspberry_experience3_20260718.csv"
platform_comparison,raspberry_pi,3DES,CBC,192,1024,0.4666243132138484,1.8226941613503465,0.5025,0.43700520833333334,0.003963020597206581,"raspberry_experience1_20260718.csv, raspberry_experience2_20260718.csv, raspberry_experience3_20260718.csv"
platform_comparison,raspberry_pi,3DES,CBC,192,4096,0.4806177304084511,2.861440217475677,0.5027343750000001,0.44328125,0.0021934866435462156,"raspberry_experience1_20260718.csv, raspberry_experience2_20260718.csv, raspberry_experience3_20260718.csv"
platform_comparison,raspberry_pi,3DES,CBC,192,16384,0.4877696524678578,3.5970145940494436,0.498828125,0.44007812500000004,0.001144975434794817,"raspberry_experience1_20260718.csv, raspberry_experience2_20260718.csv, raspberry_experience3_20260718.csv"
platform_comparison,raspberry_pi,3DES,CTR,128,64,0.30054634541786424,0.30117515751269147,0.4990885416666666,0.4492708333333333,0.009036110391595504,"raspberry_experience1_20260718.csv, raspberry_experience2_20260718.csv, raspberry_experience3_20260718.csv"
platform_comparison,raspberry_pi,3DES,CTR,128,256,0.8092175718500892,0.8365678741870285,0.501328125,0.44018229166666667,0.031367794439896034,"raspberry_experience1_20260718.csv, raspberry_experience2_20260718.csv, raspberry_experience3_20260718.csv"
platform_comparison,raspberry_pi,3DES,CTR,128,1024,1.6102625385691354,1.6118953577016697,0.5008854166666666,0.44039062500000004,0.03615707208241924,"raspberry_experience1_20260718.csv, raspberry_experience2_20260718.csv, raspberry_experience3_20260718.csv"
platform_comparison,raspberry_pi,3DES,CTR,128,4096,2.24842041533612,2.2560716302652835,0.5033333333333333,0.43333333333333335,0.02964856496790121,"raspberry_experience1_20260718.csv, raspberry_experience2_20260718.csv, raspberry_experience3_20260718.csv"
platform_comparison,raspberry_pi,3DES,CTR,128,16384,2.634493008113841,2.651541786609801,0.5002083333333333,0.4304427083333333,0.024490350457835486,"raspberry_experience1_20260718.csv, raspberry_experience2_20260718.csv, raspberry_experience3_20260718.csv"
platform_comparison,raspberry_pi,3DES,CTR,192,64,0.26260351266202436,0.2556185072631721,0.5033593749999999,0.43432291666666667,0.011944518811263724,"raspberry_experience1_20260718.csv, raspberry_experience2_20260718.csv, raspberry_experience3_20260718.csv"
platform_comparison,raspberry_pi,3DES,CTR,192,256,0.7540625963144348,0.7644565318854198,0.5011197916666666,0.4390885416666667,0.026560203012020892,"raspberry_experience1_20260718.csv, raspberry_experience2_20260718.csv, raspberry_experience3_20260718.csv"
platform_comparison,raspberry_pi,3DES,CTR,192,1024,1.4631869869411342,1.4841553179916993,0.50046875,0.4315625,0.03670138491002437,"raspberry_experience1_20260718.csv, raspberry_experience2_20260718.csv, raspberry_experience3_20260718.csv"
platform_comparison,raspberry_pi,3DES,CTR,192,4096,2.242977855445337,2.2437261063470073,0.49742187500000007,0.4441927083333333,0.03174733151068109,"raspberry_experience1_20260718.csv, raspberry_experience2_20260718.csv, raspberry_experience3_20260718.csv"
platform_comparison,raspberry_pi,3DES,CTR,192,16384,2.623888173623597,2.635509663143629,0.49742187499999996,0.43278645833333335,0.024724955035237767,"raspberry_experience1_20260718.csv, raspberry_experience2_20260718.csv, raspberry_experience3_20260718.csv"
platform_comparison,raspberry_pi,3DES,ECB,128,64,0.38685232354704063,0.40381102209592123,0.4976562500000001,0.43953125,0.01390520962301964,"raspberry_experience1_20260718.csv, raspberry_experience2_20260718.csv, raspberry_experience3_20260718.csv"
platform_comparison,raspberry_pi,3DES,ECB,128,256,1.3523590824303178,1.3905319600327146,0.4985677083333333,0.4361458333333334,0.04749832188565815,"raspberry_experience1_20260718.csv, raspberry_experience2_20260718.csv, raspberry_experience3_20260718.csv"
platform_comparison,raspberry_pi,3DES,ECB,128,1024,3.404891693860448,3.6836681702755985,0.502265625,0.44249999999999995,0.10243080625496381,"raspberry_experience1_20260718.csv, raspberry_experience2_20260718.csv, raspberry_experience3_20260718.csv"
platform_comparison,raspberry_pi,3DES,ECB,128,4096,6.6172263655059,6.789571001414252,0.499453125,0.45174479166666665,0.1625637371412205,"raspberry_experience1_20260718.csv, raspberry_experience2_20260718.csv, raspberry_experience3_20260718.csv"
platform_comparison,raspberry_pi,3DES,ECB,128,16384,9.062941689190728,9.394209455644338,0.5004947916666667,0.43953125,0.13912125928182487,"raspberry_experience1_20260718.csv, raspberry_experience2_20260718.csv, raspberry_experience3_20260718.csv"
platform_comparison,raspberry_pi,3DES,ECB,192,64,0.321204323116466,0.32445157541558894,0.5014062499999999,0.4259114583333334,0.011095943414101778,"raspberry_experience1_20260718.csv, raspberry_experience2_20260718.csv, raspberry_experience3_20260718.csv"
platform_comparison,raspberry_pi,3DES,ECB,192,256,1.1027087316226718,1.173625645245504,0.49796875,0.444140625,0.03698105109503446,"raspberry_experience1_20260718.csv, raspberry_experience2_20260718.csv, raspberry_experience3_20260718.csv"
platform_comparison,raspberry_pi,3DES,ECB,192,1024,3.208928615228601,3.271754671355012,0.5026302083333334,0.4295572916666666,0.10360676243608606,"raspberry_experience1_20260718.csv, raspberry_experience2_20260718.csv, raspberry_experience3_20260718.csv"
platform_comparison,raspberry_pi,3DES,ECB,192,4096,6.3998689465880645,6.528646326414545,0.49802083333333336,0.4483333333333334,0.14093490943763562,"raspberry_experience1_20260718.csv, raspberry_experience2_20260718.csv, raspberry_experience3_20260718.csv"
platform_comparison,raspberry_pi,3DES,ECB,192,16384,8.832896111748836,9.152135944672557,0.49523437499999995,0.45031250000000006,0.13899838366117803,"raspberry_experience1_20260718.csv, raspberry_experience2_20260718.csv, raspberry_experience3_20260718.csv"
platform_comparison,raspberry_pi,AES,CBC,128,64,0.25096149912207516,0.8994594261123284,0.5008333333333334,0.49807291666666664,0.007453542767805309,"raspberry_experience1_20260718.csv, raspberry_experience2_20260718.csv, raspberry_experience3_20260718.csv"
platform_comparison,raspberry_pi,AES,CBC,128,256,0.31369876547576997,2.5677417176659545,0.49847656250000005,0.49930989583333335,0.00659935432392702,"raspberry_experience1_20260718.csv, raspberry_experience2_20260718.csv, raspberry_experience3_20260718.csv"
platform_comparison,raspberry_pi,AES,CBC,128,1024,0.34115112022739763,3.44417667101631,0.5024348958333333,0.4994401041666667,0.003379063454702107,"raspberry_experience1_20260718.csv, raspberry_experience2_20260718.csv, raspberry_experience3_20260718.csv"
platform_comparison,raspberry_pi,AES,CBC,128,4096,0.33682914585558305,4.50256514582542,0.49989583333333326,0.49927083333333333,0.004054442492047463,"raspberry_experience1_20260718.csv, raspberry_experience2_20260718.csv, raspberry_experience3_20260718.csv"
platform_comparison,raspberry_pi,AES,CBC,128,16384,0.360119168192843,5.648721881156182,0.5007031249999999,0.49921875,0.006128385513596329,"raspberry_experience1_20260718.csv, raspberry_experience2_20260718.csv, raspberry_experience3_20260718.csv"
platform_comparison,raspberry_pi,AES,CBC,192,64,0.27995444925441987,1.0762806382682262,0.49861979166666665,0.5024609375,0.005449420948164681,"raspberry_experience1_20260718.csv, raspberry_experience2_20260718.csv, raspberry_experience3_20260718.csv"
platform_comparison,raspberry_pi,AES,CBC,192,256,0.3430606823909466,2.745546953287567,0.501484375,0.49808593749999996,0.0022561922722860307,"raspberry_experience1_20260718.csv, raspberry_experience2_20260718.csv, raspberry_experience3_20260718.csv"
platform_comparison,raspberry_pi,AES,CBC,192,1024,0.3624449573282888,4.174685397725077,0.4986067708333333,0.49937499999999996,0.003397082681482744,"raspberry_experience1_20260718.csv, raspberry_experience2_20260718.csv, raspberry_experience3_20260718.csv"
platform_comparison,raspberry_pi,AES,CBC,192,4096,0.37334809753899156,5.080791804379945,0.5010026041666666,0.49983072916666665,0.0013898898866930767,"raspberry_experience1_20260718.csv, raspberry_experience2_20260718.csv, raspberry_experience3_20260718.csv"
platform_comparison,raspberry_pi,AES,CBC,192,16384,0.3793289638482861,5.590918247630434,0.5006380208333333,0.50015625,0.0004529116557129983,"raspberry_experience1_20260718.csv, raspberry_experience2_20260718.csv, raspberry_experience3_20260718.csv"
platform_comparison,raspberry_pi,AES,CBC,256,64,0.27907569917532615,1.0633385869648393,0.4988932291666666,0.5019401041666667,0.004094557532467817,"raspberry_experience1_20260718.csv, raspberry_experience2_20260718.csv, raspberry_experience3_20260718.csv"
platform_comparison,raspberry_pi,AES,CBC,256,256,0.3402105210968156,2.7013498906729656,0.49973958333333335,0.49907552083333334,0.002927472196435107,"raspberry_experience1_20260718.csv, raspberry_experience2_20260718.csv, raspberry_experience3_20260718.csv"
platform_comparison,raspberry_pi,AES,CBC,256,1024,0.361615001099733,4.13739051757097,0.50234375,0.4977734375,0.0019677071834168116,"raspberry_experience1_20260718.csv, raspberry_experience2_20260718.csv, raspberry_experience3_20260718.csv"
platform_comparison,raspberry_pi,AES,CBC,256,4096,0.36343203688585707,4.536847324706282,0.4986328125000001,0.4955338541666667,0.002362813015849883,"raspberry_experience1_20260718.csv, raspberry_experience2_20260718.csv, raspberry_experience3_20260718.csv"
platform_comparison,raspberry_pi,AES,CBC,256,16384,0.37126656579119494,5.269468903333305,0.5009895833333333,0.4998046875,0.0019334466763810945,"raspberry_experience1_20260718.csv, raspberry_experience2_20260718.csv, raspberry_experience3_20260718.csv"
platform_comparison,raspberry_pi,AES,CTR,128,64,0.8881865603498721,0.9277011227370936,0.4994791666666667,0.50171875,0.06911391377988423,"raspberry_experience1_20260718.csv, raspberry_experience2_20260718.csv, raspberry_experience3_20260718.csv"
platform_comparison,raspberry_pi,AES,CTR,128,256,1.959307367545067,1.9468806239340488,0.5001041666666667,0.4988932291666666,0.12386494090700746,"raspberry_experience1_20260718.csv, raspberry_experience2_20260718.csv, raspberry_experience3_20260718.csv"
platform_comparison,raspberry_pi,AES,CTR,128,1024,2.789468826570116,2.6937451878993453,0.4973958333333333,0.49920572916666667,0.25916885083094626,"raspberry_experience1_20260718.csv, raspberry_experience2_20260718.csv, raspberry_experience3_20260718.csv"
platform_comparison,raspberry_pi,AES,CTR,128,4096,3.7757093859622834,3.7728368474682754,0.5021484375,0.5009635416666667,0.06878382057013653,"raspberry_experience1_20260718.csv, raspberry_experience2_20260718.csv, raspberry_experience3_20260718.csv"
platform_comparison,raspberry_pi,AES,CTR,128,16384,4.089123390731354,4.141744248279715,0.4982421875,0.501640625,0.02954896934856158,"raspberry_experience1_20260718.csv, raspberry_experience2_20260718.csv, raspberry_experience3_20260718.csv"
platform_comparison,raspberry_pi,AES,CTR,192,64,0.9546702475580459,0.9467048964105805,0.503046875,0.49977864583333337,0.042302101088599324,"raspberry_experience1_20260718.csv, raspberry_experience2_20260718.csv, raspberry_experience3_20260718.csv"
platform_comparison,raspberry_pi,AES,CTR,192,256,2.071142147979659,2.111013038308259,0.49904947916666664,0.5011848958333333,0.10571081777723718,"raspberry_experience1_20260718.csv, raspberry_experience2_20260718.csv, raspberry_experience3_20260718.csv"
platform_comparison,raspberry_pi,AES,CTR,192,1024,3.231759728196287,3.215810155119225,0.5012369791666668,0.5005729166666666,0.07519598912841254,"raspberry_experience1_20260718.csv, raspberry_experience2_20260718.csv, raspberry_experience3_20260718.csv"
platform_comparison,raspberry_pi,AES,CTR,192,4096,3.3992058527936284,3.3809985358877683,0.49966145833333336,0.49890625000000005,0.08599079404172509,"raspberry_experience1_20260718.csv, raspberry_experience2_20260718.csv, raspberry_experience3_20260718.csv"
platform_comparison,raspberry_pi,AES,CTR,192,16384,3.8121431285091307,3.8733299818051883,0.4985677083333333,0.4993880208333334,0.05802138440468319,"raspberry_experience1_20260718.csv, raspberry_experience2_20260718.csv, raspberry_experience3_20260718.csv"
platform_comparison,raspberry_pi,AES,CTR,256,64,0.9170134156854374,0.8938390376575822,0.49796875000000007,0.5003776041666667,0.059326150271845825,"raspberry_experience1_20260718.csv, raspberry_experience2_20260718.csv, raspberry_experience3_20260718.csv"
platform_comparison,raspberry_pi,AES,CTR,256,256,1.944777713970586,2.0995887427401576,0.49734375,0.49997395833333336,0.1040075152967281,"raspberry_experience1_20260718.csv, raspberry_experience2_20260718.csv, raspberry_experience3_20260718.csv"
platform_comparison,raspberry_pi,AES,CTR,256,1024,2.7365340977823753,2.7337272299093196,0.4990625,0.5002734375,0.07977141012549675,"raspberry_experience1_20260718.csv, raspberry_experience2_20260718.csv, raspberry_experience3_20260718.csv"
platform_comparison,raspberry_pi,AES,CTR,256,4096,3.394220318112291,3.428096827859735,0.5010677083333334,0.5019531249999999,0.05854900951435497,"raspberry_experience1_20260718.csv, raspberry_experience2_20260718.csv, raspberry_experience3_20260718.csv"
platform_comparison,raspberry_pi,AES,CTR,256,16384,3.8096691116404706,3.8699392051221886,0.5012630208333334,0.4995442708333333,0.048433307041852086,"raspberry_experience1_20260718.csv, raspberry_experience2_20260718.csv, raspberry_experience3_20260718.csv"
platform_comparison,raspberry_pi,AES,ECB,128,64,0.902432902042273,1.5173073977304068,0.4975911458333333,0.4970833333333333,0.6298310886184025,"raspberry_experience1_20260718.csv, raspberry_experience2_20260718.csv, raspberry_experience3_20260718.csv"
platform_comparison,raspberry_pi,AES,ECB,128,256,4.772972568406112,6.066775294932953,0.5018359375,0.497578125,0.5831108782946949,"raspberry_experience1_20260718.csv, raspberry_experience2_20260718.csv, raspberry_experience3_20260718.csv"
platform_comparison,raspberry_pi,AES,ECB,128,1024,17.610373653444935,18.371670360756653,0.4996875,0.4976302083333333,1.243308124993978,"raspberry_experience1_20260718.csv, raspberry_experience2_20260718.csv, raspberry_experience3_20260718.csv"
platform_comparison,raspberry_pi,AES,ECB,128,4096,36.789659616131665,44.34365163251965,0.4974869791666667,0.4991015625,3.3123216386316336,"raspberry_experience1_20260718.csv, raspberry_experience2_20260718.csv, raspberry_experience3_20260718.csv"
platform_comparison,raspberry_pi,AES,ECB,128,16384,53.94723447693442,67.48177742810725,0.5013151041666667,0.4998567708333333,1.8606413648915066,"raspberry_experience1_20260718.csv, raspberry_experience2_20260718.csv, raspberry_experience3_20260718.csv"
platform_comparison,raspberry_pi,AES,ECB,192,64,1.4793389825955738,1.5841637185764927,0.500390625,0.5004817708333333,0.09053419707327638,"raspberry_experience1_20260718.csv, raspberry_experience2_20260718.csv, raspberry_experience3_20260718.csv"
platform_comparison,raspberry_pi,AES,ECB,192,256,5.533803285240811,5.981507939346659,0.5006640625,0.5005078125,0.3447102830947238,"raspberry_experience1_20260718.csv, raspberry_experience2_20260718.csv, raspberry_experience3_20260718.csv"
platform_comparison,raspberry_pi,AES,ECB,192,1024,17.964150746407768,18.30148752799636,0.5011067708333333,0.5002083333333334,0.8687110838155196,"raspberry_experience1_20260718.csv, raspberry_experience2_20260718.csv, raspberry_experience3_20260718.csv"
platform_comparison,raspberry_pi,AES,ECB,192,4096,36.43754427272966,42.0948646537193,0.49880208333333337,0.4972005208333334,1.4082566799812382,"raspberry_experience1_20260718.csv, raspberry_experience2_20260718.csv, raspberry_experience3_20260718.csv"
platform_comparison,raspberry_pi,AES,ECB,192,16384,48.206883858380365,55.48409722352901,0.5036718749999999,0.5007812500000001,1.4491834345968018,"raspberry_experience1_20260718.csv, raspberry_experience2_20260718.csv, raspberry_experience3_20260718.csv"
platform_comparison,raspberry_pi,AES,ECB,256,64,1.489314224180769,1.530890003649566,0.5007161458333332,0.50109375,0.10486426507157913,"raspberry_experience1_20260718.csv, raspberry_experience2_20260718.csv, raspberry_experience3_20260718.csv"
platform_comparison,raspberry_pi,AES,ECB,256,256,5.655761815462068,5.815310049376848,0.49833333333333335,0.49828125,0.3290885030997166,"raspberry_experience1_20260718.csv, raspberry_experience2_20260718.csv, raspberry_experience3_20260718.csv"
platform_comparison,raspberry_pi,AES,ECB,256,1024,17.90533319955747,17.80691630761879,0.49828124999999995,0.5022786458333334,0.3966057148153106,"raspberry_experience1_20260718.csv, raspberry_experience2_20260718.csv, raspberry_experience3_20260718.csv"
platform_comparison,raspberry_pi,AES,ECB,256,4096,36.41002912853401,40.016252432682,0.5016015625,0.502890625,1.8687217797079076,"raspberry_experience1_20260718.csv, raspberry_experience2_20260718.csv, raspberry_experience3_20260718.csv"
platform_comparison,raspberry_pi,AES,ECB,256,16384,50.15429676629859,41.89915311038725,0.4989192708333334,0.50171875,1.1612598116449548,"raspberry_experience1_20260718.csv, raspberry_experience2_20260718.csv, raspberry_experience3_20260718.csv"
platform_comparison,raspberry_pi,AES,GCM,128,64,0.15240022088488422,0.16047187878497315,0.5018880208333334,0.5040625,0.08093210773539454,"raspberry_experience1_20260718.csv, raspberry_experience2_20260718.csv, raspberry_experience3_20260718.csv"
platform_comparison,raspberry_pi,AES,GCM,128,256,0.8298327831787103,0.6438028606113719,0.49592447916666665,0.5013671875,0.05844947289046735,"raspberry_experience1_20260718.csv, raspberry_experience2_20260718.csv, raspberry_experience3_20260718.csv"
platform_comparison,raspberry_pi,AES,GCM,128,1024,2.9110916672579528,2.2955866251780526,0.5011197916666666,0.4992578125,0.16945679633414693,"raspberry_experience1_20260718.csv, raspberry_experience2_20260718.csv, raspberry_experience3_20260718.csv"
platform_comparison,raspberry_pi,AES,GCM,128,4096,8.171353739923624,6.773511058996699,0.5002994791666666,0.49975260416666667,0.3625262654725859,"raspberry_experience1_20260718.csv, raspberry_experience2_20260718.csv, raspberry_experience3_20260718.csv"
platform_comparison,raspberry_pi,AES,GCM,128,16384,14.714337542134833,14.417627518433283,0.5013411458333333,0.498515625,0.4582561827110998,"raspberry_experience1_20260718.csv, raspberry_experience2_20260718.csv, raspberry_experience3_20260718.csv"
platform_comparison,raspberry_pi,AES,GCM,192,64,0.2188753898119111,0.16962337787105045,0.4981380208333333,0.4967057291666667,0.010116269956276125,"raspberry_experience1_20260718.csv, raspberry_experience2_20260718.csv, raspberry_experience3_20260718.csv"
platform_comparison,raspberry_pi,AES,GCM,192,256,0.716034387897642,0.48895646452275093,0.49994791666666666,0.5026171875,0.10773579507640545,"raspberry_experience1_20260718.csv, raspberry_experience2_20260718.csv, raspberry_experience3_20260718.csv"
platform_comparison,raspberry_pi,AES,GCM,192,1024,2.335640744662793,2.177256889069129,0.5001041666666667,0.4982942708333334,0.18237420940456153,"raspberry_experience1_20260718.csv, raspberry_experience2_20260718.csv, raspberry_experience3_20260718.csv"
platform_comparison,raspberry_pi,AES,GCM,192,4096,7.738711276128434,6.3415855272895145,0.49802083333333336,0.4988020833333333,0.27630813288370554,"raspberry_experience1_20260718.csv, raspberry_experience2_20260718.csv, raspberry_experience3_20260718.csv"
platform_comparison,raspberry_pi,AES,GCM,192,16384,13.740067686299064,13.22679816677067,0.49942708333333324,0.4982682291666667,0.39279960657277896,"raspberry_experience1_20260718.csv, raspberry_experience2_20260718.csv, raspberry_experience3_20260718.csv"
platform_comparison,raspberry_pi,AES,GCM,256,64,0.22089912227269837,0.17000354035049314,0.5000260416666666,0.5008333333333334,0.008573853241695965,"raspberry_experience1_20260718.csv, raspberry_experience2_20260718.csv, raspberry_experience3_20260718.csv"
platform_comparison,raspberry_pi,AES,GCM,256,256,0.842748531962279,0.6407680975809681,0.4964583333333334,0.4991536458333334,0.04521660272748615,"raspberry_experience1_20260718.csv, raspberry_experience2_20260718.csv, raspberry_experience3_20260718.csv"
platform_comparison,raspberry_pi,AES,GCM,256,1024,2.6400951919800817,2.2486920155599344,0.4978255208333333,0.4991536458333334,0.17304913746969217,"raspberry_experience1_20260718.csv, raspberry_experience2_20260718.csv, raspberry_experience3_20260718.csv"
platform_comparison,raspberry_pi,AES,GCM,256,4096,7.5332569905174305,6.541970817704115,0.49942708333333335,0.5008333333333334,0.36294334374426435,"raspberry_experience1_20260718.csv, raspberry_experience2_20260718.csv, raspberry_experience3_20260718.csv"
platform_comparison,raspberry_pi,AES,GCM,256,16384,13.857208659120362,13.633859112088144,0.5,0.5003385416666667,0.4238462480095691,"raspberry_experience1_20260718.csv, raspberry_experience2_20260718.csv, raspberry_experience3_20260718.csv"
platform_comparison,raspberry_pi,ChaCha20,Stream,256,64,1.8710351740154616,2.1116134403765563,0.5947102864583335,0.5940364583333333,0.47766195480325074,"raspberry_experience1_20260718.csv, raspberry_experience2_20260718.csv, raspberry_experience3_20260718.csv"
platform_comparison,raspberry_pi,ChaCha20,Stream,256,256,7.468568076470015,8.75656813615816,0.5950651041666667,0.5937239583333332,1.6136448933715084,"raspberry_experience1_20260718.csv, raspberry_experience2_20260718.csv, raspberry_experience3_20260718.csv"
platform_comparison,raspberry_pi,ChaCha20,Stream,256,1024,24.316771898402113,27.353357605589338,0.5942838541666666,0.5938411458333334,3.8731909172955006,"raspberry_experience1_20260718.csv, raspberry_experience2_20260718.csv, raspberry_experience3_20260718.csv"
platform_comparison,raspberry_pi,ChaCha20,Stream,256,4096,61.08616019580552,64.33649563613467,0.5947786458333333,0.592939453125,4.032562820274327,"raspberry_experience1_20260718.csv, raspberry_experience2_20260718.csv, raspberry_experience3_20260718.csv"
platform_comparison,raspberry_pi,ChaCha20,Stream,256,16384,74.6181083713189,89.17795626698326,0.5937890625,0.5953841145833333,3.2527040337308115,"raspberry_experience1_20260718.csv, raspberry_experience2_20260718.csv, raspberry_experience3_20260718.csv"
platform_comparison,raspberry_pi,DES,CBC,64,64,0.1094828664523952,0.7819313104672769,0.4996354166666667,0.44263020833333333,0.0023229642489938297,"raspberry_experience1_20260718.csv, raspberry_experience2_20260718.csv, raspberry_experience3_20260718.csv"
platform_comparison,raspberry_pi,DES,CBC,64,256,0.12837917801667867,1.9760879857170794,0.4994010416666666,0.4387239583333334,0.0016427512513377755,"raspberry_experience1_20260718.csv, raspberry_experience2_20260718.csv, raspberry_experience3_20260718.csv"
platform_comparison,raspberry_pi,DES,CBC,64,1024,0.13026632060862633,3.018791277193278,0.5020572916666667,0.447578125,0.001404294105146791,"raspberry_experience1_20260718.csv, raspberry_experience2_20260718.csv, raspberry_experience3_20260718.csv"
platform_comparison,raspberry_pi,DES,CBC,64,4096,0.1344687440222701,3.9321221993504243,0.49611979166666664,0.42770833333333336,0.0005406822584029215,"raspberry_experience1_20260718.csv, raspberry_experience2_20260718.csv, raspberry_experience3_20260718.csv"
platform_comparison,raspberry_pi,DES,CBC,64,16384,0.13807715089764466,4.658787919207207,0.4999218749999999,0.4437760416666667,0.0006087779765795671,"raspberry_experience1_20260718.csv, raspberry_experience2_20260718.csv, raspberry_experience3_20260718.csv"
platform_comparison,raspberry_pi,DES,CTR,64,64,0.704477057949244,0.7368409500955634,0.49684895833333337,0.44070312500000003,0.02840273041482626,"raspberry_experience1_20260718.csv, raspberry_experience2_20260718.csv, raspberry_experience3_20260718.csv"
platform_comparison,raspberry_pi,DES,CTR,64,256,1.5788343490791574,1.5541995489979004,0.502421875,0.4464322916666667,0.06492698954829916,"raspberry_experience1_20260718.csv, raspberry_experience2_20260718.csv, raspberry_experience3_20260718.csv"
platform_comparison,raspberry_pi,DES,CTR,64,1024,2.3269365670652915,2.290247948889297,0.49927083333333333,0.43755208333333334,0.05370407014023169,"raspberry_experience1_20260718.csv, raspberry_experience2_20260718.csv, raspberry_experience3_20260718.csv"
platform_comparison,raspberry_pi,DES,CTR,64,4096,2.839389374121716,2.8664853546266635,0.4953125,0.4418489583333333,0.04406076951177481,"raspberry_experience1_20260718.csv, raspberry_experience2_20260718.csv, raspberry_experience3_20260718.csv"
platform_comparison,raspberry_pi,DES,CTR,64,16384,3.143309424114199,3.199544670460265,0.5026822916666668,0.43716145833333336,0.0351775822756466,"raspberry_experience1_20260718.csv, raspberry_experience2_20260718.csv, raspberry_experience3_20260718.csv"
platform_comparison,raspberry_pi,DES,ECB,64,64,0.8625794681891682,1.1132742207965236,0.5011979166666666,0.435625,0.15660498599126235,"raspberry_experience1_20260718.csv, raspberry_experience2_20260718.csv, raspberry_experience3_20260718.csv"
platform_comparison,raspberry_pi,DES,ECB,64,256,3.5358748414660734,3.8740813487446197,0.49539062500000003,0.43239583333333337,0.32423585151531414,"raspberry_experience1_20260718.csv, raspberry_experience2_20260718.csv, raspberry_experience3_20260718.csv"
platform_comparison,raspberry_pi,DES,ECB,64,1024,10.46827849041337,10.946703187733307,0.5023958333333334,0.4215625,0.5345228947164365,"raspberry_experience1_20260718.csv, raspberry_experience2_20260718.csv, raspberry_experience3_20260718.csv"
platform_comparison,raspberry_pi,DES,ECB,64,4096,20.75205589187986,21.62171958410798,0.5013802083333333,0.44411458333333337,0.8430491297813486,"raspberry_experience1_20260718.csv, raspberry_experience2_20260718.csv, raspberry_experience3_20260718.csv"
platform_comparison,raspberry_pi,DES,ECB,64,16384,23.633593022759168,25.3250768289643,0.501796875,0.44036458333333334,0.9109410999943219,"raspberry_experience1_20260718.csv, raspberry_experience2_20260718.csv, raspberry_experience3_20260718.csv"
platform_comparison,raspberry_pi,Twofish,CBC,128,64,0.5829424892138562,0.7376138436785501,0.5010807291666667,0.49873697916666665,0.02029978873758734,"raspberry_experience1_20260718.csv, raspberry_experience2_20260718.csv, raspberry_experience3_20260718.csv"
platform_comparison,raspberry_pi,Twofish,CBC,128,256,0.7281400325245104,0.9555401293714555,0.4985546875,0.5015755208333333,0.010090070704531716,"raspberry_experience1_20260718.csv, raspberry_experience2_20260718.csv, raspberry_experience3_20260718.csv"
platform_comparison,raspberry_pi,Twofish,CBC,128,1024,0.7746148932579886,0.9989988493121845,0.5033854166666667,0.501953125,0.006932465059463918,"raspberry_experience1_20260718.csv, raspberry_experience2_20260718.csv, raspberry_experience3_20260718.csv"
platform_comparison,raspberry_pi,Twofish,CBC,128,4096,0.8124949175856226,1.0629875521521186,0.4976692708333334,0.5027083333333333,0.0033132759738976974,"raspberry_experience1_20260718.csv, raspberry_experience2_20260718.csv, raspberry_experience3_20260718.csv"
platform_comparison,raspberry_pi,Twofish,CBC,128,16384,0.8296329114757609,1.1149174275890739,0.4998046875,0.4992838541666667,0.0016046406262018708,"raspberry_experience1_20260718.csv, raspberry_experience2_20260718.csv, raspberry_experience3_20260718.csv"
platform_comparison,raspberry_pi,Twofish,CBC,192,64,0.5716688263410724,0.7501773101695335,0.500859375,0.49942708333333335,0.021574725810395195,"raspberry_experience1_20260718.csv, raspberry_experience2_20260718.csv, raspberry_experience3_20260718.csv"
platform_comparison,raspberry_pi,Twofish,CBC,192,256,0.7212213209688594,0.9533033800481888,0.5004557291666667,0.4993359375,0.010563608157561128,"raspberry_experience1_20260718.csv, raspberry_experience2_20260718.csv, raspberry_experience3_20260718.csv"
platform_comparison,raspberry_pi,Twofish,CBC,192,1024,0.7617944887785502,1.0027750354647118,0.4976692708333333,0.4973567708333333,0.005482215377920423,"raspberry_experience1_20260718.csv, raspberry_experience2_20260718.csv, raspberry_experience3_20260718.csv"
platform_comparison,raspberry_pi,Twofish,CBC,192,4096,0.8108139554999436,1.06682158998853,0.4974869791666667,0.500234375,0.0029340104274443203,"raspberry_experience1_20260718.csv, raspberry_experience2_20260718.csv, raspberry_experience3_20260718.csv"
platform_comparison,raspberry_pi,Twofish,CBC,192,16384,0.8283152800914758,1.1203249904355195,0.5022265625,0.49906249999999996,0.0015707275570475902,"raspberry_experience1_20260718.csv, raspberry_experience2_20260718.csv, raspberry_experience3_20260718.csv"
platform_comparison,raspberry_pi,Twofish,CBC,256,64,0.5778402461835446,0.7560651852487453,0.49921875,0.5003645833333333,0.014261249284146025,"raspberry_experience1_20260718.csv, raspberry_experience2_20260718.csv, raspberry_experience3_20260718.csv"
platform_comparison,raspberry_pi,Twofish,CBC,256,256,0.718809725768789,0.9608968516804043,0.4985807291666667,0.4989322916666667,0.011533965190379011,"raspberry_experience1_20260718.csv, raspberry_experience2_20260718.csv, raspberry_experience3_20260718.csv"
platform_comparison,raspberry_pi,Twofish,CBC,256,1024,0.7675336424133336,1.0022706048153012,0.5033072916666667,0.49899739583333336,0.006716049251331357,"raspberry_experience1_20260718.csv, raspberry_experience2_20260718.csv, raspberry_experience3_20260718.csv"
platform_comparison,raspberry_pi,Twofish,CBC,256,4096,0.8067100945361315,1.0697293663246468,0.4983203125,0.5031119791666666,0.003527006243285198,"raspberry_experience1_20260718.csv, raspberry_experience2_20260718.csv, raspberry_experience3_20260718.csv"
platform_comparison,raspberry_pi,Twofish,CBC,256,16384,0.813746339295271,1.1149706657485405,0.4996875,0.5019921875,0.0059014150119716694,"raspberry_experience1_20260718.csv, raspberry_experience2_20260718.csv, raspberry_experience3_20260718.csv"
platform_comparison,raspberry_pi,Twofish,CTR,128,64,0.7498814258162115,0.7704159371114935,0.5002604166666667,0.5002213541666667,0.04456884942713393,"raspberry_experience1_20260718.csv, raspberry_experience2_20260718.csv, raspberry_experience3_20260718.csv"
platform_comparison,raspberry_pi,Twofish,CTR,128,256,0.878250510690865,0.9040580768027695,0.49859375,0.50109375,0.018790646434687752,"raspberry_experience1_20260718.csv, raspberry_experience2_20260718.csv, raspberry_experience3_20260718.csv"
platform_comparison,raspberry_pi,Twofish,CTR,128,1024,0.895297229954843,0.9008909608105538,0.497578125,0.49957031249999995,0.012557508914837997,"raspberry_experience1_20260718.csv, raspberry_experience2_20260718.csv, raspberry_experience3_20260718.csv"
platform_comparison,raspberry_pi,Twofish,CTR,128,4096,0.9912515817075261,0.9836820527873106,0.5013541666666667,0.4979947916666667,0.006371839668056261,"raspberry_experience1_20260718.csv, raspberry_experience2_20260718.csv, raspberry_experience3_20260718.csv"
platform_comparison,raspberry_pi,Twofish,CTR,128,16384,1.019263721637443,1.0298315989959066,0.5009765625,0.4946875,0.005534174135188756,"raspberry_experience1_20260718.csv, raspberry_experience2_20260718.csv, raspberry_experience3_20260718.csv"
platform_comparison,raspberry_pi,Twofish,CTR,192,64,0.7838484031409307,0.7830844890537204,0.4980989583333333,0.5007812500000001,0.0279791376110617,"raspberry_experience1_20260718.csv, raspberry_experience2_20260718.csv, raspberry_experience3_20260718.csv"
platform_comparison,raspberry_pi,Twofish,CTR,192,256,0.8809870473606155,0.8953746810942226,0.4991796875,0.5008203125,0.02056111990219531,"raspberry_experience1_20260718.csv, raspberry_experience2_20260718.csv, raspberry_experience3_20260718.csv"
platform_comparison,raspberry_pi,Twofish,CTR,192,1024,0.9058515606477155,0.9153234765308303,0.4990755208333333,0.4994661458333333,0.013379458836929538,"raspberry_experience1_20260718.csv, raspberry_experience2_20260718.csv, raspberry_experience3_20260718.csv"
platform_comparison,raspberry_pi,Twofish,CTR,192,4096,0.9824440788214784,0.9915083051151904,0.4965625,0.5016276041666666,0.008625199645813602,"raspberry_experience1_20260718.csv, raspberry_experience2_20260718.csv, raspberry_experience3_20260718.csv"
platform_comparison,raspberry_pi,Twofish,CTR,192,16384,1.0239702144741736,0.9779036987934632,0.4963151041666667,0.49973958333333335,0.004487462524692648,"raspberry_experience1_20260718.csv, raspberry_experience2_20260718.csv, raspberry_experience3_20260718.csv"
platform_comparison,raspberry_pi,Twofish,CTR,256,64,0.7581090163682239,0.79235857583721,0.5002864583333334,0.49811197916666666,0.03446964377099417,"raspberry_experience1_20260718.csv, raspberry_experience2_20260718.csv, raspberry_experience3_20260718.csv"
platform_comparison,raspberry_pi,Twofish,CTR,256,256,0.8603703055360706,0.8799320042386247,0.4995572916666666,0.5002473958333333,0.019042612880927626,"raspberry_experience1_20260718.csv, raspberry_experience2_20260718.csv, raspberry_experience3_20260718.csv"
platform_comparison,raspberry_pi,Twofish,CTR,256,1024,0.8906110243658686,0.898522184936271,0.4988151041666667,0.49523437499999995,0.012709024164096328,"raspberry_experience1_20260718.csv, raspberry_experience2_20260718.csv, raspberry_experience3_20260718.csv"
platform_comparison,raspberry_pi,Twofish,CTR,256,4096,0.9786846290445094,0.9863549403576615,0.5017578125000001,0.4981510416666666,0.009902480477341167,"raspberry_experience1_20260718.csv, raspberry_experience2_20260718.csv, raspberry_experience3_20260718.csv"
platform_comparison,raspberry_pi,Twofish,CTR,256,16384,1.0270459863273451,1.0363438659861195,0.497109375,0.5011588541666666,0.0038513343993043067,"raspberry_experience1_20260718.csv, raspberry_experience2_20260718.csv, raspberry_experience3_20260718.csv"
platform_comparison,raspberry_pi,Twofish,ECB,128,64,0.8727771212009711,0.9458326883824512,0.49834635416666667,0.5002213541666667,0.05801891517429022,"raspberry_experience1_20260718.csv, raspberry_experience2_20260718.csv, raspberry_experience3_20260718.csv"
platform_comparison,raspberry_pi,Twofish,ECB,128,256,1.1740892903092126,1.2408081668208266,0.49895833333333334,0.5020182291666666,0.023920886342152222,"raspberry_experience1_20260718.csv, raspberry_experience2_20260718.csv, raspberry_experience3_20260718.csv"
platform_comparison,raspberry_pi,Twofish,ECB,128,1024,1.2331481914886833,1.250961993952095,0.4994010416666667,0.49815104166666674,0.013348834331066567,"raspberry_experience1_20260718.csv, raspberry_experience2_20260718.csv, raspberry_experience3_20260718.csv"
platform_comparison,raspberry_pi,Twofish,ECB,128,4096,1.3106525966205487,1.3385131210609114,0.49890625000000005,0.49906249999999996,0.008251284957602833,"raspberry_experience1_20260718.csv, raspberry_experience2_20260718.csv, raspberry_experience3_20260718.csv"
platform_comparison,raspberry_pi,Twofish,ECB,128,16384,1.338302163456109,1.3689555744564037,0.4984114583333333,0.4998046875,0.0035671709316369015,"raspberry_experience1_20260718.csv, raspberry_experience2_20260718.csv, raspberry_experience3_20260718.csv"
platform_comparison,raspberry_pi,Twofish,ECB,192,64,0.917830795361855,0.9687056602631866,0.49966145833333336,0.5000781249999999,0.038030963329779816,"raspberry_experience1_20260718.csv, raspberry_experience2_20260718.csv, raspberry_experience3_20260718.csv"
platform_comparison,raspberry_pi,Twofish,ECB,192,256,1.1453632898022084,1.2389180792434173,0.4991145833333333,0.5005468750000001,0.043370562288084606,"raspberry_experience1_20260718.csv, raspberry_experience2_20260718.csv, raspberry_experience3_20260718.csv"
platform_comparison,raspberry_pi,Twofish,ECB,192,1024,1.1984165484040687,1.268363073830696,0.4966276041666667,0.5003125,0.026612685013073987,"raspberry_experience1_20260718.csv, raspberry_experience2_20260718.csv, raspberry_experience3_20260718.csv"
platform_comparison,raspberry_pi,Twofish,ECB,192,4096,1.2877870668208249,1.3177547126560658,0.49957031249999995,0.4995833333333333,0.00931711741347482,"raspberry_experience1_20260718.csv, raspberry_experience2_20260718.csv, raspberry_experience3_20260718.csv"
platform_comparison,raspberry_pi,Twofish,ECB,192,16384,1.2500513705582277,1.3681643117037587,0.5027734375,0.49834635416666667,0.032168281208699086,"raspberry_experience1_20260718.csv, raspberry_experience2_20260718.csv, raspberry_experience3_20260718.csv"
platform_comparison,raspberry_pi,Twofish,ECB,256,64,0.935616243344546,0.9960716614061246,0.49807291666666664,0.4984765625,0.0394736473148675,"raspberry_experience1_20260718.csv, raspberry_experience2_20260718.csv, raspberry_experience3_20260718.csv"
platform_comparison,raspberry_pi,Twofish,ECB,256,256,1.220532733854427,1.2548914140523386,0.49731770833333333,0.5022135416666667,0.01929505926936533,"raspberry_experience1_20260718.csv, raspberry_experience2_20260718.csv, raspberry_experience3_20260718.csv"
platform_comparison,raspberry_pi,Twofish,ECB,256,1024,1.2568442063666816,1.286676722905668,0.5010546875,0.5010807291666666,0.011556573471610617,"raspberry_experience1_20260718.csv, raspberry_experience2_20260718.csv, raspberry_experience3_20260718.csv"
platform_comparison,raspberry_pi,Twofish,ECB,256,4096,1.3193440049525431,1.3461676801613436,0.5003515625,0.5008984375,0.005833254076484789,"raspberry_experience1_20260718.csv, raspberry_experience2_20260718.csv, raspberry_experience3_20260718.csv"
platform_comparison,raspberry_pi,Twofish,ECB,256,16384,1.355246895379538,1.3894680879012107,0.4990755208333333,0.4967447916666667,0.004578379309153107,"raspberry_experience1_20260718.csv, raspberry_experience2_20260718.csv, raspberry_experience3_20260718.csv"
