source_csv,platform,algorithm,mode,key_size_bits,message_size_bytes,repetitions,throughput_encrypt_mbps,ci95_encrypt_mbps,ic95_relative_pct
raspberry_experience7_20260801.csv,arm,AES,ECB,128,64,100,1.0577525390944147,0.6321169204899811,59.76037845592527
raspberry_experience7_20260801.csv,arm,AES,ECB,128,256,100,5.780310981869231,0.4313361221744825,7.462161180037366
raspberry_experience7_20260801.csv,arm,AES,ECB,128,1024,100,19.40920878212365,1.3637203298232745,7.026151066391197
raspberry_experience7_20260801.csv,arm,AES,ECB,128,4096,100,36.99115092077851,2.0311684592546486,5.490957725550814
raspberry_experience7_20260801.csv,arm,AES,ECB,128,16384,100,41.8414557212504,4.0472933501095465,9.672926719072088
raspberry_experience7_20260801.csv,arm,AES,ECB,192,64,100,1.142193110623994,0.11380024069992352,9.963310025373298
raspberry_experience7_20260801.csv,arm,AES,ECB,192,256,100,4.0824512059011315,0.08293012619900876,2.0313807077261403
raspberry_experience7_20260801.csv,arm,AES,ECB,192,1024,100,19.108856385367588,0.47915015645412273,2.5074768829233918
raspberry_experience7_20260801.csv,arm,AES,ECB,192,4096,100,44.52622895774444,0.7417953967578578,1.6659739980716182
raspberry_experience7_20260801.csv,arm,AES,ECB,192,16384,100,61.37251327914525,2.240773878198149,3.6511033335171845
raspberry_experience7_20260801.csv,arm,AES,ECB,256,64,100,1.6170819243082328,0.05034891251184416,3.1135659705913037
raspberry_experience7_20260801.csv,arm,AES,ECB,256,256,100,6.055370883436972,0.1382057683342779,2.282366695528211
raspberry_experience7_20260801.csv,arm,AES,ECB,256,1024,100,18.699170571332754,0.37243483715316494,1.9917184868302973
raspberry_experience7_20260801.csv,arm,AES,ECB,256,4096,100,38.17729080186162,1.3238602101090278,3.4676641068634257
raspberry_experience7_20260801.csv,arm,AES,ECB,256,16384,100,46.92179369912133,2.928809209240191,6.241895243861994
raspberry_experience7_20260801.csv,arm,AES,CBC,128,64,100,0.2738795512658856,0.007774581640966319,2.838686424390502
raspberry_experience7_20260801.csv,arm,AES,CBC,128,256,100,0.3540925159518588,0.004118847545562714,1.1632122566868084
raspberry_experience7_20260801.csv,arm,AES,CBC,128,1024,100,0.3680453306343196,0.004423515562119986,1.2018942216971304
raspberry_experience7_20260801.csv,arm,AES,CBC,128,4096,100,0.3798485924930928,0.0029092041753747385,0.7658852060713216
raspberry_experience7_20260801.csv,arm,AES,CBC,128,16384,100,0.38121553742171094,0.002607555475622687,0.6840108074446448
raspberry_experience7_20260801.csv,arm,AES,CBC,192,64,100,0.27413545147729174,0.007382274066316828,2.6929293626688575
raspberry_experience7_20260801.csv,arm,AES,CBC,192,256,100,0.3456012179682114,0.005727103746256137,1.657142234603733
raspberry_experience7_20260801.csv,arm,AES,CBC,192,1024,100,0.3777119924079686,0.002797557890287136,0.7406590064700619
raspberry_experience7_20260801.csv,arm,AES,CBC,192,4096,100,0.37712785212801214,0.0025380909479017825,0.6730054366390987
raspberry_experience7_20260801.csv,arm,AES,CBC,192,16384,100,0.38313831187039454,0.0015720797887236039,0.4103165201749379
raspberry_experience7_20260801.csv,arm,AES,CBC,256,64,100,0.285833352529413,0.009498733936344591,3.3231719994492757
raspberry_experience7_20260801.csv,arm,AES,CBC,256,256,100,0.3560580421309678,0.0038241138692202943,1.074014182163503
raspberry_experience7_20260801.csv,arm,AES,CBC,256,1024,100,0.38109015778940586,0.0022393693887878497,0.5876219427386385
raspberry_experience7_20260801.csv,arm,AES,CBC,256,4096,100,0.376291699587481,0.0019398953008833146,0.5155296550548345
raspberry_experience7_20260801.csv,arm,AES,CBC,256,16384,100,0.38014288607895075,0.0027356650586298913,0.7196412609078074
raspberry_experience7_20260801.csv,arm,AES,CTR,128,64,100,0.8293897452243891,0.1010822722738497,12.187547875516854
raspberry_experience7_20260801.csv,arm,AES,CTR,128,256,100,1.9635173473084298,0.12043193185846171,6.133479392150449
raspberry_experience7_20260801.csv,arm,AES,CTR,128,1024,100,2.378989302474666,0.1876117224185638,7.886194453392742
raspberry_experience7_20260801.csv,arm,AES,CTR,128,4096,100,4.002285603677625,0.12326097953067836,3.0797647078813206
raspberry_experience7_20260801.csv,arm,AES,CTR,128,16384,100,4.370526018355232,0.04793426909942291,1.0967620121264512
raspberry_experience7_20260801.csv,arm,AES,CTR,192,64,100,0.9725768026578495,0.06400490130193645,6.580961125848818
raspberry_experience7_20260801.csv,arm,AES,CTR,192,256,100,2.121103132253371,0.20208787719607763,9.527489452216683
raspberry_experience7_20260801.csv,arm,AES,CTR,192,1024,100,2.995298678662218,0.1554617512127777,5.1901919604962785
raspberry_experience7_20260801.csv,arm,AES,CTR,192,4096,100,3.9044903244121207,0.09822226387316225,2.515623185414119
raspberry_experience7_20260801.csv,arm,AES,CTR,192,16384,100,3.8349472288393525,0.13105106845732167,3.4172847926510923
raspberry_experience7_20260801.csv,arm,AES,CTR,256,64,100,0.9551551052912518,0.05986181256396676,6.267234738353132
raspberry_experience7_20260801.csv,arm,AES,CTR,256,256,100,2.315117735139371,0.06671509833776593,2.881715142394244
raspberry_experience7_20260801.csv,arm,AES,CTR,256,1024,100,3.6498567604744996,0.11622804312478466,3.184454918435606
raspberry_experience7_20260801.csv,arm,AES,CTR,256,4096,100,3.5909102981622603,0.08161325538572474,2.2727734365153145
raspberry_experience7_20260801.csv,arm,AES,CTR,256,16384,100,3.6124377575394924,0.08998603799202,2.4910059087996963
raspberry_experience7_20260801.csv,arm,AES,GCM,128,64,100,0.1338007030998354,0.07259413745433937,54.25542300788453
raspberry_experience7_20260801.csv,arm,AES,GCM,128,256,100,0.9541227913597495,0.05036673709976832,5.278852738439372
raspberry_experience7_20260801.csv,arm,AES,GCM,128,1024,100,3.7910087917946744,0.18915094509862632,4.98946205316189
raspberry_experience7_20260801.csv,arm,AES,GCM,128,4096,100,8.457590173517714,0.5529254911113293,6.537624545141023
raspberry_experience7_20260801.csv,arm,AES,GCM,128,16384,100,19.392432183068053,0.7989857085311035,4.120090254737181
raspberry_experience7_20260801.csv,arm,AES,GCM,192,64,100,0.2049812662887273,0.014607175804018347,7.126102823193288
raspberry_experience7_20260801.csv,arm,AES,GCM,192,256,100,1.114406314457342,0.048081781659920254,4.314564718105854
raspberry_experience7_20260801.csv,arm,AES,GCM,192,1024,100,3.714317543712858,0.18099039351869023,4.872776529972474
raspberry_experience7_20260801.csv,arm,AES,GCM,192,4096,100,9.71142939658799,0.6740355414326307,6.94064193752411
raspberry_experience7_20260801.csv,arm,AES,GCM,192,16384,100,20.38993303411369,0.45031512735522605,2.208516950996452
raspberry_experience7_20260801.csv,arm,AES,GCM,256,64,100,0.27311337689990284,0.0132342140142904,4.845685028141552
raspberry_experience7_20260801.csv,arm,AES,GCM,256,256,100,1.0787838266315204,0.07583994430716667,7.0301336036873385
raspberry_experience7_20260801.csv,arm,AES,GCM,256,1024,100,3.4719448367882952,0.250973887752616,7.2286254405118395
raspberry_experience7_20260801.csv,arm,AES,GCM,256,4096,100,8.827368025213365,0.5558361748811138,6.296737298065453
raspberry_experience7_20260801.csv,arm,AES,GCM,256,16384,100,15.498935994227406,0.5268461379422554,3.3992406842539373
raspberry_experience7_20260801.csv,arm,DES,ECB,64,64,100,0.9672913608339704,0.12385540180705998,12.804353147564088
raspberry_experience7_20260801.csv,arm,DES,ECB,64,256,100,3.875666341250141,0.32510114383738037,8.388264499892816
raspberry_experience7_20260801.csv,arm,DES,ECB,64,1024,100,11.871306261124179,0.5777004656090446,4.866359715618508
raspberry_experience7_20260801.csv,arm,DES,ECB,64,4096,100,22.75396718263788,0.8094161801454517,3.557252999657423
raspberry_experience7_20260801.csv,arm,DES,ECB,64,16384,100,29.728147742294222,1.2054488340005713,4.0549073035101335
raspberry_experience7_20260801.csv,arm,DES,CBC,64,64,100,0.10655363353867117,0.004140058404181791,3.8854220796508567
raspberry_experience7_20260801.csv,arm,DES,CBC,64,256,100,0.13858319363071378,0.002859968185403586,2.0637193518751036
raspberry_experience7_20260801.csv,arm,DES,CBC,64,1024,100,0.15363504017274934,0.0011760658829927657,0.7654932635617377
raspberry_experience7_20260801.csv,arm,DES,CBC,64,4096,100,0.15089188312846546,0.0013507574074470615,0.8951822851180546
raspberry_experience7_20260801.csv,arm,DES,CBC,64,16384,100,0.1529057356732632,0.0009442383225111508,0.6175296945883362
raspberry_experience7_20260801.csv,arm,DES,CTR,64,64,100,0.8040946243382922,0.02230407449748611,2.7738121636916357
raspberry_experience7_20260801.csv,arm,DES,CTR,64,256,100,1.8777024975803365,0.06478378566527096,3.4501624058525393
raspberry_experience7_20260801.csv,arm,DES,CTR,64,1024,100,2.9348476078860886,0.11639257099672436,3.9658812499828424
raspberry_experience7_20260801.csv,arm,DES,CTR,64,4096,100,3.572211861480022,0.076699786499648,2.1471231123416654
raspberry_experience7_20260801.csv,arm,DES,CTR,64,16384,100,3.4974857118144214,0.05041557859208591,1.4414806162547946
raspberry_experience7_20260801.csv,arm,3DES,ECB,128,64,100,0.4537781047849257,0.011426453238961992,2.51807064256168
raspberry_experience7_20260801.csv,arm,3DES,ECB,128,256,100,1.5300799322778489,0.0600115312318494,3.922117398305427
raspberry_experience7_20260801.csv,arm,3DES,ECB,128,1024,100,3.622588160462926,0.2223163145659056,6.136946975984597
raspberry_experience7_20260801.csv,arm,3DES,ECB,128,4096,100,7.923819843335519,0.35985243759798907,4.541401050411941
raspberry_experience7_20260801.csv,arm,3DES,ECB,128,16384,100,11.070297865042079,0.2298451008113244,2.0762323075075697
raspberry_experience7_20260801.csv,arm,3DES,ECB,192,64,100,0.3746812747539249,0.013313608106629118,3.553315578787049
raspberry_experience7_20260801.csv,arm,3DES,ECB,192,256,100,1.3660488817202439,0.04689759170747508,3.43308298370829
raspberry_experience7_20260801.csv,arm,3DES,ECB,192,1024,100,3.8810851991300552,0.16554561730601433,4.265446616403096
raspberry_experience7_20260801.csv,arm,3DES,ECB,192,4096,100,8.219234922421448,0.292757156097266,3.5618541002964488
raspberry_experience7_20260801.csv,arm,3DES,ECB,192,16384,100,11.393807829865722,0.2244603195829292,1.9700202332232464
raspberry_experience7_20260801.csv,arm,3DES,CBC,128,64,100,0.4117336416778174,0.009473745912636661,2.300940451217705
raspberry_experience7_20260801.csv,arm,3DES,CBC,128,256,100,0.42884416868481406,0.00902527301340524,2.1045577094085455
raspberry_experience7_20260801.csv,arm,3DES,CBC,128,1024,100,0.502622743054659,0.006134269139757039,1.2204519641264924
raspberry_experience7_20260801.csv,arm,3DES,CBC,128,4096,100,0.5088869078383044,0.005650041033881633,1.110274394340854
raspberry_experience7_20260801.csv,arm,3DES,CBC,128,16384,100,0.5153102033609086,0.0038128189176117196,0.7399075144920679
raspberry_experience7_20260801.csv,arm,3DES,CBC,192,64,100,0.4123969736101742,0.010359006568478183,2.5119016945721393
raspberry_experience7_20260801.csv,arm,3DES,CBC,192,256,100,0.45663495870626664,0.008880311267491068,1.94472873751293
raspberry_experience7_20260801.csv,arm,3DES,CBC,192,1024,100,0.5062531166700885,0.005683871784008062,1.122733193504878
raspberry_experience7_20260801.csv,arm,3DES,CBC,192,4096,100,0.4490110784029804,0.013885507009568601,3.092464234725758
raspberry_experience7_20260801.csv,arm,3DES,CBC,192,16384,100,0.46384392764738785,0.003535664032085954,0.7622529521985573
raspberry_experience7_20260801.csv,arm,3DES,CTR,128,64,100,0.3652152730161214,0.01944943920901233,5.325472576321799
raspberry_experience7_20260801.csv,arm,3DES,CTR,128,256,100,1.0096615896267265,0.06331799580266925,6.27120972543662
raspberry_experience7_20260801.csv,arm,3DES,CTR,128,1024,100,2.0795970238840904,0.0859198368534277,4.131561829846924
raspberry_experience7_20260801.csv,arm,3DES,CTR,128,4096,100,2.771379138823889,0.07169770016254291,2.5870765626449006
raspberry_experience7_20260801.csv,arm,3DES,CTR,128,16384,100,3.0593125518119937,0.03068325167835122,1.0029459611826161
raspberry_experience7_20260801.csv,arm,3DES,CTR,192,64,100,0.3196918534299737,0.014433346438121688,4.514768294301629
raspberry_experience7_20260801.csv,arm,3DES,CTR,192,256,100,0.9379374121188461,0.04520248615863788,4.8193499453789
raspberry_experience7_20260801.csv,arm,3DES,CTR,192,1024,100,1.9994263150009208,0.07781163398439354,3.891698003602484
raspberry_experience7_20260801.csv,arm,3DES,CTR,192,4096,100,2.7606479205979886,0.06091806212825003,2.2066581425948177
raspberry_experience7_20260801.csv,arm,3DES,CTR,192,16384,100,2.999786378732975,0.037616656425114185,1.2539778396154462
raspberry_experience7_20260801.csv,arm,Twofish,ECB,128,64,100,0.9409413218521989,0.07100992947752052,7.54669051389313
raspberry_experience7_20260801.csv,arm,Twofish,ECB,128,256,100,1.2765575605181443,0.01441242043613808,1.1290067038017615
raspberry_experience7_20260801.csv,arm,Twofish,ECB,128,1024,100,1.346974565263851,0.01416886259417879,1.0519027574513506
raspberry_experience7_20260801.csv,arm,Twofish,ECB,128,4096,100,1.3927962456687302,0.006985617690916403,0.5015534549752009
raspberry_experience7_20260801.csv,arm,Twofish,ECB,128,16384,100,1.439904548326411,0.0056528800996604005,0.39258714101783315
raspberry_experience7_20260801.csv,arm,Twofish,ECB,192,64,100,0.9499329167420877,0.03507348969974576,3.6922070055256775
raspberry_experience7_20260801.csv,arm,Twofish,ECB,192,256,100,1.2811193694905891,0.021167631838687934,1.6522763095139847
raspberry_experience7_20260801.csv,arm,Twofish,ECB,192,1024,100,1.3325691212117583,0.018181476436387727,1.3643927468358703
raspberry_experience7_20260801.csv,arm,Twofish,ECB,192,4096,100,1.4327126315446748,0.007294643876477427,0.5091491284342715
raspberry_experience7_20260801.csv,arm,Twofish,ECB,192,16384,100,1.4322944919899232,0.0044029308555217275,0.30740402062180827
raspberry_experience7_20260801.csv,arm,Twofish,ECB,256,64,100,0.9664563056390548,0.02691176695099497,2.7845818578626758
raspberry_experience7_20260801.csv,arm,Twofish,ECB,256,256,100,1.2745620382520706,0.015901157169216376,1.2475781242491075
raspberry_experience7_20260801.csv,arm,Twofish,ECB,256,1024,100,1.3508999772810641,0.015418622459390251,1.1413592951880183
raspberry_experience7_20260801.csv,arm,Twofish,ECB,256,4096,100,1.4125895805529436,0.019229208897077223,1.3612735901357949
raspberry_experience7_20260801.csv,arm,Twofish,ECB,256,16384,100,1.4275683638953038,0.004889164125853759,0.3424819608997951
raspberry_experience7_20260801.csv,arm,Twofish,CBC,128,64,100,0.5996731232718379,0.01729735205358222,2.884463448888163
raspberry_experience7_20260801.csv,arm,Twofish,CBC,128,256,100,0.7786591952578387,0.014773845535230761,1.8973442585929616
raspberry_experience7_20260801.csv,arm,Twofish,CBC,128,1024,100,0.8343120031169868,0.006564517951417534,0.7868181120363267
raspberry_experience7_20260801.csv,arm,Twofish,CBC,128,4096,100,0.8665450116193777,0.0036212024192212346,0.4178897080549828
raspberry_experience7_20260801.csv,arm,Twofish,CBC,128,16384,100,0.8717667557487855,0.0056446163197995,0.6474915776010726
raspberry_experience7_20260801.csv,arm,Twofish,CBC,192,64,100,0.59111868843359,0.01749069803569497,2.9589147455384484
raspberry_experience7_20260801.csv,arm,Twofish,CBC,192,256,100,0.7663467263871576,0.01473669431101532,1.9229800041672462
raspberry_experience7_20260801.csv,arm,Twofish,CBC,192,1024,100,0.8138938769993012,0.010086490046459767,1.239288110096991
raspberry_experience7_20260801.csv,arm,Twofish,CBC,192,4096,100,0.8361344828485705,0.007899687358164695,0.9447866964237356
raspberry_experience7_20260801.csv,arm,Twofish,CBC,192,16384,100,0.7720160034352523,0.018864877326173035,2.4435863041996124
raspberry_experience7_20260801.csv,arm,Twofish,CBC,256,64,100,0.5315119671681406,0.042029599802458704,7.907554749216566
raspberry_experience7_20260801.csv,arm,Twofish,CBC,256,256,100,0.6667678577873408,0.016850480287325127,2.5271884495517214
raspberry_experience7_20260801.csv,arm,Twofish,CBC,256,1024,100,0.6866333522494911,0.013097970547539538,1.9075639866063971
raspberry_experience7_20260801.csv,arm,Twofish,CBC,256,4096,100,0.8186425873329621,0.00909833277900706,1.111392556383894
raspberry_experience7_20260801.csv,arm,Twofish,CBC,256,16384,100,0.8401611319690307,0.00919953400343885,1.0949725776861996
raspberry_experience7_20260801.csv,arm,Twofish,CTR,128,64,100,0.6676292813578785,0.08073541768021045,12.092851517237863
raspberry_experience7_20260801.csv,arm,Twofish,CTR,128,256,100,0.8548417836585909,0.04274770118350993,5.0006564958203565
raspberry_experience7_20260801.csv,arm,Twofish,CTR,128,1024,100,1.023629678420591,0.01773278752572456,1.7323440204552645
raspberry_experience7_20260801.csv,arm,Twofish,CTR,128,4096,100,1.0718483145762294,0.006426039609132547,0.5995288252772197
raspberry_experience7_20260801.csv,arm,Twofish,CTR,128,16384,100,1.1220672236335263,0.0033083710679140373,0.2948460661029495
raspberry_experience7_20260801.csv,arm,Twofish,CTR,192,64,100,0.749119325280514,0.026568564948077644,3.5466399078850124
raspberry_experience7_20260801.csv,arm,Twofish,CTR,192,256,100,0.8925033892092832,0.028119555990795953,3.150638566841587
raspberry_experience7_20260801.csv,arm,Twofish,CTR,192,1024,100,0.8288213343262325,0.020443187314234588,2.466537294295557
raspberry_experience7_20260801.csv,arm,Twofish,CTR,192,4096,100,1.0951072400002284,0.010522293562176595,0.9608459498609836
raspberry_experience7_20260801.csv,arm,Twofish,CTR,192,16384,100,1.1134040179342954,0.002498513461495175,0.22440312961423298
raspberry_experience7_20260801.csv,arm,Twofish,CTR,256,64,100,0.8228837571673304,0.020785419569976364,2.525924152583525
raspberry_experience7_20260801.csv,arm,Twofish,CTR,256,256,100,1.0064028682697037,0.01840177500090105,1.8284700472425122
raspberry_experience7_20260801.csv,arm,Twofish,CTR,256,1024,100,1.059067926569969,0.015512738247373143,1.464753851777445
raspberry_experience7_20260801.csv,arm,Twofish,CTR,256,4096,100,1.0540163826856455,0.013599049844492464,1.2902123788476545
raspberry_experience7_20260801.csv,arm,Twofish,CTR,256,16384,100,1.0807603837457525,0.00843033822908777,0.7800376804957904
raspberry_experience7_20260801.csv,arm,ChaCha20,Stream,256,64,100,2.2324228942842357,0.21768433185776198,9.751034735179797
raspberry_experience7_20260801.csv,arm,ChaCha20,Stream,256,256,100,8.835466007522855,0.18723543669138976,2.1191348201891143
raspberry_experience7_20260801.csv,arm,ChaCha20,Stream,256,1024,100,27.308695449330834,0.8652158733150264,3.168279769791154
raspberry_experience7_20260801.csv,arm,ChaCha20,Stream,256,4096,100,64.06723841610034,1.8605273716116741,2.9040230507955163
raspberry_experience7_20260801.csv,arm,ChaCha20,Stream,256,16384,100,87.43307243918443,3.1679240504742707,3.623256008391761
raspberry_experience8_20260801.csv,arm,AES,ECB,128,64,100,0.7314811901291665,0.5995229012670186,81.96012547652163
raspberry_experience8_20260801.csv,arm,AES,ECB,128,256,100,4.578213002091753,0.6317670026156739,13.799423537677779
raspberry_experience8_20260801.csv,arm,AES,ECB,128,1024,100,16.629343154300834,1.733407153446802,10.423786059153468
raspberry_experience8_20260801.csv,arm,AES,ECB,128,4096,100,32.57854798483647,3.728859812777052,11.445752016058641
raspberry_experience8_20260801.csv,arm,AES,ECB,128,16384,100,42.46733330932386,3.345168655775707,7.877039585721439
raspberry_experience8_20260801.csv,arm,AES,ECB,192,64,100,1.544472423699972,0.13411617835277917,8.683624019099513
raspberry_experience8_20260801.csv,arm,AES,ECB,192,256,100,5.345524288080271,0.5790127372136811,10.831729611720107
raspberry_experience8_20260801.csv,arm,AES,ECB,192,1024,100,17.801016146768607,0.6917218631995501,3.885856051678923
raspberry_experience8_20260801.csv,arm,AES,ECB,192,4096,100,32.727050321979945,1.6297586052354038,4.979851802106452
raspberry_experience8_20260801.csv,arm,AES,ECB,192,16384,100,40.514421400853735,2.384951671250053,5.886673408594689
raspberry_experience8_20260801.csv,arm,AES,ECB,256,64,100,1.4038602845277364,0.30831012882764425,21.961596337299397
raspberry_experience8_20260801.csv,arm,AES,ECB,256,256,100,5.626744668527492,0.27716204406585965,4.925797426283293
raspberry_experience8_20260801.csv,arm,AES,ECB,256,1024,100,16.30247613797489,0.802604834636514,4.923208154661434
raspberry_experience8_20260801.csv,arm,AES,ECB,256,4096,100,34.30225287577408,1.5172881154344577,4.423289983107904
raspberry_experience8_20260801.csv,arm,AES,ECB,256,16384,100,38.07040429672031,1.9189327404616816,5.0404842709458535
raspberry_experience8_20260801.csv,arm,AES,CBC,128,64,100,0.24082341731003137,0.015065996228204342,6.256034565280117
raspberry_experience8_20260801.csv,arm,AES,CBC,128,256,100,0.3146384176029396,0.006646686882124784,2.112484207352143
raspberry_experience8_20260801.csv,arm,AES,CBC,128,1024,100,0.3472798317800734,0.005478171590901906,1.57745169445116
raspberry_experience8_20260801.csv,arm,AES,CBC,128,4096,100,0.3592569777889304,0.002318712474385182,0.6454189111804712
raspberry_experience8_20260801.csv,arm,AES,CBC,128,16384,100,0.3711842511092916,0.0011294877212856167,0.3042930075589468
raspberry_experience8_20260801.csv,arm,AES,CBC,192,64,100,0.23780787731269656,0.00803128059461192,3.377213860771941
raspberry_experience8_20260801.csv,arm,AES,CBC,192,256,100,0.328563718875667,0.006846303493947067,2.083706477810413
raspberry_experience8_20260801.csv,arm,AES,CBC,192,1024,100,0.24733925583039626,0.0167207450219994,6.7602471616818605
raspberry_experience8_20260801.csv,arm,AES,CBC,192,4096,100,0.3964476238742089,0.0015492864664811516,0.39079221899252287
raspberry_experience8_20260801.csv,arm,AES,CBC,192,16384,100,0.40127015077060985,0.00030691603048908957,0.07648613531300046
raspberry_experience8_20260801.csv,arm,AES,CBC,256,64,100,0.29080039802244734,0.005884823671764959,2.023664242478341
raspberry_experience8_20260801.csv,arm,AES,CBC,256,256,100,0.3618995181587618,0.0035867098717450854,0.9910789298624131
raspberry_experience8_20260801.csv,arm,AES,CBC,256,1024,100,0.38815966598841867,0.0018458810003093768,0.47554683344262033
raspberry_experience8_20260801.csv,arm,AES,CBC,256,4096,100,0.3975495599790247,0.0006064312743179559,0.15254230802065333
raspberry_experience8_20260801.csv,arm,AES,CBC,256,16384,100,0.39848964960556277,0.00032930081779363135,0.08263723238974546
raspberry_experience8_20260801.csv,arm,AES,CTR,128,64,100,0.9942075365459114,0.08460020720093836,8.509310590710012
raspberry_experience8_20260801.csv,arm,AES,CTR,128,256,100,2.354557456441505,0.09521223616472134,4.043742313624307
raspberry_experience8_20260801.csv,arm,AES,CTR,128,1024,100,3.5089896971631256,0.15008944684702757,4.2772837711198965
raspberry_experience8_20260801.csv,arm,AES,CTR,128,4096,100,4.355330137549496,0.10039229438272661,2.3050444217120085
raspberry_experience8_20260801.csv,arm,AES,CTR,128,16384,100,4.60178722164285,0.0387067858301648,0.8411250665420027
raspberry_experience8_20260801.csv,arm,AES,CTR,192,64,100,1.0205494894120746,0.039262142006414126,3.8471570868192333
raspberry_experience8_20260801.csv,arm,AES,CTR,192,256,100,2.378754146628117,0.058453409871706184,2.457311948549364
raspberry_experience8_20260801.csv,arm,AES,CTR,192,1024,100,3.5123376772503234,0.15359791857302266,4.373096572345193
raspberry_experience8_20260801.csv,arm,AES,CTR,192,4096,100,4.401492314674218,0.09553563795814417,2.170528337392209
raspberry_experience8_20260801.csv,arm,AES,CTR,192,16384,100,4.577718397926675,0.03862275885421755,0.8437119869957586
raspberry_experience8_20260801.csv,arm,AES,CTR,256,64,100,1.0338671950018048,0.03207867075125319,3.1027844684826458
raspberry_experience8_20260801.csv,arm,AES,CTR,256,256,100,2.34013099636241,0.0638125972274359,2.726881415041665
raspberry_experience8_20260801.csv,arm,AES,CTR,256,1024,100,3.42612815964466,0.14445441096916528,4.21625824365389
raspberry_experience8_20260801.csv,arm,AES,CTR,256,4096,100,4.4495276227695335,0.07567840752047421,1.7008189168936871
raspberry_experience8_20260801.csv,arm,AES,CTR,256,16384,100,4.546786744054787,0.03491799272418901,0.7679707602263622
raspberry_experience8_20260801.csv,arm,AES,GCM,128,64,100,0.20392543597062965,0.10889932061152285,53.401538701237385
raspberry_experience8_20260801.csv,arm,AES,GCM,128,256,100,1.1467193714048138,0.04365274340037174,3.8067503252250794
raspberry_experience8_20260801.csv,arm,AES,GCM,128,1024,100,4.093775540905031,0.17060790308308352,4.167495295684101
raspberry_experience8_20260801.csv,arm,AES,GCM,128,4096,100,11.602793652887533,0.42056607511376365,3.6246966695740497
raspberry_experience8_20260801.csv,arm,AES,GCM,128,16384,100,20.21633954589949,0.6392917373643974,3.162252671473684
raspberry_experience8_20260801.csv,arm,AES,GCM,192,64,100,0.29678374597058266,0.012291661546028218,4.141622212439684
raspberry_experience8_20260801.csv,arm,AES,GCM,192,256,100,1.081209957352553,0.0517282417439028,4.784292023222242
raspberry_experience8_20260801.csv,arm,AES,GCM,192,1024,100,4.0525945382055095,0.15156942500814855,3.7400589567804023
raspberry_experience8_20260801.csv,arm,AES,GCM,192,4096,100,10.647779126812702,0.5093841116906705,4.7839470149034655
raspberry_experience8_20260801.csv,arm,AES,GCM,192,16384,100,19.807981866836734,0.5803247205882033,2.9297518772460345
raspberry_experience8_20260801.csv,arm,AES,GCM,256,64,100,0.28624280882650677,0.012284448911348977,4.291618350766899
raspberry_experience8_20260801.csv,arm,AES,GCM,256,256,100,1.0903260275086575,0.055577655520531274,5.0973428239187815
raspberry_experience8_20260801.csv,arm,AES,GCM,256,1024,100,3.7632905694117427,0.18398719896518878,4.888997954626412
raspberry_experience8_20260801.csv,arm,AES,GCM,256,4096,100,10.490850406880913,0.5667576705447229,5.402399696529735
raspberry_experience8_20260801.csv,arm,AES,GCM,256,16384,100,19.081082425198773,0.5330882958209168,2.793805319539483
raspberry_experience8_20260801.csv,arm,DES,ECB,64,64,100,1.081960898940847,0.10085547774104427,9.321545523481829
raspberry_experience8_20260801.csv,arm,DES,ECB,64,256,100,4.068303210441923,0.24518437288468267,6.026698606322642
raspberry_experience8_20260801.csv,arm,DES,ECB,64,1024,100,11.980236387538886,0.6123206704596592,5.111090054087397
raspberry_experience8_20260801.csv,arm,DES,ECB,64,4096,100,23.503051891010593,0.7362545001903257,3.1325910507474437
raspberry_experience8_20260801.csv,arm,DES,ECB,64,16384,100,30.80451921519324,1.0719106652041908,3.479718861106291
raspberry_experience8_20260801.csv,arm,DES,CBC,64,64,100,0.1273016941515454,0.0029139121103286024,2.2889814073171375
raspberry_experience8_20260801.csv,arm,DES,CBC,64,256,100,0.15217248067639752,0.0013425515224781796,0.8822564477562691
raspberry_experience8_20260801.csv,arm,DES,CBC,64,1024,100,0.1560945423241375,0.0006421720872436678,0.4113994491301098
raspberry_experience8_20260801.csv,arm,DES,CBC,64,4096,100,0.15794954142525938,0.0003083524280047859,0.19522211031596826
raspberry_experience8_20260801.csv,arm,DES,CBC,64,16384,100,0.16154840003104623,0.00035733094312849327,0.22119126098421385
raspberry_experience8_20260801.csv,arm,DES,CTR,64,64,100,0.8092357279596644,0.022056262659620775,2.7255670872604068
raspberry_experience8_20260801.csv,arm,DES,CTR,64,256,100,1.899622660002018,0.05308860551399044,2.7946921581749313
raspberry_experience8_20260801.csv,arm,DES,CTR,64,1024,100,3.0831632995439846,0.11066414984760509,3.589305498802897
raspberry_experience8_20260801.csv,arm,DES,CTR,64,4096,100,3.689675075864285,0.05281431940411228,1.431408411802788
raspberry_experience8_20260801.csv,arm,DES,CTR,64,16384,100,3.7900061803850886,0.019814973797986576,0.5228216750816288
raspberry_experience8_20260801.csv,arm,3DES,ECB,128,64,100,0.45236056413933207,0.010884382495691139,2.406129835035449
raspberry_experience8_20260801.csv,arm,3DES,ECB,128,256,100,1.6045761457691825,0.0628390038675471,3.916236947260866
raspberry_experience8_20260801.csv,arm,3DES,ECB,128,1024,100,4.594367539629534,0.15624130708258518,3.400714151292817
raspberry_experience8_20260801.csv,arm,3DES,ECB,128,4096,100,8.728148013437082,0.3164969958476994,3.626164397767416
raspberry_experience8_20260801.csv,arm,3DES,ECB,128,16384,100,11.922425443562163,0.17634434687843054,1.4790979210832678
raspberry_experience8_20260801.csv,arm,3DES,ECB,192,64,100,0.3783019442532389,0.015221555764620958,4.023652533604613
raspberry_experience8_20260801.csv,arm,3DES,ECB,192,256,100,1.3713728422274032,0.043286813557361144,3.1564584206767643
raspberry_experience8_20260801.csv,arm,3DES,ECB,192,1024,100,4.0365893719447286,0.18437306546004711,4.56754572911192
raspberry_experience8_20260801.csv,arm,3DES,ECB,192,4096,100,8.337974849997417,0.29205550103766525,3.502715063211731
raspberry_experience8_20260801.csv,arm,3DES,ECB,192,16384,100,11.727005430313152,0.1726189774497395,1.4719783194057068
raspberry_experience8_20260801.csv,arm,3DES,CBC,128,64,100,0.42379692081275205,0.008550059684512255,2.017489808117309
raspberry_experience8_20260801.csv,arm,3DES,CBC,128,256,100,0.4993311895216513,0.008189539564512864,1.6401017473709725
raspberry_experience8_20260801.csv,arm,3DES,CBC,128,1024,100,0.5297484516639708,0.0038440427302109136,0.7256354819228922
raspberry_experience8_20260801.csv,arm,3DES,CBC,128,4096,100,0.5448629556855579,0.0014861644865605769,0.2727593188438832
raspberry_experience8_20260801.csv,arm,3DES,CBC,128,16384,100,0.5414461698900199,0.000866560471920976,0.1600455447116736
raspberry_experience8_20260801.csv,arm,3DES,CBC,192,64,100,0.4262899595190362,0.009410156104064453,2.207454314589419
raspberry_experience8_20260801.csv,arm,3DES,CBC,192,256,100,0.5030155824338756,0.00919229131223952,1.8274366904822283
raspberry_experience8_20260801.csv,arm,3DES,CBC,192,1024,100,0.5310401862847403,0.003425364370315362,0.6450292197808744
raspberry_experience8_20260801.csv,arm,3DES,CBC,192,4096,100,0.5445210647339485,0.001696246997319115,0.3115117315338199
raspberry_experience8_20260801.csv,arm,3DES,CBC,192,16384,100,0.5214220974417159,0.008077140951661703,1.5490599633753648
raspberry_experience8_20260801.csv,arm,3DES,CTR,128,64,100,0.23134072764392882,0.023796087153130394,10.286164219971011
raspberry_experience8_20260801.csv,arm,3DES,CTR,128,256,100,0.6269996091096017,0.031130654127077113,4.965019702529889
raspberry_experience8_20260801.csv,arm,3DES,CTR,128,1024,100,1.3290617993164926,0.058205146379891215,4.3794160971163905
raspberry_experience8_20260801.csv,arm,3DES,CTR,128,4096,100,2.0638370408175164,0.0709939576991217,3.439901324331302
raspberry_experience8_20260801.csv,arm,3DES,CTR,128,16384,100,2.5940758800976993,0.03557583828412593,1.3714262777381074
raspberry_experience8_20260801.csv,arm,3DES,CTR,192,64,100,0.1815781063619539,0.012133201500853522,6.6820839494093285
raspberry_experience8_20260801.csv,arm,3DES,CTR,192,256,100,0.6284556089023869,0.055988005882073234,8.90882428113859
raspberry_experience8_20260801.csv,arm,3DES,CTR,192,1024,100,1.176223002412346,0.06869451068665186,5.840262479628823
raspberry_experience8_20260801.csv,arm,3DES,CTR,192,4096,100,1.4960600967721527,0.1523107429879156,10.180790418549094
raspberry_experience8_20260801.csv,arm,3DES,CTR,192,16384,100,2.689527787126336,0.055766796858777126,2.073479111303845
raspberry_experience8_20260801.csv,arm,Twofish,ECB,128,64,100,0.9675121591876394,0.04667018180451786,4.823730778092127
raspberry_experience8_20260801.csv,arm,Twofish,ECB,128,256,100,1.2372217049307899,0.021550691385497926,1.7418617293578333
raspberry_experience8_20260801.csv,arm,Twofish,ECB,128,1024,100,1.3060928293770437,0.021481329496397007,1.64470158730163
raspberry_experience8_20260801.csv,arm,Twofish,ECB,128,4096,100,1.4126755576148855,0.008423815809984579,0.5963022269746826
raspberry_experience8_20260801.csv,arm,Twofish,ECB,128,16384,100,1.4582467016207752,0.003205238754173871,0.21980085746886266
raspberry_experience8_20260801.csv,arm,Twofish,ECB,192,64,100,0.9752852665955832,0.02240998824619659,2.2977880435354954
raspberry_experience8_20260801.csv,arm,Twofish,ECB,192,256,100,1.3063674519720354,0.01324809674834738,1.0141171787729883
raspberry_experience8_20260801.csv,arm,Twofish,ECB,192,1024,100,1.3359736904850974,0.013766561922754406,1.0304515740692253
raspberry_experience8_20260801.csv,arm,Twofish,ECB,192,4096,100,1.439796037660849,0.0066500106630883165,0.4618717157947034
raspberry_experience8_20260801.csv,arm,Twofish,ECB,192,16384,100,1.4414696967817215,0.0030920640703670814,0.21450774007046683
raspberry_experience8_20260801.csv,arm,Twofish,ECB,256,64,100,0.9806826223271833,0.02792796221674799,2.8478084123153184
raspberry_experience8_20260801.csv,arm,Twofish,ECB,256,256,100,1.2576600957882378,0.027539448424115515,2.1897369978058485
raspberry_experience8_20260801.csv,arm,Twofish,ECB,256,1024,100,1.364959443900098,0.014302550713854436,1.0478370458383557
raspberry_experience8_20260801.csv,arm,Twofish,ECB,256,4096,100,1.4177448843961802,0.008495760090219347,0.5992446302380915
raspberry_experience8_20260801.csv,arm,Twofish,ECB,256,16384,100,1.444420273397073,0.0031344001117285885,0.2170005620564243
raspberry_experience8_20260801.csv,arm,Twofish,CBC,128,64,100,0.6135599287082512,0.01660919298142374,2.7070204888366236
raspberry_experience8_20260801.csv,arm,Twofish,CBC,128,256,100,0.7852872055318284,0.011447844750798837,1.4577908146416179
raspberry_experience8_20260801.csv,arm,Twofish,CBC,128,1024,100,0.8490358469472905,0.006694090553122233,0.7884343843891685
raspberry_experience8_20260801.csv,arm,Twofish,CBC,128,4096,100,0.8774946780610575,0.0028388659773839215,0.32351945240930435
raspberry_experience8_20260801.csv,arm,Twofish,CBC,128,16384,100,0.8945381999321275,0.001744982220133377,0.19507073261553015
raspberry_experience8_20260801.csv,arm,Twofish,CBC,192,64,100,0.6102301268101746,0.01747105310792252,2.86302696971847
raspberry_experience8_20260801.csv,arm,Twofish,CBC,192,256,100,0.7917848174005807,0.012104765588025989,1.528794859664748
raspberry_experience8_20260801.csv,arm,Twofish,CBC,192,1024,100,0.8422790247795495,0.006679380530729279,0.7930128062345467
raspberry_experience8_20260801.csv,arm,Twofish,CBC,192,4096,100,0.8859135107126963,0.0037760169668589914,0.4262286240359147
raspberry_experience8_20260801.csv,arm,Twofish,CBC,192,16384,100,0.8865871031132347,0.0017401783011023297,0.19627832335838463
raspberry_experience8_20260801.csv,arm,Twofish,CBC,256,64,100,0.60777562725689,0.01915873866827928,3.152271629375722
raspberry_experience8_20260801.csv,arm,Twofish,CBC,256,256,100,0.7898871952930959,0.010385064800560045,1.3147528992043678
raspberry_experience8_20260801.csv,arm,Twofish,CBC,256,1024,100,0.8467484443525074,0.006544182673047573,0.7728603124924294
raspberry_experience8_20260801.csv,arm,Twofish,CBC,256,4096,100,0.8756649202627239,0.0031284031514612573,0.3572603034643262
raspberry_experience8_20260801.csv,arm,Twofish,CBC,256,16384,100,0.8915682912253977,0.0016174460657989425,0.1814158356367606
raspberry_experience8_20260801.csv,arm,Twofish,CTR,128,64,100,0.8362266723932777,0.021975679835341433,2.627957294455475
raspberry_experience8_20260801.csv,arm,Twofish,CTR,128,256,100,1.0003985973335348,0.017896412713789157,1.7889282093647776
raspberry_experience8_20260801.csv,arm,Twofish,CTR,128,1024,100,1.0583603452906494,0.020539700360122544,1.9407095562033632
raspberry_experience8_20260801.csv,arm,Twofish,CTR,128,4096,100,1.1055105776294278,0.003679770176601909,0.3328570753698736
raspberry_experience8_20260801.csv,arm,Twofish,CTR,128,16384,100,1.1237098729198924,0.0030138646481990055,0.2682066537662128
raspberry_experience8_20260801.csv,arm,Twofish,CTR,192,64,100,0.8100309035889401,0.04667280513850642,5.761854878834486
raspberry_experience8_20260801.csv,arm,Twofish,CTR,192,256,100,1.0003268241073793,0.02215357178323147,2.214633382744659
raspberry_experience8_20260801.csv,arm,Twofish,CTR,192,1024,100,1.0483580311979075,0.015453083217240319,1.4740272652447595
raspberry_experience8_20260801.csv,arm,Twofish,CTR,192,4096,100,1.1188219436301685,0.005679657075111609,0.50764619941965
raspberry_experience8_20260801.csv,arm,Twofish,CTR,192,16384,100,1.1098003085080883,0.003551439000292021,0.32000702946877385
raspberry_experience8_20260801.csv,arm,Twofish,CTR,256,64,100,0.8296126191810513,0.022695833484787643,2.735714592575959
raspberry_experience8_20260801.csv,arm,Twofish,CTR,256,256,100,1.0014778672809703,0.018839332369276564,1.8811531422482333
raspberry_experience8_20260801.csv,arm,Twofish,CTR,256,1024,100,1.0668062081550735,0.016034716409277405,1.5030580330993497
raspberry_experience8_20260801.csv,arm,Twofish,CTR,256,4096,100,1.1166210773145133,0.005536603996021338,0.4958355263485563
raspberry_experience8_20260801.csv,arm,Twofish,CTR,256,16384,100,1.1248108740310128,0.0028018416864745953,0.24909447011599073
raspberry_experience8_20260801.csv,arm,ChaCha20,Stream,256,64,100,2.206157499542512,0.23967652242877752,10.863980585179386
raspberry_experience8_20260801.csv,arm,ChaCha20,Stream,256,256,100,8.72510400232114,0.21104898274032227,2.418870682620825
raspberry_experience8_20260801.csv,arm,ChaCha20,Stream,256,1024,100,27.834283585167242,0.5870449778997755,2.1090716278130075
raspberry_experience8_20260801.csv,arm,ChaCha20,Stream,256,4096,100,62.98747262674576,2.1618785869755506,3.4322358031199567
raspberry_experience8_20260801.csv,arm,ChaCha20,Stream,256,16384,100,86.15084739614267,3.524016343767864,4.09051849201619
raspberry_experience9_20260801.csv,arm,AES,ECB,128,64,100,1.1158025137386482,0.6027874307177352,54.022770454066624
raspberry_experience9_20260801.csv,arm,AES,ECB,128,256,100,5.767544617847362,0.4644867325580789,8.053457117969218
raspberry_experience9_20260801.csv,arm,AES,ECB,128,1024,100,18.973877181306953,1.3960090867070156,7.3575320076508275
raspberry_experience9_20260801.csv,arm,AES,ECB,128,4096,100,43.15333232636669,2.40607059442495,5.5756310456581835
raspberry_experience9_20260801.csv,arm,AES,ECB,128,16384,100,67.41684826836334,3.545565226123974,5.259167874490803
raspberry_experience9_20260801.csv,arm,AES,ECB,192,64,100,1.6042543516514804,0.07394840640633547,4.609518829118972
raspberry_experience9_20260801.csv,arm,AES,ECB,192,256,100,5.984541442612897,0.16396629246502872,2.73983051228466
raspberry_experience9_20260801.csv,arm,AES,ECB,192,1024,100,18.915233812188372,0.4452945899343817,2.3541585282834205
raspberry_experience9_20260801.csv,arm,AES,ECB,192,4096,100,40.78560622343794,1.304642762427054,3.198782323547579
raspberry_experience9_20260801.csv,arm,AES,ECB,192,16384,100,62.160736640528576,2.314821458126441,3.723928613511935
raspberry_experience9_20260801.csv,arm,AES,ECB,256,64,100,1.5685215159548633,0.057816537628158436,3.686053206159666
raspberry_experience9_20260801.csv,arm,AES,ECB,256,256,100,5.949612535657591,0.13985545976014932,2.350665004182353
raspberry_experience9_20260801.csv,arm,AES,ECB,256,1024,100,18.30800434907785,0.39918683363107366,2.180395121280273
raspberry_experience9_20260801.csv,arm,AES,ECB,256,4096,100,37.497223409318735,1.465878566076636,3.9092989634862905
raspberry_experience9_20260801.csv,arm,AES,ECB,256,16384,100,56.10821096639905,1.8194719575870426,3.2427908968201664
raspberry_experience9_20260801.csv,arm,AES,CBC,128,64,100,0.2815662408206014,0.006255009438637678,2.2215054689823517
raspberry_experience9_20260801.csv,arm,AES,CBC,128,256,100,0.36093497411938197,0.0034902360344671313,0.9669985689202591
raspberry_experience9_20260801.csv,arm,AES,CBC,128,1024,100,0.38664288297534966,0.0017665562256602557,0.45689609286636795
raspberry_experience9_20260801.csv,arm,AES,CBC,128,4096,100,0.39506586786463954,0.0007390559829200517,0.1870715855345096
raspberry_experience9_20260801.csv,arm,AES,CBC,128,16384,100,0.39613529373079687,0.0003972191189524336,0.10027359976219974
raspberry_experience9_20260801.csv,arm,AES,CBC,192,64,100,0.29000069727161537,0.005135867308459012,1.7709844689265513
raspberry_experience9_20260801.csv,arm,AES,CBC,192,256,100,0.3640212170098942,0.0027183238399287146,0.7467487368613543
raspberry_experience9_20260801.csv,arm,AES,CBC,192,1024,100,0.3851478372585603,0.001277110315991386,0.33158963713303335
raspberry_experience9_20260801.csv,arm,AES,CBC,192,4096,100,0.3941036055245889,0.0006626406096272321,0.16813868240185098
raspberry_experience9_20260801.csv,arm,AES,CBC,192,16384,100,0.3951125622432928,0.00040436397770023623,0.10234146325401998
raspberry_experience9_20260801.csv,arm,AES,CBC,256,64,100,0.28734028259484495,0.0047458722260628125,1.6516557244271173
raspberry_experience9_20260801.csv,arm,AES,CBC,256,256,100,0.36079284104003895,0.0037622802453768566,1.0427812909290342
raspberry_experience9_20260801.csv,arm,AES,CBC,256,1024,100,0.3837919889237426,0.0013449068308615637,0.3504259780494765
raspberry_experience9_20260801.csv,arm,AES,CBC,256,4096,100,0.3920606102981065,0.0005178189890456408,0.13207625949771207
raspberry_experience9_20260801.csv,arm,AES,CBC,256,16384,100,0.39276242795954247,0.00030862273334593784,0.07857745837586286
raspberry_experience9_20260801.csv,arm,AES,CTR,128,64,100,0.9769206002939874,0.08394385228513801,8.592699576595738
raspberry_experience9_20260801.csv,arm,AES,CTR,128,256,100,2.274854803149469,0.10666098360884105,4.688694129452661
raspberry_experience9_20260801.csv,arm,AES,CTR,128,1024,100,3.6113393608057907,0.12060978938310263,3.3397523005478837
raspberry_experience9_20260801.csv,arm,AES,CTR,128,4096,100,4.387390306109866,0.07517974096696761,1.7135412106434327
raspberry_experience9_20260801.csv,arm,AES,CTR,128,16384,100,4.193099068656159,0.03516178367243256,0.838563150946527
raspberry_experience9_20260801.csv,arm,AES,CTR,192,64,100,1.0011537191049351,0.030766774200163625,3.0731318890439874
raspberry_experience9_20260801.csv,arm,AES,CTR,192,256,100,2.199222383486113,0.06495717261029797,2.95364275564214
raspberry_experience9_20260801.csv,arm,AES,CTR,192,1024,100,3.23524793185919,0.10238091387336148,3.1645461500852132
raspberry_experience9_20260801.csv,arm,AES,CTR,192,4096,100,4.071980926701757,0.06310554549581082,1.549750517788534
raspberry_experience9_20260801.csv,arm,AES,CTR,192,16384,100,4.155368938758068,0.03277353635486553,0.7887034060725471
raspberry_experience9_20260801.csv,arm,AES,CTR,256,64,100,0.9939130412436847,0.029765114007890774,2.9947402612451537
raspberry_experience9_20260801.csv,arm,AES,CTR,256,256,100,2.19534792342371,0.054003497223885186,2.459906088127714
raspberry_experience9_20260801.csv,arm,AES,CTR,256,1024,100,3.3346426329555605,0.10842635996818606,3.2515136373724585
raspberry_experience9_20260801.csv,arm,AES,CTR,256,4096,100,4.035326203748416,0.06521351389447505,1.6160654827334204
raspberry_experience9_20260801.csv,arm,AES,CTR,256,16384,100,4.152634251091043,0.03094415041991306,0.7451691757294288
raspberry_experience9_20260801.csv,arm,AES,GCM,128,64,100,0.20049104575926965,0.1040589698185338,51.90205349294143
raspberry_experience9_20260801.csv,arm,AES,GCM,128,256,100,1.1271984097125614,0.05154407321878133,4.5727595758341435
raspberry_experience9_20260801.csv,arm,AES,GCM,128,1024,100,3.9965609265666524,0.1632714938562106,4.085299757871404
raspberry_experience9_20260801.csv,arm,AES,GCM,128,4096,100,11.522413036941913,0.3853952459752429,3.344744236642363
raspberry_experience9_20260801.csv,arm,AES,GCM,128,16384,100,21.14775705689102,0.5057419568929171,2.3914685398190754
raspberry_experience9_20260801.csv,arm,AES,GCM,192,64,100,0.2930293484595008,0.011109425553257685,3.791233066469826
raspberry_experience9_20260801.csv,arm,AES,GCM,192,256,100,1.1343121533610714,0.04391103001020662,3.8711592642372907
raspberry_experience9_20260801.csv,arm,AES,GCM,192,1024,100,3.9118241928128166,0.18414046298982512,4.707278597237214
raspberry_experience9_20260801.csv,arm,AES,GCM,192,4096,100,11.306315401063538,0.4033093618749478,3.5671157894375582
raspberry_experience9_20260801.csv,arm,AES,GCM,192,16384,100,20.208608715313677,0.449757883983595,2.2255756955835237
raspberry_experience9_20260801.csv,arm,AES,GCM,256,64,100,0.2909957198346722,0.011836022532457743,4.06742152055787
raspberry_experience9_20260801.csv,arm,AES,GCM,256,256,100,1.1401262420434268,0.04277223148437191,3.7515346903788522
raspberry_experience9_20260801.csv,arm,AES,GCM,256,1024,100,3.6902829785658304,0.17957271690917334,4.866096121955434
raspberry_experience9_20260801.csv,arm,AES,GCM,256,4096,100,11.150318684773731,0.3992787804460321,3.580873262315502
raspberry_experience9_20260801.csv,arm,AES,GCM,256,16384,100,19.698770063905283,0.4724107959390878,2.3981740707999935
raspberry_experience9_20260801.csv,arm,DES,ECB,64,64,100,1.071096443542398,0.09705368374881665,9.061152647266251
raspberry_experience9_20260801.csv,arm,DES,ECB,64,256,100,4.080954692104186,0.2536696497490501,6.215938889001857
raspberry_experience9_20260801.csv,arm,DES,ECB,64,1024,100,11.970420916748967,0.5884541648443482,4.915902029986142
raspberry_experience9_20260801.csv,arm,DES,ECB,64,4096,100,23.950161344666142,0.7234976227113187,3.0208465500481747
raspberry_experience9_20260801.csv,arm,DES,ECB,64,16384,100,31.75696501499712,0.7055923773954758,2.2218507878894034
raspberry_experience9_20260801.csv,arm,DES,CBC,64,64,100,0.12990571606174423,0.0021625579604626537,1.6647134752983381
raspberry_experience9_20260801.csv,arm,DES,CBC,64,256,100,0.15234537582790944,0.0011084837953351109,0.7276123671697545
raspberry_experience9_20260801.csv,arm,DES,CBC,64,1024,100,0.15606343926768856,0.0004538664538355128,0.2908217683560185
raspberry_experience9_20260801.csv,arm,DES,CBC,64,4096,100,0.15796490491947976,0.00028991322282955135,0.18353014739402418
raspberry_experience9_20260801.csv,arm,DES,CBC,64,16384,100,0.1615486329831254,0.00028045927172261754,0.1736067130644881
raspberry_experience9_20260801.csv,arm,DES,CTR,64,64,100,0.7979680563682591,0.024490939257972792,3.069162864668648
raspberry_experience9_20260801.csv,arm,DES,CTR,64,256,100,1.8530625856417107,0.04160289644193147,2.2450885773792955
raspberry_experience9_20260801.csv,arm,DES,CTR,64,1024,100,2.937833141726262,0.08910397234874859,3.032982747835412
raspberry_experience9_20260801.csv,arm,DES,CTR,64,4096,100,3.452534703187787,0.05615619774991877,1.626520877489479
raspberry_experience9_20260801.csv,arm,DES,CTR,64,16384,100,3.5703228159377134,0.031045089006066513,0.8695317092192067
raspberry_experience9_20260801.csv,arm,3DES,ECB,128,64,100,0.4437292371512678,0.0140417159950606,3.1644784295053707
raspberry_experience9_20260801.csv,arm,3DES,ECB,128,256,100,1.552391126868459,0.06345929613029805,4.087841976932095
raspberry_experience9_20260801.csv,arm,3DES,ECB,128,1024,100,4.3527535434490545,0.20797823230379628,4.778084268446716
raspberry_experience9_20260801.csv,arm,3DES,ECB,128,4096,100,8.714382853930765,0.31449121401561553,3.608875341915453
raspberry_experience9_20260801.csv,arm,3DES,ECB,128,16384,100,10.97590212418347,0.1413103172376293,1.2874597061710022
raspberry_experience9_20260801.csv,arm,3DES,ECB,192,64,100,0.3751765387209574,0.013777751814237682,3.672338324034987
raspberry_experience9_20260801.csv,arm,3DES,ECB,192,256,100,1.3690140277957548,0.049327818147181075,3.6031638205054515
raspberry_experience9_20260801.csv,arm,3DES,ECB,192,1024,100,3.97371623071549,0.1918491745102645,4.827953567175606
raspberry_experience9_20260801.csv,arm,3DES,ECB,192,4096,100,7.762548158490052,0.9068444669967597,11.682303909508454
raspberry_experience9_20260801.csv,arm,3DES,ECB,192,16384,100,10.8336594178899,0.10895012024425124,1.0056631470649624
raspberry_experience9_20260801.csv,arm,3DES,CBC,128,64,100,0.414642528284698,0.008780907127285176,2.1177053795253995
raspberry_experience9_20260801.csv,arm,3DES,CBC,128,256,100,0.4894355249414198,0.007211000056497406,1.4733299258079982
raspberry_experience9_20260801.csv,arm,3DES,CBC,128,1024,100,0.5163174392704105,0.0036918101126487773,0.7150271968085254
raspberry_experience9_20260801.csv,arm,3DES,CBC,128,4096,100,0.5319340733043243,0.0016600664036909574,0.312081230927506
raspberry_experience9_20260801.csv,arm,3DES,CBC,128,16384,100,0.5337182052455067,0.0009634572138212391,0.18051795954347394
raspberry_experience9_20260801.csv,arm,3DES,CBC,192,64,100,0.41250402895551214,0.010065686421246325,2.440142571875799
raspberry_experience9_20260801.csv,arm,3DES,CBC,192,256,100,0.48805423642341506,0.008265564598033405,1.693575013016085
raspberry_experience9_20260801.csv,arm,3DES,CBC,192,1024,100,0.5182522381815301,0.0031854364443001048,0.6146498190682836
raspberry_experience9_20260801.csv,arm,3DES,CBC,192,4096,100,0.5241865237741805,0.0019771637077370834,0.3771870542381294
raspberry_experience9_20260801.csv,arm,3DES,CBC,192,16384,100,0.5327380209217392,0.0008320166264373394,0.15617744440274617
raspberry_experience9_20260801.csv,arm,3DES,CTR,128,64,100,0.37734597191585956,0.015896192950363534,4.21263088344509
raspberry_experience9_20260801.csv,arm,3DES,CTR,128,256,100,1.0172988913212138,0.05891886077138373,5.79169615479115
raspberry_experience9_20260801.csv,arm,3DES,CTR,128,1024,100,2.1808530808433604,0.06636034993647691,3.0428620120899943
raspberry_experience9_20260801.csv,arm,3DES,CTR,128,4096,100,2.7719529412143076,0.05184106855314109,1.8702001676273445
raspberry_experience9_20260801.csv,arm,3DES,CTR,128,16384,100,3.0263317669848977,0.018086484171223667,0.5976371912866328
raspberry_experience9_20260801.csv,arm,3DES,CTR,192,64,100,0.31913067969671,0.013105218678171313,4.1065367612496635
raspberry_experience9_20260801.csv,arm,3DES,CTR,192,256,100,0.9303691152262117,0.0458983594116032,4.93334942663519
raspberry_experience9_20260801.csv,arm,3DES,CTR,192,1024,100,1.9679503572018147,0.08101249143525885,4.116592226973079
raspberry_experience9_20260801.csv,arm,3DES,CTR,192,4096,100,2.7807728060542045,0.05174125087213709,1.8606788285431946
raspberry_experience9_20260801.csv,arm,3DES,CTR,192,16384,100,3.024853343066068,0.020789027867183073,0.6872739108108556
raspberry_experience9_20260801.csv,arm,Twofish,ECB,128,64,100,0.9409941264342568,0.05914057018619029,6.284903223603934
raspberry_experience9_20260801.csv,arm,Twofish,ECB,128,256,100,1.280467874571584,0.01405562322711385,1.0976943276938165
raspberry_experience9_20260801.csv,arm,Twofish,ECB,128,1024,100,1.35257624912484,0.015911585588081527,1.1763910240459146
raspberry_experience9_20260801.csv,arm,Twofish,ECB,128,4096,100,1.4128157231226706,0.005631559290731499,0.39860536647230727
raspberry_experience9_20260801.csv,arm,Twofish,ECB,128,16384,100,1.4373830922332687,0.007593364518778541,0.5282770167402412
raspberry_experience9_20260801.csv,arm,Twofish,ECB,192,64,100,0.9682221568292256,0.018506498566543402,1.9113896987391052
raspberry_experience9_20260801.csv,arm,Twofish,ECB,192,256,100,1.2844950677513323,0.020363259147933105,1.5853123658607355
raspberry_experience9_20260801.csv,arm,Twofish,ECB,192,1024,100,1.3553174938145571,0.012168995530055174,0.8978704684026022
raspberry_experience9_20260801.csv,arm,Twofish,ECB,192,4096,100,1.4292972698284454,0.006079366448272669,0.42533954108807326
raspberry_experience9_20260801.csv,arm,Twofish,ECB,192,16384,100,1.4396605463797172,0.003836334781086957,0.2664749541643066
raspberry_experience9_20260801.csv,arm,Twofish,ECB,256,64,100,0.9699351270050837,0.024041080430725278,2.4786276691471216
raspberry_experience9_20260801.csv,arm,Twofish,ECB,256,256,100,1.2643189685863787,0.013766843042076541,1.0888741990060544
raspberry_experience9_20260801.csv,arm,Twofish,ECB,256,1024,100,1.3526798918246628,0.01370740204191619,1.0133515050205961
raspberry_experience9_20260801.csv,arm,Twofish,ECB,256,4096,100,1.4197757429285982,0.0053800684859809595,0.3789379071150625
raspberry_experience9_20260801.csv,arm,Twofish,ECB,256,16384,100,1.4330295201925514,0.00433201303400634,0.3022975432790988
raspberry_experience9_20260801.csv,arm,Twofish,CBC,128,64,100,0.6087861906369496,0.014215570427447529,2.3350678195532533
raspberry_experience9_20260801.csv,arm,Twofish,CBC,128,256,100,0.7814193367131522,0.008354298728297524,1.0691185047247258
raspberry_experience9_20260801.csv,arm,Twofish,CBC,128,1024,100,0.8379242105867547,0.007488026745936527,0.8936400991078958
raspberry_experience9_20260801.csv,arm,Twofish,CBC,128,4096,100,0.8768815279216393,0.002659381417164187,0.3032771625908668
raspberry_experience9_20260801.csv,arm,Twofish,CBC,128,16384,100,0.8922370768370439,0.0013064005508662568,0.14641854556161363
raspberry_experience9_20260801.csv,arm,Twofish,CBC,192,64,100,0.6084332334618168,0.012723733251957331,2.091229168985857
raspberry_experience9_20260801.csv,arm,Twofish,CBC,192,256,100,0.7919579043986188,0.00955590833249469,1.2066182153647504
raspberry_experience9_20260801.csv,arm,Twofish,CBC,192,1024,100,0.8444970748003726,0.005980992822990211,0.7082313250645699
raspberry_experience9_20260801.csv,arm,Twofish,CBC,192,4096,100,0.8743909552191697,0.008373038222980956,0.9575851823492638
raspberry_experience9_20260801.csv,arm,Twofish,CBC,192,16384,100,0.8855364971407632,0.0015069542323288042,0.17017415286602938
raspberry_experience9_20260801.csv,arm,Twofish,CBC,256,64,100,0.6075771827396768,0.011557746577693035,1.9022680419921365
raspberry_experience9_20260801.csv,arm,Twofish,CBC,256,256,100,0.7805411188117622,0.00842712636279425,1.0796518158611657
raspberry_experience9_20260801.csv,arm,Twofish,CBC,256,1024,100,0.839401586314732,0.005851153410638007,0.6970624675998799
raspberry_experience9_20260801.csv,arm,Twofish,CBC,256,4096,100,0.8720761502434531,0.0031427567125010478,0.36037640882894234
raspberry_experience9_20260801.csv,arm,Twofish,CBC,256,16384,100,0.8828169668913849,0.0020696156123277674,0.23443314865315645
raspberry_experience9_20260801.csv,arm,Twofish,CTR,128,64,100,0.8246767100439991,0.021722565254112234,2.634070416873209
raspberry_experience9_20260801.csv,arm,Twofish,CTR,128,256,100,1.0060660301090918,0.015896820793499883,1.580097162387654
raspberry_experience9_20260801.csv,arm,Twofish,CTR,128,1024,100,1.0537871067847704,0.013690303922156538,1.2991527258221331
raspberry_experience9_20260801.csv,arm,Twofish,CTR,128,4096,100,1.1008683610225523,0.0054756450816607575,0.4973932647655212
raspberry_experience9_20260801.csv,arm,Twofish,CTR,128,16384,100,1.1172940131804605,0.002700480859693713,0.24169832003364927
raspberry_experience9_20260801.csv,arm,Twofish,CTR,192,64,100,0.8317282673030784,0.021736168019392134,2.6133737271997233
raspberry_experience9_20260801.csv,arm,Twofish,CTR,192,256,100,1.006537218576093,0.020678293492190535,2.0543992920046485
raspberry_experience9_20260801.csv,arm,Twofish,CTR,192,1024,100,1.0444150881488619,0.013659696437795337,1.3078800366630094
raspberry_experience9_20260801.csv,arm,Twofish,CTR,192,4096,100,1.102234331482065,0.00612964646275086,0.55611100903643
raspberry_experience9_20260801.csv,arm,Twofish,CTR,192,16384,100,1.107877687849078,0.0023577467063071412,0.21281651685617556
raspberry_experience9_20260801.csv,arm,Twofish,CTR,256,64,100,0.8196054363582604,0.019756830987738287,2.4105295196092764
raspberry_experience9_20260801.csv,arm,Twofish,CTR,256,256,100,0.9980373902169396,0.021179087391357102,2.1220735414284913
raspberry_experience9_20260801.csv,arm,Twofish,CTR,256,1024,100,1.0600471837871217,0.01566187627316403,1.4774697308482492
raspberry_experience9_20260801.csv,arm,Twofish,CTR,256,4096,100,1.1039904890395122,0.005677054859917036,0.5142304137833792
raspberry_experience9_20260801.csv,arm,Twofish,CTR,256,16384,100,1.1204764898530886,0.004453199341925952,0.3974379991239114
raspberry_experience9_20260801.csv,arm,ChaCha20,Stream,256,64,100,2.162047257828272,0.23602848984830857,10.916897814962375
raspberry_experience9_20260801.csv,arm,ChaCha20,Stream,256,256,100,8.543010803888238,0.26676809204380986,3.12264725127579
raspberry_experience9_20260801.csv,arm,ChaCha20,Stream,256,1024,100,27.452104525702328,0.9118660388396405,3.3216616889459094
raspberry_experience9_20260801.csv,arm,ChaCha20,Stream,256,4096,100,63.336261611219356,1.9349535711656973,3.0550485960840805
raspberry_experience9_20260801.csv,arm,ChaCha20,Stream,256,16384,100,87.47004117872154,3.2321043044599107,3.695098642809569
windows_experience1_20260801.csv,x86,AES,ECB,128,64,100,0.3787968525372091,0.38338306077465273,101.21073029163914
windows_experience1_20260801.csv,x86,AES,ECB,128,256,100,2.722747548331855,0.23146595987268753,8.501190645254633
windows_experience1_20260801.csv,x86,AES,ECB,128,1024,100,16.099483759911223,1.9878376163325324,12.347213401229542
windows_experience1_20260801.csv,x86,AES,ECB,128,4096,100,45.7636772257416,4.70751512758686,10.286575321222069
windows_experience1_20260801.csv,x86,AES,ECB,128,16384,100,159.72726470842628,8.769311334633242,5.490178117456127
windows_experience1_20260801.csv,x86,AES,ECB,192,64,100,1.0228784896528587,0.1255777490749162,12.276898023100905
windows_experience1_20260801.csv,x86,AES,ECB,192,256,100,3.961521360270835,0.4297496923898206,10.848097316845974
windows_experience1_20260801.csv,x86,AES,ECB,192,1024,100,16.8448352112986,1.3332535331133553,7.914909919801893
windows_experience1_20260801.csv,x86,AES,ECB,192,4096,100,48.722761039787315,7.847389334076317,16.10620820045089
windows_experience1_20260801.csv,x86,AES,ECB,192,16384,100,99.81091898625817,6.771902248637285,6.78473088657728
windows_experience1_20260801.csv,x86,AES,ECB,256,64,100,0.9684584894930655,0.19781120398132884,20.42536733658787
windows_experience1_20260801.csv,x86,AES,ECB,256,256,100,2.0734516186185425,0.6623009102214651,31.941951491625815
windows_experience1_20260801.csv,x86,AES,ECB,256,1024,100,12.103546152686652,1.9847595060887069,16.39816530668696
windows_experience1_20260801.csv,x86,AES,ECB,256,4096,100,49.50698879956054,7.410794195005435,14.969187936292377
windows_experience1_20260801.csv,x86,AES,ECB,256,16384,100,79.41308065748376,11.18069449308771,14.079159756200768
windows_experience1_20260801.csv,x86,AES,CBC,128,64,100,0.12242632800824917,0.010194159691020716,8.326770766443166
windows_experience1_20260801.csv,x86,AES,CBC,128,256,100,0.19119193128171327,0.012336624377645815,6.452481699904123
windows_experience1_20260801.csv,x86,AES,CBC,128,1024,100,0.2572656086146137,0.008272806231423183,3.2156673703774863
windows_experience1_20260801.csv,x86,AES,CBC,128,4096,100,0.2205364066311492,0.008530360972358939,3.8680057876458056
windows_experience1_20260801.csv,x86,AES,CBC,128,16384,100,0.20498371898209558,0.008838527628602844,4.3118193349662315
windows_experience1_20260801.csv,x86,AES,CBC,192,64,100,0.1603618310628998,0.011320168282618875,7.059141322836784
windows_experience1_20260801.csv,x86,AES,CBC,192,256,100,0.21476883877869052,0.01613157037150253,7.511131718752448
windows_experience1_20260801.csv,x86,AES,CBC,192,1024,100,0.22892356050061413,0.010805793409539534,4.72026268764527
windows_experience1_20260801.csv,x86,AES,CBC,192,4096,100,0.23075253593488357,0.008191807234452404,3.550039960021962
windows_experience1_20260801.csv,x86,AES,CBC,192,16384,100,0.23368879153928687,0.005209942292239636,2.229436105138898
windows_experience1_20260801.csv,x86,AES,CBC,256,64,100,0.1862775923825835,0.01056542282539262,5.6718699711841785
windows_experience1_20260801.csv,x86,AES,CBC,256,256,100,0.21942167661971432,0.011605720692424543,5.289231616135508
windows_experience1_20260801.csv,x86,AES,CBC,256,1024,100,0.22884872460924957,0.009825984073361983,4.293659092983574
windows_experience1_20260801.csv,x86,AES,CBC,256,4096,100,0.24090534159344465,0.006136828317299822,2.547402343471662
windows_experience1_20260801.csv,x86,AES,CBC,256,16384,100,0.23752324590958324,0.007107128942510527,2.992182476832588
windows_experience1_20260801.csv,x86,AES,CTR,128,64,100,0.5363605974164648,0.06002590801294745,11.191334393704444
windows_experience1_20260801.csv,x86,AES,CTR,128,256,100,1.176490612436845,0.09196206739580781,7.816642684919375
windows_experience1_20260801.csv,x86,AES,CTR,128,1024,100,1.856614452808352,0.1302175844769586,7.013711666414581
windows_experience1_20260801.csv,x86,AES,CTR,128,4096,100,2.2443134478650095,0.10942221823490446,4.875531906605853
windows_experience1_20260801.csv,x86,AES,CTR,128,16384,100,2.3887200408106364,0.06800969548470928,2.847118721440019
windows_experience1_20260801.csv,x86,AES,CTR,192,64,100,0.5618421230578362,0.062175734950931136,11.066406807047244
windows_experience1_20260801.csv,x86,AES,CTR,192,256,100,0.8323127327208615,0.03964057032935578,4.7627014187046335
windows_experience1_20260801.csv,x86,AES,CTR,192,1024,100,1.9988998174175014,0.10711493805416446,5.358694673980843
windows_experience1_20260801.csv,x86,AES,CTR,192,4096,100,2.2911323093041944,0.09869721537824817,4.307792045768934
windows_experience1_20260801.csv,x86,AES,CTR,192,16384,100,5.15320435450774,0.15345694222134218,2.977893591336165
windows_experience1_20260801.csv,x86,AES,CTR,256,64,100,1.0691790590849866,0.09960171712325543,9.31571903479811
windows_experience1_20260801.csv,x86,AES,CTR,256,256,100,3.719501258304577,0.20888835020141996,5.616031174476211
windows_experience1_20260801.csv,x86,AES,CTR,256,1024,100,3.267712809788557,0.26561450647907536,8.12845320076529
windows_experience1_20260801.csv,x86,AES,CTR,256,4096,100,4.7027217498938425,0.2405796193936168,5.115752795687892
windows_experience1_20260801.csv,x86,AES,CTR,256,16384,100,5.2181817789781695,0.17692102699734655,3.3904726682785555
windows_experience1_20260801.csv,x86,AES,GCM,128,64,100,0.16984735498318454,0.20947638360612486,123.33214351607873
windows_experience1_20260801.csv,x86,AES,GCM,128,256,100,1.6043622883824904,0.11034235182371765,6.877645568131887
windows_experience1_20260801.csv,x86,AES,GCM,128,1024,100,6.072583541378566,0.3501528779941448,5.766126980521621
windows_experience1_20260801.csv,x86,AES,GCM,128,4096,100,22.564088273417976,1.9969311329671338,8.850041307982535
windows_experience1_20260801.csv,x86,AES,GCM,128,16384,100,80.00675878400949,4.719283333549386,5.898605824402679
windows_experience1_20260801.csv,x86,AES,GCM,192,64,100,0.34096138353239136,0.024836651349680224,7.284300378057545
windows_experience1_20260801.csv,x86,AES,GCM,192,256,100,1.472589556675727,0.09384872286654591,6.373040093969101
windows_experience1_20260801.csv,x86,AES,GCM,192,1024,100,5.8707761285873294,0.525014116358288,8.942840007163086
windows_experience1_20260801.csv,x86,AES,GCM,192,4096,100,18.92489642074603,1.4118513157319108,7.460285564280277
windows_experience1_20260801.csv,x86,AES,GCM,192,16384,100,55.12844467324975,3.7498663943573383,6.80205367044738
windows_experience1_20260801.csv,x86,AES,GCM,256,64,100,0.3931841589638467,0.029400075756840262,7.47743139863974
windows_experience1_20260801.csv,x86,AES,GCM,256,256,100,1.2554282786687623,0.08697078228673955,6.927578720702554
windows_experience1_20260801.csv,x86,AES,GCM,256,1024,100,6.393333465082754,0.3660664216144477,5.725752044903063
windows_experience1_20260801.csv,x86,AES,GCM,256,4096,100,18.96735065920531,1.5688840124675951,8.271497905302754
windows_experience1_20260801.csv,x86,AES,GCM,256,16384,100,60.337968835122844,3.9670543664427784,6.574723085695833
windows_experience1_20260801.csv,x86,DES,ECB,64,64,100,1.7781028154933785,0.3424878811513254,19.26142167748009
windows_experience1_20260801.csv,x86,DES,ECB,64,256,100,6.585047718510713,0.804659865732825,12.219499389061502
windows_experience1_20260801.csv,x86,DES,ECB,64,1024,100,19.05524890216511,1.49740678969424,7.858237892259179
windows_experience1_20260801.csv,x86,DES,ECB,64,4096,100,24.33224496391595,1.4055771060357058,5.77660264443391
windows_experience1_20260801.csv,x86,DES,ECB,64,16384,100,31.004075504125055,1.2257535985893768,3.953524105004491
windows_experience1_20260801.csv,x86,DES,CBC,64,64,100,0.21287373447109337,0.01256869061341499,5.904293756410668
windows_experience1_20260801.csv,x86,DES,CBC,64,256,100,0.2592714473713524,0.009490298292765952,3.6603715484231762
windows_experience1_20260801.csv,x86,DES,CBC,64,1024,100,0.26046959408689857,0.008391458758217382,3.221665387714238
windows_experience1_20260801.csv,x86,DES,CBC,64,4096,100,0.26777966123176,0.003777694559427062,1.410747381653274
windows_experience1_20260801.csv,x86,DES,CBC,64,16384,100,0.2678897320350953,0.0029430770515614154,1.098615101520895
windows_experience1_20260801.csv,x86,DES,CTR,64,64,100,1.207708197200066,0.14484502075107408,11.993378954194462
windows_experience1_20260801.csv,x86,DES,CTR,64,256,100,1.7220773247496175,0.14921624247196813,8.664897930391339
windows_experience1_20260801.csv,x86,DES,CTR,64,1024,100,3.1033115842645786,0.2374568717185614,7.651725109479582
windows_experience1_20260801.csv,x86,DES,CTR,64,4096,100,3.622496245937818,0.2252614791400971,6.218404764192647
windows_experience1_20260801.csv,x86,DES,CTR,64,16384,100,3.9332309861486383,0.11045926943946427,2.8083595860111017
windows_experience1_20260801.csv,x86,3DES,ECB,128,64,100,0.8105598875387734,0.06533981200880906,8.061071490622401
windows_experience1_20260801.csv,x86,3DES,ECB,128,256,100,2.285105043252476,0.1933329177073559,8.460570260357828
windows_experience1_20260801.csv,x86,3DES,ECB,128,1024,100,5.5989135103978205,0.4151795403245398,7.4153590612447235
windows_experience1_20260801.csv,x86,3DES,ECB,128,4096,100,9.187652712743029,0.8314094846805856,9.049204521274982
windows_experience1_20260801.csv,x86,3DES,ECB,128,16384,100,11.156841265188463,0.1922451052261608,1.72311410242972
windows_experience1_20260801.csv,x86,3DES,ECB,192,64,100,0.6969791053696869,0.04808691491055986,6.899333787783197
windows_experience1_20260801.csv,x86,3DES,ECB,192,256,100,2.1075493841316755,0.15155387634954026,7.1910000064829545
windows_experience1_20260801.csv,x86,3DES,ECB,192,1024,100,4.307217446938444,0.2182651463518555,5.067428079513321
windows_experience1_20260801.csv,x86,3DES,ECB,192,4096,100,9.390385131749907,0.27860228388735897,2.96688879080555
windows_experience1_20260801.csv,x86,3DES,ECB,192,16384,100,11.112644146182845,0.311211677489065,2.8005187009966943
windows_experience1_20260801.csv,x86,3DES,CBC,128,64,100,0.7066953578339426,0.049244166334869985,6.968231188868408
windows_experience1_20260801.csv,x86,3DES,CBC,128,256,100,0.7473639280784812,0.04954137588420022,6.628815497099808
windows_experience1_20260801.csv,x86,3DES,CBC,128,1024,100,0.7865405880730317,0.027090622368134774,3.4442751943043226
windows_experience1_20260801.csv,x86,3DES,CBC,128,4096,100,0.8176340622933769,0.014638677752987547,1.79037034146151
windows_experience1_20260801.csv,x86,3DES,CBC,128,16384,100,0.8281561865690737,0.008476586996659641,1.0235493176446417
windows_experience1_20260801.csv,x86,3DES,CBC,192,64,100,0.663230984907652,0.04771293790563984,7.194015206072341
windows_experience1_20260801.csv,x86,3DES,CBC,192,256,100,0.7887946648276382,0.05374769929590323,6.8139024885072965
windows_experience1_20260801.csv,x86,3DES,CBC,192,1024,100,0.82087943434883,0.02698632333567023,3.287489271439401
windows_experience1_20260801.csv,x86,3DES,CBC,192,4096,100,0.8177983913894855,0.015135954994107128,1.8508174084801376
windows_experience1_20260801.csv,x86,3DES,CBC,192,16384,100,0.8168654138040305,0.009435671737689964,1.1551072647021903
windows_experience1_20260801.csv,x86,3DES,CTR,128,64,100,0.6366781983389423,0.044733123152592515,7.026017738521394
windows_experience1_20260801.csv,x86,3DES,CTR,128,256,100,1.566068086689513,0.10733863412406075,6.854020909841936
windows_experience1_20260801.csv,x86,3DES,CTR,128,1024,100,2.5270086709939488,0.16576723247514674,6.55982048569487
windows_experience1_20260801.csv,x86,3DES,CTR,128,4096,100,2.9820751074195537,0.09947591906496163,3.3357952258633765
windows_experience1_20260801.csv,x86,3DES,CTR,128,16384,100,3.2197932963505274,0.063991303146407,1.9874351319054517
windows_experience1_20260801.csv,x86,3DES,CTR,192,64,100,0.5360402920947644,0.039462220494605384,7.361801169907022
windows_experience1_20260801.csv,x86,3DES,CTR,192,256,100,1.2930355408188825,0.08933732524274897,6.909115985023229
windows_experience1_20260801.csv,x86,3DES,CTR,192,1024,100,2.039174060373283,0.07547683058225794,3.701343207967321
windows_experience1_20260801.csv,x86,3DES,CTR,192,4096,100,2.9009837107037546,0.1166264134713177,4.020236757655737
windows_experience1_20260801.csv,x86,3DES,CTR,192,16384,100,3.381711098332725,0.05020771886081478,1.4846838597646186
windows_experience1_20260801.csv,x86,Twofish,ECB,128,64,100,1.590575519678521,0.16140304289932736,10.14746177735398
windows_experience1_20260801.csv,x86,Twofish,ECB,128,256,100,2.3695382134124876,0.10548370073265026,4.451656450846515
windows_experience1_20260801.csv,x86,Twofish,ECB,128,1024,100,2.3731773894230557,0.10754174618999339,4.5315511039879715
windows_experience1_20260801.csv,x86,Twofish,ECB,128,4096,100,2.15562077774485,0.09404706272340822,4.36287605382045
windows_experience1_20260801.csv,x86,Twofish,ECB,128,16384,100,2.3690782910079964,0.04281764911513299,1.8073547538572445
windows_experience1_20260801.csv,x86,Twofish,ECB,192,64,100,1.7133156923898218,0.11678729346183273,6.816449179831636
windows_experience1_20260801.csv,x86,Twofish,ECB,192,256,100,2.278898038255502,0.18387584336546778,8.06862967446428
windows_experience1_20260801.csv,x86,Twofish,ECB,192,1024,100,2.165197432361081,0.14331241411862194,6.618907448192572
windows_experience1_20260801.csv,x86,Twofish,ECB,192,4096,100,2.2044287708573647,0.09645953621972672,4.375715718054745
windows_experience1_20260801.csv,x86,Twofish,ECB,192,16384,100,2.353633022235521,0.04887886897476315,2.076741297941901
windows_experience1_20260801.csv,x86,Twofish,ECB,256,64,100,1.3063193367343762,0.1267940537579087,9.706206606026125
windows_experience1_20260801.csv,x86,Twofish,ECB,256,256,100,1.8852121346831336,0.11624085050136786,6.165929465593304
windows_experience1_20260801.csv,x86,Twofish,ECB,256,1024,100,2.4085417260491777,0.12230556235121767,5.077992256826712
windows_experience1_20260801.csv,x86,Twofish,ECB,256,4096,100,2.2249454816467926,0.07623189890911043,3.4262367117727046
windows_experience1_20260801.csv,x86,Twofish,ECB,256,16384,100,2.354653454001912,0.037198502177896796,1.5797867034180815
windows_experience1_20260801.csv,x86,Twofish,CBC,128,64,100,0.9356054581934147,0.08517147410107871,9.103353700558626
windows_experience1_20260801.csv,x86,Twofish,CBC,128,256,100,1.2216743339087952,0.0771649805757827,6.316329846178424
windows_experience1_20260801.csv,x86,Twofish,CBC,128,1024,100,1.275663487707852,0.0639617427127102,5.013998074651996
windows_experience1_20260801.csv,x86,Twofish,CBC,128,4096,100,1.3081947839433505,0.0316020266277747,2.4156973422960215
windows_experience1_20260801.csv,x86,Twofish,CBC,128,16384,100,1.3046956600358448,0.02062294256430596,1.5806707415382506
windows_experience1_20260801.csv,x86,Twofish,CBC,192,64,100,0.9310384146576326,0.06423103846941344,6.898860182158316
windows_experience1_20260801.csv,x86,Twofish,CBC,192,256,100,1.077636150692171,0.08941447860562209,8.297279053620347
windows_experience1_20260801.csv,x86,Twofish,CBC,192,1024,100,1.3384535822088541,0.05606468790317406,4.1887659496304925
windows_experience1_20260801.csv,x86,Twofish,CBC,192,4096,100,1.2726577888250667,0.035620521792496085,2.798908088668627
windows_experience1_20260801.csv,x86,Twofish,CBC,192,16384,100,1.2979620866486685,0.02454388238051506,1.890955262328751
windows_experience1_20260801.csv,x86,Twofish,CBC,256,64,100,0.9416389936764881,0.0858371625492278,9.115718776055513
windows_experience1_20260801.csv,x86,Twofish,CBC,256,256,100,1.4178724971758359,0.04558961441490215,3.2153536023661515
windows_experience1_20260801.csv,x86,Twofish,CBC,256,1024,100,1.1401248021883112,0.06772319320481644,5.939980699905061
windows_experience1_20260801.csv,x86,Twofish,CBC,256,4096,100,1.3266691685488914,0.04180005190285603,3.150751739303391
windows_experience1_20260801.csv,x86,Twofish,CBC,256,16384,100,1.3244687308276804,0.01917153415775547,1.4474886202692674
windows_experience1_20260801.csv,x86,Twofish,CTR,128,64,100,1.0833745092571025,0.11631032735311857,10.735929852445533
windows_experience1_20260801.csv,x86,Twofish,CTR,128,256,100,1.6645800071761454,0.11517131622576682,6.918941458461204
windows_experience1_20260801.csv,x86,Twofish,CTR,128,1024,100,1.518783343991898,0.1077362078461733,7.093586341485978
windows_experience1_20260801.csv,x86,Twofish,CTR,128,4096,100,1.555166454813846,0.047837160336580864,3.0760154444243715
windows_experience1_20260801.csv,x86,Twofish,CTR,128,16384,100,1.7175718314689126,0.019769991843299757,1.151043087752082
windows_experience1_20260801.csv,x86,Twofish,CTR,192,64,100,1.188656964860587,0.08790904262676903,7.395661256826906
windows_experience1_20260801.csv,x86,Twofish,CTR,192,256,100,1.3631906301860826,0.13052485766790006,9.574952671885864
windows_experience1_20260801.csv,x86,Twofish,CTR,192,1024,100,1.6398070665592939,0.054074004626646945,3.2975833394904863
windows_experience1_20260801.csv,x86,Twofish,CTR,192,4096,100,1.6744733728277201,0.045753831851718885,2.732431138899114
windows_experience1_20260801.csv,x86,Twofish,CTR,192,16384,100,1.6051618316560043,0.032590673849580726,2.03036685814774
windows_experience1_20260801.csv,x86,Twofish,CTR,256,64,100,1.1925120900134096,0.08067878299401172,6.765447802974014
windows_experience1_20260801.csv,x86,Twofish,CTR,256,256,100,1.5132339421148648,0.14459464133046762,9.555339548383715
windows_experience1_20260801.csv,x86,Twofish,CTR,256,1024,100,1.5584032760092792,0.07606410907206589,4.880900229294242
windows_experience1_20260801.csv,x86,Twofish,CTR,256,4096,100,1.625022410058266,0.05301275888284225,3.2622786341107415
windows_experience1_20260801.csv,x86,Twofish,CTR,256,16384,100,1.6508774106684188,0.02265010597612721,1.372004113070787
windows_experience1_20260801.csv,x86,ChaCha20,Stream,256,64,100,3.0900752503295252,0.5428387985618228,17.567170848151175
windows_experience1_20260801.csv,x86,ChaCha20,Stream,256,256,100,15.128307896245655,1.1952933765833809,7.901038138442523
windows_experience1_20260801.csv,x86,ChaCha20,Stream,256,1024,100,40.2490442624391,3.851923585962953,9.570223732138691
windows_experience1_20260801.csv,x86,ChaCha20,Stream,256,4096,100,103.42751103700111,6.411077992821409,6.198619621164286
windows_experience1_20260801.csv,x86,ChaCha20,Stream,256,16384,100,125.61602379957618,6.327086984461184,5.036847046326052
windows_experience2_20260801.csv,x86,AES,ECB,128,64,100,0.8491493379334106,0.9324828896231127,109.81376867024501
windows_experience2_20260801.csv,x86,AES,ECB,128,256,100,12.183879705195881,1.5196901170303703,12.472957332156605
windows_experience2_20260801.csv,x86,AES,ECB,128,1024,100,30.272557411201163,3.534871021021947,11.67681663959454
windows_experience2_20260801.csv,x86,AES,ECB,128,4096,100,148.03129819756546,20.281581712347677,13.700874044406126
windows_experience2_20260801.csv,x86,AES,ECB,128,16384,100,325.3920474456886,30.902428160606842,9.496983224755912
windows_experience2_20260801.csv,x86,AES,ECB,192,64,100,2.7784929232396602,0.24797002227940879,8.924623136714033
windows_experience2_20260801.csv,x86,AES,ECB,192,256,100,8.27960272473544,0.9506691241023854,11.482062071193909
windows_experience2_20260801.csv,x86,AES,ECB,192,1024,100,31.684969378137648,2.6004323948807007,8.207148202816242
windows_experience2_20260801.csv,x86,AES,ECB,192,4096,100,129.8879445418056,9.441695606644208,7.269108491901119
windows_experience2_20260801.csv,x86,AES,ECB,192,16384,100,346.0380091365687,17.460140503146874,5.0457290939551065
windows_experience2_20260801.csv,x86,AES,ECB,256,64,100,2.597793326466506,0.19903884132804525,7.661842814831463
windows_experience2_20260801.csv,x86,AES,ECB,256,256,100,10.855036959575967,1.2255365862764784,11.290026840446169
windows_experience2_20260801.csv,x86,AES,ECB,256,1024,100,33.258267131196696,3.0564042405029,9.189908266856008
windows_experience2_20260801.csv,x86,AES,ECB,256,4096,100,155.44170767801458,11.931686728859997,7.675987935989199
windows_experience2_20260801.csv,x86,AES,ECB,256,16384,100,273.7961938176132,20.295166859027365,7.412508762830648
windows_experience2_20260801.csv,x86,AES,CBC,128,64,100,0.45520087893721956,0.04524986785978871,9.940637189769022
windows_experience2_20260801.csv,x86,AES,CBC,128,256,100,0.4055269796852921,0.028821596922739622,7.107195912120699
windows_experience2_20260801.csv,x86,AES,CBC,128,1024,100,0.32625294527583515,0.01868481580324015,5.727094904060654
windows_experience2_20260801.csv,x86,AES,CBC,128,4096,100,0.5608893585603791,0.015163004775485137,2.7033860678697215
windows_experience2_20260801.csv,x86,AES,CBC,128,16384,100,0.5805345808481728,0.008783508338610167,1.513003467558691
windows_experience2_20260801.csv,x86,AES,CBC,192,64,100,0.4037784827166801,0.029746404266148975,7.367010759466641
windows_experience2_20260801.csv,x86,AES,CBC,192,256,100,0.5394538425466473,0.02819351685723202,5.226307541741922
windows_experience2_20260801.csv,x86,AES,CBC,192,1024,100,0.5747572072949264,0.01759109487765318,3.06061318664363
windows_experience2_20260801.csv,x86,AES,CBC,192,4096,100,0.5598270812410756,0.013739459765412129,2.454232784693667
windows_experience2_20260801.csv,x86,AES,CBC,192,16384,100,0.5622877339786363,0.011419848580420998,2.030961710584796
windows_experience2_20260801.csv,x86,AES,CBC,256,64,100,0.424955983667959,0.02506264023948369,5.897702633378256
windows_experience2_20260801.csv,x86,AES,CBC,256,256,100,0.5475969501765585,0.02588952030673116,4.727842311463523
windows_experience2_20260801.csv,x86,AES,CBC,256,1024,100,0.5781233540305698,0.017709694821310008,3.0633072851738765
windows_experience2_20260801.csv,x86,AES,CBC,256,4096,100,0.579161712718511,0.009515754574264127,1.643022037765306
windows_experience2_20260801.csv,x86,AES,CBC,256,16384,100,0.5710668062928816,0.005847333819436525,1.0239316582581437
windows_experience2_20260801.csv,x86,AES,CTR,128,64,100,1.4067614317343666,0.16548817126476073,11.76376943038123
windows_experience2_20260801.csv,x86,AES,CTR,128,256,100,3.3942833050024825,0.2843977712715795,8.378728164865763
windows_experience2_20260801.csv,x86,AES,CTR,128,1024,100,3.9328358947188438,0.2874991422773925,7.3102247328310055
windows_experience2_20260801.csv,x86,AES,CTR,128,4096,100,4.904927577602443,0.25221040818276236,5.141980267648401
windows_experience2_20260801.csv,x86,AES,CTR,128,16384,100,5.16751684550841,0.15879306348786917,3.072908482647553
windows_experience2_20260801.csv,x86,AES,CTR,192,64,100,1.4065020135464026,0.0969177512067475,6.890694095942014
windows_experience2_20260801.csv,x86,AES,CTR,192,256,100,3.3493474947386956,0.21345372980478747,6.372994445637251
windows_experience2_20260801.csv,x86,AES,CTR,192,1024,100,3.0110336009614853,0.17608540432538683,5.848005291909035
windows_experience2_20260801.csv,x86,AES,CTR,192,4096,100,4.4879565089576605,0.21799985298185204,4.857441299770596
windows_experience2_20260801.csv,x86,AES,CTR,192,16384,100,5.216018269974806,0.1057648389245613,2.02769303039792
windows_experience2_20260801.csv,x86,AES,CTR,256,64,100,1.1459418925749856,0.3429550594642584,29.9277879346589
windows_experience2_20260801.csv,x86,AES,CTR,256,256,100,3.3728534919659374,0.18907967999432546,5.605926271173921
windows_experience2_20260801.csv,x86,AES,CTR,256,1024,100,4.579060546955995,0.3938202152361699,8.600458788385497
windows_experience2_20260801.csv,x86,AES,CTR,256,4096,100,4.68972483113595,0.2169918641984497,4.626963670827776
windows_experience2_20260801.csv,x86,AES,CTR,256,16384,100,5.126485574112816,0.2040794825828331,3.980884752965503
windows_experience2_20260801.csv,x86,AES,GCM,128,64,100,0.18724853036986208,0.21205656794545522,113.24872218040439
windows_experience2_20260801.csv,x86,AES,GCM,128,256,100,1.36611975048475,0.08041808424348863,5.886605783640366
windows_experience2_20260801.csv,x86,AES,GCM,128,1024,100,5.741648028824215,0.4544191763391277,7.91443805084974
windows_experience2_20260801.csv,x86,AES,GCM,128,4096,100,20.869395742368443,1.420895150770257,6.808511220502646
windows_experience2_20260801.csv,x86,AES,GCM,128,16384,100,77.36450688863282,4.555871892283998,5.888839825273148
windows_experience2_20260801.csv,x86,AES,GCM,192,64,100,0.40198873893591336,0.034055434288711633,8.471738382238833
windows_experience2_20260801.csv,x86,AES,GCM,192,256,100,1.4313977442478976,0.04401368291465878,3.074874408006349
windows_experience2_20260801.csv,x86,AES,GCM,192,1024,100,5.9558841268888525,0.418057922621879,7.019242042243324
windows_experience2_20260801.csv,x86,AES,GCM,192,4096,100,21.385126388045187,1.9811060505322113,9.26394361475319
windows_experience2_20260801.csv,x86,AES,GCM,192,16384,100,67.38777018794814,4.096475092738829,6.078959255238062
windows_experience2_20260801.csv,x86,AES,GCM,256,64,100,0.3846163721504963,0.027119748523689785,7.051116511774001
windows_experience2_20260801.csv,x86,AES,GCM,256,256,100,1.6908416928792633,0.08756305371798563,5.1786665828471605
windows_experience2_20260801.csv,x86,AES,GCM,256,1024,100,5.920031603959,0.42189629251083866,7.126588517343337
windows_experience2_20260801.csv,x86,AES,GCM,256,4096,100,22.69940648249739,1.434695555472794,6.3204099921248185
windows_experience2_20260801.csv,x86,AES,GCM,256,16384,100,64.107560838637,4.751116242369571,7.411163644688412
windows_experience2_20260801.csv,x86,DES,ECB,64,64,100,1.7861159775529514,0.2885720463397007,16.15640025431359
windows_experience2_20260801.csv,x86,DES,ECB,64,256,100,7.06875400348309,0.6336198087782089,8.963670379051191
windows_experience2_20260801.csv,x86,DES,ECB,64,1024,100,17.00883965703516,1.466976649128266,8.624789689998037
windows_experience2_20260801.csv,x86,DES,ECB,64,4096,100,26.488437997774273,1.642074723144067,6.19921311812363
windows_experience2_20260801.csv,x86,DES,ECB,64,16384,100,31.80998325420855,1.0307732140255483,3.240407911529391
windows_experience2_20260801.csv,x86,DES,CBC,64,64,100,0.21875772650635217,0.014217741501631456,6.499309408949544
windows_experience2_20260801.csv,x86,DES,CBC,64,256,100,0.24184024062662962,0.012858211228586694,5.316820391540268
windows_experience2_20260801.csv,x86,DES,CBC,64,1024,100,0.2647971170891163,0.00850709184500105,3.212682954602571
windows_experience2_20260801.csv,x86,DES,CBC,64,4096,100,0.24207009356747447,0.0139074112520317,5.745200097654838
windows_experience2_20260801.csv,x86,DES,CBC,64,16384,100,0.26240375843129204,0.003020936065924477,1.1512548768296245
windows_experience2_20260801.csv,x86,DES,CTR,64,64,100,1.3369071364527663,0.10501381188485386,7.854981772592554
windows_experience2_20260801.csv,x86,DES,CTR,64,256,100,2.64734312738059,0.1337965899634309,5.053995025413112
windows_experience2_20260801.csv,x86,DES,CTR,64,1024,100,3.4382734914219535,0.16080631440165902,4.676949486503907
windows_experience2_20260801.csv,x86,DES,CTR,64,4096,100,3.5610490070902983,0.1965251751772466,5.518743909054641
windows_experience2_20260801.csv,x86,DES,CTR,64,16384,100,3.9536403100425694,0.13103840140645612,3.3143733655691405
windows_experience2_20260801.csv,x86,3DES,ECB,128,64,100,0.7495414046898977,0.05404292042683094,7.210131433524973
windows_experience2_20260801.csv,x86,3DES,ECB,128,256,100,2.314304715779672,0.16224452056055763,7.010508143302066
windows_experience2_20260801.csv,x86,3DES,ECB,128,1024,100,5.0868459598562215,0.3727329086064497,7.327387374179203
windows_experience2_20260801.csv,x86,3DES,ECB,128,4096,100,9.478842603867536,0.46190697911382717,4.873031428176273
windows_experience2_20260801.csv,x86,3DES,ECB,128,16384,100,11.442870950302979,0.3373136397466129,2.947806028850493
windows_experience2_20260801.csv,x86,3DES,ECB,192,64,100,0.6743321842799757,0.04440546559483205,6.585102510307496
windows_experience2_20260801.csv,x86,3DES,ECB,192,256,100,2.1649622773116493,0.14561985439058261,6.726207468677314
windows_experience2_20260801.csv,x86,3DES,ECB,192,1024,100,4.984801468553463,0.29611181290988836,5.940293004202972
windows_experience2_20260801.csv,x86,3DES,ECB,192,4096,100,8.846636430668976,0.4751251830391331,5.370687342728342
windows_experience2_20260801.csv,x86,3DES,ECB,192,16384,100,10.372961916130041,0.29752244194327016,2.8682496315793884
windows_experience2_20260801.csv,x86,3DES,CBC,128,64,100,0.5506153075231147,0.04199316333497956,7.626588429566443
windows_experience2_20260801.csv,x86,3DES,CBC,128,256,100,0.7365102429366789,0.0371352342480883,5.042052653608646
windows_experience2_20260801.csv,x86,3DES,CBC,128,1024,100,0.7798693168376958,0.027225476461162395,3.491030596197758
windows_experience2_20260801.csv,x86,3DES,CBC,128,4096,100,0.8176379978232555,0.017413372090883242,2.129716590623446
windows_experience2_20260801.csv,x86,3DES,CBC,128,16384,100,0.82848943204271,0.007942687642879986,0.9586951065020378
windows_experience2_20260801.csv,x86,3DES,CBC,192,64,100,0.6824831959887451,0.06346519653177057,9.29915885179057
windows_experience2_20260801.csv,x86,3DES,CBC,192,256,100,0.8183082422000294,0.04674203426951169,5.712032686343877
windows_experience2_20260801.csv,x86,3DES,CBC,192,1024,100,0.7782279852694903,0.05999092121755976,7.708656377447758
windows_experience2_20260801.csv,x86,3DES,CBC,192,4096,100,0.8155444599398408,0.01911069400367422,2.3433049873312775
windows_experience2_20260801.csv,x86,3DES,CBC,192,16384,100,0.8027540136525868,0.013436966248111765,1.6738584945807533
windows_experience2_20260801.csv,x86,3DES,CTR,128,64,100,0.5570883539506963,0.05932526204000134,10.649165723764487
windows_experience2_20260801.csv,x86,3DES,CTR,128,256,100,1.611308454131667,0.10275588535043463,6.377170372745901
windows_experience2_20260801.csv,x86,3DES,CTR,128,1024,100,2.5216710312742703,0.12859957108454573,5.09977588232676
windows_experience2_20260801.csv,x86,3DES,CTR,128,4096,100,3.108406083093693,0.12277123717756633,3.9496524551700856
windows_experience2_20260801.csv,x86,3DES,CTR,128,16384,100,3.2988215019989595,0.054262734515507116,1.6449127205769083
windows_experience2_20260801.csv,x86,3DES,CTR,192,64,100,0.5628680271436355,0.03029389622481165,5.3820602279619445
windows_experience2_20260801.csv,x86,3DES,CTR,192,256,100,1.4316831217053536,0.07457613889255152,5.208983591545029
windows_experience2_20260801.csv,x86,3DES,CTR,192,1024,100,2.386878000611808,0.138679093071235,5.8100620574528135
windows_experience2_20260801.csv,x86,3DES,CTR,192,4096,100,3.080179695043077,0.09922223431412248,3.221313174481362
windows_experience2_20260801.csv,x86,3DES,CTR,192,16384,100,3.1813078782912196,0.09476589769280606,2.978834533415477
windows_experience2_20260801.csv,x86,Twofish,ECB,128,64,100,1.6876392483122016,0.12026234387482773,7.126069389243075
windows_experience2_20260801.csv,x86,Twofish,ECB,128,256,100,1.7284781393158068,0.15604608454788202,9.027946665825384
windows_experience2_20260801.csv,x86,Twofish,ECB,128,1024,100,2.3762379176896795,0.1251104552847024,5.265064341972216
windows_experience2_20260801.csv,x86,Twofish,ECB,128,4096,100,1.9814528410274208,0.12378889316779625,6.24738023558559
windows_experience2_20260801.csv,x86,Twofish,ECB,128,16384,100,2.3277255860698043,0.03704618835455151,1.5915187157907777
windows_experience2_20260801.csv,x86,Twofish,ECB,192,64,100,1.1225682208115466,0.10430319485322473,9.291479388025081
windows_experience2_20260801.csv,x86,Twofish,ECB,192,256,100,2.283715676074153,0.13946018792270387,6.106722889534325
windows_experience2_20260801.csv,x86,Twofish,ECB,192,1024,100,2.1685919629870414,0.1087003855865599,5.012486785980468
windows_experience2_20260801.csv,x86,Twofish,ECB,192,4096,100,2.255632366338203,0.0751766527904044,3.332841553096096
windows_experience2_20260801.csv,x86,Twofish,ECB,192,16384,100,2.3505002837862965,0.05905555115267822,2.512467305791972
windows_experience2_20260801.csv,x86,Twofish,ECB,256,64,100,1.6624491451889103,0.12373920828863787,7.443187579405739
windows_experience2_20260801.csv,x86,Twofish,ECB,256,256,100,1.7343350982463115,0.1535223524115939,8.851942889631271
windows_experience2_20260801.csv,x86,Twofish,ECB,256,1024,100,2.2773568630411307,0.09356140226761787,4.1083329444766115
windows_experience2_20260801.csv,x86,Twofish,ECB,256,4096,100,2.3342565822803754,0.0744580710139564,3.1897980530151075
windows_experience2_20260801.csv,x86,Twofish,ECB,256,16384,100,2.3318153043287824,0.047346573407773394,2.030459844734667
windows_experience2_20260801.csv,x86,Twofish,CBC,128,64,100,0.8897123446467806,0.09383346150611563,10.546494276570693
windows_experience2_20260801.csv,x86,Twofish,CBC,128,256,100,1.337163366661909,0.06431778669198127,4.810017107523968
windows_experience2_20260801.csv,x86,Twofish,CBC,128,1024,100,1.3374673662004732,0.05232061093647524,3.911916825687461
windows_experience2_20260801.csv,x86,Twofish,CBC,128,4096,100,1.327319211932367,0.04331305740358443,3.2631982581286882
windows_experience2_20260801.csv,x86,Twofish,CBC,128,16384,100,1.3327638908058272,0.022013649364352565,1.6517291259326123
windows_experience2_20260801.csv,x86,Twofish,CBC,192,64,100,0.8199572561497186,0.08846367967996656,10.788816004308119
windows_experience2_20260801.csv,x86,Twofish,CBC,192,256,100,1.2969371008771329,0.09846360326487205,7.59201068411722
windows_experience2_20260801.csv,x86,Twofish,CBC,192,1024,100,1.3137441199059625,0.06173692142739371,4.699310961088284
windows_experience2_20260801.csv,x86,Twofish,CBC,192,4096,100,1.2276497040661971,0.0393435314019445,3.2047848235234886
windows_experience2_20260801.csv,x86,Twofish,CBC,192,16384,100,1.3348587884125984,0.024131291426800858,1.80777859323214
windows_experience2_20260801.csv,x86,Twofish,CBC,256,64,100,0.9471625140085885,0.07034933135965335,7.427377067734698
windows_experience2_20260801.csv,x86,Twofish,CBC,256,256,100,1.361601658330096,0.06856372979110477,5.035520438128221
windows_experience2_20260801.csv,x86,Twofish,CBC,256,1024,100,1.2030839616560471,0.07762811337753675,6.452426917127339
windows_experience2_20260801.csv,x86,Twofish,CBC,256,4096,100,1.3705467104364215,0.031231100653563677,2.27873303520015
windows_experience2_20260801.csv,x86,Twofish,CBC,256,16384,100,1.3544872021071142,0.02475061187952565,1.827304963902372
windows_experience2_20260801.csv,x86,Twofish,CTR,128,64,100,1.3397535650513541,0.1244597714773535,9.289751094827864
windows_experience2_20260801.csv,x86,Twofish,CTR,128,256,100,1.5550457108778486,0.0992248037119587,6.380828744638296
windows_experience2_20260801.csv,x86,Twofish,CTR,128,1024,100,1.688216774361945,0.08278655361878436,4.903786935186283
windows_experience2_20260801.csv,x86,Twofish,CTR,128,4096,100,1.6169732435821387,0.05328348520569701,3.2952607853705858
windows_experience2_20260801.csv,x86,Twofish,CTR,128,16384,100,1.4487880989177984,0.04190084150293631,2.892130431926863
windows_experience2_20260801.csv,x86,Twofish,CTR,192,64,100,0.9943170153572677,0.09539697979428477,9.594221794545849
windows_experience2_20260801.csv,x86,Twofish,CTR,192,256,100,1.6011951180999668,0.08318565880567226,5.195223109622219
windows_experience2_20260801.csv,x86,Twofish,CTR,192,1024,100,1.6538815849674338,0.07995670542989121,4.834487919609167
windows_experience2_20260801.csv,x86,Twofish,CTR,192,4096,100,1.5239929627621878,0.04805401346484861,3.153165049906285
windows_experience2_20260801.csv,x86,Twofish,CTR,192,16384,100,1.6388837848092361,0.021293344516785714,1.2992589660202314
windows_experience2_20260801.csv,x86,Twofish,CTR,256,64,100,1.1252377985792834,0.08907251211197821,7.915883400330177
windows_experience2_20260801.csv,x86,Twofish,CTR,256,256,100,1.6034560575165482,0.09620897229419494,6.000100335970824
windows_experience2_20260801.csv,x86,Twofish,CTR,256,1024,100,1.648624132536094,0.07560208149526204,4.585768217462803
windows_experience2_20260801.csv,x86,Twofish,CTR,256,4096,100,1.5263875075933548,0.07128368720216971,4.670091103835239
windows_experience2_20260801.csv,x86,Twofish,CTR,256,16384,100,1.620426857876068,0.040551069772036694,2.5024930668693024
windows_experience2_20260801.csv,x86,ChaCha20,Stream,256,64,100,2.276072216045569,0.43542472250984615,19.130531950622807
windows_experience2_20260801.csv,x86,ChaCha20,Stream,256,256,100,11.965917693690601,1.3579194599526767,11.348226644318986
windows_experience2_20260801.csv,x86,ChaCha20,Stream,256,1024,100,36.209205493023525,3.875206965928185,10.702270080670027
windows_experience2_20260801.csv,x86,ChaCha20,Stream,256,4096,100,68.16714391246943,10.934753657913657,16.04109110388212
windows_experience2_20260801.csv,x86,ChaCha20,Stream,256,16384,100,116.24965475078297,6.216227671990505,5.347308501962357
windows_experience3_20260801.csv,x86,AES,ECB,128,64,100,0.8649984655536215,1.0023049527557215,115.8736104941204
windows_experience3_20260801.csv,x86,AES,ECB,128,256,100,11.110430629634442,1.1996858025092325,10.79783351789583
windows_experience3_20260801.csv,x86,AES,ECB,128,1024,100,27.19472214247238,4.967474605817264,18.266318662102172
windows_experience3_20260801.csv,x86,AES,ECB,128,4096,100,72.60417999866495,10.553870931615108,14.536175371458192
windows_experience3_20260801.csv,x86,AES,ECB,128,16384,100,353.2510556587227,30.291539697055818,8.575074076019352
windows_experience3_20260801.csv,x86,AES,ECB,192,64,100,2.358937972189271,0.25478409661787327,10.800796783198779
windows_experience3_20260801.csv,x86,AES,ECB,192,256,100,10.020136290733177,1.2369694532284854,12.344836610380835
windows_experience3_20260801.csv,x86,AES,ECB,192,1024,100,41.2730890279352,3.7284545168713796,9.033621191638503
windows_experience3_20260801.csv,x86,AES,ECB,192,4096,100,126.17085850165893,12.72579580299839,10.086160904446146
windows_experience3_20260801.csv,x86,AES,ECB,192,16384,100,330.9049335600086,32.97644978372428,9.965535850115725
windows_experience3_20260801.csv,x86,AES,ECB,256,64,100,2.976018463884085,0.32189293125826457,10.816227626429207
windows_experience3_20260801.csv,x86,AES,ECB,256,256,100,10.708859818368026,0.9711319257847298,9.068490411267007
windows_experience3_20260801.csv,x86,AES,ECB,256,1024,100,37.16415846715426,3.2292391678110746,8.689122264574028
windows_experience3_20260801.csv,x86,AES,ECB,256,4096,100,105.9121005905169,11.479759838808672,10.83895020002704
windows_experience3_20260801.csv,x86,AES,ECB,256,16384,100,251.5252523109719,18.748708415943497,7.454006404400157
windows_experience3_20260801.csv,x86,AES,CBC,128,64,100,0.42835897045147653,0.03569036983737447,8.331883373367429
windows_experience3_20260801.csv,x86,AES,CBC,128,256,100,0.4298159658151168,0.03609862127118964,8.39862269953864
windows_experience3_20260801.csv,x86,AES,CBC,128,1024,100,0.23815943006923637,0.05668784104581522,23.80247594199199
windows_experience3_20260801.csv,x86,AES,CBC,128,4096,100,0.5418847616213984,0.017521140461897153,3.23337021131049
windows_experience3_20260801.csv,x86,AES,CBC,128,16384,100,0.5833111925315898,0.006754880896716288,1.1580235358419717
windows_experience3_20260801.csv,x86,AES,CBC,192,64,100,0.4388366519772019,0.026907540890755543,6.131561885162095
windows_experience3_20260801.csv,x86,AES,CBC,192,256,100,0.5596013209892717,0.025749913227612838,4.601474703828745
windows_experience3_20260801.csv,x86,AES,CBC,192,1024,100,0.5703364045091542,0.014182208726248391,2.486639221014474
windows_experience3_20260801.csv,x86,AES,CBC,192,4096,100,0.5879155122810914,0.009937906333178238,1.6903630071980091
windows_experience3_20260801.csv,x86,AES,CBC,192,16384,100,0.5722067410417407,0.009794623035559334,1.7117280054631243
windows_experience3_20260801.csv,x86,AES,CBC,256,64,100,0.36370067630242314,0.015165868259094236,4.1698762876326265
windows_experience3_20260801.csv,x86,AES,CBC,256,256,100,0.48115534402141813,0.034727014118634165,7.21742251232033
windows_experience3_20260801.csv,x86,AES,CBC,256,1024,100,0.542491322782416,0.020335763798337163,3.748587847273917
windows_experience3_20260801.csv,x86,AES,CBC,256,4096,100,0.5723978304209815,0.010535715293675776,1.8406280970574385
windows_experience3_20260801.csv,x86,AES,CBC,256,16384,100,0.5746919916746991,0.009910207169621144,1.7244380143078029
windows_experience3_20260801.csv,x86,AES,CTR,128,64,100,1.300668273002701,0.14684222596696533,11.289752276955893
windows_experience3_20260801.csv,x86,AES,CTR,128,256,100,3.3349811430583496,0.26303584346882286,7.88717633430471
windows_experience3_20260801.csv,x86,AES,CTR,128,1024,100,4.695034605180574,0.2651985427124197,5.648489628165797
windows_experience3_20260801.csv,x86,AES,CTR,128,4096,100,4.963248134015642,0.4101038403215422,8.262811555015631
windows_experience3_20260801.csv,x86,AES,CTR,128,16384,100,5.319228617090399,0.1304118003567925,2.4517051201331395
windows_experience3_20260801.csv,x86,AES,CTR,192,64,100,1.2545508419741114,0.1639779062030958,13.070646538729882
windows_experience3_20260801.csv,x86,AES,CTR,192,256,100,3.3798106614838277,0.2521869164707664,7.461569351936702
windows_experience3_20260801.csv,x86,AES,CTR,192,1024,100,3.8295217038047427,0.277935074855841,7.257696818370407
windows_experience3_20260801.csv,x86,AES,CTR,192,4096,100,4.6764523649822705,0.21937993262510375,4.6911614938674875
windows_experience3_20260801.csv,x86,AES,CTR,192,16384,100,5.260693010667936,0.11800744139640715,2.2431919360644095
windows_experience3_20260801.csv,x86,AES,CTR,256,64,100,1.0258354038673179,0.08989952818383076,8.76354314200082
windows_experience3_20260801.csv,x86,AES,CTR,256,256,100,3.26657597448162,0.1990823645041783,6.094527298902672
windows_experience3_20260801.csv,x86,AES,CTR,256,1024,100,4.224306439475814,0.2434302285564581,5.762608183005418
windows_experience3_20260801.csv,x86,AES,CTR,256,4096,100,5.378398265751284,0.17006736093106217,3.162044767380317
windows_experience3_20260801.csv,x86,AES,CTR,256,16384,100,5.176055450009937,0.13314539957640723,2.572333331091954
windows_experience3_20260801.csv,x86,AES,GCM,128,64,100,0.17851234586342085,0.20583591352739,115.30626217016626
windows_experience3_20260801.csv,x86,AES,GCM,128,256,100,1.759939910254773,0.09864012932473112,5.604744159160056
windows_experience3_20260801.csv,x86,AES,GCM,128,1024,100,5.525668810411049,0.48459614190438166,8.76990928213689
windows_experience3_20260801.csv,x86,AES,GCM,128,4096,100,23.67252040049517,1.3849633906245635,5.850510918117505
windows_experience3_20260801.csv,x86,AES,GCM,128,16384,100,70.6959194569488,5.1979651059115675,7.352567369997834
windows_experience3_20260801.csv,x86,AES,GCM,192,64,100,0.35359535494964334,0.022206426186551834,6.280180402741524
windows_experience3_20260801.csv,x86,AES,GCM,192,256,100,1.4183914322272875,0.09136108819012595,6.441175976836129
windows_experience3_20260801.csv,x86,AES,GCM,192,1024,100,5.985085773519051,0.4183727818570414,6.99025540633231
windows_experience3_20260801.csv,x86,AES,GCM,192,4096,100,22.978481703460286,1.4288552827575407,6.218231914523631
windows_experience3_20260801.csv,x86,AES,GCM,192,16384,100,85.1234229028668,3.799213838567045,4.463182645865025
windows_experience3_20260801.csv,x86,AES,GCM,256,64,100,0.3737174357373243,0.029682501230987274,7.942498367095265
windows_experience3_20260801.csv,x86,AES,GCM,256,256,100,1.4276561377044663,0.11056142730354837,7.744261687644233
windows_experience3_20260801.csv,x86,AES,GCM,256,1024,100,6.209464813943446,0.39662326179257174,6.387398490477766
windows_experience3_20260801.csv,x86,AES,GCM,256,4096,100,21.447239339148204,1.933009534165544,9.01285943425442
windows_experience3_20260801.csv,x86,AES,GCM,256,16384,100,68.78169183421227,4.777064191003332,6.9452554358763265
windows_experience3_20260801.csv,x86,DES,ECB,64,64,100,2.040286124475946,0.3008727298272973,14.746594912249252
windows_experience3_20260801.csv,x86,DES,ECB,64,256,100,7.026033571218414,0.5674201421108998,8.075966850418864
windows_experience3_20260801.csv,x86,DES,ECB,64,1024,100,18.962009650122482,2.578102671713101,13.596146818206309
windows_experience3_20260801.csv,x86,DES,ECB,64,4096,100,28.4101246474149,2.1417121022195498,7.538552290070395
windows_experience3_20260801.csv,x86,DES,ECB,64,16384,100,33.749559974679805,1.3305651038795603,3.942466523645939
windows_experience3_20260801.csv,x86,DES,CBC,64,64,100,0.2071403820800686,0.015125635469263618,7.3021181661318515
windows_experience3_20260801.csv,x86,DES,CBC,64,256,100,0.23874685505835183,0.01212037091220024,5.076662018956403
windows_experience3_20260801.csv,x86,DES,CBC,64,1024,100,0.2663670218030827,0.005392208352355934,2.0243528331154432
windows_experience3_20260801.csv,x86,DES,CBC,64,4096,100,0.2739255229159357,0.003937993750895681,1.437614760748016
windows_experience3_20260801.csv,x86,DES,CBC,64,16384,100,0.26991554812172985,0.0029046286885752266,1.0761249986478219
windows_experience3_20260801.csv,x86,DES,CTR,64,64,100,0.8799762617487618,0.06919890297425652,7.863723827815392
windows_experience3_20260801.csv,x86,DES,CTR,64,256,100,2.6751912125585524,0.18365832361021087,6.865240987187607
windows_experience3_20260801.csv,x86,DES,CTR,64,1024,100,3.6617203747795126,0.18333220633084626,5.006723276675255
windows_experience3_20260801.csv,x86,DES,CTR,64,4096,100,3.9974355031336177,0.15990080030594286,4.000084558727602
windows_experience3_20260801.csv,x86,DES,CTR,64,16384,100,4.030612534507494,0.0788525159869596,1.956340762399646
windows_experience3_20260801.csv,x86,3DES,ECB,128,64,100,0.765868898736974,0.0726000190668098,9.479431686877152
windows_experience3_20260801.csv,x86,3DES,ECB,128,256,100,2.2547990489071754,0.12932066134382966,5.735351955488317
windows_experience3_20260801.csv,x86,3DES,ECB,128,1024,100,5.270795781582946,0.9445328559401839,17.920118613598003
windows_experience3_20260801.csv,x86,3DES,ECB,128,4096,100,9.666542903246238,0.3990710146215552,4.128373696945351
windows_experience3_20260801.csv,x86,3DES,ECB,128,16384,100,11.808681994134336,0.2945596917663579,2.494433264547838
windows_experience3_20260801.csv,x86,3DES,ECB,192,64,100,0.7087551213393423,0.050488308806472704,7.123519433773459
windows_experience3_20260801.csv,x86,3DES,ECB,192,256,100,2.308636518249858,0.12753504022713855,5.5242581159471955
windows_experience3_20260801.csv,x86,3DES,ECB,192,1024,100,5.7832328956669,0.32650613484715685,5.645737267330048
windows_experience3_20260801.csv,x86,3DES,ECB,192,4096,100,9.893899394144016,0.4713838638335309,4.7643890952896975
windows_experience3_20260801.csv,x86,3DES,ECB,192,16384,100,11.235817683488044,0.30380752248424886,2.703920008694329
windows_experience3_20260801.csv,x86,3DES,CBC,128,64,100,0.7148731446091393,0.03795762299259801,5.309700508242136
windows_experience3_20260801.csv,x86,3DES,CBC,128,256,100,0.7662871648463776,0.043206947069997795,5.638479809153499
windows_experience3_20260801.csv,x86,3DES,CBC,128,1024,100,0.788767268249559,0.03710847408210334,4.704616377458826
windows_experience3_20260801.csv,x86,3DES,CBC,128,4096,100,0.8306435539811536,0.012664343972399314,1.5246424187247294
windows_experience3_20260801.csv,x86,3DES,CBC,128,16384,100,0.8195056291323367,0.009698107408843212,1.1834094927586063
windows_experience3_20260801.csv,x86,3DES,CBC,192,64,100,0.6574301324367703,0.06602871261363366,10.04345699350556
windows_experience3_20260801.csv,x86,3DES,CBC,192,256,100,0.7435807957744697,0.040749437967959545,5.480162774445694
windows_experience3_20260801.csv,x86,3DES,CBC,192,1024,100,0.843979994415326,0.019419678770805106,2.3009643474142116
windows_experience3_20260801.csv,x86,3DES,CBC,192,4096,100,0.8177641516940751,0.01788965288681601,2.1876298746718006
windows_experience3_20260801.csv,x86,3DES,CBC,192,16384,100,0.8250297495414842,0.009115786191987113,1.1049039379553613
windows_experience3_20260801.csv,x86,3DES,CTR,128,64,100,0.5600275048908996,0.04208992954260425,7.515689707205345
windows_experience3_20260801.csv,x86,3DES,CTR,128,256,100,1.5901508237832502,0.08769740130380356,5.51503668659278
windows_experience3_20260801.csv,x86,3DES,CTR,128,1024,100,2.604069457034248,0.16090305918905554,6.17890812222446
windows_experience3_20260801.csv,x86,3DES,CTR,128,4096,100,2.9152707466634684,0.11887663217965991,4.077721848501186
windows_experience3_20260801.csv,x86,3DES,CTR,128,16384,100,3.350952732334366,0.06237121771650121,1.8612980456173638
windows_experience3_20260801.csv,x86,3DES,CTR,192,64,100,0.5028353253248301,0.052994982933628886,10.539232282337023
windows_experience3_20260801.csv,x86,3DES,CTR,192,256,100,0.9760237253472275,0.07903939977881594,8.098102302861244
windows_experience3_20260801.csv,x86,3DES,CTR,192,1024,100,2.3706195606589326,0.11857871242320157,5.002013582906642
windows_experience3_20260801.csv,x86,3DES,CTR,192,4096,100,3.004509555516623,0.10266153753789112,3.416914995307397
windows_experience3_20260801.csv,x86,3DES,CTR,192,16384,100,3.2325394767988205,0.06374205278984318,1.9718878376380065
windows_experience3_20260801.csv,x86,Twofish,ECB,128,64,100,1.7728348416581832,0.14892570719104772,8.4004275915377
windows_experience3_20260801.csv,x86,Twofish,ECB,128,256,100,1.7319237470332527,0.1669104379274154,9.637285602979304
windows_experience3_20260801.csv,x86,Twofish,ECB,128,1024,100,2.3870005540951285,0.10231700369463088,4.286425636520957
windows_experience3_20260801.csv,x86,Twofish,ECB,128,4096,100,2.3052223616039917,0.08135839761586502,3.5293080169175184
windows_experience3_20260801.csv,x86,Twofish,ECB,128,16384,100,2.305358067042471,0.04548797547104089,1.9731414447646787
windows_experience3_20260801.csv,x86,Twofish,ECB,192,64,100,1.3506341079885407,0.09656084567395998,7.149297141456406
windows_experience3_20260801.csv,x86,Twofish,ECB,192,256,100,1.995819513221498,0.1646453002369532,8.24950849243855
windows_experience3_20260801.csv,x86,Twofish,ECB,192,1024,100,2.0834666813906186,0.12764225272168866,6.12643599543878
windows_experience3_20260801.csv,x86,Twofish,ECB,192,4096,100,2.220575567656324,0.10789778187459706,4.859000677399882
windows_experience3_20260801.csv,x86,Twofish,ECB,192,16384,100,2.3127692986783908,0.04940302055500196,2.1360980787505626
windows_experience3_20260801.csv,x86,Twofish,ECB,256,64,100,1.5705209554917114,0.12713559474700567,8.095122468913573
windows_experience3_20260801.csv,x86,Twofish,ECB,256,256,100,1.8431550586957954,0.13231192501499067,7.17855637759602
windows_experience3_20260801.csv,x86,Twofish,ECB,256,1024,100,2.3673152010865786,0.12000277677778941,5.069150771418571
windows_experience3_20260801.csv,x86,Twofish,ECB,256,4096,100,2.253515198520182,0.09734840814576137,4.319846975502418
windows_experience3_20260801.csv,x86,Twofish,ECB,256,16384,100,2.2982382184459853,0.053107922890450264,2.310810187742879
windows_experience3_20260801.csv,x86,Twofish,CBC,128,64,100,0.8961788200560625,0.10340483226920896,11.53841509697141
windows_experience3_20260801.csv,x86,Twofish,CBC,128,256,100,1.3487835744705752,0.06649208653147205,4.9297817522408325
windows_experience3_20260801.csv,x86,Twofish,CBC,128,1024,100,0.9717813358494143,0.0579378173776917,5.9620220352399995
windows_experience3_20260801.csv,x86,Twofish,CBC,128,4096,100,1.3442307936342028,0.026077115163017067,1.939928417538787
windows_experience3_20260801.csv,x86,Twofish,CBC,128,16384,100,1.3444647847864368,0.01854399580315273,1.379284605516713
windows_experience3_20260801.csv,x86,Twofish,CBC,192,64,100,0.8567058456928467,0.0750457254461142,8.759800790832962
windows_experience3_20260801.csv,x86,Twofish,CBC,192,256,100,1.3287938722217216,0.06935425884658374,5.219339153831629
windows_experience3_20260801.csv,x86,Twofish,CBC,192,1024,100,1.2948202506853954,0.10486168756052361,8.098551710557238
windows_experience3_20260801.csv,x86,Twofish,CBC,192,4096,100,1.3064189051063122,0.041506376615329604,3.1771108373505927
windows_experience3_20260801.csv,x86,Twofish,CBC,192,16384,100,1.3147262888989835,0.020579307251107116,1.5652921391220709
windows_experience3_20260801.csv,x86,Twofish,CBC,256,64,100,0.7978764526005798,0.0788718490548479,9.885220800510512
windows_experience3_20260801.csv,x86,Twofish,CBC,256,256,100,1.1983420787584187,0.06078111809203427,5.0721007940410905
windows_experience3_20260801.csv,x86,Twofish,CBC,256,1024,100,1.2651576063238503,0.0899279485030779,7.108043144472743
windows_experience3_20260801.csv,x86,Twofish,CBC,256,4096,100,1.3200420653916367,0.033179616018269825,2.5135271737288107
windows_experience3_20260801.csv,x86,Twofish,CBC,256,16384,100,1.2942526734313307,0.07297470832028045,5.638366434802059
windows_experience3_20260801.csv,x86,Twofish,CTR,128,64,100,1.1872233636050895,0.09907887087745296,8.345427988933169
windows_experience3_20260801.csv,x86,Twofish,CTR,128,256,100,1.5851537565175464,0.10571341847277249,6.668969368940983
windows_experience3_20260801.csv,x86,Twofish,CTR,128,1024,100,1.552341478084865,0.09272123179347277,5.972991967454457
windows_experience3_20260801.csv,x86,Twofish,CTR,128,4096,100,1.5494173368383344,0.050668361408203834,3.270155832359229
windows_experience3_20260801.csv,x86,Twofish,CTR,128,16384,100,1.6235684145636124,0.025671398137607715,1.5811713203664257
windows_experience3_20260801.csv,x86,Twofish,CTR,192,64,100,1.3228539773210255,0.1275672879852738,9.64333858251055
windows_experience3_20260801.csv,x86,Twofish,CTR,192,256,100,1.6970355342628773,0.10151144432139605,5.981692325935207
windows_experience3_20260801.csv,x86,Twofish,CTR,192,1024,100,1.726891815477477,0.06711088078473013,3.8862238029760015
windows_experience3_20260801.csv,x86,Twofish,CTR,192,4096,100,1.6366054972337296,0.04250937130780903,2.597411005869187
windows_experience3_20260801.csv,x86,Twofish,CTR,192,16384,100,1.624975092131594,0.031139087933386912,1.9162809377305337
windows_experience3_20260801.csv,x86,Twofish,CTR,256,64,100,1.2974058267945603,0.09079388685951544,6.998109996456208
windows_experience3_20260801.csv,x86,Twofish,CTR,256,256,100,1.5952420110620227,0.07729822682494572,4.845548593187118
windows_experience3_20260801.csv,x86,Twofish,CTR,256,1024,100,1.7314446641929992,0.06976115505342365,4.029072167081833
windows_experience3_20260801.csv,x86,Twofish,CTR,256,4096,100,1.5638530479493589,0.04421448154691822,2.8272785352111924
windows_experience3_20260801.csv,x86,Twofish,CTR,256,16384,100,1.6418508146647208,0.02995316657089971,1.8243537295449337
windows_experience3_20260801.csv,x86,ChaCha20,Stream,256,64,100,3.240517945883657,0.4969590854220197,15.335791799989677
windows_experience3_20260801.csv,x86,ChaCha20,Stream,256,256,100,8.959945367520616,0.6731442915874294,7.512816919928396
windows_experience3_20260801.csv,x86,ChaCha20,Stream,256,1024,100,42.306565510130625,3.0370612465241202,7.178699594030796
windows_experience3_20260801.csv,x86,ChaCha20,Stream,256,4096,100,60.097078260024816,5.696131288976544,9.478216668588827
windows_experience3_20260801.csv,x86,ChaCha20,Stream,256,16384,100,96.25276383567976,5.784159055914099,6.009343342897319
