context,platform,algorithm,mode,key_size_bits,message_size_bytes,metric,raw_count,raw_mean,aggregated_value,abs_diff,rel_diff_pct,source_csvs
performance,x86,3DES,CBC,128,64,avalanche_score,3,0.49695312500000005,0.49695312500000005,0.0,0.0,"laptop-windows-x86_experience1.csv, laptop-windows-x86_experience2.csv, laptop-windows-x86_experience3.csv"
performance,x86,3DES,CBC,128,64,avg_decrypt_time_s,3,8.055366808548571e-05,8.055366808548571e-05,0.0,0.0,"laptop-windows-x86_experience1.csv, laptop-windows-x86_experience2.csv, laptop-windows-x86_experience3.csv"
performance,x86,3DES,CBC,128,64,avg_encrypt_time_s,3,0.00022568733586619298,0.00022568733586619298,0.0,0.0,"laptop-windows-x86_experience1.csv, laptop-windows-x86_experience2.csv, laptop-windows-x86_experience3.csv"
performance,x86,3DES,CBC,128,64,key_avalanche_score,2,0.434765625,0.434765625,0.0,0.0,"laptop-windows-x86_experience1.csv, laptop-windows-x86_experience2.csv, laptop-windows-x86_experience3.csv"
performance,x86,3DES,CBC,128,64,throughput_dec_mbps,3,0.7758169359410346,0.7758169359410346,0.0,0.0,"laptop-windows-x86_experience1.csv, laptop-windows-x86_experience2.csv, laptop-windows-x86_experience3.csv"
performance,x86,3DES,CBC,128,64,throughput_enc_mbps,3,0.5577558495563427,0.5577558495563427,0.0,0.0,"laptop-windows-x86_experience1.csv, laptop-windows-x86_experience2.csv, laptop-windows-x86_experience3.csv"
performance,x86,3DES,CBC,128,256,avalanche_score,3,0.5040885416666667,0.5040885416666667,0.0,0.0,"laptop-windows-x86_experience1.csv, laptop-windows-x86_experience2.csv, laptop-windows-x86_experience3.csv"
performance,x86,3DES,CBC,128,256,avg_decrypt_time_s,3,0.0001155013342698415,0.0001155013342698415,0.0,0.0,"laptop-windows-x86_experience1.csv, laptop-windows-x86_experience2.csv, laptop-windows-x86_experience3.csv"
performance,x86,3DES,CBC,128,256,avg_encrypt_time_s,3,0.000776892666860173,0.000776892666860173,0.0,0.0,"laptop-windows-x86_experience1.csv, laptop-windows-x86_experience2.csv, laptop-windows-x86_experience3.csv"
performance,x86,3DES,CBC,128,256,key_avalanche_score,2,0.4553515625,0.4553515625,0.0,0.0,"laptop-windows-x86_experience1.csv, laptop-windows-x86_experience2.csv, laptop-windows-x86_experience3.csv"
performance,x86,3DES,CBC,128,256,throughput_dec_mbps,3,2.147519989707315,2.147519989707315,0.0,0.0,"laptop-windows-x86_experience1.csv, laptop-windows-x86_experience2.csv, laptop-windows-x86_experience3.csv"
performance,x86,3DES,CBC,128,256,throughput_enc_mbps,3,0.6697113377717222,0.6697113377717222,0.0,0.0,"laptop-windows-x86_experience1.csv, laptop-windows-x86_experience2.csv, laptop-windows-x86_experience3.csv"
performance,x86,3DES,CBC,128,1024,avalanche_score,3,0.5011718749999999,0.5011718749999999,0.0,0.0,"laptop-windows-x86_experience1.csv, laptop-windows-x86_experience2.csv, laptop-windows-x86_experience3.csv"
performance,x86,3DES,CBC,128,1024,avg_decrypt_time_s,3,0.00025599066400900484,0.00025599066400900484,0.0,0.0,"laptop-windows-x86_experience1.csv, laptop-windows-x86_experience2.csv, laptop-windows-x86_experience3.csv"
performance,x86,3DES,CBC,128,1024,avg_encrypt_time_s,3,0.00306399366663148,0.00306399366663148,0.0,0.0,"laptop-windows-x86_experience1.csv, laptop-windows-x86_experience2.csv, laptop-windows-x86_experience3.csv"
performance,x86,3DES,CBC,128,1024,key_avalanche_score,2,0.4515234375,0.4515234375,0.0,0.0,"laptop-windows-x86_experience1.csv, laptop-windows-x86_experience2.csv, laptop-windows-x86_experience3.csv"
performance,x86,3DES,CBC,128,1024,throughput_dec_mbps,3,3.8650756247415607,3.8650756247415607,0.0,0.0,"laptop-windows-x86_experience1.csv, laptop-windows-x86_experience2.csv, laptop-windows-x86_experience3.csv"
performance,x86,3DES,CBC,128,1024,throughput_enc_mbps,3,0.6745828926211139,0.6745828926211139,0.0,0.0,"laptop-windows-x86_experience1.csv, laptop-windows-x86_experience2.csv, laptop-windows-x86_experience3.csv"
performance,x86,3DES,CBC,128,4096,avalanche_score,3,0.49666666666666665,0.49666666666666665,0.0,0.0,"laptop-windows-x86_experience1.csv, laptop-windows-x86_experience2.csv, laptop-windows-x86_experience3.csv"
performance,x86,3DES,CBC,128,4096,avg_decrypt_time_s,3,0.0008937893295660615,0.0008937893295660615,0.0,0.0,"laptop-windows-x86_experience1.csv, laptop-windows-x86_experience2.csv, laptop-windows-x86_experience3.csv"
performance,x86,3DES,CBC,128,4096,avg_encrypt_time_s,3,0.01201596899423748,0.01201596899423748,0.0,0.0,"laptop-windows-x86_experience1.csv, laptop-windows-x86_experience2.csv, laptop-windows-x86_experience3.csv"
performance,x86,3DES,CBC,128,4096,key_avalanche_score,2,0.41117187499999996,0.41117187499999996,0.0,0.0,"laptop-windows-x86_experience1.csv, laptop-windows-x86_experience2.csv, laptop-windows-x86_experience3.csv"
performance,x86,3DES,CBC,128,4096,throughput_dec_mbps,3,4.539694934876267,4.539694934876267,0.0,0.0,"laptop-windows-x86_experience1.csv, laptop-windows-x86_experience2.csv, laptop-windows-x86_experience3.csv"
performance,x86,3DES,CBC,128,4096,throughput_enc_mbps,3,0.7045827751701378,0.7045827751701378,0.0,0.0,"laptop-windows-x86_experience1.csv, laptop-windows-x86_experience2.csv, laptop-windows-x86_experience3.csv"
performance,x86,3DES,CBC,128,16384,avalanche_score,3,0.49755208333333334,0.49755208333333334,0.0,0.0,"laptop-windows-x86_experience1.csv, laptop-windows-x86_experience2.csv, laptop-windows-x86_experience3.csv"
performance,x86,3DES,CBC,128,16384,avg_decrypt_time_s,3,0.0030310303322039545,0.0030310303322039545,0.0,0.0,"laptop-windows-x86_experience1.csv, laptop-windows-x86_experience2.csv, laptop-windows-x86_experience3.csv"
performance,x86,3DES,CBC,128,16384,avg_encrypt_time_s,3,0.04785711466645201,0.04785711466645201,0.0,0.0,"laptop-windows-x86_experience1.csv, laptop-windows-x86_experience2.csv, laptop-windows-x86_experience3.csv"
performance,x86,3DES,CBC,128,16384,key_avalanche_score,2,0.4441015625,0.4441015625,0.0,0.0,"laptop-windows-x86_experience1.csv, laptop-windows-x86_experience2.csv, laptop-windows-x86_experience3.csv"
performance,x86,3DES,CBC,128,16384,throughput_dec_mbps,3,5.20887016937063,5.20887016937063,0.0,0.0,"laptop-windows-x86_experience1.csv, laptop-windows-x86_experience2.csv, laptop-windows-x86_experience3.csv"
performance,x86,3DES,CBC,128,16384,throughput_enc_mbps,3,0.7118593860326076,0.7118593860326076,0.0,0.0,"laptop-windows-x86_experience1.csv, laptop-windows-x86_experience2.csv, laptop-windows-x86_experience3.csv"
performance,x86,3DES,CBC,192,64,avalanche_score,3,0.5053385416666667,0.5053385416666667,0.0,0.0,"laptop-windows-x86_experience1.csv, laptop-windows-x86_experience2.csv, laptop-windows-x86_experience3.csv"
performance,x86,3DES,CBC,192,64,avg_decrypt_time_s,3,9.385999913016955e-05,9.385999913016955e-05,0.0,0.0,"laptop-windows-x86_experience1.csv, laptop-windows-x86_experience2.csv, laptop-windows-x86_experience3.csv"
performance,x86,3DES,CBC,192,64,avg_encrypt_time_s,3,0.00025399832908685007,0.00025399832908685007,0.0,0.0,"laptop-windows-x86_experience1.csv, laptop-windows-x86_experience2.csv, laptop-windows-x86_experience3.csv"
performance,x86,3DES,CBC,192,64,key_avalanche_score,2,0.42093749999999996,0.42093749999999996,0.0,0.0,"laptop-windows-x86_experience1.csv, laptop-windows-x86_experience2.csv, laptop-windows-x86_experience3.csv"
performance,x86,3DES,CBC,192,64,throughput_dec_mbps,3,0.6628627132335008,0.6628627132335008,0.0,0.0,"laptop-windows-x86_experience1.csv, laptop-windows-x86_experience2.csv, laptop-windows-x86_experience3.csv"
performance,x86,3DES,CBC,192,64,throughput_enc_mbps,3,0.5882190860025385,0.5882190860025385,0.0,0.0,"laptop-windows-x86_experience1.csv, laptop-windows-x86_experience2.csv, laptop-windows-x86_experience3.csv"
performance,x86,3DES,CBC,192,256,avalanche_score,3,0.49807291666666664,0.49807291666666664,0.0,0.0,"laptop-windows-x86_experience1.csv, laptop-windows-x86_experience2.csv, laptop-windows-x86_experience3.csv"
performance,x86,3DES,CBC,192,256,avg_decrypt_time_s,3,0.00012761700587968032,0.00012761700587968032,0.0,0.0,"laptop-windows-x86_experience1.csv, laptop-windows-x86_experience2.csv, laptop-windows-x86_experience3.csv"
performance,x86,3DES,CBC,192,256,avg_encrypt_time_s,3,0.0008997349968800942,0.0008997349968800942,0.0,0.0,"laptop-windows-x86_experience1.csv, laptop-windows-x86_experience2.csv, laptop-windows-x86_experience3.csv"
performance,x86,3DES,CBC,192,256,key_avalanche_score,2,0.44796875,0.44796875,0.0,0.0,"laptop-windows-x86_experience1.csv, laptop-windows-x86_experience2.csv, laptop-windows-x86_experience3.csv"
performance,x86,3DES,CBC,192,256,throughput_dec_mbps,3,1.9291553383721647,1.9291553383721647,0.0,0.0,"laptop-windows-x86_experience1.csv, laptop-windows-x86_experience2.csv, laptop-windows-x86_experience3.csv"
performance,x86,3DES,CBC,192,256,throughput_enc_mbps,3,0.6689904512977373,0.6689904512977373,0.0,0.0,"laptop-windows-x86_experience1.csv, laptop-windows-x86_experience2.csv, laptop-windows-x86_experience3.csv"
performance,x86,3DES,CBC,192,1024,avalanche_score,3,0.5046354166666667,0.5046354166666667,0.0,0.0,"laptop-windows-x86_experience1.csv, laptop-windows-x86_experience2.csv, laptop-windows-x86_experience3.csv"
performance,x86,3DES,CBC,192,1024,avg_decrypt_time_s,3,0.00027314866815383236,0.00027314866815383236,0.0,0.0,"laptop-windows-x86_experience1.csv, laptop-windows-x86_experience2.csv, laptop-windows-x86_experience3.csv"
performance,x86,3DES,CBC,192,1024,avg_encrypt_time_s,3,0.0034613236652997633,0.0034613236652997633,0.0,0.0,"laptop-windows-x86_experience1.csv, laptop-windows-x86_experience2.csv, laptop-windows-x86_experience3.csv"
performance,x86,3DES,CBC,192,1024,key_avalanche_score,2,0.43843750000000004,0.43843750000000004,0.0,0.0,"laptop-windows-x86_experience1.csv, laptop-windows-x86_experience2.csv, laptop-windows-x86_experience3.csv"
performance,x86,3DES,CBC,192,1024,throughput_dec_mbps,3,3.6138474478389746,3.6138474478389746,0.0,0.0,"laptop-windows-x86_experience1.csv, laptop-windows-x86_experience2.csv, laptop-windows-x86_experience3.csv"
performance,x86,3DES,CBC,192,1024,throughput_enc_mbps,3,0.6747036131675263,0.6747036131675263,0.0,0.0,"laptop-windows-x86_experience1.csv, laptop-windows-x86_experience2.csv, laptop-windows-x86_experience3.csv"
performance,x86,3DES,CBC,192,4096,avalanche_score,3,0.5027343750000001,0.5027343750000001,0.0,0.0,"laptop-windows-x86_experience1.csv, laptop-windows-x86_experience2.csv, laptop-windows-x86_experience3.csv"
performance,x86,3DES,CBC,192,4096,avg_decrypt_time_s,3,0.0008552903356030583,0.0008552903356030583,0.0,0.0,"laptop-windows-x86_experience1.csv, laptop-windows-x86_experience2.csv, laptop-windows-x86_experience3.csv"
performance,x86,3DES,CBC,192,4096,avg_encrypt_time_s,3,0.015154788333456964,0.015154788333456964,0.0,0.0,"laptop-windows-x86_experience1.csv, laptop-windows-x86_experience2.csv, laptop-windows-x86_experience3.csv"
performance,x86,3DES,CBC,192,4096,key_avalanche_score,2,0.42660156250000003,0.42660156250000003,0.0,0.0,"laptop-windows-x86_experience1.csv, laptop-windows-x86_experience2.csv, laptop-windows-x86_experience3.csv"
performance,x86,3DES,CBC,192,4096,throughput_dec_mbps,3,4.596633884270258,4.596633884270258,0.0,0.0,"laptop-windows-x86_experience1.csv, laptop-windows-x86_experience2.csv, laptop-windows-x86_experience3.csv"
performance,x86,3DES,CBC,192,4096,throughput_enc_mbps,3,0.6758323293685575,0.6758323293685575,0.0,0.0,"laptop-windows-x86_experience1.csv, laptop-windows-x86_experience2.csv, laptop-windows-x86_experience3.csv"
performance,x86,3DES,CBC,192,16384,avalanche_score,3,0.49830729166666665,0.49830729166666665,0.0,0.0,"laptop-windows-x86_experience1.csv, laptop-windows-x86_experience2.csv, laptop-windows-x86_experience3.csv"
performance,x86,3DES,CBC,192,16384,avg_decrypt_time_s,3,0.003937052000934879,0.003937052000934879,0.0,0.0,"laptop-windows-x86_experience1.csv, laptop-windows-x86_experience2.csv, laptop-windows-x86_experience3.csv"
performance,x86,3DES,CBC,192,16384,avg_encrypt_time_s,3,0.06242613332501302,0.06242613332501302,0.0,0.0,"laptop-windows-x86_experience1.csv, laptop-windows-x86_experience2.csv, laptop-windows-x86_experience3.csv"
performance,x86,3DES,CBC,192,16384,key_avalanche_score,2,0.4320703125,0.4320703125,0.0,0.0,"laptop-windows-x86_experience1.csv, laptop-windows-x86_experience2.csv, laptop-windows-x86_experience3.csv"
performance,x86,3DES,CBC,192,16384,throughput_dec_mbps,3,4.322023580099254,4.322023580099254,0.0,0.0,"laptop-windows-x86_experience1.csv, laptop-windows-x86_experience2.csv, laptop-windows-x86_experience3.csv"
performance,x86,3DES,CBC,192,16384,throughput_enc_mbps,3,0.6993807436923508,0.6993807436923508,0.0,0.0,"laptop-windows-x86_experience1.csv, laptop-windows-x86_experience2.csv, laptop-windows-x86_experience3.csv"
performance,x86,3DES,CTR,128,64,avalanche_score,3,0.4986979166666667,0.4986979166666667,0.0,0.0,"laptop-windows-x86_experience1.csv, laptop-windows-x86_experience2.csv, laptop-windows-x86_experience3.csv"
performance,x86,3DES,CTR,128,64,avg_decrypt_time_s,3,8.610532929499943e-05,8.610532929499943e-05,0.0,0.0,"laptop-windows-x86_experience1.csv, laptop-windows-x86_experience2.csv, laptop-windows-x86_experience3.csv"
performance,x86,3DES,CTR,128,64,avg_encrypt_time_s,3,7.645600320150456e-05,7.645600320150456e-05,0.0,0.0,"laptop-windows-x86_experience1.csv, laptop-windows-x86_experience2.csv, laptop-windows-x86_experience3.csv"
performance,x86,3DES,CTR,128,64,key_avalanche_score,2,0.450078125,0.450078125,0.0,0.0,"laptop-windows-x86_experience1.csv, laptop-windows-x86_experience2.csv, laptop-windows-x86_experience3.csv"
performance,x86,3DES,CTR,128,64,throughput_dec_mbps,3,0.727769787260702,0.727769787260702,0.0,0.0,"laptop-windows-x86_experience1.csv, laptop-windows-x86_experience2.csv, laptop-windows-x86_experience3.csv"
performance,x86,3DES,CTR,128,64,throughput_enc_mbps,3,0.7995727367812545,0.7995727367812545,0.0,0.0,"laptop-windows-x86_experience1.csv, laptop-windows-x86_experience2.csv, laptop-windows-x86_experience3.csv"
performance,x86,3DES,CTR,128,256,avalanche_score,3,0.5024479166666667,0.5024479166666667,0.0,0.0,"laptop-windows-x86_experience1.csv, laptop-windows-x86_experience2.csv, laptop-windows-x86_experience3.csv"
performance,x86,3DES,CTR,128,256,avg_decrypt_time_s,3,0.00015863533597439527,0.00015863533597439527,0.0,0.0,"laptop-windows-x86_experience1.csv, laptop-windows-x86_experience2.csv, laptop-windows-x86_experience3.csv"
performance,x86,3DES,CTR,128,256,avg_encrypt_time_s,3,0.0001705316617153585,0.0001705316617153585,0.0,0.0,"laptop-windows-x86_experience1.csv, laptop-windows-x86_experience2.csv, laptop-windows-x86_experience3.csv"
performance,x86,3DES,CTR,128,256,key_avalanche_score,2,0.4423046875,0.4423046875,0.0,0.0,"laptop-windows-x86_experience1.csv, laptop-windows-x86_experience2.csv, laptop-windows-x86_experience3.csv"
performance,x86,3DES,CTR,128,256,throughput_dec_mbps,3,1.6189054456149357,1.6189054456149357,0.0,0.0,"laptop-windows-x86_experience1.csv, laptop-windows-x86_experience2.csv, laptop-windows-x86_experience3.csv"
performance,x86,3DES,CTR,128,256,throughput_enc_mbps,3,1.5820874422875555,1.5820874422875555,0.0,0.0,"laptop-windows-x86_experience1.csv, laptop-windows-x86_experience2.csv, laptop-windows-x86_experience3.csv"
performance,x86,3DES,CTR,128,1024,avalanche_score,3,0.49755208333333334,0.49755208333333334,0.0,0.0,"laptop-windows-x86_experience1.csv, laptop-windows-x86_experience2.csv, laptop-windows-x86_experience3.csv"
performance,x86,3DES,CTR,128,1024,avg_decrypt_time_s,3,0.0003582923323847353,0.0003582923323847353,0.0,0.0,"laptop-windows-x86_experience1.csv, laptop-windows-x86_experience2.csv, laptop-windows-x86_experience3.csv"
performance,x86,3DES,CTR,128,1024,avg_encrypt_time_s,3,0.00039626400607327617,0.00039626400607327617,0.0,0.0,"laptop-windows-x86_experience1.csv, laptop-windows-x86_experience2.csv, laptop-windows-x86_experience3.csv"
performance,x86,3DES,CTR,128,1024,key_avalanche_score,2,0.431875,0.431875,0.0,0.0,"laptop-windows-x86_experience1.csv, laptop-windows-x86_experience2.csv, laptop-windows-x86_experience3.csv"
performance,x86,3DES,CTR,128,1024,throughput_dec_mbps,3,2.8126476007103616,2.8126476007103616,0.0,0.0,"laptop-windows-x86_experience1.csv, laptop-windows-x86_experience2.csv, laptop-windows-x86_experience3.csv"
performance,x86,3DES,CTR,128,1024,throughput_enc_mbps,3,2.6335507132550378,2.6335507132550378,0.0,0.0,"laptop-windows-x86_experience1.csv, laptop-windows-x86_experience2.csv, laptop-windows-x86_experience3.csv"
performance,x86,3DES,CTR,128,4096,avalanche_score,3,0.49687499999999996,0.49687499999999996,0.0,0.0,"laptop-windows-x86_experience1.csv, laptop-windows-x86_experience2.csv, laptop-windows-x86_experience3.csv"
performance,x86,3DES,CTR,128,4096,avg_decrypt_time_s,3,0.0013540613402922947,0.0013540613402922947,0.0,0.0,"laptop-windows-x86_experience1.csv, laptop-windows-x86_experience2.csv, laptop-windows-x86_experience3.csv"
performance,x86,3DES,CTR,128,4096,avg_encrypt_time_s,3,0.0012669960021351775,0.0012669960021351775,0.0,0.0,"laptop-windows-x86_experience1.csv, laptop-windows-x86_experience2.csv, laptop-windows-x86_experience3.csv"
performance,x86,3DES,CTR,128,4096,key_avalanche_score,2,0.431171875,0.431171875,0.0,0.0,"laptop-windows-x86_experience1.csv, laptop-windows-x86_experience2.csv, laptop-windows-x86_experience3.csv"
performance,x86,3DES,CTR,128,4096,throughput_dec_mbps,3,3.168870013383513,3.168870013383513,0.0,0.0,"laptop-windows-x86_experience1.csv, laptop-windows-x86_experience2.csv, laptop-windows-x86_experience3.csv"
performance,x86,3DES,CTR,128,4096,throughput_enc_mbps,3,3.2385663903012194,3.2385663903012194,0.0,0.0,"laptop-windows-x86_experience1.csv, laptop-windows-x86_experience2.csv, laptop-windows-x86_experience3.csv"
performance,x86,3DES,CTR,128,16384,avalanche_score,3,0.5003645833333333,0.5003645833333333,0.0,0.0,"laptop-windows-x86_experience1.csv, laptop-windows-x86_experience2.csv, laptop-windows-x86_experience3.csv"
performance,x86,3DES,CTR,128,16384,avg_decrypt_time_s,3,0.005309791000715147,0.005309791000715147,0.0,0.0,"laptop-windows-x86_experience1.csv, laptop-windows-x86_experience2.csv, laptop-windows-x86_experience3.csv"
performance,x86,3DES,CTR,128,16384,avg_encrypt_time_s,3,0.0071111326633642126,0.0071111326633642126,0.0,0.0,"laptop-windows-x86_experience1.csv, laptop-windows-x86_experience2.csv, laptop-windows-x86_experience3.csv"
performance,x86,3DES,CTR,128,16384,key_avalanche_score,2,0.433046875,0.433046875,0.0,0.0,"laptop-windows-x86_experience1.csv, laptop-windows-x86_experience2.csv, laptop-windows-x86_experience3.csv"
performance,x86,3DES,CTR,128,16384,throughput_dec_mbps,3,3.1903947155752905,3.1903947155752905,0.0,0.0,"laptop-windows-x86_experience1.csv, laptop-windows-x86_experience2.csv, laptop-windows-x86_experience3.csv"
performance,x86,3DES,CTR,128,16384,throughput_enc_mbps,3,3.0720796618785875,3.0720796618785875,0.0,0.0,"laptop-windows-x86_experience1.csv, laptop-windows-x86_experience2.csv, laptop-windows-x86_experience3.csv"
performance,x86,3DES,CTR,192,64,avalanche_score,3,0.5006770833333333,0.5006770833333333,0.0,0.0,"laptop-windows-x86_experience1.csv, laptop-windows-x86_experience2.csv, laptop-windows-x86_experience3.csv"
performance,x86,3DES,CTR,192,64,avg_decrypt_time_s,3,0.0001023540102566282,0.0001023540102566282,0.0,0.0,"laptop-windows-x86_experience1.csv, laptop-windows-x86_experience2.csv, laptop-windows-x86_experience3.csv"
performance,x86,3DES,CTR,192,64,avg_encrypt_time_s,3,0.00010543100147818525,0.00010543100147818525,0.0,0.0,"laptop-windows-x86_experience1.csv, laptop-windows-x86_experience2.csv, laptop-windows-x86_experience3.csv"
performance,x86,3DES,CTR,192,64,key_avalanche_score,2,0.4390234375,0.4390234375,0.0,0.0,"laptop-windows-x86_experience1.csv, laptop-windows-x86_experience2.csv, laptop-windows-x86_experience3.csv"
performance,x86,3DES,CTR,192,64,throughput_dec_mbps,3,0.609031278546226,0.609031278546226,0.0,0.0,"laptop-windows-x86_experience1.csv, laptop-windows-x86_experience2.csv, laptop-windows-x86_experience3.csv"
performance,x86,3DES,CTR,192,64,throughput_enc_mbps,3,0.5956985264768938,0.5956985264768938,0.0,0.0,"laptop-windows-x86_experience1.csv, laptop-windows-x86_experience2.csv, laptop-windows-x86_experience3.csv"
performance,x86,3DES,CTR,192,256,avalanche_score,3,0.498125,0.498125,0.0,0.0,"laptop-windows-x86_experience1.csv, laptop-windows-x86_experience2.csv, laptop-windows-x86_experience3.csv"
performance,x86,3DES,CTR,192,256,avg_decrypt_time_s,3,0.0001503560117756327,0.0001503560117756327,0.0,0.0,"laptop-windows-x86_experience1.csv, laptop-windows-x86_experience2.csv, laptop-windows-x86_experience3.csv"
performance,x86,3DES,CTR,192,256,avg_encrypt_time_s,3,0.00014993433374911548,0.00014993433374911548,0.0,0.0,"laptop-windows-x86_experience1.csv, laptop-windows-x86_experience2.csv, laptop-windows-x86_experience3.csv"
performance,x86,3DES,CTR,192,256,key_avalanche_score,2,0.43609375,0.43609375,0.0,0.0,"laptop-windows-x86_experience1.csv, laptop-windows-x86_experience2.csv, laptop-windows-x86_experience3.csv"
performance,x86,3DES,CTR,192,256,throughput_dec_mbps,3,1.6439355591989635,1.6439355591989635,0.0,0.0,"laptop-windows-x86_experience1.csv, laptop-windows-x86_experience2.csv, laptop-windows-x86_experience3.csv"
performance,x86,3DES,CTR,192,256,throughput_enc_mbps,3,1.6605206495979299,1.6605206495979299,0.0,0.0,"laptop-windows-x86_experience1.csv, laptop-windows-x86_experience2.csv, laptop-windows-x86_experience3.csv"
performance,x86,3DES,CTR,192,1024,avalanche_score,3,0.4936979166666667,0.4936979166666667,0.0,0.0,"laptop-windows-x86_experience1.csv, laptop-windows-x86_experience2.csv, laptop-windows-x86_experience3.csv"
performance,x86,3DES,CTR,192,1024,avg_decrypt_time_s,3,0.00040098599468668303,0.00040098599468668303,0.0,0.0,"laptop-windows-x86_experience1.csv, laptop-windows-x86_experience2.csv, laptop-windows-x86_experience3.csv"
performance,x86,3DES,CTR,192,1024,avg_encrypt_time_s,3,0.00038883199682459234,0.00038883199682459234,0.0,0.0,"laptop-windows-x86_experience1.csv, laptop-windows-x86_experience2.csv, laptop-windows-x86_experience3.csv"
performance,x86,3DES,CTR,192,1024,key_avalanche_score,2,0.4454296875,0.4454296875,0.0,0.0,"laptop-windows-x86_experience1.csv, laptop-windows-x86_experience2.csv, laptop-windows-x86_experience3.csv"
performance,x86,3DES,CTR,192,1024,throughput_dec_mbps,3,2.598886280527059,2.598886280527059,0.0,0.0,"laptop-windows-x86_experience1.csv, laptop-windows-x86_experience2.csv, laptop-windows-x86_experience3.csv"
performance,x86,3DES,CTR,192,1024,throughput_enc_mbps,3,2.584412493002949,2.584412493002949,0.0,0.0,"laptop-windows-x86_experience1.csv, laptop-windows-x86_experience2.csv, laptop-windows-x86_experience3.csv"
performance,x86,3DES,CTR,192,4096,avalanche_score,3,0.502578125,0.502578125,0.0,0.0,"laptop-windows-x86_experience1.csv, laptop-windows-x86_experience2.csv, laptop-windows-x86_experience3.csv"
performance,x86,3DES,CTR,192,4096,avg_decrypt_time_s,3,0.00222657966427505,0.00222657966427505,0.0,0.0,"laptop-windows-x86_experience1.csv, laptop-windows-x86_experience2.csv, laptop-windows-x86_experience3.csv"
performance,x86,3DES,CTR,192,4096,avg_encrypt_time_s,3,0.0016508850043949984,0.0016508850043949984,0.0,0.0,"laptop-windows-x86_experience1.csv, laptop-windows-x86_experience2.csv, laptop-windows-x86_experience3.csv"
performance,x86,3DES,CTR,192,4096,key_avalanche_score,2,0.438984375,0.438984375,0.0,0.0,"laptop-windows-x86_experience1.csv, laptop-windows-x86_experience2.csv, laptop-windows-x86_experience3.csv"
performance,x86,3DES,CTR,192,4096,throughput_dec_mbps,3,2.726785940360982,2.726785940360982,0.0,0.0,"laptop-windows-x86_experience1.csv, laptop-windows-x86_experience2.csv, laptop-windows-x86_experience3.csv"
performance,x86,3DES,CTR,192,4096,throughput_enc_mbps,3,2.86605917623219,2.86605917623219,0.0,0.0,"laptop-windows-x86_experience1.csv, laptop-windows-x86_experience2.csv, laptop-windows-x86_experience3.csv"
performance,x86,3DES,CTR,192,16384,avalanche_score,3,0.4965625,0.4965625,0.0,0.0,"laptop-windows-x86_experience1.csv, laptop-windows-x86_experience2.csv, laptop-windows-x86_experience3.csv"
performance,x86,3DES,CTR,192,16384,avg_decrypt_time_s,3,0.005594658339396119,0.005594658339396119,0.0,0.0,"laptop-windows-x86_experience1.csv, laptop-windows-x86_experience2.csv, laptop-windows-x86_experience3.csv"
performance,x86,3DES,CTR,192,16384,avg_encrypt_time_s,3,0.0054628583214556175,0.0054628583214556175,0.0,0.0,"laptop-windows-x86_experience1.csv, laptop-windows-x86_experience2.csv, laptop-windows-x86_experience3.csv"
performance,x86,3DES,CTR,192,16384,key_avalanche_score,2,0.450390625,0.450390625,0.0,0.0,"laptop-windows-x86_experience1.csv, laptop-windows-x86_experience2.csv, laptop-windows-x86_experience3.csv"
performance,x86,3DES,CTR,192,16384,throughput_dec_mbps,3,3.0153313093628675,3.0153313093628675,0.0,0.0,"laptop-windows-x86_experience1.csv, laptop-windows-x86_experience2.csv, laptop-windows-x86_experience3.csv"
performance,x86,3DES,CTR,192,16384,throughput_enc_mbps,3,3.1976361032792915,3.1976361032792915,0.0,0.0,"laptop-windows-x86_experience1.csv, laptop-windows-x86_experience2.csv, laptop-windows-x86_experience3.csv"
performance,x86,3DES,ECB,128,64,avalanche_score,3,0.501328125,0.501328125,0.0,0.0,"laptop-windows-x86_experience1.csv, laptop-windows-x86_experience2.csv, laptop-windows-x86_experience3.csv"
performance,x86,3DES,ECB,128,64,avg_decrypt_time_s,3,7.149466313421726e-05,7.149466313421726e-05,0.0,0.0,"laptop-windows-x86_experience1.csv, laptop-windows-x86_experience2.csv, laptop-windows-x86_experience3.csv"
performance,x86,3DES,ECB,128,64,avg_encrypt_time_s,3,6.510665950675805e-05,6.510665950675805e-05,0.0,0.0,"laptop-windows-x86_experience1.csv, laptop-windows-x86_experience2.csv, laptop-windows-x86_experience3.csv"
performance,x86,3DES,ECB,128,64,key_avalanche_score,2,0.44332031250000004,0.44332031250000004,0.0,0.0,"laptop-windows-x86_experience1.csv, laptop-windows-x86_experience2.csv, laptop-windows-x86_experience3.csv"
performance,x86,3DES,ECB,128,64,throughput_dec_mbps,3,0.8592213668412753,0.8592213668412753,0.0,0.0,"laptop-windows-x86_experience1.csv, laptop-windows-x86_experience2.csv, laptop-windows-x86_experience3.csv"
performance,x86,3DES,ECB,128,64,throughput_enc_mbps,3,0.9417129198180475,0.9417129198180475,0.0,0.0,"laptop-windows-x86_experience1.csv, laptop-windows-x86_experience2.csv, laptop-windows-x86_experience3.csv"
performance,x86,3DES,ECB,128,256,avalanche_score,3,0.49919270833333335,0.49919270833333335,0.0,0.0,"laptop-windows-x86_experience1.csv, laptop-windows-x86_experience2.csv, laptop-windows-x86_experience3.csv"
performance,x86,3DES,ECB,128,256,avg_decrypt_time_s,3,7.47056685698529e-05,7.47056685698529e-05,0.0,0.0,"laptop-windows-x86_experience1.csv, laptop-windows-x86_experience2.csv, laptop-windows-x86_experience3.csv"
performance,x86,3DES,ECB,128,256,avg_encrypt_time_s,3,7.737132410208384e-05,7.737132410208384e-05,0.0,0.0,"laptop-windows-x86_experience1.csv, laptop-windows-x86_experience2.csv, laptop-windows-x86_experience3.csv"
performance,x86,3DES,ECB,128,256,key_avalanche_score,2,0.42953125000000003,0.42953125000000003,0.0,0.0,"laptop-windows-x86_experience1.csv, laptop-windows-x86_experience2.csv, laptop-windows-x86_experience3.csv"
performance,x86,3DES,ECB,128,256,throughput_dec_mbps,3,3.280650059870179,3.280650059870179,0.0,0.0,"laptop-windows-x86_experience1.csv, laptop-windows-x86_experience2.csv, laptop-windows-x86_experience3.csv"
performance,x86,3DES,ECB,128,256,throughput_enc_mbps,3,3.1835626821879295,3.1835626821879295,0.0,0.0,"laptop-windows-x86_experience1.csv, laptop-windows-x86_experience2.csv, laptop-windows-x86_experience3.csv"
performance,x86,3DES,ECB,128,1024,avalanche_score,3,0.503828125,0.503828125,0.0,0.0,"laptop-windows-x86_experience1.csv, laptop-windows-x86_experience2.csv, laptop-windows-x86_experience3.csv"
performance,x86,3DES,ECB,128,1024,avg_decrypt_time_s,3,0.00012346066068857908,0.00012346066068857908,0.0,0.0,"laptop-windows-x86_experience1.csv, laptop-windows-x86_experience2.csv, laptop-windows-x86_experience3.csv"
performance,x86,3DES,ECB,128,1024,avg_encrypt_time_s,3,0.00013211099586139124,0.00013211099586139124,0.0,0.0,"laptop-windows-x86_experience1.csv, laptop-windows-x86_experience2.csv, laptop-windows-x86_experience3.csv"
performance,x86,3DES,ECB,128,1024,key_avalanche_score,2,0.45203125,0.45203125,0.0,0.0,"laptop-windows-x86_experience1.csv, laptop-windows-x86_experience2.csv, laptop-windows-x86_experience3.csv"
performance,x86,3DES,ECB,128,1024,throughput_dec_mbps,3,7.945262291730782,7.945262291730782,0.0,0.0,"laptop-windows-x86_experience1.csv, laptop-windows-x86_experience2.csv, laptop-windows-x86_experience3.csv"
performance,x86,3DES,ECB,128,1024,throughput_enc_mbps,3,7.455937281935779,7.455937281935779,0.0,0.0,"laptop-windows-x86_experience1.csv, laptop-windows-x86_experience2.csv, laptop-windows-x86_experience3.csv"
performance,x86,3DES,ECB,128,4096,avalanche_score,3,0.5034895833333334,0.5034895833333334,0.0,0.0,"laptop-windows-x86_experience1.csv, laptop-windows-x86_experience2.csv, laptop-windows-x86_experience3.csv"
performance,x86,3DES,ECB,128,4096,avg_decrypt_time_s,3,0.00032847434049472214,0.00032847434049472214,0.0,0.0,"laptop-windows-x86_experience1.csv, laptop-windows-x86_experience2.csv, laptop-windows-x86_experience3.csv"
performance,x86,3DES,ECB,128,4096,avg_encrypt_time_s,3,0.00033058366971090437,0.00033058366971090437,0.0,0.0,"laptop-windows-x86_experience1.csv, laptop-windows-x86_experience2.csv, laptop-windows-x86_experience3.csv"
performance,x86,3DES,ECB,128,4096,key_avalanche_score,2,0.435,0.435,0.0,0.0,"laptop-windows-x86_experience1.csv, laptop-windows-x86_experience2.csv, laptop-windows-x86_experience3.csv"
performance,x86,3DES,ECB,128,4096,throughput_dec_mbps,3,11.969578650987202,11.969578650987202,0.0,0.0,"laptop-windows-x86_experience1.csv, laptop-windows-x86_experience2.csv, laptop-windows-x86_experience3.csv"
performance,x86,3DES,ECB,128,4096,throughput_enc_mbps,3,11.845577067340384,11.845577067340384,0.0,0.0,"laptop-windows-x86_experience1.csv, laptop-windows-x86_experience2.csv, laptop-windows-x86_experience3.csv"
performance,x86,3DES,ECB,128,16384,avalanche_score,3,0.5047916666666666,0.5047916666666666,0.0,0.0,"laptop-windows-x86_experience1.csv, laptop-windows-x86_experience2.csv, laptop-windows-x86_experience3.csv"
performance,x86,3DES,ECB,128,16384,avg_decrypt_time_s,3,0.001106425328180194,0.001106425328180194,0.0,0.0,"laptop-windows-x86_experience1.csv, laptop-windows-x86_experience2.csv, laptop-windows-x86_experience3.csv"
performance,x86,3DES,ECB,128,16384,avg_encrypt_time_s,3,0.0011643326623986163,0.0011643326623986163,0.0,0.0,"laptop-windows-x86_experience1.csv, laptop-windows-x86_experience2.csv, laptop-windows-x86_experience3.csv"
performance,x86,3DES,ECB,128,16384,key_avalanche_score,2,0.438828125,0.438828125,0.0,0.0,"laptop-windows-x86_experience1.csv, laptop-windows-x86_experience2.csv, laptop-windows-x86_experience3.csv"
performance,x86,3DES,ECB,128,16384,throughput_dec_mbps,3,14.167759690693428,14.167759690693428,0.0,0.0,"laptop-windows-x86_experience1.csv, laptop-windows-x86_experience2.csv, laptop-windows-x86_experience3.csv"
performance,x86,3DES,ECB,128,16384,throughput_enc_mbps,3,13.476385376448164,13.476385376448164,0.0,0.0,"laptop-windows-x86_experience1.csv, laptop-windows-x86_experience2.csv, laptop-windows-x86_experience3.csv"
performance,x86,3DES,ECB,192,64,avalanche_score,3,0.4992447916666667,0.4992447916666667,0.0,0.0,"laptop-windows-x86_experience1.csv, laptop-windows-x86_experience2.csv, laptop-windows-x86_experience3.csv"
performance,x86,3DES,ECB,192,64,avg_decrypt_time_s,3,8.30353400669992e-05,8.30353400669992e-05,0.0,0.0,"laptop-windows-x86_experience1.csv, laptop-windows-x86_experience2.csv, laptop-windows-x86_experience3.csv"
performance,x86,3DES,ECB,192,64,avg_encrypt_time_s,3,9.260500237966579e-05,9.260500237966579e-05,0.0,0.0,"laptop-windows-x86_experience1.csv, laptop-windows-x86_experience2.csv, laptop-windows-x86_experience3.csv"
performance,x86,3DES,ECB,192,64,key_avalanche_score,2,0.45699218750000004,0.45699218750000004,0.0,0.0,"laptop-windows-x86_experience1.csv, laptop-windows-x86_experience2.csv, laptop-windows-x86_experience3.csv"
performance,x86,3DES,ECB,192,64,throughput_dec_mbps,3,0.7407700829300122,0.7407700829300122,0.0,0.0,"laptop-windows-x86_experience1.csv, laptop-windows-x86_experience2.csv, laptop-windows-x86_experience3.csv"
performance,x86,3DES,ECB,192,64,throughput_enc_mbps,3,0.6744210539297887,0.6744210539297887,0.0,0.0,"laptop-windows-x86_experience1.csv, laptop-windows-x86_experience2.csv, laptop-windows-x86_experience3.csv"
performance,x86,3DES,ECB,192,256,avalanche_score,3,0.5013802083333333,0.5013802083333333,0.0,0.0,"laptop-windows-x86_experience1.csv, laptop-windows-x86_experience2.csv, laptop-windows-x86_experience3.csv"
performance,x86,3DES,ECB,192,256,avg_decrypt_time_s,3,9.76483376386265e-05,9.76483376386265e-05,0.0,0.0,"laptop-windows-x86_experience1.csv, laptop-windows-x86_experience2.csv, laptop-windows-x86_experience3.csv"
performance,x86,3DES,ECB,192,256,avg_encrypt_time_s,3,0.00010054899845272302,0.00010054899845272302,0.0,0.0,"laptop-windows-x86_experience1.csv, laptop-windows-x86_experience2.csv, laptop-windows-x86_experience3.csv"
performance,x86,3DES,ECB,192,256,key_avalanche_score,2,0.445546875,0.445546875,0.0,0.0,"laptop-windows-x86_experience1.csv, laptop-windows-x86_experience2.csv, laptop-windows-x86_experience3.csv"
performance,x86,3DES,ECB,192,256,throughput_dec_mbps,3,2.6221179077805044,2.6221179077805044,0.0,0.0,"laptop-windows-x86_experience1.csv, laptop-windows-x86_experience2.csv, laptop-windows-x86_experience3.csv"
performance,x86,3DES,ECB,192,256,throughput_enc_mbps,3,2.5222072807292126,2.5222072807292126,0.0,0.0,"laptop-windows-x86_experience1.csv, laptop-windows-x86_experience2.csv, laptop-windows-x86_experience3.csv"
performance,x86,3DES,ECB,192,1024,avalanche_score,3,0.5011458333333333,0.5011458333333333,0.0,0.0,"laptop-windows-x86_experience1.csv, laptop-windows-x86_experience2.csv, laptop-windows-x86_experience3.csv"
performance,x86,3DES,ECB,192,1024,avg_decrypt_time_s,3,0.00014635100727900864,0.00014635100727900864,0.0,0.0,"laptop-windows-x86_experience1.csv, laptop-windows-x86_experience2.csv, laptop-windows-x86_experience3.csv"
performance,x86,3DES,ECB,192,1024,avg_encrypt_time_s,3,0.00014556599392866093,0.00014556599392866093,0.0,0.0,"laptop-windows-x86_experience1.csv, laptop-windows-x86_experience2.csv, laptop-windows-x86_experience3.csv"
performance,x86,3DES,ECB,192,1024,key_avalanche_score,2,0.428125,0.428125,0.0,0.0,"laptop-windows-x86_experience1.csv, laptop-windows-x86_experience2.csv, laptop-windows-x86_experience3.csv"
performance,x86,3DES,ECB,192,1024,throughput_dec_mbps,3,6.826579967392679,6.826579967392679,0.0,0.0,"laptop-windows-x86_experience1.csv, laptop-windows-x86_experience2.csv, laptop-windows-x86_experience3.csv"
performance,x86,3DES,ECB,192,1024,throughput_enc_mbps,3,6.759391971545895,6.759391971545895,0.0,0.0,"laptop-windows-x86_experience1.csv, laptop-windows-x86_experience2.csv, laptop-windows-x86_experience3.csv"
performance,x86,3DES,ECB,192,4096,avalanche_score,3,0.503984375,0.503984375,0.0,0.0,"laptop-windows-x86_experience1.csv, laptop-windows-x86_experience2.csv, laptop-windows-x86_experience3.csv"
performance,x86,3DES,ECB,192,4096,avg_decrypt_time_s,3,0.0003909559990279377,0.0003909559990279377,0.0,0.0,"laptop-windows-x86_experience1.csv, laptop-windows-x86_experience2.csv, laptop-windows-x86_experience3.csv"
performance,x86,3DES,ECB,192,4096,avg_encrypt_time_s,3,0.0004374976642429829,0.0004374976642429829,0.0,0.0,"laptop-windows-x86_experience1.csv, laptop-windows-x86_experience2.csv, laptop-windows-x86_experience3.csv"
performance,x86,3DES,ECB,192,4096,key_avalanche_score,2,0.42671875000000004,0.42671875000000004,0.0,0.0,"laptop-windows-x86_experience1.csv, laptop-windows-x86_experience2.csv, laptop-windows-x86_experience3.csv"
performance,x86,3DES,ECB,192,4096,throughput_dec_mbps,3,10.609261798963072,10.609261798963072,0.0,0.0,"laptop-windows-x86_experience1.csv, laptop-windows-x86_experience2.csv, laptop-windows-x86_experience3.csv"
performance,x86,3DES,ECB,192,4096,throughput_enc_mbps,3,9.897763286755206,9.897763286755206,0.0,0.0,"laptop-windows-x86_experience1.csv, laptop-windows-x86_experience2.csv, laptop-windows-x86_experience3.csv"
performance,x86,3DES,ECB,192,16384,avalanche_score,3,0.5002343749999999,0.5002343749999999,0.0,0.0,"laptop-windows-x86_experience1.csv, laptop-windows-x86_experience2.csv, laptop-windows-x86_experience3.csv"
performance,x86,3DES,ECB,192,16384,avg_decrypt_time_s,3,0.0011335620012444755,0.0011335620012444755,0.0,0.0,"laptop-windows-x86_experience1.csv, laptop-windows-x86_experience2.csv, laptop-windows-x86_experience3.csv"
performance,x86,3DES,ECB,192,16384,avg_encrypt_time_s,3,0.0012444240079882245,0.0012444240079882245,0.0,0.0,"laptop-windows-x86_experience1.csv, laptop-windows-x86_experience2.csv, laptop-windows-x86_experience3.csv"
performance,x86,3DES,ECB,192,16384,key_avalanche_score,2,0.4360546875,0.4360546875,0.0,0.0,"laptop-windows-x86_experience1.csv, laptop-windows-x86_experience2.csv, laptop-windows-x86_experience3.csv"
performance,x86,3DES,ECB,192,16384,throughput_dec_mbps,3,13.85858483295489,13.85858483295489,0.0,0.0,"laptop-windows-x86_experience1.csv, laptop-windows-x86_experience2.csv, laptop-windows-x86_experience3.csv"
performance,x86,3DES,ECB,192,16384,throughput_enc_mbps,3,12.72506895400114,12.72506895400114,0.0,0.0,"laptop-windows-x86_experience1.csv, laptop-windows-x86_experience2.csv, laptop-windows-x86_experience3.csv"
performance,x86,AES,CBC,128,64,avalanche_score,3,0.5002734375,0.5002734375,0.0,0.0,"laptop-windows-x86_experience1.csv, laptop-windows-x86_experience2.csv, laptop-windows-x86_experience3.csv"
performance,x86,AES,CBC,128,64,avg_decrypt_time_s,3,3.318466789399584e-05,3.318466789399584e-05,0.0,0.0,"laptop-windows-x86_experience1.csv, laptop-windows-x86_experience2.csv, laptop-windows-x86_experience3.csv"
performance,x86,AES,CBC,128,64,avg_encrypt_time_s,3,0.00012102167432506878,0.00012102167432506878,0.0,0.0,"laptop-windows-x86_experience1.csv, laptop-windows-x86_experience2.csv, laptop-windows-x86_experience3.csv"
performance,x86,AES,CBC,128,64,key_avalanche_score,2,0.50048828125,0.50048828125,0.0,0.0,"laptop-windows-x86_experience1.csv, laptop-windows-x86_experience2.csv, laptop-windows-x86_experience3.csv"
performance,x86,AES,CBC,128,64,throughput_dec_mbps,3,1.8420849705294504,1.8420849705294504,0.0,0.0,"laptop-windows-x86_experience1.csv, laptop-windows-x86_experience2.csv, laptop-windows-x86_experience3.csv"
performance,x86,AES,CBC,128,64,throughput_enc_mbps,3,0.5085753598579963,0.5085753598579963,0.0,0.0,"laptop-windows-x86_experience1.csv, laptop-windows-x86_experience2.csv, laptop-windows-x86_experience3.csv"
performance,x86,AES,CBC,128,256,avalanche_score,3,0.4998697916666666,0.4998697916666666,0.0,0.0,"laptop-windows-x86_experience1.csv, laptop-windows-x86_experience2.csv, laptop-windows-x86_experience3.csv"
performance,x86,AES,CBC,128,256,avg_decrypt_time_s,3,5.4318999561170736e-05,5.4318999561170736e-05,0.0,0.0,"laptop-windows-x86_experience1.csv, laptop-windows-x86_experience2.csv, laptop-windows-x86_experience3.csv"
performance,x86,AES,CBC,128,256,avg_encrypt_time_s,3,0.00039352200614909327,0.00039352200614909327,0.0,0.0,"laptop-windows-x86_experience1.csv, laptop-windows-x86_experience2.csv, laptop-windows-x86_experience3.csv"
performance,x86,AES,CBC,128,256,key_avalanche_score,2,0.5011328125,0.5011328125,0.0,0.0,"laptop-windows-x86_experience1.csv, laptop-windows-x86_experience2.csv, laptop-windows-x86_experience3.csv"
performance,x86,AES,CBC,128,256,throughput_dec_mbps,3,4.5588285002147195,4.5588285002147195,0.0,0.0,"laptop-windows-x86_experience1.csv, laptop-windows-x86_experience2.csv, laptop-windows-x86_experience3.csv"
performance,x86,AES,CBC,128,256,throughput_enc_mbps,3,0.6348020162754578,0.6348020162754578,0.0,0.0,"laptop-windows-x86_experience1.csv, laptop-windows-x86_experience2.csv, laptop-windows-x86_experience3.csv"
performance,x86,AES,CBC,128,1024,avalanche_score,3,0.49613281249999996,0.49613281249999996,0.0,0.0,"laptop-windows-x86_experience1.csv, laptop-windows-x86_experience2.csv, laptop-windows-x86_experience3.csv"
performance,x86,AES,CBC,128,1024,avg_decrypt_time_s,3,0.00015226733948414523,0.00015226733948414523,0.0,0.0,"laptop-windows-x86_experience1.csv, laptop-windows-x86_experience2.csv, laptop-windows-x86_experience3.csv"
performance,x86,AES,CBC,128,1024,avg_encrypt_time_s,3,0.0014950813345300654,0.0014950813345300654,0.0,0.0,"laptop-windows-x86_experience1.csv, laptop-windows-x86_experience2.csv, laptop-windows-x86_experience3.csv"
performance,x86,AES,CBC,128,1024,key_avalanche_score,2,0.49947265625000004,0.49947265625000004,0.0,0.0,"laptop-windows-x86_experience1.csv, laptop-windows-x86_experience2.csv, laptop-windows-x86_experience3.csv"
performance,x86,AES,CBC,128,1024,throughput_dec_mbps,3,6.556165063441146,6.556165063441146,0.0,0.0,"laptop-windows-x86_experience1.csv, laptop-windows-x86_experience2.csv, laptop-windows-x86_experience3.csv"
performance,x86,AES,CBC,128,1024,throughput_enc_mbps,3,0.6645496082266557,0.6645496082266557,0.0,0.0,"laptop-windows-x86_experience1.csv, laptop-windows-x86_experience2.csv, laptop-windows-x86_experience3.csv"
performance,x86,AES,CBC,128,4096,avalanche_score,3,0.5000520833333333,0.5000520833333333,0.0,0.0,"laptop-windows-x86_experience1.csv, laptop-windows-x86_experience2.csv, laptop-windows-x86_experience3.csv"
performance,x86,AES,CBC,128,4096,avg_decrypt_time_s,3,0.0005773356657785674,0.0005773356657785674,0.0,0.0,"laptop-windows-x86_experience1.csv, laptop-windows-x86_experience2.csv, laptop-windows-x86_experience3.csv"
performance,x86,AES,CBC,128,4096,avg_encrypt_time_s,3,0.005750286336212108,0.005750286336212108,0.0,0.0,"laptop-windows-x86_experience1.csv, laptop-windows-x86_experience2.csv, laptop-windows-x86_experience3.csv"
performance,x86,AES,CBC,128,4096,key_avalanche_score,2,0.50115234375,0.50115234375,0.0,0.0,"laptop-windows-x86_experience1.csv, laptop-windows-x86_experience2.csv, laptop-windows-x86_experience3.csv"
performance,x86,AES,CBC,128,4096,throughput_dec_mbps,3,6.843434796168514,6.843434796168514,0.0,0.0,"laptop-windows-x86_experience1.csv, laptop-windows-x86_experience2.csv, laptop-windows-x86_experience3.csv"
performance,x86,AES,CBC,128,4096,throughput_enc_mbps,3,0.6848581683416758,0.6848581683416758,0.0,0.0,"laptop-windows-x86_experience1.csv, laptop-windows-x86_experience2.csv, laptop-windows-x86_experience3.csv"
performance,x86,AES,CBC,128,16384,avalanche_score,3,0.5008072916666667,0.5008072916666667,0.0,0.0,"laptop-windows-x86_experience1.csv, laptop-windows-x86_experience2.csv, laptop-windows-x86_experience3.csv"
performance,x86,AES,CBC,128,16384,avg_decrypt_time_s,3,0.002012966334975014,0.002012966334975014,0.0,0.0,"laptop-windows-x86_experience1.csv, laptop-windows-x86_experience2.csv, laptop-windows-x86_experience3.csv"
performance,x86,AES,CBC,128,16384,avg_encrypt_time_s,3,0.02195104400239264,0.02195104400239264,0.0,0.0,"laptop-windows-x86_experience1.csv, laptop-windows-x86_experience2.csv, laptop-windows-x86_experience3.csv"
performance,x86,AES,CBC,128,16384,key_avalanche_score,2,0.4990234375,0.4990234375,0.0,0.0,"laptop-windows-x86_experience1.csv, laptop-windows-x86_experience2.csv, laptop-windows-x86_experience3.csv"
performance,x86,AES,CBC,128,16384,throughput_dec_mbps,3,7.87695492222419,7.87695492222419,0.0,0.0,"laptop-windows-x86_experience1.csv, laptop-windows-x86_experience2.csv, laptop-windows-x86_experience3.csv"
performance,x86,AES,CBC,128,16384,throughput_enc_mbps,3,0.7130124204322396,0.7130124204322396,0.0,0.0,"laptop-windows-x86_experience1.csv, laptop-windows-x86_experience2.csv, laptop-windows-x86_experience3.csv"
performance,x86,AES,CBC,192,64,avalanche_score,3,0.5011979166666667,0.5011979166666667,0.0,0.0,"laptop-windows-x86_experience1.csv, laptop-windows-x86_experience2.csv, laptop-windows-x86_experience3.csv"
performance,x86,AES,CBC,192,64,avg_decrypt_time_s,3,3.1244337248305475e-05,3.1244337248305475e-05,0.0,0.0,"laptop-windows-x86_experience1.csv, laptop-windows-x86_experience2.csv, laptop-windows-x86_experience3.csv"
performance,x86,AES,CBC,192,64,avg_encrypt_time_s,3,0.00011092967353761196,0.00011092967353761196,0.0,0.0,"laptop-windows-x86_experience1.csv, laptop-windows-x86_experience2.csv, laptop-windows-x86_experience3.csv"
performance,x86,AES,CBC,192,64,key_avalanche_score,2,0.5012109375,0.5012109375,0.0,0.0,"laptop-windows-x86_experience1.csv, laptop-windows-x86_experience2.csv, laptop-windows-x86_experience3.csv"
performance,x86,AES,CBC,192,64,throughput_dec_mbps,3,1.9571817646289125,1.9571817646289125,0.0,0.0,"laptop-windows-x86_experience1.csv, laptop-windows-x86_experience2.csv, laptop-windows-x86_experience3.csv"
performance,x86,AES,CBC,192,64,throughput_enc_mbps,3,0.5508164534767035,0.5508164534767035,0.0,0.0,"laptop-windows-x86_experience1.csv, laptop-windows-x86_experience2.csv, laptop-windows-x86_experience3.csv"
performance,x86,AES,CBC,192,256,avalanche_score,3,0.4989973958333333,0.4989973958333333,0.0,0.0,"laptop-windows-x86_experience1.csv, laptop-windows-x86_experience2.csv, laptop-windows-x86_experience3.csv"
performance,x86,AES,CBC,192,256,avg_decrypt_time_s,3,0.0001603003304141263,0.0001603003304141263,0.0,0.0,"laptop-windows-x86_experience1.csv, laptop-windows-x86_experience2.csv, laptop-windows-x86_experience3.csv"
performance,x86,AES,CBC,192,256,avg_encrypt_time_s,3,0.0004933936754241585,0.0004933936754241585,0.0,0.0,"laptop-windows-x86_experience1.csv, laptop-windows-x86_experience2.csv, laptop-windows-x86_experience3.csv"
performance,x86,AES,CBC,192,256,key_avalanche_score,2,0.50072265625,0.50072265625,0.0,0.0,"laptop-windows-x86_experience1.csv, laptop-windows-x86_experience2.csv, laptop-windows-x86_experience3.csv"
performance,x86,AES,CBC,192,256,throughput_dec_mbps,3,3.122539236847905,3.122539236847905,0.0,0.0,"laptop-windows-x86_experience1.csv, laptop-windows-x86_experience2.csv, laptop-windows-x86_experience3.csv"
performance,x86,AES,CBC,192,256,throughput_enc_mbps,3,0.5537787477592485,0.5537787477592485,0.0,0.0,"laptop-windows-x86_experience1.csv, laptop-windows-x86_experience2.csv, laptop-windows-x86_experience3.csv"
performance,x86,AES,CBC,192,1024,avalanche_score,3,0.5009635416666667,0.5009635416666667,0.0,0.0,"laptop-windows-x86_experience1.csv, laptop-windows-x86_experience2.csv, laptop-windows-x86_experience3.csv"
performance,x86,AES,CBC,192,1024,avg_decrypt_time_s,3,0.00014520466482887664,0.00014520466482887664,0.0,0.0,"laptop-windows-x86_experience1.csv, laptop-windows-x86_experience2.csv, laptop-windows-x86_experience3.csv"
performance,x86,AES,CBC,192,1024,avg_encrypt_time_s,3,0.0013738686637952923,0.0013738686637952923,0.0,0.0,"laptop-windows-x86_experience1.csv, laptop-windows-x86_experience2.csv, laptop-windows-x86_experience3.csv"
performance,x86,AES,CBC,192,1024,key_avalanche_score,2,0.50119140625,0.50119140625,0.0,0.0,"laptop-windows-x86_experience1.csv, laptop-windows-x86_experience2.csv, laptop-windows-x86_experience3.csv"
performance,x86,AES,CBC,192,1024,throughput_dec_mbps,3,6.726187620337659,6.726187620337659,0.0,0.0,"laptop-windows-x86_experience1.csv, laptop-windows-x86_experience2.csv, laptop-windows-x86_experience3.csv"
performance,x86,AES,CBC,192,1024,throughput_enc_mbps,3,0.7115011148154599,0.7115011148154599,0.0,0.0,"laptop-windows-x86_experience1.csv, laptop-windows-x86_experience2.csv, laptop-windows-x86_experience3.csv"
performance,x86,AES,CBC,192,4096,avalanche_score,3,0.49802083333333336,0.49802083333333336,0.0,0.0,"laptop-windows-x86_experience1.csv, laptop-windows-x86_experience2.csv, laptop-windows-x86_experience3.csv"
performance,x86,AES,CBC,192,4096,avg_decrypt_time_s,3,0.0004747123278987904,0.0004747123278987904,0.0,0.0,"laptop-windows-x86_experience1.csv, laptop-windows-x86_experience2.csv, laptop-windows-x86_experience3.csv"
performance,x86,AES,CBC,192,4096,avg_encrypt_time_s,3,0.005195709657855332,0.005195709657855332,0.0,0.0,"laptop-windows-x86_experience1.csv, laptop-windows-x86_experience2.csv, laptop-windows-x86_experience3.csv"
performance,x86,AES,CBC,192,4096,key_avalanche_score,2,0.49972656249999997,0.49972656249999997,0.0,0.0,"laptop-windows-x86_experience1.csv, laptop-windows-x86_experience2.csv, laptop-windows-x86_experience3.csv"
performance,x86,AES,CBC,192,4096,throughput_dec_mbps,3,8.232358314998889,8.232358314998889,0.0,0.0,"laptop-windows-x86_experience1.csv, laptop-windows-x86_experience2.csv, laptop-windows-x86_experience3.csv"
performance,x86,AES,CBC,192,4096,throughput_enc_mbps,3,0.7522006949370829,0.7522006949370829,0.0,0.0,"laptop-windows-x86_experience1.csv, laptop-windows-x86_experience2.csv, laptop-windows-x86_experience3.csv"
performance,x86,AES,CBC,192,16384,avalanche_score,3,0.5026171875,0.5026171875,0.0,0.0,"laptop-windows-x86_experience1.csv, laptop-windows-x86_experience2.csv, laptop-windows-x86_experience3.csv"
performance,x86,AES,CBC,192,16384,avg_decrypt_time_s,3,0.0017999460090262194,0.0017999460090262194,0.0,0.0,"laptop-windows-x86_experience1.csv, laptop-windows-x86_experience2.csv, laptop-windows-x86_experience3.csv"
performance,x86,AES,CBC,192,16384,avg_encrypt_time_s,3,0.021103357332758605,0.021103357332758605,0.0,0.0,"laptop-windows-x86_experience1.csv, laptop-windows-x86_experience2.csv, laptop-windows-x86_experience3.csv"
performance,x86,AES,CBC,192,16384,key_avalanche_score,2,0.5005468750000001,0.5005468750000001,0.0,0.0,"laptop-windows-x86_experience1.csv, laptop-windows-x86_experience2.csv, laptop-windows-x86_experience3.csv"
performance,x86,AES,CBC,192,16384,throughput_dec_mbps,3,8.68491024432859,8.68491024432859,0.0,0.0,"laptop-windows-x86_experience1.csv, laptop-windows-x86_experience2.csv, laptop-windows-x86_experience3.csv"
performance,x86,AES,CBC,192,16384,throughput_enc_mbps,3,0.7405027989140985,0.7405027989140985,0.0,0.0,"laptop-windows-x86_experience1.csv, laptop-windows-x86_experience2.csv, laptop-windows-x86_experience3.csv"
performance,x86,AES,CBC,256,64,avalanche_score,3,0.4971223958333333,0.4971223958333333,0.0,0.0,"laptop-windows-x86_experience1.csv, laptop-windows-x86_experience2.csv, laptop-windows-x86_experience3.csv"
performance,x86,AES,CBC,256,64,avg_decrypt_time_s,3,3.078000387176871e-05,3.078000387176871e-05,0.0,0.0,"laptop-windows-x86_experience1.csv, laptop-windows-x86_experience2.csv, laptop-windows-x86_experience3.csv"
performance,x86,AES,CBC,256,64,avg_encrypt_time_s,3,0.00011183299357071519,0.00011183299357071519,0.0,0.0,"laptop-windows-x86_experience1.csv, laptop-windows-x86_experience2.csv, laptop-windows-x86_experience3.csv"
performance,x86,AES,CBC,256,64,key_avalanche_score,2,0.5021875,0.5021875,0.0,0.0,"laptop-windows-x86_experience1.csv, laptop-windows-x86_experience2.csv, laptop-windows-x86_experience3.csv"
performance,x86,AES,CBC,256,64,throughput_dec_mbps,3,1.9942601992561684,1.9942601992561684,0.0,0.0,"laptop-windows-x86_experience1.csv, laptop-windows-x86_experience2.csv, laptop-windows-x86_experience3.csv"
performance,x86,AES,CBC,256,64,throughput_enc_mbps,3,0.5458492329611716,0.5458492329611716,0.0,0.0,"laptop-windows-x86_experience1.csv, laptop-windows-x86_experience2.csv, laptop-windows-x86_experience3.csv"
performance,x86,AES,CBC,256,256,avalanche_score,3,0.500390625,0.500390625,0.0,0.0,"laptop-windows-x86_experience1.csv, laptop-windows-x86_experience2.csv, laptop-windows-x86_experience3.csv"
performance,x86,AES,CBC,256,256,avg_decrypt_time_s,3,5.565533647313714e-05,5.565533647313714e-05,0.0,0.0,"laptop-windows-x86_experience1.csv, laptop-windows-x86_experience2.csv, laptop-windows-x86_experience3.csv"
performance,x86,AES,CBC,256,256,avg_encrypt_time_s,3,0.0003625843371264637,0.0003625843371264637,0.0,0.0,"laptop-windows-x86_experience1.csv, laptop-windows-x86_experience2.csv, laptop-windows-x86_experience3.csv"
performance,x86,AES,CBC,256,256,key_avalanche_score,2,0.49417968749999996,0.49417968749999996,0.0,0.0,"laptop-windows-x86_experience1.csv, laptop-windows-x86_experience2.csv, laptop-windows-x86_experience3.csv"
performance,x86,AES,CBC,256,256,throughput_dec_mbps,3,4.431173282935998,4.431173282935998,0.0,0.0,"laptop-windows-x86_experience1.csv, laptop-windows-x86_experience2.csv, laptop-windows-x86_experience3.csv"
performance,x86,AES,CBC,256,256,throughput_enc_mbps,3,0.6735367361780695,0.6735367361780695,0.0,0.0,"laptop-windows-x86_experience1.csv, laptop-windows-x86_experience2.csv, laptop-windows-x86_experience3.csv"
performance,x86,AES,CBC,256,1024,avalanche_score,3,0.5008463541666667,0.5008463541666667,0.0,0.0,"laptop-windows-x86_experience1.csv, laptop-windows-x86_experience2.csv, laptop-windows-x86_experience3.csv"
performance,x86,AES,CBC,256,1024,avg_decrypt_time_s,3,0.00013633666715274256,0.00013633666715274256,0.0,0.0,"laptop-windows-x86_experience1.csv, laptop-windows-x86_experience2.csv, laptop-windows-x86_experience3.csv"
performance,x86,AES,CBC,256,1024,avg_encrypt_time_s,3,0.001346898328823348,0.001346898328823348,0.0,0.0,"laptop-windows-x86_experience1.csv, laptop-windows-x86_experience2.csv, laptop-windows-x86_experience3.csv"
performance,x86,AES,CBC,256,1024,key_avalanche_score,2,0.500390625,0.500390625,0.0,0.0,"laptop-windows-x86_experience1.csv, laptop-windows-x86_experience2.csv, laptop-windows-x86_experience3.csv"
performance,x86,AES,CBC,256,1024,throughput_dec_mbps,3,7.165896510071821,7.165896510071821,0.0,0.0,"laptop-windows-x86_experience1.csv, laptop-windows-x86_experience2.csv, laptop-windows-x86_experience3.csv"
performance,x86,AES,CBC,256,1024,throughput_enc_mbps,3,0.7254203299523568,0.7254203299523568,0.0,0.0,"laptop-windows-x86_experience1.csv, laptop-windows-x86_experience2.csv, laptop-windows-x86_experience3.csv"
performance,x86,AES,CBC,256,4096,avalanche_score,3,0.5003385416666667,0.5003385416666667,0.0,0.0,"laptop-windows-x86_experience1.csv, laptop-windows-x86_experience2.csv, laptop-windows-x86_experience3.csv"
performance,x86,AES,CBC,256,4096,avg_decrypt_time_s,3,0.0004784549997809033,0.0004784549997809033,0.0,0.0,"laptop-windows-x86_experience1.csv, laptop-windows-x86_experience2.csv, laptop-windows-x86_experience3.csv"
performance,x86,AES,CBC,256,4096,avg_encrypt_time_s,3,0.0052366166662735246,0.0052366166662735246,0.0,0.0,"laptop-windows-x86_experience1.csv, laptop-windows-x86_experience2.csv, laptop-windows-x86_experience3.csv"
performance,x86,AES,CBC,256,4096,key_avalanche_score,2,0.49921875000000004,0.49921875000000004,0.0,0.0,"laptop-windows-x86_experience1.csv, laptop-windows-x86_experience2.csv, laptop-windows-x86_experience3.csv"
performance,x86,AES,CBC,256,4096,throughput_dec_mbps,3,8.172974114556487,8.172974114556487,0.0,0.0,"laptop-windows-x86_experience1.csv, laptop-windows-x86_experience2.csv, laptop-windows-x86_experience3.csv"
performance,x86,AES,CBC,256,4096,throughput_enc_mbps,3,0.7463476239136181,0.7463476239136181,0.0,0.0,"laptop-windows-x86_experience1.csv, laptop-windows-x86_experience2.csv, laptop-windows-x86_experience3.csv"
performance,x86,AES,CBC,256,16384,avalanche_score,3,0.5005729166666667,0.5005729166666667,0.0,0.0,"laptop-windows-x86_experience1.csv, laptop-windows-x86_experience2.csv, laptop-windows-x86_experience3.csv"
performance,x86,AES,CBC,256,16384,avg_decrypt_time_s,3,0.002351876332735022,0.002351876332735022,0.0,0.0,"laptop-windows-x86_experience1.csv, laptop-windows-x86_experience2.csv, laptop-windows-x86_experience3.csv"
performance,x86,AES,CBC,256,16384,avg_encrypt_time_s,3,0.021274248334423946,0.021274248334423946,0.0,0.0,"laptop-windows-x86_experience1.csv, laptop-windows-x86_experience2.csv, laptop-windows-x86_experience3.csv"
performance,x86,AES,CBC,256,16384,key_avalanche_score,2,0.500625,0.500625,0.0,0.0,"laptop-windows-x86_experience1.csv, laptop-windows-x86_experience2.csv, laptop-windows-x86_experience3.csv"
performance,x86,AES,CBC,256,16384,throughput_dec_mbps,3,7.274723157388716,7.274723157388716,0.0,0.0,"laptop-windows-x86_experience1.csv, laptop-windows-x86_experience2.csv, laptop-windows-x86_experience3.csv"
performance,x86,AES,CBC,256,16384,throughput_enc_mbps,3,0.7346370856481274,0.7346370856481274,0.0,0.0,"laptop-windows-x86_experience1.csv, laptop-windows-x86_experience2.csv, laptop-windows-x86_experience3.csv"
performance,x86,AES,CTR,128,64,avalanche_score,3,0.5003385416666667,0.5003385416666667,0.0,0.0,"laptop-windows-x86_experience1.csv, laptop-windows-x86_experience2.csv, laptop-windows-x86_experience3.csv"
performance,x86,AES,CTR,128,64,avg_decrypt_time_s,3,3.1520336245497066e-05,3.1520336245497066e-05,0.0,0.0,"laptop-windows-x86_experience1.csv, laptop-windows-x86_experience2.csv, laptop-windows-x86_experience3.csv"
performance,x86,AES,CTR,128,64,avg_encrypt_time_s,3,3.370233733827869e-05,3.370233733827869e-05,0.0,0.0,"laptop-windows-x86_experience1.csv, laptop-windows-x86_experience2.csv, laptop-windows-x86_experience3.csv"
performance,x86,AES,CTR,128,64,key_avalanche_score,2,0.5005078125,0.5005078125,0.0,0.0,"laptop-windows-x86_experience1.csv, laptop-windows-x86_experience2.csv, laptop-windows-x86_experience3.csv"
performance,x86,AES,CTR,128,64,throughput_dec_mbps,3,1.9380803110193472,1.9380803110193472,0.0,0.0,"laptop-windows-x86_experience1.csv, laptop-windows-x86_experience2.csv, laptop-windows-x86_experience3.csv"
performance,x86,AES,CTR,128,64,throughput_enc_mbps,3,1.8113060033640693,1.8113060033640693,0.0,0.0,"laptop-windows-x86_experience1.csv, laptop-windows-x86_experience2.csv, laptop-windows-x86_experience3.csv"
performance,x86,AES,CTR,128,256,avalanche_score,3,0.49709635416666664,0.49709635416666664,0.0,0.0,"laptop-windows-x86_experience1.csv, laptop-windows-x86_experience2.csv, laptop-windows-x86_experience3.csv"
performance,x86,AES,CTR,128,256,avg_decrypt_time_s,3,5.848066881299018e-05,5.848066881299018e-05,0.0,0.0,"laptop-windows-x86_experience1.csv, laptop-windows-x86_experience2.csv, laptop-windows-x86_experience3.csv"
performance,x86,AES,CTR,128,256,avg_encrypt_time_s,3,7.093466663112242e-05,7.093466663112242e-05,0.0,0.0,"laptop-windows-x86_experience1.csv, laptop-windows-x86_experience2.csv, laptop-windows-x86_experience3.csv"
performance,x86,AES,CTR,128,256,key_avalanche_score,2,0.50119140625,0.50119140625,0.0,0.0,"laptop-windows-x86_experience1.csv, laptop-windows-x86_experience2.csv, laptop-windows-x86_experience3.csv"
performance,x86,AES,CTR,128,256,throughput_dec_mbps,3,4.176867232983828,4.176867232983828,0.0,0.0,"laptop-windows-x86_experience1.csv, laptop-windows-x86_experience2.csv, laptop-windows-x86_experience3.csv"
performance,x86,AES,CTR,128,256,throughput_enc_mbps,3,3.514836505032329,3.514836505032329,0.0,0.0,"laptop-windows-x86_experience1.csv, laptop-windows-x86_experience2.csv, laptop-windows-x86_experience3.csv"
performance,x86,AES,CTR,128,1024,avalanche_score,3,0.5004817708333333,0.5004817708333333,0.0,0.0,"laptop-windows-x86_experience1.csv, laptop-windows-x86_experience2.csv, laptop-windows-x86_experience3.csv"
performance,x86,AES,CTR,128,1024,avg_decrypt_time_s,3,0.00016993366725121935,0.00016993366725121935,0.0,0.0,"laptop-windows-x86_experience1.csv, laptop-windows-x86_experience2.csv, laptop-windows-x86_experience3.csv"
performance,x86,AES,CTR,128,1024,avg_encrypt_time_s,3,0.00017493733437731862,0.00017493733437731862,0.0,0.0,"laptop-windows-x86_experience1.csv, laptop-windows-x86_experience2.csv, laptop-windows-x86_experience3.csv"
performance,x86,AES,CTR,128,1024,key_avalanche_score,2,0.5009375,0.5009375,0.0,0.0,"laptop-windows-x86_experience1.csv, laptop-windows-x86_experience2.csv, laptop-windows-x86_experience3.csv"
performance,x86,AES,CTR,128,1024,throughput_dec_mbps,3,5.751597027129681,5.751597027129681,0.0,0.0,"laptop-windows-x86_experience1.csv, laptop-windows-x86_experience2.csv, laptop-windows-x86_experience3.csv"
performance,x86,AES,CTR,128,1024,throughput_enc_mbps,3,5.585468810327967,5.585468810327967,0.0,0.0,"laptop-windows-x86_experience1.csv, laptop-windows-x86_experience2.csv, laptop-windows-x86_experience3.csv"
performance,x86,AES,CTR,128,4096,avalanche_score,3,0.5000390625,0.5000390625,0.0,0.0,"laptop-windows-x86_experience1.csv, laptop-windows-x86_experience2.csv, laptop-windows-x86_experience3.csv"
performance,x86,AES,CTR,128,4096,avg_decrypt_time_s,3,0.0005822523295258482,0.0005822523295258482,0.0,0.0,"laptop-windows-x86_experience1.csv, laptop-windows-x86_experience2.csv, laptop-windows-x86_experience3.csv"
performance,x86,AES,CTR,128,4096,avg_encrypt_time_s,3,0.0005977913325962921,0.0005977913325962921,0.0,0.0,"laptop-windows-x86_experience1.csv, laptop-windows-x86_experience2.csv, laptop-windows-x86_experience3.csv"
performance,x86,AES,CTR,128,4096,key_avalanche_score,2,0.4975390625,0.4975390625,0.0,0.0,"laptop-windows-x86_experience1.csv, laptop-windows-x86_experience2.csv, laptop-windows-x86_experience3.csv"
performance,x86,AES,CTR,128,4096,throughput_dec_mbps,3,6.709444687136013,6.709444687136013,0.0,0.0,"laptop-windows-x86_experience1.csv, laptop-windows-x86_experience2.csv, laptop-windows-x86_experience3.csv"
performance,x86,AES,CTR,128,4096,throughput_enc_mbps,3,6.539906493839664,6.539906493839664,0.0,0.0,"laptop-windows-x86_experience1.csv, laptop-windows-x86_experience2.csv, laptop-windows-x86_experience3.csv"
performance,x86,AES,CTR,128,16384,avalanche_score,3,0.5009244791666667,0.5009244791666667,0.0,0.0,"laptop-windows-x86_experience1.csv, laptop-windows-x86_experience2.csv, laptop-windows-x86_experience3.csv"
performance,x86,AES,CTR,128,16384,avg_decrypt_time_s,3,0.0022813733348933355,0.0022813733348933355,0.0,0.0,"laptop-windows-x86_experience1.csv, laptop-windows-x86_experience2.csv, laptop-windows-x86_experience3.csv"
performance,x86,AES,CTR,128,16384,avg_encrypt_time_s,3,0.0023685466622312863,0.0023685466622312863,0.0,0.0,"laptop-windows-x86_experience1.csv, laptop-windows-x86_experience2.csv, laptop-windows-x86_experience3.csv"
performance,x86,AES,CTR,128,16384,key_avalanche_score,2,0.4970703125,0.4970703125,0.0,0.0,"laptop-windows-x86_experience1.csv, laptop-windows-x86_experience2.csv, laptop-windows-x86_experience3.csv"
performance,x86,AES,CTR,128,16384,throughput_dec_mbps,3,6.851844147364859,6.851844147364859,0.0,0.0,"laptop-windows-x86_experience1.csv, laptop-windows-x86_experience2.csv, laptop-windows-x86_experience3.csv"
performance,x86,AES,CTR,128,16384,throughput_enc_mbps,3,6.609820950599693,6.609820950599693,0.0,0.0,"laptop-windows-x86_experience1.csv, laptop-windows-x86_experience2.csv, laptop-windows-x86_experience3.csv"
performance,x86,AES,CTR,192,64,avalanche_score,3,0.4938151041666667,0.4938151041666667,0.0,0.0,"laptop-windows-x86_experience1.csv, laptop-windows-x86_experience2.csv, laptop-windows-x86_experience3.csv"
performance,x86,AES,CTR,192,64,avg_decrypt_time_s,3,3.169001157705982e-05,3.169001157705982e-05,0.0,0.0,"laptop-windows-x86_experience1.csv, laptop-windows-x86_experience2.csv, laptop-windows-x86_experience3.csv"
performance,x86,AES,CTR,192,64,avg_encrypt_time_s,3,3.335633237535755e-05,3.335633237535755e-05,0.0,0.0,"laptop-windows-x86_experience1.csv, laptop-windows-x86_experience2.csv, laptop-windows-x86_experience3.csv"
performance,x86,AES,CTR,192,64,key_avalanche_score,2,0.501796875,0.501796875,0.0,0.0,"laptop-windows-x86_experience1.csv, laptop-windows-x86_experience2.csv, laptop-windows-x86_experience3.csv"
performance,x86,AES,CTR,192,64,throughput_dec_mbps,3,1.926308137089389,1.926308137089389,0.0,0.0,"laptop-windows-x86_experience1.csv, laptop-windows-x86_experience2.csv, laptop-windows-x86_experience3.csv"
performance,x86,AES,CTR,192,64,throughput_enc_mbps,3,1.8299091953866025,1.8299091953866025,0.0,0.0,"laptop-windows-x86_experience1.csv, laptop-windows-x86_experience2.csv, laptop-windows-x86_experience3.csv"
performance,x86,AES,CTR,192,256,avalanche_score,3,0.5024348958333333,0.5024348958333333,0.0,0.0,"laptop-windows-x86_experience1.csv, laptop-windows-x86_experience2.csv, laptop-windows-x86_experience3.csv"
performance,x86,AES,CTR,192,256,avg_decrypt_time_s,3,5.847000361730655e-05,5.847000361730655e-05,0.0,0.0,"laptop-windows-x86_experience1.csv, laptop-windows-x86_experience2.csv, laptop-windows-x86_experience3.csv"
performance,x86,AES,CTR,192,256,avg_encrypt_time_s,3,6.467333218703668e-05,6.467333218703668e-05,0.0,0.0,"laptop-windows-x86_experience1.csv, laptop-windows-x86_experience2.csv, laptop-windows-x86_experience3.csv"
performance,x86,AES,CTR,192,256,key_avalanche_score,2,0.502890625,0.502890625,0.0,0.0,"laptop-windows-x86_experience1.csv, laptop-windows-x86_experience2.csv, laptop-windows-x86_experience3.csv"
performance,x86,AES,CTR,192,256,throughput_dec_mbps,3,4.177932858986467,4.177932858986467,0.0,0.0,"laptop-windows-x86_experience1.csv, laptop-windows-x86_experience2.csv, laptop-windows-x86_experience3.csv"
performance,x86,AES,CTR,192,256,throughput_enc_mbps,3,3.7918275873324414,3.7918275873324414,0.0,0.0,"laptop-windows-x86_experience1.csv, laptop-windows-x86_experience2.csv, laptop-windows-x86_experience3.csv"
performance,x86,AES,CTR,192,1024,avalanche_score,3,0.49798177083333334,0.49798177083333334,0.0,0.0,"laptop-windows-x86_experience1.csv, laptop-windows-x86_experience2.csv, laptop-windows-x86_experience3.csv"
performance,x86,AES,CTR,192,1024,avg_decrypt_time_s,3,0.0001696380088105798,0.0001696380088105798,0.0,0.0,"laptop-windows-x86_experience1.csv, laptop-windows-x86_experience2.csv, laptop-windows-x86_experience3.csv"
performance,x86,AES,CTR,192,1024,avg_encrypt_time_s,3,0.00017433332900206248,0.00017433332900206248,0.0,0.0,"laptop-windows-x86_experience1.csv, laptop-windows-x86_experience2.csv, laptop-windows-x86_experience3.csv"
performance,x86,AES,CTR,192,1024,key_avalanche_score,2,0.50337890625,0.50337890625,0.0,0.0,"laptop-windows-x86_experience1.csv, laptop-windows-x86_experience2.csv, laptop-windows-x86_experience3.csv"
performance,x86,AES,CTR,192,1024,throughput_dec_mbps,3,5.7621639980765,5.7621639980765,0.0,0.0,"laptop-windows-x86_experience1.csv, laptop-windows-x86_experience2.csv, laptop-windows-x86_experience3.csv"
performance,x86,AES,CTR,192,1024,throughput_enc_mbps,3,5.605701687688434,5.605701687688434,0.0,0.0,"laptop-windows-x86_experience1.csv, laptop-windows-x86_experience2.csv, laptop-windows-x86_experience3.csv"
performance,x86,AES,CTR,192,4096,avalanche_score,3,0.4979036458333333,0.4979036458333333,0.0,0.0,"laptop-windows-x86_experience1.csv, laptop-windows-x86_experience2.csv, laptop-windows-x86_experience3.csv"
performance,x86,AES,CTR,192,4096,avg_decrypt_time_s,3,0.0006426276615820825,0.0006426276615820825,0.0,0.0,"laptop-windows-x86_experience1.csv, laptop-windows-x86_experience2.csv, laptop-windows-x86_experience3.csv"
performance,x86,AES,CTR,192,4096,avg_encrypt_time_s,3,0.0006254653260111808,0.0006254653260111808,0.0,0.0,"laptop-windows-x86_experience1.csv, laptop-windows-x86_experience2.csv, laptop-windows-x86_experience3.csv"
performance,x86,AES,CTR,192,4096,key_avalanche_score,2,0.49865234375,0.49865234375,0.0,0.0,"laptop-windows-x86_experience1.csv, laptop-windows-x86_experience2.csv, laptop-windows-x86_experience3.csv"
performance,x86,AES,CTR,192,4096,throughput_dec_mbps,3,6.102691750731961,6.102691750731961,0.0,0.0,"laptop-windows-x86_experience1.csv, laptop-windows-x86_experience2.csv, laptop-windows-x86_experience3.csv"
performance,x86,AES,CTR,192,4096,throughput_enc_mbps,3,6.252314266396266,6.252314266396266,0.0,0.0,"laptop-windows-x86_experience1.csv, laptop-windows-x86_experience2.csv, laptop-windows-x86_experience3.csv"
performance,x86,AES,CTR,192,16384,avalanche_score,3,0.5021223958333333,0.5021223958333333,0.0,0.0,"laptop-windows-x86_experience1.csv, laptop-windows-x86_experience2.csv, laptop-windows-x86_experience3.csv"
performance,x86,AES,CTR,192,16384,avg_decrypt_time_s,3,0.0026044333283789453,0.0026044333283789453,0.0,0.0,"laptop-windows-x86_experience1.csv, laptop-windows-x86_experience2.csv, laptop-windows-x86_experience3.csv"
performance,x86,AES,CTR,192,16384,avg_encrypt_time_s,3,0.002390719992884745,0.002390719992884745,0.0,0.0,"laptop-windows-x86_experience1.csv, laptop-windows-x86_experience2.csv, laptop-windows-x86_experience3.csv"
performance,x86,AES,CTR,192,16384,key_avalanche_score,2,0.500078125,0.500078125,0.0,0.0,"laptop-windows-x86_experience1.csv, laptop-windows-x86_experience2.csv, laptop-windows-x86_experience3.csv"
performance,x86,AES,CTR,192,16384,throughput_dec_mbps,3,6.191715540662282,6.191715540662282,0.0,0.0,"laptop-windows-x86_experience1.csv, laptop-windows-x86_experience2.csv, laptop-windows-x86_experience3.csv"
performance,x86,AES,CTR,192,16384,throughput_enc_mbps,3,6.537972770791838,6.537972770791838,0.0,0.0,"laptop-windows-x86_experience1.csv, laptop-windows-x86_experience2.csv, laptop-windows-x86_experience3.csv"
performance,x86,AES,CTR,256,64,avalanche_score,3,0.4996744791666667,0.4996744791666667,0.0,0.0,"laptop-windows-x86_experience1.csv, laptop-windows-x86_experience2.csv, laptop-windows-x86_experience3.csv"
performance,x86,AES,CTR,256,64,avg_decrypt_time_s,3,3.6246666374305886e-05,3.6246666374305886e-05,0.0,0.0,"laptop-windows-x86_experience1.csv, laptop-windows-x86_experience2.csv, laptop-windows-x86_experience3.csv"
performance,x86,AES,CTR,256,64,avg_encrypt_time_s,3,3.381067188456655e-05,3.381067188456655e-05,0.0,0.0,"laptop-windows-x86_experience1.csv, laptop-windows-x86_experience2.csv, laptop-windows-x86_experience3.csv"
performance,x86,AES,CTR,256,64,key_avalanche_score,2,0.4987890625,0.4987890625,0.0,0.0,"laptop-windows-x86_experience1.csv, laptop-windows-x86_experience2.csv, laptop-windows-x86_experience3.csv"
performance,x86,AES,CTR,256,64,throughput_dec_mbps,3,1.6980540026473505,1.6980540026473505,0.0,0.0,"laptop-windows-x86_experience1.csv, laptop-windows-x86_experience2.csv, laptop-windows-x86_experience3.csv"
performance,x86,AES,CTR,256,64,throughput_enc_mbps,3,1.8059640023832062,1.8059640023832062,0.0,0.0,"laptop-windows-x86_experience1.csv, laptop-windows-x86_experience2.csv, laptop-windows-x86_experience3.csv"
performance,x86,AES,CTR,256,256,avalanche_score,3,0.5026171875,0.5026171875,0.0,0.0,"laptop-windows-x86_experience1.csv, laptop-windows-x86_experience2.csv, laptop-windows-x86_experience3.csv"
performance,x86,AES,CTR,256,256,avg_decrypt_time_s,3,6.713799899443984e-05,6.713799899443984e-05,0.0,0.0,"laptop-windows-x86_experience1.csv, laptop-windows-x86_experience2.csv, laptop-windows-x86_experience3.csv"
performance,x86,AES,CTR,256,256,avg_encrypt_time_s,3,6.519766058772803e-05,6.519766058772803e-05,0.0,0.0,"laptop-windows-x86_experience1.csv, laptop-windows-x86_experience2.csv, laptop-windows-x86_experience3.csv"
performance,x86,AES,CTR,256,256,key_avalanche_score,2,0.50189453125,0.50189453125,0.0,0.0,"laptop-windows-x86_experience1.csv, laptop-windows-x86_experience2.csv, laptop-windows-x86_experience3.csv"
performance,x86,AES,CTR,256,256,throughput_dec_mbps,3,3.7538623330841894,3.7538623330841894,0.0,0.0,"laptop-windows-x86_experience1.csv, laptop-windows-x86_experience2.csv, laptop-windows-x86_experience3.csv"
performance,x86,AES,CTR,256,256,throughput_enc_mbps,3,3.7453488335094463,3.7453488335094463,0.0,0.0,"laptop-windows-x86_experience1.csv, laptop-windows-x86_experience2.csv, laptop-windows-x86_experience3.csv"
performance,x86,AES,CTR,256,1024,avalanche_score,3,0.49953125,0.49953125,0.0,0.0,"laptop-windows-x86_experience1.csv, laptop-windows-x86_experience2.csv, laptop-windows-x86_experience3.csv"
performance,x86,AES,CTR,256,1024,avg_decrypt_time_s,3,0.00017380133814488849,0.00017380133814488849,0.0,0.0,"laptop-windows-x86_experience1.csv, laptop-windows-x86_experience2.csv, laptop-windows-x86_experience3.csv"
performance,x86,AES,CTR,256,1024,avg_encrypt_time_s,3,0.00020664465846493839,0.00020664465846493839,0.0,0.0,"laptop-windows-x86_experience1.csv, laptop-windows-x86_experience2.csv, laptop-windows-x86_experience3.csv"
performance,x86,AES,CTR,256,1024,key_avalanche_score,2,0.50220703125,0.50220703125,0.0,0.0,"laptop-windows-x86_experience1.csv, laptop-windows-x86_experience2.csv, laptop-windows-x86_experience3.csv"
performance,x86,AES,CTR,256,1024,throughput_dec_mbps,3,5.620231657934261,5.620231657934261,0.0,0.0,"laptop-windows-x86_experience1.csv, laptop-windows-x86_experience2.csv, laptop-windows-x86_experience3.csv"
performance,x86,AES,CTR,256,1024,throughput_enc_mbps,3,4.937101839641391,4.937101839641391,0.0,0.0,"laptop-windows-x86_experience1.csv, laptop-windows-x86_experience2.csv, laptop-windows-x86_experience3.csv"
performance,x86,AES,CTR,256,4096,avalanche_score,3,0.49936197916666664,0.49936197916666664,0.0,0.0,"laptop-windows-x86_experience1.csv, laptop-windows-x86_experience2.csv, laptop-windows-x86_experience3.csv"
performance,x86,AES,CTR,256,4096,avg_decrypt_time_s,3,0.0007645293301902712,0.0007645293301902712,0.0,0.0,"laptop-windows-x86_experience1.csv, laptop-windows-x86_experience2.csv, laptop-windows-x86_experience3.csv"
performance,x86,AES,CTR,256,4096,avg_encrypt_time_s,3,0.0007947919983416796,0.0007947919983416796,0.0,0.0,"laptop-windows-x86_experience1.csv, laptop-windows-x86_experience2.csv, laptop-windows-x86_experience3.csv"
performance,x86,AES,CTR,256,4096,key_avalanche_score,2,0.50142578125,0.50142578125,0.0,0.0,"laptop-windows-x86_experience1.csv, laptop-windows-x86_experience2.csv, laptop-windows-x86_experience3.csv"
performance,x86,AES,CTR,256,4096,throughput_dec_mbps,3,5.5259040979839185,5.5259040979839185,0.0,0.0,"laptop-windows-x86_experience1.csv, laptop-windows-x86_experience2.csv, laptop-windows-x86_experience3.csv"
performance,x86,AES,CTR,256,4096,throughput_enc_mbps,3,5.4146175669660375,5.4146175669660375,0.0,0.0,"laptop-windows-x86_experience1.csv, laptop-windows-x86_experience2.csv, laptop-windows-x86_experience3.csv"
performance,x86,AES,CTR,256,16384,avalanche_score,3,0.49799479166666666,0.49799479166666666,0.0,0.0,"laptop-windows-x86_experience1.csv, laptop-windows-x86_experience2.csv, laptop-windows-x86_experience3.csv"
performance,x86,AES,CTR,256,16384,avg_decrypt_time_s,3,0.00240440299656863,0.00240440299656863,0.0,0.0,"laptop-windows-x86_experience1.csv, laptop-windows-x86_experience2.csv, laptop-windows-x86_experience3.csv"
performance,x86,AES,CTR,256,16384,avg_encrypt_time_s,3,0.0024603809975087642,0.0024603809975087642,0.0,0.0,"laptop-windows-x86_experience1.csv, laptop-windows-x86_experience2.csv, laptop-windows-x86_experience3.csv"
performance,x86,AES,CTR,256,16384,key_avalanche_score,2,0.50033203125,0.50033203125,0.0,0.0,"laptop-windows-x86_experience1.csv, laptop-windows-x86_experience2.csv, laptop-windows-x86_experience3.csv"
performance,x86,AES,CTR,256,16384,throughput_dec_mbps,3,6.524288834990622,6.524288834990622,0.0,0.0,"laptop-windows-x86_experience1.csv, laptop-windows-x86_experience2.csv, laptop-windows-x86_experience3.csv"
performance,x86,AES,CTR,256,16384,throughput_enc_mbps,3,6.380408018946137,6.380408018946137,0.0,0.0,"laptop-windows-x86_experience1.csv, laptop-windows-x86_experience2.csv, laptop-windows-x86_experience3.csv"
performance,x86,AES,ECB,128,64,avalanche_score,3,0.5006380208333333,0.5006380208333333,0.0,0.0,"laptop-windows-x86_experience1.csv, laptop-windows-x86_experience2.csv, laptop-windows-x86_experience3.csv"
performance,x86,AES,ECB,128,64,avg_decrypt_time_s,3,1.820500008761883e-05,1.820500008761883e-05,0.0,0.0,"laptop-windows-x86_experience1.csv, laptop-windows-x86_experience2.csv, laptop-windows-x86_experience3.csv"
performance,x86,AES,ECB,128,64,avg_encrypt_time_s,3,4.6318001113832e-05,4.6318001113832e-05,0.0,0.0,"laptop-windows-x86_experience1.csv, laptop-windows-x86_experience2.csv, laptop-windows-x86_experience3.csv"
performance,x86,AES,ECB,128,64,key_avalanche_score,3,0.5001822916666666,0.5001822916666666,0.0,0.0,"laptop-windows-x86_experience1.csv, laptop-windows-x86_experience2.csv, laptop-windows-x86_experience3.csv"
performance,x86,AES,ECB,128,64,throughput_dec_mbps,3,3.365788340917611,3.365788340917611,0.0,0.0,"laptop-windows-x86_experience1.csv, laptop-windows-x86_experience2.csv, laptop-windows-x86_experience3.csv"
performance,x86,AES,ECB,128,64,throughput_enc_mbps,3,1.320904090012526,1.320904090012526,0.0,0.0,"laptop-windows-x86_experience1.csv, laptop-windows-x86_experience2.csv, laptop-windows-x86_experience3.csv"
performance,x86,AES,ECB,128,256,avalanche_score,3,0.49838541666666664,0.49838541666666664,0.0,0.0,"laptop-windows-x86_experience1.csv, laptop-windows-x86_experience2.csv, laptop-windows-x86_experience3.csv"
performance,x86,AES,ECB,128,256,avg_decrypt_time_s,3,1.721700110162298e-05,1.721700110162298e-05,0.0,0.0,"laptop-windows-x86_experience1.csv, laptop-windows-x86_experience2.csv, laptop-windows-x86_experience3.csv"
performance,x86,AES,ECB,128,256,avg_encrypt_time_s,3,1.9641999000062545e-05,1.9641999000062545e-05,0.0,0.0,"laptop-windows-x86_experience1.csv, laptop-windows-x86_experience2.csv, laptop-windows-x86_experience3.csv"
performance,x86,AES,ECB,128,256,key_avalanche_score,3,0.49863281249999997,0.49863281249999997,0.0,0.0,"laptop-windows-x86_experience1.csv, laptop-windows-x86_experience2.csv, laptop-windows-x86_experience3.csv"
performance,x86,AES,ECB,128,256,throughput_dec_mbps,3,14.184133549915563,14.184133549915563,0.0,0.0,"laptop-windows-x86_experience1.csv, laptop-windows-x86_experience2.csv, laptop-windows-x86_experience3.csv"
performance,x86,AES,ECB,128,256,throughput_enc_mbps,3,12.429915603978921,12.429915603978921,0.0,0.0,"laptop-windows-x86_experience1.csv, laptop-windows-x86_experience2.csv, laptop-windows-x86_experience3.csv"
performance,x86,AES,ECB,128,1024,avalanche_score,3,0.5001302083333333,0.5001302083333333,0.0,0.0,"laptop-windows-x86_experience1.csv, laptop-windows-x86_experience2.csv, laptop-windows-x86_experience3.csv"
performance,x86,AES,ECB,128,1024,avg_decrypt_time_s,3,1.9950328860431912e-05,1.9950328860431912e-05,0.0,0.0,"laptop-windows-x86_experience1.csv, laptop-windows-x86_experience2.csv, laptop-windows-x86_experience3.csv"
performance,x86,AES,ECB,128,1024,avg_encrypt_time_s,3,2.352634212002158e-05,2.352634212002158e-05,0.0,0.0,"laptop-windows-x86_experience1.csv, laptop-windows-x86_experience2.csv, laptop-windows-x86_experience3.csv"
performance,x86,AES,ECB,128,1024,key_avalanche_score,3,0.49816406249999995,0.49816406249999995,0.0,0.0,"laptop-windows-x86_experience1.csv, laptop-windows-x86_experience2.csv, laptop-windows-x86_experience3.csv"
performance,x86,AES,ECB,128,1024,throughput_dec_mbps,3,49.04714416261576,49.04714416261576,0.0,0.0,"laptop-windows-x86_experience1.csv, laptop-windows-x86_experience2.csv, laptop-windows-x86_experience3.csv"
performance,x86,AES,ECB,128,1024,throughput_enc_mbps,3,41.97817894547921,41.97817894547921,0.0,0.0,"laptop-windows-x86_experience1.csv, laptop-windows-x86_experience2.csv, laptop-windows-x86_experience3.csv"
performance,x86,AES,ECB,128,4096,avalanche_score,3,0.49630208333333337,0.49630208333333337,0.0,0.0,"laptop-windows-x86_experience1.csv, laptop-windows-x86_experience2.csv, laptop-windows-x86_experience3.csv"
performance,x86,AES,ECB,128,4096,avg_decrypt_time_s,3,2.334366242090861e-05,2.334366242090861e-05,0.0,0.0,"laptop-windows-x86_experience1.csv, laptop-windows-x86_experience2.csv, laptop-windows-x86_experience3.csv"
performance,x86,AES,ECB,128,4096,avg_encrypt_time_s,3,2.723400481045246e-05,2.723400481045246e-05,0.0,0.0,"laptop-windows-x86_experience1.csv, laptop-windows-x86_experience2.csv, laptop-windows-x86_experience3.csv"
performance,x86,AES,ECB,128,4096,key_avalanche_score,3,0.49640625,0.49640625,0.0,0.0,"laptop-windows-x86_experience1.csv, laptop-windows-x86_experience2.csv, laptop-windows-x86_experience3.csv"
performance,x86,AES,ECB,128,4096,throughput_dec_mbps,3,168.9675378891426,168.9675378891426,0.0,0.0,"laptop-windows-x86_experience1.csv, laptop-windows-x86_experience2.csv, laptop-windows-x86_experience3.csv"
performance,x86,AES,ECB,128,4096,throughput_enc_mbps,3,147.60948590363137,147.60948590363137,0.0,0.0,"laptop-windows-x86_experience1.csv, laptop-windows-x86_experience2.csv, laptop-windows-x86_experience3.csv"
performance,x86,AES,ECB,128,16384,avalanche_score,3,0.5043619791666667,0.5043619791666667,0.0,0.0,"laptop-windows-x86_experience1.csv, laptop-windows-x86_experience2.csv, laptop-windows-x86_experience3.csv"
performance,x86,AES,ECB,128,16384,avg_decrypt_time_s,3,2.9169000529994568e-05,2.9169000529994568e-05,0.0,0.0,"laptop-windows-x86_experience1.csv, laptop-windows-x86_experience2.csv, laptop-windows-x86_experience3.csv"
performance,x86,AES,ECB,128,16384,avg_encrypt_time_s,3,4.789599760745962e-05,4.789599760745962e-05,0.0,0.0,"laptop-windows-x86_experience1.csv, laptop-windows-x86_experience2.csv, laptop-windows-x86_experience3.csv"
performance,x86,AES,ECB,128,16384,key_avalanche_score,2,0.49626953125,0.49626953125,0.0,0.0,"laptop-windows-x86_experience1.csv, laptop-windows-x86_experience2.csv, laptop-windows-x86_experience3.csv"
performance,x86,AES,ECB,128,16384,throughput_dec_mbps,3,538.9698282980561,538.9698282980561,0.0,0.0,"laptop-windows-x86_experience1.csv, laptop-windows-x86_experience2.csv, laptop-windows-x86_experience3.csv"
performance,x86,AES,ECB,128,16384,throughput_enc_mbps,3,341.1073792938321,341.1073792938321,0.0,0.0,"laptop-windows-x86_experience1.csv, laptop-windows-x86_experience2.csv, laptop-windows-x86_experience3.csv"
performance,x86,AES,ECB,192,64,avalanche_score,3,0.4971744791666666,0.4971744791666666,0.0,0.0,"laptop-windows-x86_experience1.csv, laptop-windows-x86_experience2.csv, laptop-windows-x86_experience3.csv"
performance,x86,AES,ECB,192,64,avg_decrypt_time_s,3,1.8012332729995252e-05,1.8012332729995252e-05,0.0,0.0,"laptop-windows-x86_experience1.csv, laptop-windows-x86_experience2.csv, laptop-windows-x86_experience3.csv"
performance,x86,AES,ECB,192,64,avg_encrypt_time_s,3,1.835066437100371e-05,1.835066437100371e-05,0.0,0.0,"laptop-windows-x86_experience1.csv, laptop-windows-x86_experience2.csv, laptop-windows-x86_experience3.csv"
performance,x86,AES,ECB,192,64,key_avalanche_score,2,0.5008984375000001,0.5008984375000001,0.0,0.0,"laptop-windows-x86_experience1.csv, laptop-windows-x86_experience2.csv, laptop-windows-x86_experience3.csv"
performance,x86,AES,ECB,192,64,throughput_dec_mbps,3,3.406349734780356,3.406349734780356,0.0,0.0,"laptop-windows-x86_experience1.csv, laptop-windows-x86_experience2.csv, laptop-windows-x86_experience3.csv"
performance,x86,AES,ECB,192,64,throughput_enc_mbps,3,3.328117002300157,3.328117002300157,0.0,0.0,"laptop-windows-x86_experience1.csv, laptop-windows-x86_experience2.csv, laptop-windows-x86_experience3.csv"
performance,x86,AES,ECB,192,256,avalanche_score,3,0.5010546875,0.5010546875,0.0,0.0,"laptop-windows-x86_experience1.csv, laptop-windows-x86_experience2.csv, laptop-windows-x86_experience3.csv"
performance,x86,AES,ECB,192,256,avg_decrypt_time_s,3,1.9428008235991e-05,1.9428008235991e-05,0.0,0.0,"laptop-windows-x86_experience1.csv, laptop-windows-x86_experience2.csv, laptop-windows-x86_experience3.csv"
performance,x86,AES,ECB,192,256,avg_encrypt_time_s,3,2.3361667990684507e-05,2.3361667990684507e-05,0.0,0.0,"laptop-windows-x86_experience1.csv, laptop-windows-x86_experience2.csv, laptop-windows-x86_experience3.csv"
performance,x86,AES,ECB,192,256,key_avalanche_score,2,0.497265625,0.497265625,0.0,0.0,"laptop-windows-x86_experience1.csv, laptop-windows-x86_experience2.csv, laptop-windows-x86_experience3.csv"
performance,x86,AES,ECB,192,256,throughput_dec_mbps,3,12.665823593789908,12.665823593789908,0.0,0.0,"laptop-windows-x86_experience1.csv, laptop-windows-x86_experience2.csv, laptop-windows-x86_experience3.csv"
performance,x86,AES,ECB,192,256,throughput_enc_mbps,3,11.172441550995243,11.172441550995243,0.0,0.0,"laptop-windows-x86_experience1.csv, laptop-windows-x86_experience2.csv, laptop-windows-x86_experience3.csv"
performance,x86,AES,ECB,192,1024,avalanche_score,3,0.49981770833333333,0.49981770833333333,0.0,0.0,"laptop-windows-x86_experience1.csv, laptop-windows-x86_experience2.csv, laptop-windows-x86_experience3.csv"
performance,x86,AES,ECB,192,1024,avg_decrypt_time_s,3,1.9254336754480996e-05,1.9254336754480996e-05,0.0,0.0,"laptop-windows-x86_experience1.csv, laptop-windows-x86_experience2.csv, laptop-windows-x86_experience3.csv"
performance,x86,AES,ECB,192,1024,avg_encrypt_time_s,3,2.5004337852199874e-05,2.5004337852199874e-05,0.0,0.0,"laptop-windows-x86_experience1.csv, laptop-windows-x86_experience2.csv, laptop-windows-x86_experience3.csv"
performance,x86,AES,ECB,192,1024,key_avalanche_score,2,0.4988671875,0.4988671875,0.0,0.0,"laptop-windows-x86_experience1.csv, laptop-windows-x86_experience2.csv, laptop-windows-x86_experience3.csv"
performance,x86,AES,ECB,192,1024,throughput_dec_mbps,3,50.72460695869148,50.72460695869148,0.0,0.0,"laptop-windows-x86_experience1.csv, laptop-windows-x86_experience2.csv, laptop-windows-x86_experience3.csv"
performance,x86,AES,ECB,192,1024,throughput_enc_mbps,3,40.551153685029924,40.551153685029924,0.0,0.0,"laptop-windows-x86_experience1.csv, laptop-windows-x86_experience2.csv, laptop-windows-x86_experience3.csv"
performance,x86,AES,ECB,192,4096,avalanche_score,3,0.501640625,0.501640625,0.0,0.0,"laptop-windows-x86_experience1.csv, laptop-windows-x86_experience2.csv, laptop-windows-x86_experience3.csv"
performance,x86,AES,ECB,192,4096,avg_decrypt_time_s,3,2.889633333931367e-05,2.889633333931367e-05,0.0,0.0,"laptop-windows-x86_experience1.csv, laptop-windows-x86_experience2.csv, laptop-windows-x86_experience3.csv"
performance,x86,AES,ECB,192,4096,avg_encrypt_time_s,3,3.320867506166299e-05,3.320867506166299e-05,0.0,0.0,"laptop-windows-x86_experience1.csv, laptop-windows-x86_experience2.csv, laptop-windows-x86_experience3.csv"
performance,x86,AES,ECB,192,4096,key_avalanche_score,2,0.49771484374999997,0.49771484374999997,0.0,0.0,"laptop-windows-x86_experience1.csv, laptop-windows-x86_experience2.csv, laptop-windows-x86_experience3.csv"
performance,x86,AES,ECB,192,4096,throughput_dec_mbps,3,142.61331811777552,142.61331811777552,0.0,0.0,"laptop-windows-x86_experience1.csv, laptop-windows-x86_experience2.csv, laptop-windows-x86_experience3.csv"
performance,x86,AES,ECB,192,4096,throughput_enc_mbps,3,128.28626856602946,128.28626856602946,0.0,0.0,"laptop-windows-x86_experience1.csv, laptop-windows-x86_experience2.csv, laptop-windows-x86_experience3.csv"
performance,x86,AES,ECB,192,16384,avalanche_score,3,0.5005078125,0.5005078125,0.0,0.0,"laptop-windows-x86_experience1.csv, laptop-windows-x86_experience2.csv, laptop-windows-x86_experience3.csv"
performance,x86,AES,ECB,192,16384,avg_decrypt_time_s,3,3.7271004014958934e-05,3.7271004014958934e-05,0.0,0.0,"laptop-windows-x86_experience1.csv, laptop-windows-x86_experience2.csv, laptop-windows-x86_experience3.csv"
performance,x86,AES,ECB,192,16384,avg_encrypt_time_s,3,4.471467264617483e-05,4.471467264617483e-05,0.0,0.0,"laptop-windows-x86_experience1.csv, laptop-windows-x86_experience2.csv, laptop-windows-x86_experience3.csv"
performance,x86,AES,ECB,192,16384,key_avalanche_score,2,0.5000390625,0.5000390625,0.0,0.0,"laptop-windows-x86_experience1.csv, laptop-windows-x86_experience2.csv, laptop-windows-x86_experience3.csv"
performance,x86,AES,ECB,192,16384,throughput_dec_mbps,3,434.0626488136652,434.0626488136652,0.0,0.0,"laptop-windows-x86_experience1.csv, laptop-windows-x86_experience2.csv, laptop-windows-x86_experience3.csv"
performance,x86,AES,ECB,192,16384,throughput_enc_mbps,3,364.4217335001443,364.4217335001443,0.0,0.0,"laptop-windows-x86_experience1.csv, laptop-windows-x86_experience2.csv, laptop-windows-x86_experience3.csv"
performance,x86,AES,ECB,256,64,avalanche_score,3,0.5025260416666667,0.5025260416666667,0.0,0.0,"laptop-windows-x86_experience1.csv, laptop-windows-x86_experience2.csv, laptop-windows-x86_experience3.csv"
performance,x86,AES,ECB,256,64,avg_decrypt_time_s,3,2.153000639130672e-05,2.153000639130672e-05,0.0,0.0,"laptop-windows-x86_experience1.csv, laptop-windows-x86_experience2.csv, laptop-windows-x86_experience3.csv"
performance,x86,AES,ECB,256,64,avg_encrypt_time_s,3,1.90453277900815e-05,1.90453277900815e-05,0.0,0.0,"laptop-windows-x86_experience1.csv, laptop-windows-x86_experience2.csv, laptop-windows-x86_experience3.csv"
performance,x86,AES,ECB,256,64,key_avalanche_score,2,0.49921875000000004,0.49921875000000004,0.0,0.0,"laptop-windows-x86_experience1.csv, laptop-windows-x86_experience2.csv, laptop-windows-x86_experience3.csv"
performance,x86,AES,ECB,256,64,throughput_dec_mbps,3,3.059317476112035,3.059317476112035,0.0,0.0,"laptop-windows-x86_experience1.csv, laptop-windows-x86_experience2.csv, laptop-windows-x86_experience3.csv"
performance,x86,AES,ECB,256,64,throughput_enc_mbps,3,3.210146139356425,3.210146139356425,0.0,0.0,"laptop-windows-x86_experience1.csv, laptop-windows-x86_experience2.csv, laptop-windows-x86_experience3.csv"
performance,x86,AES,ECB,256,256,avalanche_score,3,0.5025130208333334,0.5025130208333334,0.0,0.0,"laptop-windows-x86_experience1.csv, laptop-windows-x86_experience2.csv, laptop-windows-x86_experience3.csv"
performance,x86,AES,ECB,256,256,avg_decrypt_time_s,3,2.029633071894447e-05,2.029633071894447e-05,0.0,0.0,"laptop-windows-x86_experience1.csv, laptop-windows-x86_experience2.csv, laptop-windows-x86_experience3.csv"
performance,x86,AES,ECB,256,256,avg_encrypt_time_s,3,2.2322665899991988e-05,2.2322665899991988e-05,0.0,0.0,"laptop-windows-x86_experience1.csv, laptop-windows-x86_experience2.csv, laptop-windows-x86_experience3.csv"
performance,x86,AES,ECB,256,256,key_avalanche_score,2,0.50171875,0.50171875,0.0,0.0,"laptop-windows-x86_experience1.csv, laptop-windows-x86_experience2.csv, laptop-windows-x86_experience3.csv"
performance,x86,AES,ECB,256,256,throughput_dec_mbps,3,12.34133691354876,12.34133691354876,0.0,0.0,"laptop-windows-x86_experience1.csv, laptop-windows-x86_experience2.csv, laptop-windows-x86_experience3.csv"
performance,x86,AES,ECB,256,256,throughput_enc_mbps,3,11.098708096042808,11.098708096042808,0.0,0.0,"laptop-windows-x86_experience1.csv, laptop-windows-x86_experience2.csv, laptop-windows-x86_experience3.csv"
performance,x86,AES,ECB,256,1024,avalanche_score,3,0.49920572916666667,0.49920572916666667,0.0,0.0,"laptop-windows-x86_experience1.csv, laptop-windows-x86_experience2.csv, laptop-windows-x86_experience3.csv"
performance,x86,AES,ECB,256,1024,avg_decrypt_time_s,3,2.5655662175267934e-05,2.5655662175267934e-05,0.0,0.0,"laptop-windows-x86_experience1.csv, laptop-windows-x86_experience2.csv, laptop-windows-x86_experience3.csv"
performance,x86,AES,ECB,256,1024,avg_encrypt_time_s,3,3.055567465101679e-05,3.055567465101679e-05,0.0,0.0,"laptop-windows-x86_experience1.csv, laptop-windows-x86_experience2.csv, laptop-windows-x86_experience3.csv"
performance,x86,AES,ECB,256,1024,key_avalanche_score,2,0.5017578125,0.5017578125,0.0,0.0,"laptop-windows-x86_experience1.csv, laptop-windows-x86_experience2.csv, laptop-windows-x86_experience3.csv"
performance,x86,AES,ECB,256,1024,throughput_dec_mbps,3,41.50178815486254,41.50178815486254,0.0,0.0,"laptop-windows-x86_experience1.csv, laptop-windows-x86_experience2.csv, laptop-windows-x86_experience3.csv"
performance,x86,AES,ECB,256,1024,throughput_enc_mbps,3,34.85960827209748,34.85960827209748,0.0,0.0,"laptop-windows-x86_experience1.csv, laptop-windows-x86_experience2.csv, laptop-windows-x86_experience3.csv"
performance,x86,AES,ECB,256,4096,avalanche_score,3,0.49936197916666664,0.49936197916666664,0.0,0.0,"laptop-windows-x86_experience1.csv, laptop-windows-x86_experience2.csv, laptop-windows-x86_experience3.csv"
performance,x86,AES,ECB,256,4096,avg_decrypt_time_s,3,2.8185006231069563e-05,2.8185006231069563e-05,0.0,0.0,"laptop-windows-x86_experience1.csv, laptop-windows-x86_experience2.csv, laptop-windows-x86_experience3.csv"
performance,x86,AES,ECB,256,4096,avg_encrypt_time_s,3,3.018700595324238e-05,3.018700595324238e-05,0.0,0.0,"laptop-windows-x86_experience1.csv, laptop-windows-x86_experience2.csv, laptop-windows-x86_experience3.csv"
performance,x86,AES,ECB,256,4096,key_avalanche_score,2,0.50283203125,0.50283203125,0.0,0.0,"laptop-windows-x86_experience1.csv, laptop-windows-x86_experience2.csv, laptop-windows-x86_experience3.csv"
performance,x86,AES,ECB,256,4096,throughput_dec_mbps,3,149.7723002517141,149.7723002517141,0.0,0.0,"laptop-windows-x86_experience1.csv, laptop-windows-x86_experience2.csv, laptop-windows-x86_experience3.csv"
performance,x86,AES,ECB,256,4096,throughput_enc_mbps,3,138.2263223365447,138.2263223365447,0.0,0.0,"laptop-windows-x86_experience1.csv, laptop-windows-x86_experience2.csv, laptop-windows-x86_experience3.csv"
performance,x86,AES,ECB,256,16384,avalanche_score,3,0.5039843749999999,0.5039843749999999,0.0,0.0,"laptop-windows-x86_experience1.csv, laptop-windows-x86_experience2.csv, laptop-windows-x86_experience3.csv"
performance,x86,AES,ECB,256,16384,avg_decrypt_time_s,3,3.1148990771422784e-05,3.1148990771422784e-05,0.0,0.0,"laptop-windows-x86_experience1.csv, laptop-windows-x86_experience2.csv, laptop-windows-x86_experience3.csv"
performance,x86,AES,ECB,256,16384,avg_encrypt_time_s,3,4.302500591923793e-05,4.302500591923793e-05,0.0,0.0,"laptop-windows-x86_experience1.csv, laptop-windows-x86_experience2.csv, laptop-windows-x86_experience3.csv"
performance,x86,AES,ECB,256,16384,key_avalanche_score,2,0.50158203125,0.50158203125,0.0,0.0,"laptop-windows-x86_experience1.csv, laptop-windows-x86_experience2.csv, laptop-windows-x86_experience3.csv"
performance,x86,AES,ECB,256,16384,throughput_dec_mbps,3,502.96194061949524,502.96194061949524,0.0,0.0,"laptop-windows-x86_experience1.csv, laptop-windows-x86_experience2.csv, laptop-windows-x86_experience3.csv"
performance,x86,AES,ECB,256,16384,throughput_enc_mbps,3,368.3148054676824,368.3148054676824,0.0,0.0,"laptop-windows-x86_experience1.csv, laptop-windows-x86_experience2.csv, laptop-windows-x86_experience3.csv"
performance,x86,AES,GCM,128,64,avalanche_score,3,0.4988020833333333,0.4988020833333333,0.0,0.0,"laptop-windows-x86_experience1.csv, laptop-windows-x86_experience2.csv, laptop-windows-x86_experience3.csv"
performance,x86,AES,GCM,128,64,avg_decrypt_time_s,3,0.0001646876661106944,0.0001646876661106944,0.0,0.0,"laptop-windows-x86_experience1.csv, laptop-windows-x86_experience2.csv, laptop-windows-x86_experience3.csv"
performance,x86,AES,GCM,128,64,avg_encrypt_time_s,3,0.0002528933218369881,0.0002528933218369881,0.0,0.0,"laptop-windows-x86_experience1.csv, laptop-windows-x86_experience2.csv, laptop-windows-x86_experience3.csv"
performance,x86,AES,GCM,128,64,key_avalanche_score,2,0.50064453125,0.50064453125,0.0,0.0,"laptop-windows-x86_experience1.csv, laptop-windows-x86_experience2.csv, laptop-windows-x86_experience3.csv"
performance,x86,AES,GCM,128,64,throughput_dec_mbps,3,0.37912167547957604,0.37912167547957604,0.0,0.0,"laptop-windows-x86_experience1.csv, laptop-windows-x86_experience2.csv, laptop-windows-x86_experience3.csv"
performance,x86,AES,GCM,128,64,throughput_enc_mbps,3,0.24175126839867792,0.24175126839867792,0.0,0.0,"laptop-windows-x86_experience1.csv, laptop-windows-x86_experience2.csv, laptop-windows-x86_experience3.csv"
performance,x86,AES,GCM,128,256,avalanche_score,3,0.5028385416666666,0.5028385416666666,0.0,0.0,"laptop-windows-x86_experience1.csv, laptop-windows-x86_experience2.csv, laptop-windows-x86_experience3.csv"
performance,x86,AES,GCM,128,256,avg_decrypt_time_s,3,0.00015765599130342404,0.00015765599130342404,0.0,0.0,"laptop-windows-x86_experience1.csv, laptop-windows-x86_experience2.csv, laptop-windows-x86_experience3.csv"
performance,x86,AES,GCM,128,256,avg_encrypt_time_s,3,0.00012267900087560216,0.00012267900087560216,0.0,0.0,"laptop-windows-x86_experience1.csv, laptop-windows-x86_experience2.csv, laptop-windows-x86_experience3.csv"
performance,x86,AES,GCM,128,256,key_avalanche_score,2,0.49931640625,0.49931640625,0.0,0.0,"laptop-windows-x86_experience1.csv, laptop-windows-x86_experience2.csv, laptop-windows-x86_experience3.csv"
performance,x86,AES,GCM,128,256,throughput_dec_mbps,3,1.5661457318833687,1.5661457318833687,0.0,0.0,"laptop-windows-x86_experience1.csv, laptop-windows-x86_experience2.csv, laptop-windows-x86_experience3.csv"
performance,x86,AES,GCM,128,256,throughput_enc_mbps,3,2.020265777701423,2.020265777701423,0.0,0.0,"laptop-windows-x86_experience1.csv, laptop-windows-x86_experience2.csv, laptop-windows-x86_experience3.csv"
performance,x86,AES,GCM,128,1024,avalanche_score,3,0.5021354166666666,0.5021354166666666,0.0,0.0,"laptop-windows-x86_experience1.csv, laptop-windows-x86_experience2.csv, laptop-windows-x86_experience3.csv"
performance,x86,AES,GCM,128,1024,avg_decrypt_time_s,3,0.00018342733926450213,0.00018342733926450213,0.0,0.0,"laptop-windows-x86_experience1.csv, laptop-windows-x86_experience2.csv, laptop-windows-x86_experience3.csv"
performance,x86,AES,GCM,128,1024,avg_encrypt_time_s,3,0.00013441498934601743,0.00013441498934601743,0.0,0.0,"laptop-windows-x86_experience1.csv, laptop-windows-x86_experience2.csv, laptop-windows-x86_experience3.csv"
performance,x86,AES,GCM,128,1024,key_avalanche_score,2,0.49966796874999997,0.49966796874999997,0.0,0.0,"laptop-windows-x86_experience1.csv, laptop-windows-x86_experience2.csv, laptop-windows-x86_experience3.csv"
performance,x86,AES,GCM,128,1024,throughput_dec_mbps,3,5.512050109496781,5.512050109496781,0.0,0.0,"laptop-windows-x86_experience1.csv, laptop-windows-x86_experience2.csv, laptop-windows-x86_experience3.csv"
performance,x86,AES,GCM,128,1024,throughput_enc_mbps,3,7.4834170458765925,7.4834170458765925,0.0,0.0,"laptop-windows-x86_experience1.csv, laptop-windows-x86_experience2.csv, laptop-windows-x86_experience3.csv"
performance,x86,AES,GCM,128,4096,avalanche_score,3,0.49667968749999997,0.49667968749999997,0.0,0.0,"laptop-windows-x86_experience1.csv, laptop-windows-x86_experience2.csv, laptop-windows-x86_experience3.csv"
performance,x86,AES,GCM,128,4096,avg_decrypt_time_s,3,0.00016480431891977788,0.00016480431891977788,0.0,0.0,"laptop-windows-x86_experience1.csv, laptop-windows-x86_experience2.csv, laptop-windows-x86_experience3.csv"
performance,x86,AES,GCM,128,4096,avg_encrypt_time_s,3,0.00013393732796733579,0.00013393732796733579,0.0,0.0,"laptop-windows-x86_experience1.csv, laptop-windows-x86_experience2.csv, laptop-windows-x86_experience3.csv"
performance,x86,AES,GCM,128,4096,key_avalanche_score,2,0.5034960937499999,0.5034960937499999,0.0,0.0,"laptop-windows-x86_experience1.csv, laptop-windows-x86_experience2.csv, laptop-windows-x86_experience3.csv"
performance,x86,AES,GCM,128,4096,throughput_dec_mbps,3,23.76285564238429,23.76285564238429,0.0,0.0,"laptop-windows-x86_experience1.csv, laptop-windows-x86_experience2.csv, laptop-windows-x86_experience3.csv"
performance,x86,AES,GCM,128,4096,throughput_enc_mbps,3,29.402120588949412,29.402120588949412,0.0,0.0,"laptop-windows-x86_experience1.csv, laptop-windows-x86_experience2.csv, laptop-windows-x86_experience3.csv"
performance,x86,AES,GCM,128,16384,avalanche_score,3,0.5015625,0.5015625,0.0,0.0,"laptop-windows-x86_experience1.csv, laptop-windows-x86_experience2.csv, laptop-windows-x86_experience3.csv"
performance,x86,AES,GCM,128,16384,avg_decrypt_time_s,3,0.00020348665692533055,0.00020348665692533055,0.0,0.0,"laptop-windows-x86_experience1.csv, laptop-windows-x86_experience2.csv, laptop-windows-x86_experience3.csv"
performance,x86,AES,GCM,128,16384,avg_encrypt_time_s,3,0.00016728767426684498,0.00016728767426684498,0.0,0.0,"laptop-windows-x86_experience1.csv, laptop-windows-x86_experience2.csv, laptop-windows-x86_experience3.csv"
performance,x86,AES,GCM,128,16384,key_avalanche_score,2,0.5001562500000001,0.5001562500000001,0.0,0.0,"laptop-windows-x86_experience1.csv, laptop-windows-x86_experience2.csv, laptop-windows-x86_experience3.csv"
performance,x86,AES,GCM,128,16384,throughput_dec_mbps,3,79.30013251713324,79.30013251713324,0.0,0.0,"laptop-windows-x86_experience1.csv, laptop-windows-x86_experience2.csv, laptop-windows-x86_experience3.csv"
performance,x86,AES,GCM,128,16384,throughput_enc_mbps,3,94.92340821597158,94.92340821597158,0.0,0.0,"laptop-windows-x86_experience1.csv, laptop-windows-x86_experience2.csv, laptop-windows-x86_experience3.csv"
performance,x86,AES,GCM,192,64,avalanche_score,3,0.5023307291666667,0.5023307291666667,0.0,0.0,"laptop-windows-x86_experience1.csv, laptop-windows-x86_experience2.csv, laptop-windows-x86_experience3.csv"
performance,x86,AES,GCM,192,64,avg_decrypt_time_s,3,0.00015625333491091928,0.00015625333491091928,0.0,0.0,"laptop-windows-x86_experience1.csv, laptop-windows-x86_experience2.csv, laptop-windows-x86_experience3.csv"
performance,x86,AES,GCM,192,64,avg_encrypt_time_s,3,0.00012894399386520188,0.00012894399386520188,0.0,0.0,"laptop-windows-x86_experience1.csv, laptop-windows-x86_experience2.csv, laptop-windows-x86_experience3.csv"
performance,x86,AES,GCM,192,64,key_avalanche_score,2,0.5038281250000001,0.5038281250000001,0.0,0.0,"laptop-windows-x86_experience1.csv, laptop-windows-x86_experience2.csv, laptop-windows-x86_experience3.csv"
performance,x86,AES,GCM,192,64,throughput_dec_mbps,3,0.3913413438642461,0.3913413438642461,0.0,0.0,"laptop-windows-x86_experience1.csv, laptop-windows-x86_experience2.csv, laptop-windows-x86_experience3.csv"
performance,x86,AES,GCM,192,64,throughput_enc_mbps,3,0.4884902638383297,0.4884902638383297,0.0,0.0,"laptop-windows-x86_experience1.csv, laptop-windows-x86_experience2.csv, laptop-windows-x86_experience3.csv"
performance,x86,AES,GCM,192,256,avalanche_score,3,0.5,0.5,0.0,0.0,"laptop-windows-x86_experience1.csv, laptop-windows-x86_experience2.csv, laptop-windows-x86_experience3.csv"
performance,x86,AES,GCM,192,256,avg_decrypt_time_s,3,0.00016264966145778696,0.00016264966145778696,0.0,0.0,"laptop-windows-x86_experience1.csv, laptop-windows-x86_experience2.csv, laptop-windows-x86_experience3.csv"
performance,x86,AES,GCM,192,256,avg_encrypt_time_s,3,0.00011620567102606097,0.00011620567102606097,0.0,0.0,"laptop-windows-x86_experience1.csv, laptop-windows-x86_experience2.csv, laptop-windows-x86_experience3.csv"
performance,x86,AES,GCM,192,256,key_avalanche_score,2,0.5018750000000001,0.5018750000000001,0.0,0.0,"laptop-windows-x86_experience1.csv, laptop-windows-x86_experience2.csv, laptop-windows-x86_experience3.csv"
performance,x86,AES,GCM,192,256,throughput_dec_mbps,3,1.5052145584340026,1.5052145584340026,0.0,0.0,"laptop-windows-x86_experience1.csv, laptop-windows-x86_experience2.csv, laptop-windows-x86_experience3.csv"
performance,x86,AES,GCM,192,256,throughput_enc_mbps,3,2.1023187055392047,2.1023187055392047,0.0,0.0,"laptop-windows-x86_experience1.csv, laptop-windows-x86_experience2.csv, laptop-windows-x86_experience3.csv"
performance,x86,AES,GCM,192,1024,avalanche_score,3,0.49921875,0.49921875,0.0,0.0,"laptop-windows-x86_experience1.csv, laptop-windows-x86_experience2.csv, laptop-windows-x86_experience3.csv"
performance,x86,AES,GCM,192,1024,avg_decrypt_time_s,3,0.00015894499995435277,0.00015894499995435277,0.0,0.0,"laptop-windows-x86_experience1.csv, laptop-windows-x86_experience2.csv, laptop-windows-x86_experience3.csv"
performance,x86,AES,GCM,192,1024,avg_encrypt_time_s,3,0.0001277786632999778,0.0001277786632999778,0.0,0.0,"laptop-windows-x86_experience1.csv, laptop-windows-x86_experience2.csv, laptop-windows-x86_experience3.csv"
performance,x86,AES,GCM,192,1024,key_avalanche_score,2,0.50185546875,0.50185546875,0.0,0.0,"laptop-windows-x86_experience1.csv, laptop-windows-x86_experience2.csv, laptop-windows-x86_experience3.csv"
performance,x86,AES,GCM,192,1024,throughput_dec_mbps,3,6.166615580920495,6.166615580920495,0.0,0.0,"laptop-windows-x86_experience1.csv, laptop-windows-x86_experience2.csv, laptop-windows-x86_experience3.csv"
performance,x86,AES,GCM,192,1024,throughput_enc_mbps,3,7.735430210297178,7.735430210297178,0.0,0.0,"laptop-windows-x86_experience1.csv, laptop-windows-x86_experience2.csv, laptop-windows-x86_experience3.csv"
performance,x86,AES,GCM,192,4096,avalanche_score,3,0.4995833333333333,0.4995833333333333,0.0,0.0,"laptop-windows-x86_experience1.csv, laptop-windows-x86_experience2.csv, laptop-windows-x86_experience3.csv"
performance,x86,AES,GCM,192,4096,avg_decrypt_time_s,3,0.00016340100128824512,0.00016340100128824512,0.0,0.0,"laptop-windows-x86_experience1.csv, laptop-windows-x86_experience2.csv, laptop-windows-x86_experience3.csv"
performance,x86,AES,GCM,192,4096,avg_encrypt_time_s,3,0.00014587267146756253,0.00014587267146756253,0.0,0.0,"laptop-windows-x86_experience1.csv, laptop-windows-x86_experience2.csv, laptop-windows-x86_experience3.csv"
performance,x86,AES,GCM,192,4096,key_avalanche_score,2,0.50052734375,0.50052734375,0.0,0.0,"laptop-windows-x86_experience1.csv, laptop-windows-x86_experience2.csv, laptop-windows-x86_experience3.csv"
performance,x86,AES,GCM,192,4096,throughput_dec_mbps,3,23.96746970682373,23.96746970682373,0.0,0.0,"laptop-windows-x86_experience1.csv, laptop-windows-x86_experience2.csv, laptop-windows-x86_experience3.csv"
performance,x86,AES,GCM,192,4096,throughput_enc_mbps,3,27.244990949946423,27.244990949946423,0.0,0.0,"laptop-windows-x86_experience1.csv, laptop-windows-x86_experience2.csv, laptop-windows-x86_experience3.csv"
performance,x86,AES,GCM,192,16384,avalanche_score,3,0.4994140624999999,0.4994140624999999,0.0,0.0,"laptop-windows-x86_experience1.csv, laptop-windows-x86_experience2.csv, laptop-windows-x86_experience3.csv"
performance,x86,AES,GCM,192,16384,avg_decrypt_time_s,3,0.0001901633362285793,0.0001901633362285793,0.0,0.0,"laptop-windows-x86_experience1.csv, laptop-windows-x86_experience2.csv, laptop-windows-x86_experience3.csv"
performance,x86,AES,GCM,192,16384,avg_encrypt_time_s,3,0.00016199233398462337,0.00016199233398462337,0.0,0.0,"laptop-windows-x86_experience1.csv, laptop-windows-x86_experience2.csv, laptop-windows-x86_experience3.csv"
performance,x86,AES,GCM,192,16384,key_avalanche_score,2,0.49873046875,0.49873046875,0.0,0.0,"laptop-windows-x86_experience1.csv, laptop-windows-x86_experience2.csv, laptop-windows-x86_experience3.csv"
performance,x86,AES,GCM,192,16384,throughput_dec_mbps,3,82.72146394227893,82.72146394227893,0.0,0.0,"laptop-windows-x86_experience1.csv, laptop-windows-x86_experience2.csv, laptop-windows-x86_experience3.csv"
performance,x86,AES,GCM,192,16384,throughput_enc_mbps,3,96.49579443434568,96.49579443434568,0.0,0.0,"laptop-windows-x86_experience1.csv, laptop-windows-x86_experience2.csv, laptop-windows-x86_experience3.csv"
performance,x86,AES,GCM,256,64,avalanche_score,3,0.49947916666666664,0.49947916666666664,0.0,0.0,"laptop-windows-x86_experience1.csv, laptop-windows-x86_experience2.csv, laptop-windows-x86_experience3.csv"
performance,x86,AES,GCM,256,64,avg_decrypt_time_s,3,0.0001582203363068402,0.0001582203363068402,0.0,0.0,"laptop-windows-x86_experience1.csv, laptop-windows-x86_experience2.csv, laptop-windows-x86_experience3.csv"
performance,x86,AES,GCM,256,64,avg_encrypt_time_s,3,0.00012955065816640853,0.00012955065816640853,0.0,0.0,"laptop-windows-x86_experience1.csv, laptop-windows-x86_experience2.csv, laptop-windows-x86_experience3.csv"
performance,x86,AES,GCM,256,64,key_avalanche_score,2,0.49908203125,0.49908203125,0.0,0.0,"laptop-windows-x86_experience1.csv, laptop-windows-x86_experience2.csv, laptop-windows-x86_experience3.csv"
performance,x86,AES,GCM,256,64,throughput_dec_mbps,3,0.38803658132022445,0.38803658132022445,0.0,0.0,"laptop-windows-x86_experience1.csv, laptop-windows-x86_experience2.csv, laptop-windows-x86_experience3.csv"
performance,x86,AES,GCM,256,64,throughput_enc_mbps,3,0.475039704984111,0.475039704984111,0.0,0.0,"laptop-windows-x86_experience1.csv, laptop-windows-x86_experience2.csv, laptop-windows-x86_experience3.csv"
performance,x86,AES,GCM,256,256,avalanche_score,3,0.4975130208333334,0.4975130208333334,0.0,0.0,"laptop-windows-x86_experience1.csv, laptop-windows-x86_experience2.csv, laptop-windows-x86_experience3.csv"
performance,x86,AES,GCM,256,256,avg_decrypt_time_s,3,0.00015104399994015695,0.00015104399994015695,0.0,0.0,"laptop-windows-x86_experience1.csv, laptop-windows-x86_experience2.csv, laptop-windows-x86_experience3.csv"
performance,x86,AES,GCM,256,256,avg_encrypt_time_s,3,0.00012717232728997867,0.00012717232728997867,0.0,0.0,"laptop-windows-x86_experience1.csv, laptop-windows-x86_experience2.csv, laptop-windows-x86_experience3.csv"
performance,x86,AES,GCM,256,256,key_avalanche_score,2,0.50318359375,0.50318359375,0.0,0.0,"laptop-windows-x86_experience1.csv, laptop-windows-x86_experience2.csv, laptop-windows-x86_experience3.csv"
performance,x86,AES,GCM,256,256,throughput_dec_mbps,3,1.6176718616562802,1.6176718616562802,0.0,0.0,"laptop-windows-x86_experience1.csv, laptop-windows-x86_experience2.csv, laptop-windows-x86_experience3.csv"
performance,x86,AES,GCM,256,256,throughput_enc_mbps,3,1.938018561632404,1.938018561632404,0.0,0.0,"laptop-windows-x86_experience1.csv, laptop-windows-x86_experience2.csv, laptop-windows-x86_experience3.csv"
performance,x86,AES,GCM,256,1024,avalanche_score,3,0.5041796875000001,0.5041796875000001,0.0,0.0,"laptop-windows-x86_experience1.csv, laptop-windows-x86_experience2.csv, laptop-windows-x86_experience3.csv"
performance,x86,AES,GCM,256,1024,avg_decrypt_time_s,3,0.0001609180006198585,0.0001609180006198585,0.0,0.0,"laptop-windows-x86_experience1.csv, laptop-windows-x86_experience2.csv, laptop-windows-x86_experience3.csv"
performance,x86,AES,GCM,256,1024,avg_encrypt_time_s,3,0.0001280823388757805,0.0001280823388757805,0.0,0.0,"laptop-windows-x86_experience1.csv, laptop-windows-x86_experience2.csv, laptop-windows-x86_experience3.csv"
performance,x86,AES,GCM,256,1024,key_avalanche_score,2,0.49982421875,0.49982421875,0.0,0.0,"laptop-windows-x86_experience1.csv, laptop-windows-x86_experience2.csv, laptop-windows-x86_experience3.csv"
performance,x86,AES,GCM,256,1024,throughput_dec_mbps,3,6.106050981746576,6.106050981746576,0.0,0.0,"laptop-windows-x86_experience1.csv, laptop-windows-x86_experience2.csv, laptop-windows-x86_experience3.csv"
performance,x86,AES,GCM,256,1024,throughput_enc_mbps,3,7.66141843050717,7.66141843050717,0.0,0.0,"laptop-windows-x86_experience1.csv, laptop-windows-x86_experience2.csv, laptop-windows-x86_experience3.csv"
performance,x86,AES,GCM,256,4096,avalanche_score,3,0.5015104166666666,0.5015104166666666,0.0,0.0,"laptop-windows-x86_experience1.csv, laptop-windows-x86_experience2.csv, laptop-windows-x86_experience3.csv"
performance,x86,AES,GCM,256,4096,avg_decrypt_time_s,3,0.00017138867716615398,0.00017138867716615398,0.0,0.0,"laptop-windows-x86_experience1.csv, laptop-windows-x86_experience2.csv, laptop-windows-x86_experience3.csv"
performance,x86,AES,GCM,256,4096,avg_encrypt_time_s,3,0.00013617633453880747,0.00013617633453880747,0.0,0.0,"laptop-windows-x86_experience1.csv, laptop-windows-x86_experience2.csv, laptop-windows-x86_experience3.csv"
performance,x86,AES,GCM,256,4096,key_avalanche_score,2,0.49904296875,0.49904296875,0.0,0.0,"laptop-windows-x86_experience1.csv, laptop-windows-x86_experience2.csv, laptop-windows-x86_experience3.csv"
performance,x86,AES,GCM,256,4096,throughput_dec_mbps,3,23.028747908789626,23.028747908789626,0.0,0.0,"laptop-windows-x86_experience1.csv, laptop-windows-x86_experience2.csv, laptop-windows-x86_experience3.csv"
performance,x86,AES,GCM,256,4096,throughput_enc_mbps,3,29.054396556506763,29.054396556506763,0.0,0.0,"laptop-windows-x86_experience1.csv, laptop-windows-x86_experience2.csv, laptop-windows-x86_experience3.csv"
performance,x86,AES,GCM,256,16384,avalanche_score,3,0.497734375,0.497734375,0.0,0.0,"laptop-windows-x86_experience1.csv, laptop-windows-x86_experience2.csv, laptop-windows-x86_experience3.csv"
performance,x86,AES,GCM,256,16384,avg_decrypt_time_s,3,0.00018480499275028706,0.00018480499275028706,0.0,0.0,"laptop-windows-x86_experience1.csv, laptop-windows-x86_experience2.csv, laptop-windows-x86_experience3.csv"
performance,x86,AES,GCM,256,16384,avg_encrypt_time_s,3,0.00015664532547816633,0.00015664532547816633,0.0,0.0,"laptop-windows-x86_experience1.csv, laptop-windows-x86_experience2.csv, laptop-windows-x86_experience3.csv"
performance,x86,AES,GCM,256,16384,key_avalanche_score,2,0.49900390625,0.49900390625,0.0,0.0,"laptop-windows-x86_experience1.csv, laptop-windows-x86_experience2.csv, laptop-windows-x86_experience3.csv"
performance,x86,AES,GCM,256,16384,throughput_dec_mbps,3,84.70729815067949,84.70729815067949,0.0,0.0,"laptop-windows-x86_experience1.csv, laptop-windows-x86_experience2.csv, laptop-windows-x86_experience3.csv"
performance,x86,AES,GCM,256,16384,throughput_enc_mbps,3,99.84017718601172,99.84017718601172,0.0,0.0,"laptop-windows-x86_experience1.csv, laptop-windows-x86_experience2.csv, laptop-windows-x86_experience3.csv"
performance,x86,ChaCha20,Stream,256,64,avalanche_score,2,0.594951171875,0.594951171875,0.0,0.0,"laptop-windows-x86_experience1.csv, laptop-windows-x86_experience2.csv, laptop-windows-x86_experience3.csv"
performance,x86,ChaCha20,Stream,256,64,avg_decrypt_time_s,2,1.4949502656236291e-05,1.4949502656236291e-05,0.0,0.0,"laptop-windows-x86_experience1.csv, laptop-windows-x86_experience2.csv, laptop-windows-x86_experience3.csv"
performance,x86,ChaCha20,Stream,256,64,avg_encrypt_time_s,2,2.1105996565893293e-05,2.1105996565893293e-05,0.0,0.0,"laptop-windows-x86_experience1.csv, laptop-windows-x86_experience2.csv, laptop-windows-x86_experience3.csv"
performance,x86,ChaCha20,Stream,256,64,key_avalanche_score,2,0.5926220703125,0.5926220703125,0.0,0.0,"laptop-windows-x86_experience1.csv, laptop-windows-x86_experience2.csv, laptop-windows-x86_experience3.csv"
performance,x86,ChaCha20,Stream,256,64,throughput_dec_mbps,2,4.183820908497024,4.183820908497024,0.0,0.0,"laptop-windows-x86_experience1.csv, laptop-windows-x86_experience2.csv, laptop-windows-x86_experience3.csv"
performance,x86,ChaCha20,Stream,256,64,throughput_enc_mbps,2,3.2330911403538583,3.2330911403538583,0.0,0.0,"laptop-windows-x86_experience1.csv, laptop-windows-x86_experience2.csv, laptop-windows-x86_experience3.csv"
performance,x86,ChaCha20,Stream,256,256,avalanche_score,2,0.594072265625,0.594072265625,0.0,0.0,"laptop-windows-x86_experience1.csv, laptop-windows-x86_experience2.csv, laptop-windows-x86_experience3.csv"
performance,x86,ChaCha20,Stream,256,256,avg_decrypt_time_s,2,1.9034502329304815e-05,1.9034502329304815e-05,0.0,0.0,"laptop-windows-x86_experience1.csv, laptop-windows-x86_experience2.csv, laptop-windows-x86_experience3.csv"
performance,x86,ChaCha20,Stream,256,256,avg_encrypt_time_s,2,1.687449053861201e-05,1.687449053861201e-05,0.0,0.0,"laptop-windows-x86_experience1.csv, laptop-windows-x86_experience2.csv, laptop-windows-x86_experience3.csv"
performance,x86,ChaCha20,Stream,256,256,key_avalanche_score,2,0.593486328125,0.593486328125,0.0,0.0,"laptop-windows-x86_experience1.csv, laptop-windows-x86_experience2.csv, laptop-windows-x86_experience3.csv"
performance,x86,ChaCha20,Stream,256,256,throughput_dec_mbps,2,13.670172506123702,13.670172506123702,0.0,0.0,"laptop-windows-x86_experience1.csv, laptop-windows-x86_experience2.csv, laptop-windows-x86_experience3.csv"
performance,x86,ChaCha20,Stream,256,256,throughput_enc_mbps,2,14.578740763439468,14.578740763439468,0.0,0.0,"laptop-windows-x86_experience1.csv, laptop-windows-x86_experience2.csv, laptop-windows-x86_experience3.csv"
performance,x86,ChaCha20,Stream,256,1024,avalanche_score,2,0.5945068359375,0.5945068359375,0.0,0.0,"laptop-windows-x86_experience1.csv, laptop-windows-x86_experience2.csv, laptop-windows-x86_experience3.csv"
performance,x86,ChaCha20,Stream,256,1024,avg_decrypt_time_s,2,2.0429500145837665e-05,2.0429500145837665e-05,0.0,0.0,"laptop-windows-x86_experience1.csv, laptop-windows-x86_experience2.csv, laptop-windows-x86_experience3.csv"
performance,x86,ChaCha20,Stream,256,1024,avg_encrypt_time_s,2,2.1507994970306753e-05,2.1507994970306753e-05,0.0,0.0,"laptop-windows-x86_experience1.csv, laptop-windows-x86_experience2.csv, laptop-windows-x86_experience3.csv"
performance,x86,ChaCha20,Stream,256,1024,key_avalanche_score,2,0.5958984375,0.5958984375,0.0,0.0,"laptop-windows-x86_experience1.csv, laptop-windows-x86_experience2.csv, laptop-windows-x86_experience3.csv"
performance,x86,ChaCha20,Stream,256,1024,throughput_dec_mbps,2,48.22778267994488,48.22778267994488,0.0,0.0,"laptop-windows-x86_experience1.csv, laptop-windows-x86_experience2.csv, laptop-windows-x86_experience3.csv"
performance,x86,ChaCha20,Stream,256,1024,throughput_enc_mbps,2,45.80507025323283,45.80507025323283,0.0,0.0,"laptop-windows-x86_experience1.csv, laptop-windows-x86_experience2.csv, laptop-windows-x86_experience3.csv"
performance,x86,ChaCha20,Stream,256,4096,avalanche_score,2,0.5954736328125,0.5954736328125,0.0,0.0,"laptop-windows-x86_experience1.csv, laptop-windows-x86_experience2.csv, laptop-windows-x86_experience3.csv"
performance,x86,ChaCha20,Stream,256,4096,avg_decrypt_time_s,2,3.892050823196769e-05,3.892050823196769e-05,0.0,0.0,"laptop-windows-x86_experience1.csv, laptop-windows-x86_experience2.csv, laptop-windows-x86_experience3.csv"
performance,x86,ChaCha20,Stream,256,4096,avg_encrypt_time_s,2,3.912499989382923e-05,3.912499989382923e-05,0.0,0.0,"laptop-windows-x86_experience1.csv, laptop-windows-x86_experience2.csv, laptop-windows-x86_experience3.csv"
performance,x86,ChaCha20,Stream,256,4096,key_avalanche_score,2,0.5930126953125,0.5930126953125,0.0,0.0,"laptop-windows-x86_experience1.csv, laptop-windows-x86_experience2.csv, laptop-windows-x86_experience3.csv"
performance,x86,ChaCha20,Stream,256,4096,throughput_dec_mbps,2,100.7054326720373,100.7054326720373,0.0,0.0,"laptop-windows-x86_experience1.csv, laptop-windows-x86_experience2.csv, laptop-windows-x86_experience3.csv"
performance,x86,ChaCha20,Stream,256,4096,throughput_enc_mbps,2,100.24858389513955,100.24858389513955,0.0,0.0,"laptop-windows-x86_experience1.csv, laptop-windows-x86_experience2.csv, laptop-windows-x86_experience3.csv"
performance,x86,ChaCha20,Stream,256,16384,avalanche_score,2,0.592177734375,0.592177734375,0.0,0.0,"laptop-windows-x86_experience1.csv, laptop-windows-x86_experience2.csv, laptop-windows-x86_experience3.csv"
performance,x86,ChaCha20,Stream,256,16384,avg_decrypt_time_s,2,0.0001167595072183758,0.0001167595072183758,0.0,0.0,"laptop-windows-x86_experience1.csv, laptop-windows-x86_experience2.csv, laptop-windows-x86_experience3.csv"
performance,x86,ChaCha20,Stream,256,16384,avg_encrypt_time_s,2,0.00012415549368597568,0.00012415549368597568,0.0,0.0,"laptop-windows-x86_experience1.csv, laptop-windows-x86_experience2.csv, laptop-windows-x86_experience3.csv"
performance,x86,ChaCha20,Stream,256,16384,key_avalanche_score,2,0.5935937499999999,0.5935937499999999,0.0,0.0,"laptop-windows-x86_experience1.csv, laptop-windows-x86_experience2.csv, laptop-windows-x86_experience3.csv"
performance,x86,ChaCha20,Stream,256,16384,throughput_dec_mbps,2,135.11749367935104,135.11749367935104,0.0,0.0,"laptop-windows-x86_experience1.csv, laptop-windows-x86_experience2.csv, laptop-windows-x86_experience3.csv"
performance,x86,ChaCha20,Stream,256,16384,throughput_enc_mbps,2,127.14619283634991,127.14619283634991,0.0,0.0,"laptop-windows-x86_experience1.csv, laptop-windows-x86_experience2.csv, laptop-windows-x86_experience3.csv"
performance,x86,DES,CBC,64,64,avalanche_score,3,0.5015104166666667,0.5015104166666667,0.0,0.0,"laptop-windows-x86_experience1.csv, laptop-windows-x86_experience2.csv, laptop-windows-x86_experience3.csv"
performance,x86,DES,CBC,64,64,avg_decrypt_time_s,3,3.4355330280959604e-05,3.4355330280959604e-05,0.0,0.0,"laptop-windows-x86_experience1.csv, laptop-windows-x86_experience2.csv, laptop-windows-x86_experience3.csv"
performance,x86,DES,CBC,64,64,avg_encrypt_time_s,3,0.00021402399210880202,0.00021402399210880202,0.0,0.0,"laptop-windows-x86_experience1.csv, laptop-windows-x86_experience2.csv, laptop-windows-x86_experience3.csv"
performance,x86,DES,CBC,64,64,key_avalanche_score,2,0.46406250000000004,0.46406250000000004,0.0,0.0,"laptop-windows-x86_experience1.csv, laptop-windows-x86_experience2.csv, laptop-windows-x86_experience3.csv"
performance,x86,DES,CBC,64,64,throughput_dec_mbps,3,1.7777636037789886,1.7777636037789886,0.0,0.0,"laptop-windows-x86_experience1.csv, laptop-windows-x86_experience2.csv, laptop-windows-x86_experience3.csv"
performance,x86,DES,CBC,64,64,throughput_enc_mbps,3,0.285348510722999,0.285348510722999,0.0,0.0,"laptop-windows-x86_experience1.csv, laptop-windows-x86_experience2.csv, laptop-windows-x86_experience3.csv"
performance,x86,DES,CBC,64,256,avalanche_score,3,0.4963020833333333,0.4963020833333333,0.0,0.0,"laptop-windows-x86_experience1.csv, laptop-windows-x86_experience2.csv, laptop-windows-x86_experience3.csv"
performance,x86,DES,CBC,64,256,avg_decrypt_time_s,3,5.816133304809531e-05,5.816133304809531e-05,0.0,0.0,"laptop-windows-x86_experience1.csv, laptop-windows-x86_experience2.csv, laptop-windows-x86_experience3.csv"
performance,x86,DES,CBC,64,256,avg_encrypt_time_s,3,0.0007593896589241922,0.0007593896589241922,0.0,0.0,"laptop-windows-x86_experience1.csv, laptop-windows-x86_experience2.csv, laptop-windows-x86_experience3.csv"
performance,x86,DES,CBC,64,256,key_avalanche_score,2,0.4406640625,0.4406640625,0.0,0.0,"laptop-windows-x86_experience1.csv, laptop-windows-x86_experience2.csv, laptop-windows-x86_experience3.csv"
performance,x86,DES,CBC,64,256,throughput_dec_mbps,3,4.199253841974192,4.199253841974192,0.0,0.0,"laptop-windows-x86_experience1.csv, laptop-windows-x86_experience2.csv, laptop-windows-x86_experience3.csv"
performance,x86,DES,CBC,64,256,throughput_enc_mbps,3,0.32225471006552525,0.32225471006552525,0.0,0.0,"laptop-windows-x86_experience1.csv, laptop-windows-x86_experience2.csv, laptop-windows-x86_experience3.csv"
performance,x86,DES,CBC,64,1024,avalanche_score,3,0.5019791666666666,0.5019791666666666,0.0,0.0,"laptop-windows-x86_experience1.csv, laptop-windows-x86_experience2.csv, laptop-windows-x86_experience3.csv"
performance,x86,DES,CBC,64,1024,avg_decrypt_time_s,3,0.00016501433293645583,0.00016501433293645583,0.0,0.0,"laptop-windows-x86_experience1.csv, laptop-windows-x86_experience2.csv, laptop-windows-x86_experience3.csv"
performance,x86,DES,CBC,64,1024,avg_encrypt_time_s,3,0.002948610656894743,0.002948610656894743,0.0,0.0,"laptop-windows-x86_experience1.csv, laptop-windows-x86_experience2.csv, laptop-windows-x86_experience3.csv"
performance,x86,DES,CBC,64,1024,key_avalanche_score,2,0.4369140625,0.4369140625,0.0,0.0,"laptop-windows-x86_experience1.csv, laptop-windows-x86_experience2.csv, laptop-windows-x86_experience3.csv"
performance,x86,DES,CBC,64,1024,throughput_dec_mbps,3,5.934022991859802,5.934022991859802,0.0,0.0,"laptop-windows-x86_experience1.csv, laptop-windows-x86_experience2.csv, laptop-windows-x86_experience3.csv"
performance,x86,DES,CBC,64,1024,throughput_enc_mbps,3,0.33124921794468537,0.33124921794468537,0.0,0.0,"laptop-windows-x86_experience1.csv, laptop-windows-x86_experience2.csv, laptop-windows-x86_experience3.csv"
performance,x86,DES,CBC,64,4096,avalanche_score,3,0.49872395833333333,0.49872395833333333,0.0,0.0,"laptop-windows-x86_experience1.csv, laptop-windows-x86_experience2.csv, laptop-windows-x86_experience3.csv"
performance,x86,DES,CBC,64,4096,avg_decrypt_time_s,3,0.0005480083264410495,0.0005480083264410495,0.0,0.0,"laptop-windows-x86_experience1.csv, laptop-windows-x86_experience2.csv, laptop-windows-x86_experience3.csv"
performance,x86,DES,CBC,64,4096,avg_encrypt_time_s,3,0.012194195999763907,0.012194195999763907,0.0,0.0,"laptop-windows-x86_experience1.csv, laptop-windows-x86_experience2.csv, laptop-windows-x86_experience3.csv"
performance,x86,DES,CBC,64,4096,key_avalanche_score,2,0.441171875,0.441171875,0.0,0.0,"laptop-windows-x86_experience1.csv, laptop-windows-x86_experience2.csv, laptop-windows-x86_experience3.csv"
performance,x86,DES,CBC,64,4096,throughput_dec_mbps,3,7.131011718963188,7.131011718963188,0.0,0.0,"laptop-windows-x86_experience1.csv, laptop-windows-x86_experience2.csv, laptop-windows-x86_experience3.csv"
performance,x86,DES,CBC,64,4096,throughput_enc_mbps,3,0.32349806630700567,0.32349806630700567,0.0,0.0,"laptop-windows-x86_experience1.csv, laptop-windows-x86_experience2.csv, laptop-windows-x86_experience3.csv"
performance,x86,DES,CBC,64,16384,avalanche_score,3,0.5005468750000001,0.5005468750000001,0.0,0.0,"laptop-windows-x86_experience1.csv, laptop-windows-x86_experience2.csv, laptop-windows-x86_experience3.csv"
performance,x86,DES,CBC,64,16384,avg_decrypt_time_s,3,0.0022336299965778988,0.0022336299965778988,0.0,0.0,"laptop-windows-x86_experience1.csv, laptop-windows-x86_experience2.csv, laptop-windows-x86_experience3.csv"
performance,x86,DES,CBC,64,16384,avg_encrypt_time_s,3,0.054544192998825264,0.054544192998825264,0.0,0.0,"laptop-windows-x86_experience1.csv, laptop-windows-x86_experience2.csv, laptop-windows-x86_experience3.csv"
performance,x86,DES,CBC,64,16384,key_avalanche_score,2,0.4305859375,0.4305859375,0.0,0.0,"laptop-windows-x86_experience1.csv, laptop-windows-x86_experience2.csv, laptop-windows-x86_experience3.csv"
performance,x86,DES,CBC,64,16384,throughput_dec_mbps,3,7.0336612069280795,7.0336612069280795,0.0,0.0,"laptop-windows-x86_experience1.csv, laptop-windows-x86_experience2.csv, laptop-windows-x86_experience3.csv"
performance,x86,DES,CBC,64,16384,throughput_enc_mbps,3,0.301353425471717,0.301353425471717,0.0,0.0,"laptop-windows-x86_experience1.csv, laptop-windows-x86_experience2.csv, laptop-windows-x86_experience3.csv"
performance,x86,DES,CTR,64,64,avalanche_score,3,0.500859375,0.500859375,0.0,0.0,"laptop-windows-x86_experience1.csv, laptop-windows-x86_experience2.csv, laptop-windows-x86_experience3.csv"
performance,x86,DES,CTR,64,64,avg_decrypt_time_s,3,3.88350112674137e-05,3.88350112674137e-05,0.0,0.0,"laptop-windows-x86_experience1.csv, laptop-windows-x86_experience2.csv, laptop-windows-x86_experience3.csv"
performance,x86,DES,CTR,64,64,avg_encrypt_time_s,3,4.202032927423716e-05,4.202032927423716e-05,0.0,0.0,"laptop-windows-x86_experience1.csv, laptop-windows-x86_experience2.csv, laptop-windows-x86_experience3.csv"
performance,x86,DES,CTR,64,64,key_avalanche_score,2,0.450546875,0.450546875,0.0,0.0,"laptop-windows-x86_experience1.csv, laptop-windows-x86_experience2.csv, laptop-windows-x86_experience3.csv"
performance,x86,DES,CTR,64,64,throughput_dec_mbps,3,1.5856626443358188,1.5856626443358188,0.0,0.0,"laptop-windows-x86_experience1.csv, laptop-windows-x86_experience2.csv, laptop-windows-x86_experience3.csv"
performance,x86,DES,CTR,64,64,throughput_enc_mbps,3,1.4868771530399378,1.4868771530399378,0.0,0.0,"laptop-windows-x86_experience1.csv, laptop-windows-x86_experience2.csv, laptop-windows-x86_experience3.csv"
performance,x86,DES,CTR,64,256,avalanche_score,3,0.4968489583333333,0.4968489583333333,0.0,0.0,"laptop-windows-x86_experience1.csv, laptop-windows-x86_experience2.csv, laptop-windows-x86_experience3.csv"
performance,x86,DES,CTR,64,256,avg_decrypt_time_s,3,8.237333890671532e-05,8.237333890671532e-05,0.0,0.0,"laptop-windows-x86_experience1.csv, laptop-windows-x86_experience2.csv, laptop-windows-x86_experience3.csv"
performance,x86,DES,CTR,64,256,avg_encrypt_time_s,3,8.755634073168038e-05,8.755634073168038e-05,0.0,0.0,"laptop-windows-x86_experience1.csv, laptop-windows-x86_experience2.csv, laptop-windows-x86_experience3.csv"
performance,x86,DES,CTR,64,256,key_avalanche_score,2,0.4380078125,0.4380078125,0.0,0.0,"laptop-windows-x86_experience1.csv, laptop-windows-x86_experience2.csv, laptop-windows-x86_experience3.csv"
performance,x86,DES,CTR,64,256,throughput_dec_mbps,3,3.0165162032511805,3.0165162032511805,0.0,0.0,"laptop-windows-x86_experience1.csv, laptop-windows-x86_experience2.csv, laptop-windows-x86_experience3.csv"
performance,x86,DES,CTR,64,256,throughput_enc_mbps,3,2.843576435985018,2.843576435985018,0.0,0.0,"laptop-windows-x86_experience1.csv, laptop-windows-x86_experience2.csv, laptop-windows-x86_experience3.csv"
performance,x86,DES,CTR,64,1024,avalanche_score,3,0.503828125,0.503828125,0.0,0.0,"laptop-windows-x86_experience1.csv, laptop-windows-x86_experience2.csv, laptop-windows-x86_experience3.csv"
performance,x86,DES,CTR,64,1024,avg_decrypt_time_s,3,0.00023638666452219088,0.00023638666452219088,0.0,0.0,"laptop-windows-x86_experience1.csv, laptop-windows-x86_experience2.csv, laptop-windows-x86_experience3.csv"
performance,x86,DES,CTR,64,1024,avg_encrypt_time_s,3,0.00025686333188787105,0.00025686333188787105,0.0,0.0,"laptop-windows-x86_experience1.csv, laptop-windows-x86_experience2.csv, laptop-windows-x86_experience3.csv"
performance,x86,DES,CTR,64,1024,key_avalanche_score,2,0.44253906249999997,0.44253906249999997,0.0,0.0,"laptop-windows-x86_experience1.csv, laptop-windows-x86_experience2.csv, laptop-windows-x86_experience3.csv"
performance,x86,DES,CTR,64,1024,throughput_dec_mbps,3,4.194496690595242,4.194496690595242,0.0,0.0,"laptop-windows-x86_experience1.csv, laptop-windows-x86_experience2.csv, laptop-windows-x86_experience3.csv"
performance,x86,DES,CTR,64,1024,throughput_enc_mbps,3,3.962440022034597,3.962440022034597,0.0,0.0,"laptop-windows-x86_experience1.csv, laptop-windows-x86_experience2.csv, laptop-windows-x86_experience3.csv"
performance,x86,DES,CTR,64,4096,avalanche_score,3,0.5036197916666666,0.5036197916666666,0.0,0.0,"laptop-windows-x86_experience1.csv, laptop-windows-x86_experience2.csv, laptop-windows-x86_experience3.csv"
performance,x86,DES,CTR,64,4096,avg_decrypt_time_s,3,0.001137276665152361,0.001137276665152361,0.0,0.0,"laptop-windows-x86_experience1.csv, laptop-windows-x86_experience2.csv, laptop-windows-x86_experience3.csv"
performance,x86,DES,CTR,64,4096,avg_encrypt_time_s,3,0.0008940696669742466,0.0008940696669742466,0.0,0.0,"laptop-windows-x86_experience1.csv, laptop-windows-x86_experience2.csv, laptop-windows-x86_experience3.csv"
performance,x86,DES,CTR,64,4096,key_avalanche_score,2,0.42683593750000004,0.42683593750000004,0.0,0.0,"laptop-windows-x86_experience1.csv, laptop-windows-x86_experience2.csv, laptop-windows-x86_experience3.csv"
performance,x86,DES,CTR,64,4096,throughput_dec_mbps,3,3.750691685141527,3.750691685141527,0.0,0.0,"laptop-windows-x86_experience1.csv, laptop-windows-x86_experience2.csv, laptop-windows-x86_experience3.csv"
performance,x86,DES,CTR,64,4096,throughput_enc_mbps,3,4.49140191256026,4.49140191256026,0.0,0.0,"laptop-windows-x86_experience1.csv, laptop-windows-x86_experience2.csv, laptop-windows-x86_experience3.csv"
performance,x86,DES,CTR,64,16384,avalanche_score,3,0.49802083333333336,0.49802083333333336,0.0,0.0,"laptop-windows-x86_experience1.csv, laptop-windows-x86_experience2.csv, laptop-windows-x86_experience3.csv"
performance,x86,DES,CTR,64,16384,avg_decrypt_time_s,3,0.003166028663981706,0.003166028663981706,0.0,0.0,"laptop-windows-x86_experience1.csv, laptop-windows-x86_experience2.csv, laptop-windows-x86_experience3.csv"
performance,x86,DES,CTR,64,16384,avg_encrypt_time_s,3,0.0033001800059961777,0.0033001800059961777,0.0,0.0,"laptop-windows-x86_experience1.csv, laptop-windows-x86_experience2.csv, laptop-windows-x86_experience3.csv"
performance,x86,DES,CTR,64,16384,key_avalanche_score,2,0.4223828125,0.4223828125,0.0,0.0,"laptop-windows-x86_experience1.csv, laptop-windows-x86_experience2.csv, laptop-windows-x86_experience3.csv"
performance,x86,DES,CTR,64,16384,throughput_dec_mbps,3,4.972296315630042,4.972296315630042,0.0,0.0,"laptop-windows-x86_experience1.csv, laptop-windows-x86_experience2.csv, laptop-windows-x86_experience3.csv"
performance,x86,DES,CTR,64,16384,throughput_enc_mbps,3,4.82963199678738,4.82963199678738,0.0,0.0,"laptop-windows-x86_experience1.csv, laptop-windows-x86_experience2.csv, laptop-windows-x86_experience3.csv"
performance,x86,DES,ECB,64,64,avalanche_score,3,0.4961458333333333,0.4961458333333333,0.0,0.0,"laptop-windows-x86_experience1.csv, laptop-windows-x86_experience2.csv, laptop-windows-x86_experience3.csv"
performance,x86,DES,ECB,64,64,avg_decrypt_time_s,3,2.5806332317491372e-05,2.5806332317491372e-05,0.0,0.0,"laptop-windows-x86_experience1.csv, laptop-windows-x86_experience2.csv, laptop-windows-x86_experience3.csv"
performance,x86,DES,ECB,64,64,avg_encrypt_time_s,3,2.53973303673168e-05,2.53973303673168e-05,0.0,0.0,"laptop-windows-x86_experience1.csv, laptop-windows-x86_experience2.csv, laptop-windows-x86_experience3.csv"
performance,x86,DES,ECB,64,64,key_avalanche_score,2,0.4381640625,0.4381640625,0.0,0.0,"laptop-windows-x86_experience1.csv, laptop-windows-x86_experience2.csv, laptop-windows-x86_experience3.csv"
performance,x86,DES,ECB,64,64,throughput_dec_mbps,3,2.3959439639412206,2.3959439639412206,0.0,0.0,"laptop-windows-x86_experience1.csv, laptop-windows-x86_experience2.csv, laptop-windows-x86_experience3.csv"
performance,x86,DES,ECB,64,64,throughput_enc_mbps,3,2.4032229615911795,2.4032229615911795,0.0,0.0,"laptop-windows-x86_experience1.csv, laptop-windows-x86_experience2.csv, laptop-windows-x86_experience3.csv"
performance,x86,DES,ECB,64,256,avalanche_score,3,0.49890624999999994,0.49890624999999994,0.0,0.0,"laptop-windows-x86_experience1.csv, laptop-windows-x86_experience2.csv, laptop-windows-x86_experience3.csv"
performance,x86,DES,ECB,64,256,avg_decrypt_time_s,3,2.955933955187599e-05,2.955933955187599e-05,0.0,0.0,"laptop-windows-x86_experience1.csv, laptop-windows-x86_experience2.csv, laptop-windows-x86_experience3.csv"
performance,x86,DES,ECB,64,256,avg_encrypt_time_s,3,2.844498725607991e-05,2.844498725607991e-05,0.0,0.0,"laptop-windows-x86_experience1.csv, laptop-windows-x86_experience2.csv, laptop-windows-x86_experience3.csv"
performance,x86,DES,ECB,64,256,key_avalanche_score,2,0.4298046875,0.4298046875,0.0,0.0,"laptop-windows-x86_experience1.csv, laptop-windows-x86_experience2.csv, laptop-windows-x86_experience3.csv"
performance,x86,DES,ECB,64,256,throughput_dec_mbps,3,8.413686774046086,8.413686774046086,0.0,0.0,"laptop-windows-x86_experience1.csv, laptop-windows-x86_experience2.csv, laptop-windows-x86_experience3.csv"
performance,x86,DES,ECB,64,256,throughput_enc_mbps,3,8.583227313748246,8.583227313748246,0.0,0.0,"laptop-windows-x86_experience1.csv, laptop-windows-x86_experience2.csv, laptop-windows-x86_experience3.csv"
performance,x86,DES,ECB,64,1024,avalanche_score,3,0.5009895833333333,0.5009895833333333,0.0,0.0,"laptop-windows-x86_experience1.csv, laptop-windows-x86_experience2.csv, laptop-windows-x86_experience3.csv"
performance,x86,DES,ECB,64,1024,avg_decrypt_time_s,3,4.5871674859275425e-05,4.5871674859275425e-05,0.0,0.0,"laptop-windows-x86_experience1.csv, laptop-windows-x86_experience2.csv, laptop-windows-x86_experience3.csv"
performance,x86,DES,ECB,64,1024,avg_encrypt_time_s,3,4.936334056158861e-05,4.936334056158861e-05,0.0,0.0,"laptop-windows-x86_experience1.csv, laptop-windows-x86_experience2.csv, laptop-windows-x86_experience3.csv"
performance,x86,DES,ECB,64,1024,key_avalanche_score,2,0.43265624999999996,0.43265624999999996,0.0,0.0,"laptop-windows-x86_experience1.csv, laptop-windows-x86_experience2.csv, laptop-windows-x86_experience3.csv"
performance,x86,DES,ECB,64,1024,throughput_dec_mbps,3,21.326710009431995,21.326710009431995,0.0,0.0,"laptop-windows-x86_experience1.csv, laptop-windows-x86_experience2.csv, laptop-windows-x86_experience3.csv"
performance,x86,DES,ECB,64,1024,throughput_enc_mbps,3,19.839566859679707,19.839566859679707,0.0,0.0,"laptop-windows-x86_experience1.csv, laptop-windows-x86_experience2.csv, laptop-windows-x86_experience3.csv"
performance,x86,DES,ECB,64,4096,avalanche_score,3,0.49765624999999997,0.49765624999999997,0.0,0.0,"laptop-windows-x86_experience1.csv, laptop-windows-x86_experience2.csv, laptop-windows-x86_experience3.csv"
performance,x86,DES,ECB,64,4096,avg_decrypt_time_s,3,0.00011003133142367005,0.00011003133142367005,0.0,0.0,"laptop-windows-x86_experience1.csv, laptop-windows-x86_experience2.csv, laptop-windows-x86_experience3.csv"
performance,x86,DES,ECB,64,4096,avg_encrypt_time_s,3,0.00011587699331964056,0.00011587699331964056,0.0,0.0,"laptop-windows-x86_experience1.csv, laptop-windows-x86_experience2.csv, laptop-windows-x86_experience3.csv"
performance,x86,DES,ECB,64,4096,key_avalanche_score,2,0.4478125,0.4478125,0.0,0.0,"laptop-windows-x86_experience1.csv, laptop-windows-x86_experience2.csv, laptop-windows-x86_experience3.csv"
performance,x86,DES,ECB,64,4096,throughput_dec_mbps,3,35.52733013017786,35.52733013017786,0.0,0.0,"laptop-windows-x86_experience1.csv, laptop-windows-x86_experience2.csv, laptop-windows-x86_experience3.csv"
performance,x86,DES,ECB,64,4096,throughput_enc_mbps,3,33.721951035987196,33.721951035987196,0.0,0.0,"laptop-windows-x86_experience1.csv, laptop-windows-x86_experience2.csv, laptop-windows-x86_experience3.csv"
performance,x86,DES,ECB,64,16384,avalanche_score,3,0.5017447916666666,0.5017447916666666,0.0,0.0,"laptop-windows-x86_experience1.csv, laptop-windows-x86_experience2.csv, laptop-windows-x86_experience3.csv"
performance,x86,DES,ECB,64,16384,avg_decrypt_time_s,3,0.00036634533355633415,0.00036634533355633415,0.0,0.0,"laptop-windows-x86_experience1.csv, laptop-windows-x86_experience2.csv, laptop-windows-x86_experience3.csv"
performance,x86,DES,ECB,64,16384,avg_encrypt_time_s,3,0.00038016065722331407,0.00038016065722331407,0.0,0.0,"laptop-windows-x86_experience1.csv, laptop-windows-x86_experience2.csv, laptop-windows-x86_experience3.csv"
performance,x86,DES,ECB,64,16384,key_avalanche_score,2,0.45394531250000003,0.45394531250000003,0.0,0.0,"laptop-windows-x86_experience1.csv, laptop-windows-x86_experience2.csv, laptop-windows-x86_experience3.csv"
performance,x86,DES,ECB,64,16384,throughput_dec_mbps,3,42.652773095687074,42.652773095687074,0.0,0.0,"laptop-windows-x86_experience1.csv, laptop-windows-x86_experience2.csv, laptop-windows-x86_experience3.csv"
performance,x86,DES,ECB,64,16384,throughput_enc_mbps,3,41.11884134136621,41.11884134136621,0.0,0.0,"laptop-windows-x86_experience1.csv, laptop-windows-x86_experience2.csv, laptop-windows-x86_experience3.csv"
performance,x86,Twofish,CBC,128,64,avalanche_score,3,0.502109375,0.502109375,0.0,0.0,"laptop-windows-x86_experience1.csv, laptop-windows-x86_experience2.csv, laptop-windows-x86_experience3.csv"
performance,x86,Twofish,CBC,128,64,avg_decrypt_time_s,3,4.230033528680602e-05,4.230033528680602e-05,0.0,0.0,"laptop-windows-x86_experience1.csv, laptop-windows-x86_experience2.csv, laptop-windows-x86_experience3.csv"
performance,x86,Twofish,CBC,128,64,avg_encrypt_time_s,3,5.141166116421421e-05,5.141166116421421e-05,0.0,0.0,"laptop-windows-x86_experience1.csv, laptop-windows-x86_experience2.csv, laptop-windows-x86_experience3.csv"
performance,x86,Twofish,CBC,128,64,key_avalanche_score,2,0.5035546875,0.5035546875,0.0,0.0,"laptop-windows-x86_experience1.csv, laptop-windows-x86_experience2.csv, laptop-windows-x86_experience3.csv"
performance,x86,Twofish,CBC,128,64,throughput_dec_mbps,3,1.446302137757167,1.446302137757167,0.0,0.0,"laptop-windows-x86_experience1.csv, laptop-windows-x86_experience2.csv, laptop-windows-x86_experience3.csv"
performance,x86,Twofish,CBC,128,64,throughput_enc_mbps,3,1.188592514757588,1.188592514757588,0.0,0.0,"laptop-windows-x86_experience1.csv, laptop-windows-x86_experience2.csv, laptop-windows-x86_experience3.csv"
performance,x86,Twofish,CBC,128,256,avalanche_score,3,0.4994401041666667,0.4994401041666667,0.0,0.0,"laptop-windows-x86_experience1.csv, laptop-windows-x86_experience2.csv, laptop-windows-x86_experience3.csv"
performance,x86,Twofish,CBC,128,256,avg_decrypt_time_s,3,0.00012474199601759513,0.00012474199601759513,0.0,0.0,"laptop-windows-x86_experience1.csv, laptop-windows-x86_experience2.csv, laptop-windows-x86_experience3.csv"
performance,x86,Twofish,CBC,128,256,avg_encrypt_time_s,3,0.00016266400149712962,0.00016266400149712962,0.0,0.0,"laptop-windows-x86_experience1.csv, laptop-windows-x86_experience2.csv, laptop-windows-x86_experience3.csv"
performance,x86,Twofish,CBC,128,256,key_avalanche_score,2,0.49900390625,0.49900390625,0.0,0.0,"laptop-windows-x86_experience1.csv, laptop-windows-x86_experience2.csv, laptop-windows-x86_experience3.csv"
performance,x86,Twofish,CBC,128,256,throughput_dec_mbps,3,1.9590267151760898,1.9590267151760898,0.0,0.0,"laptop-windows-x86_experience1.csv, laptop-windows-x86_experience2.csv, laptop-windows-x86_experience3.csv"
performance,x86,Twofish,CBC,128,256,throughput_enc_mbps,3,1.5030016069570913,1.5030016069570913,0.0,0.0,"laptop-windows-x86_experience1.csv, laptop-windows-x86_experience2.csv, laptop-windows-x86_experience3.csv"
performance,x86,Twofish,CBC,128,1024,avalanche_score,3,0.4981380208333333,0.4981380208333333,0.0,0.0,"laptop-windows-x86_experience1.csv, laptop-windows-x86_experience2.csv, laptop-windows-x86_experience3.csv"
performance,x86,Twofish,CBC,128,1024,avg_decrypt_time_s,3,0.0004562239969770113,0.0004562239969770113,0.0,0.0,"laptop-windows-x86_experience1.csv, laptop-windows-x86_experience2.csv, laptop-windows-x86_experience3.csv"
performance,x86,Twofish,CBC,128,1024,avg_encrypt_time_s,3,0.0006540336653900643,0.0006540336653900643,0.0,0.0,"laptop-windows-x86_experience1.csv, laptop-windows-x86_experience2.csv, laptop-windows-x86_experience3.csv"
performance,x86,Twofish,CBC,128,1024,key_avalanche_score,2,0.5005859375,0.5005859375,0.0,0.0,"laptop-windows-x86_experience1.csv, laptop-windows-x86_experience2.csv, laptop-windows-x86_experience3.csv"
performance,x86,Twofish,CBC,128,1024,throughput_dec_mbps,3,2.1429055238470576,2.1429055238470576,0.0,0.0,"laptop-windows-x86_experience1.csv, laptop-windows-x86_experience2.csv, laptop-windows-x86_experience3.csv"
performance,x86,Twofish,CBC,128,1024,throughput_enc_mbps,3,1.5082815121743707,1.5082815121743707,0.0,0.0,"laptop-windows-x86_experience1.csv, laptop-windows-x86_experience2.csv, laptop-windows-x86_experience3.csv"
performance,x86,Twofish,CBC,128,4096,avalanche_score,3,0.501796875,0.501796875,0.0,0.0,"laptop-windows-x86_experience1.csv, laptop-windows-x86_experience2.csv, laptop-windows-x86_experience3.csv"
performance,x86,Twofish,CBC,128,4096,avg_decrypt_time_s,3,0.0018649723241105677,0.0018649723241105677,0.0,0.0,"laptop-windows-x86_experience1.csv, laptop-windows-x86_experience2.csv, laptop-windows-x86_experience3.csv"
performance,x86,Twofish,CBC,128,4096,avg_encrypt_time_s,3,0.0023600703353683153,0.0023600703353683153,0.0,0.0,"laptop-windows-x86_experience1.csv, laptop-windows-x86_experience2.csv, laptop-windows-x86_experience3.csv"
performance,x86,Twofish,CBC,128,4096,key_avalanche_score,2,0.49957031250000006,0.49957031250000006,0.0,0.0,"laptop-windows-x86_experience1.csv, laptop-windows-x86_experience2.csv, laptop-windows-x86_experience3.csv"
performance,x86,Twofish,CBC,128,4096,throughput_dec_mbps,3,2.0997543099069857,2.0997543099069857,0.0,0.0,"laptop-windows-x86_experience1.csv, laptop-windows-x86_experience2.csv, laptop-windows-x86_experience3.csv"
performance,x86,Twofish,CBC,128,4096,throughput_enc_mbps,3,1.6565630621696152,1.6565630621696152,0.0,0.0,"laptop-windows-x86_experience1.csv, laptop-windows-x86_experience2.csv, laptop-windows-x86_experience3.csv"
performance,x86,Twofish,CBC,128,16384,avalanche_score,3,0.49822916666666667,0.49822916666666667,0.0,0.0,"laptop-windows-x86_experience1.csv, laptop-windows-x86_experience2.csv, laptop-windows-x86_experience3.csv"
performance,x86,Twofish,CBC,128,16384,avg_decrypt_time_s,3,0.007447384331996242,0.007447384331996242,0.0,0.0,"laptop-windows-x86_experience1.csv, laptop-windows-x86_experience2.csv, laptop-windows-x86_experience3.csv"
performance,x86,Twofish,CBC,128,16384,avg_encrypt_time_s,3,0.010175098669715226,0.010175098669715226,0.0,0.0,"laptop-windows-x86_experience1.csv, laptop-windows-x86_experience2.csv, laptop-windows-x86_experience3.csv"
performance,x86,Twofish,CBC,128,16384,key_avalanche_score,2,0.49736328124999996,0.49736328124999996,0.0,0.0,"laptop-windows-x86_experience1.csv, laptop-windows-x86_experience2.csv, laptop-windows-x86_experience3.csv"
performance,x86,Twofish,CBC,128,16384,throughput_dec_mbps,3,2.107753057905472,2.107753057905472,0.0,0.0,"laptop-windows-x86_experience1.csv, laptop-windows-x86_experience2.csv, laptop-windows-x86_experience3.csv"
performance,x86,Twofish,CBC,128,16384,throughput_enc_mbps,3,1.5752308366411798,1.5752308366411798,0.0,0.0,"laptop-windows-x86_experience1.csv, laptop-windows-x86_experience2.csv, laptop-windows-x86_experience3.csv"
performance,x86,Twofish,CBC,192,64,avalanche_score,3,0.5007291666666667,0.5007291666666667,0.0,0.0,"laptop-windows-x86_experience1.csv, laptop-windows-x86_experience2.csv, laptop-windows-x86_experience3.csv"
performance,x86,Twofish,CBC,192,64,avg_decrypt_time_s,3,4.97400031114618e-05,4.97400031114618e-05,0.0,0.0,"laptop-windows-x86_experience1.csv, laptop-windows-x86_experience2.csv, laptop-windows-x86_experience3.csv"
performance,x86,Twofish,CBC,192,64,avg_encrypt_time_s,3,5.6676667494078474e-05,5.6676667494078474e-05,0.0,0.0,"laptop-windows-x86_experience1.csv, laptop-windows-x86_experience2.csv, laptop-windows-x86_experience3.csv"
performance,x86,Twofish,CBC,192,64,key_avalanche_score,2,0.499296875,0.499296875,0.0,0.0,"laptop-windows-x86_experience1.csv, laptop-windows-x86_experience2.csv, laptop-windows-x86_experience3.csv"
performance,x86,Twofish,CBC,192,64,throughput_dec_mbps,3,1.304305610921902,1.304305610921902,0.0,0.0,"laptop-windows-x86_experience1.csv, laptop-windows-x86_experience2.csv, laptop-windows-x86_experience3.csv"
performance,x86,Twofish,CBC,192,64,throughput_enc_mbps,3,1.1144303821982924,1.1144303821982924,0.0,0.0,"laptop-windows-x86_experience1.csv, laptop-windows-x86_experience2.csv, laptop-windows-x86_experience3.csv"
performance,x86,Twofish,CBC,192,256,avalanche_score,3,0.49776041666666665,0.49776041666666665,0.0,0.0,"laptop-windows-x86_experience1.csv, laptop-windows-x86_experience2.csv, laptop-windows-x86_experience3.csv"
performance,x86,Twofish,CBC,192,256,avg_decrypt_time_s,3,0.0001398866685728232,0.0001398866685728232,0.0,0.0,"laptop-windows-x86_experience1.csv, laptop-windows-x86_experience2.csv, laptop-windows-x86_experience3.csv"
performance,x86,Twofish,CBC,192,256,avg_encrypt_time_s,3,0.0001825023372657597,0.0001825023372657597,0.0,0.0,"laptop-windows-x86_experience1.csv, laptop-windows-x86_experience2.csv, laptop-windows-x86_experience3.csv"
performance,x86,Twofish,CBC,192,256,key_avalanche_score,2,0.49923828125,0.49923828125,0.0,0.0,"laptop-windows-x86_experience1.csv, laptop-windows-x86_experience2.csv, laptop-windows-x86_experience3.csv"
performance,x86,Twofish,CBC,192,256,throughput_dec_mbps,3,1.802778363124937,1.802778363124937,0.0,0.0,"laptop-windows-x86_experience1.csv, laptop-windows-x86_experience2.csv, laptop-windows-x86_experience3.csv"
performance,x86,Twofish,CBC,192,256,throughput_enc_mbps,3,1.3647007231302741,1.3647007231302741,0.0,0.0,"laptop-windows-x86_experience1.csv, laptop-windows-x86_experience2.csv, laptop-windows-x86_experience3.csv"
performance,x86,Twofish,CBC,192,1024,avalanche_score,3,0.4995442708333333,0.4995442708333333,0.0,0.0,"laptop-windows-x86_experience1.csv, laptop-windows-x86_experience2.csv, laptop-windows-x86_experience3.csv"
performance,x86,Twofish,CBC,192,1024,avg_decrypt_time_s,3,0.0005487286718562245,0.0005487286718562245,0.0,0.0,"laptop-windows-x86_experience1.csv, laptop-windows-x86_experience2.csv, laptop-windows-x86_experience3.csv"
performance,x86,Twofish,CBC,192,1024,avg_encrypt_time_s,3,0.0006619803312545022,0.0006619803312545022,0.0,0.0,"laptop-windows-x86_experience1.csv, laptop-windows-x86_experience2.csv, laptop-windows-x86_experience3.csv"
performance,x86,Twofish,CBC,192,1024,key_avalanche_score,2,0.49896484375,0.49896484375,0.0,0.0,"laptop-windows-x86_experience1.csv, laptop-windows-x86_experience2.csv, laptop-windows-x86_experience3.csv"
performance,x86,Twofish,CBC,192,1024,throughput_dec_mbps,3,1.868277823440318,1.868277823440318,0.0,0.0,"laptop-windows-x86_experience1.csv, laptop-windows-x86_experience2.csv, laptop-windows-x86_experience3.csv"
performance,x86,Twofish,CBC,192,1024,throughput_enc_mbps,3,1.5032008578059581,1.5032008578059581,0.0,0.0,"laptop-windows-x86_experience1.csv, laptop-windows-x86_experience2.csv, laptop-windows-x86_experience3.csv"
performance,x86,Twofish,CBC,192,4096,avalanche_score,3,0.5022395833333334,0.5022395833333334,0.0,0.0,"laptop-windows-x86_experience1.csv, laptop-windows-x86_experience2.csv, laptop-windows-x86_experience3.csv"
performance,x86,Twofish,CBC,192,4096,avg_decrypt_time_s,3,0.001960413338771711,0.001960413338771711,0.0,0.0,"laptop-windows-x86_experience1.csv, laptop-windows-x86_experience2.csv, laptop-windows-x86_experience3.csv"
performance,x86,Twofish,CBC,192,4096,avg_encrypt_time_s,3,0.0025264836669278644,0.0025264836669278644,0.0,0.0,"laptop-windows-x86_experience1.csv, laptop-windows-x86_experience2.csv, laptop-windows-x86_experience3.csv"
performance,x86,Twofish,CBC,192,4096,key_avalanche_score,2,0.50099609375,0.50099609375,0.0,0.0,"laptop-windows-x86_experience1.csv, laptop-windows-x86_experience2.csv, laptop-windows-x86_experience3.csv"
performance,x86,Twofish,CBC,192,4096,throughput_dec_mbps,3,2.020253998848672,2.020253998848672,0.0,0.0,"laptop-windows-x86_experience1.csv, laptop-windows-x86_experience2.csv, laptop-windows-x86_experience3.csv"
performance,x86,Twofish,CBC,192,4096,throughput_enc_mbps,3,1.559039904494292,1.559039904494292,0.0,0.0,"laptop-windows-x86_experience1.csv, laptop-windows-x86_experience2.csv, laptop-windows-x86_experience3.csv"
performance,x86,Twofish,CBC,192,16384,avalanche_score,3,0.5014192708333334,0.5014192708333334,0.0,0.0,"laptop-windows-x86_experience1.csv, laptop-windows-x86_experience2.csv, laptop-windows-x86_experience3.csv"
performance,x86,Twofish,CBC,192,16384,avg_decrypt_time_s,3,0.0071845010008352505,0.0071845010008352505,0.0,0.0,"laptop-windows-x86_experience1.csv, laptop-windows-x86_experience2.csv, laptop-windows-x86_experience3.csv"
performance,x86,Twofish,CBC,192,16384,avg_encrypt_time_s,3,0.009228842325974256,0.009228842325974256,0.0,0.0,"laptop-windows-x86_experience1.csv, laptop-windows-x86_experience2.csv, laptop-windows-x86_experience3.csv"
performance,x86,Twofish,CBC,192,16384,key_avalanche_score,2,0.5021875,0.5021875,0.0,0.0,"laptop-windows-x86_experience1.csv, laptop-windows-x86_experience2.csv, laptop-windows-x86_experience3.csv"
performance,x86,Twofish,CBC,192,16384,throughput_dec_mbps,3,2.1766326766217134,2.1766326766217134,0.0,0.0,"laptop-windows-x86_experience1.csv, laptop-windows-x86_experience2.csv, laptop-windows-x86_experience3.csv"
performance,x86,Twofish,CBC,192,16384,throughput_enc_mbps,3,1.6949135879787611,1.6949135879787611,0.0,0.0,"laptop-windows-x86_experience1.csv, laptop-windows-x86_experience2.csv, laptop-windows-x86_experience3.csv"
performance,x86,Twofish,CBC,256,64,avalanche_score,3,0.5001822916666666,0.5001822916666666,0.0,0.0,"laptop-windows-x86_experience1.csv, laptop-windows-x86_experience2.csv, laptop-windows-x86_experience3.csv"
performance,x86,Twofish,CBC,256,64,avg_decrypt_time_s,3,5.0820002021888893e-05,5.0820002021888893e-05,0.0,0.0,"laptop-windows-x86_experience1.csv, laptop-windows-x86_experience2.csv, laptop-windows-x86_experience3.csv"
performance,x86,Twofish,CBC,256,64,avg_encrypt_time_s,3,5.449766681219141e-05,5.449766681219141e-05,0.0,0.0,"laptop-windows-x86_experience1.csv, laptop-windows-x86_experience2.csv, laptop-windows-x86_experience3.csv"
performance,x86,Twofish,CBC,256,64,key_avalanche_score,2,0.5009765625,0.5009765625,0.0,0.0,"laptop-windows-x86_experience1.csv, laptop-windows-x86_experience2.csv, laptop-windows-x86_experience3.csv"
performance,x86,Twofish,CBC,256,64,throughput_dec_mbps,3,1.2607262941989539,1.2607262941989539,0.0,0.0,"laptop-windows-x86_experience1.csv, laptop-windows-x86_experience2.csv, laptop-windows-x86_experience3.csv"
performance,x86,Twofish,CBC,256,64,throughput_enc_mbps,3,1.135270254170081,1.135270254170081,0.0,0.0,"laptop-windows-x86_experience1.csv, laptop-windows-x86_experience2.csv, laptop-windows-x86_experience3.csv"
performance,x86,Twofish,CBC,256,256,avalanche_score,3,0.49993489583333334,0.49993489583333334,0.0,0.0,"laptop-windows-x86_experience1.csv, laptop-windows-x86_experience2.csv, laptop-windows-x86_experience3.csv"
performance,x86,Twofish,CBC,256,256,avg_decrypt_time_s,3,0.00013393533881753684,0.00013393533881753684,0.0,0.0,"laptop-windows-x86_experience1.csv, laptop-windows-x86_experience2.csv, laptop-windows-x86_experience3.csv"
performance,x86,Twofish,CBC,256,256,avg_encrypt_time_s,3,0.00016567332592482367,0.00016567332592482367,0.0,0.0,"laptop-windows-x86_experience1.csv, laptop-windows-x86_experience2.csv, laptop-windows-x86_experience3.csv"
performance,x86,Twofish,CBC,256,256,key_avalanche_score,2,0.499140625,0.499140625,0.0,0.0,"laptop-windows-x86_experience1.csv, laptop-windows-x86_experience2.csv, laptop-windows-x86_experience3.csv"
performance,x86,Twofish,CBC,256,256,throughput_dec_mbps,3,1.8416631059213817,1.8416631059213817,0.0,0.0,"laptop-windows-x86_experience1.csv, laptop-windows-x86_experience2.csv, laptop-windows-x86_experience3.csv"
performance,x86,Twofish,CBC,256,256,throughput_enc_mbps,3,1.4757235466176004,1.4757235466176004,0.0,0.0,"laptop-windows-x86_experience1.csv, laptop-windows-x86_experience2.csv, laptop-windows-x86_experience3.csv"
performance,x86,Twofish,CBC,256,1024,avalanche_score,3,0.4996354166666667,0.4996354166666667,0.0,0.0,"laptop-windows-x86_experience1.csv, laptop-windows-x86_experience2.csv, laptop-windows-x86_experience3.csv"
performance,x86,Twofish,CBC,256,1024,avg_decrypt_time_s,3,0.0004978383340251942,0.0004978383340251942,0.0,0.0,"laptop-windows-x86_experience1.csv, laptop-windows-x86_experience2.csv, laptop-windows-x86_experience3.csv"
performance,x86,Twofish,CBC,256,1024,avg_encrypt_time_s,3,0.0006601426634006202,0.0006601426634006202,0.0,0.0,"laptop-windows-x86_experience1.csv, laptop-windows-x86_experience2.csv, laptop-windows-x86_experience3.csv"
performance,x86,Twofish,CBC,256,1024,key_avalanche_score,2,0.499375,0.499375,0.0,0.0,"laptop-windows-x86_experience1.csv, laptop-windows-x86_experience2.csv, laptop-windows-x86_experience3.csv"
performance,x86,Twofish,CBC,256,1024,throughput_dec_mbps,3,1.9744899931897173,1.9744899931897173,0.0,0.0,"laptop-windows-x86_experience1.csv, laptop-windows-x86_experience2.csv, laptop-windows-x86_experience3.csv"
performance,x86,Twofish,CBC,256,1024,throughput_enc_mbps,3,1.5090903339002226,1.5090903339002226,0.0,0.0,"laptop-windows-x86_experience1.csv, laptop-windows-x86_experience2.csv, laptop-windows-x86_experience3.csv"
performance,x86,Twofish,CBC,256,4096,avalanche_score,3,0.49834635416666667,0.49834635416666667,0.0,0.0,"laptop-windows-x86_experience1.csv, laptop-windows-x86_experience2.csv, laptop-windows-x86_experience3.csv"
performance,x86,Twofish,CBC,256,4096,avg_decrypt_time_s,3,0.0018798456775645414,0.0018798456775645414,0.0,0.0,"laptop-windows-x86_experience1.csv, laptop-windows-x86_experience2.csv, laptop-windows-x86_experience3.csv"
performance,x86,Twofish,CBC,256,4096,avg_encrypt_time_s,3,0.0023673809956138332,0.0023673809956138332,0.0,0.0,"laptop-windows-x86_experience1.csv, laptop-windows-x86_experience2.csv, laptop-windows-x86_experience3.csv"
performance,x86,Twofish,CBC,256,4096,key_avalanche_score,2,0.49933593750000005,0.49933593750000005,0.0,0.0,"laptop-windows-x86_experience1.csv, laptop-windows-x86_experience2.csv, laptop-windows-x86_experience3.csv"
performance,x86,Twofish,CBC,256,4096,throughput_dec_mbps,3,2.0823048742271717,2.0823048742271717,0.0,0.0,"laptop-windows-x86_experience1.csv, laptop-windows-x86_experience2.csv, laptop-windows-x86_experience3.csv"
performance,x86,Twofish,CBC,256,4096,throughput_enc_mbps,3,1.6518256486076683,1.6518256486076683,0.0,0.0,"laptop-windows-x86_experience1.csv, laptop-windows-x86_experience2.csv, laptop-windows-x86_experience3.csv"
performance,x86,Twofish,CBC,256,16384,avalanche_score,3,0.495546875,0.495546875,0.0,0.0,"laptop-windows-x86_experience1.csv, laptop-windows-x86_experience2.csv, laptop-windows-x86_experience3.csv"
performance,x86,Twofish,CBC,256,16384,avg_decrypt_time_s,3,0.007696943667251616,0.007696943667251616,0.0,0.0,"laptop-windows-x86_experience1.csv, laptop-windows-x86_experience2.csv, laptop-windows-x86_experience3.csv"
performance,x86,Twofish,CBC,256,16384,avg_encrypt_time_s,3,0.009505959332454949,0.009505959332454949,0.0,0.0,"laptop-windows-x86_experience1.csv, laptop-windows-x86_experience2.csv, laptop-windows-x86_experience3.csv"
performance,x86,Twofish,CBC,256,16384,key_avalanche_score,2,0.49960937499999997,0.49960937499999997,0.0,0.0,"laptop-windows-x86_experience1.csv, laptop-windows-x86_experience2.csv, laptop-windows-x86_experience3.csv"
performance,x86,Twofish,CBC,256,16384,throughput_dec_mbps,3,2.0448768143211717,2.0448768143211717,0.0,0.0,"laptop-windows-x86_experience1.csv, laptop-windows-x86_experience2.csv, laptop-windows-x86_experience3.csv"
performance,x86,Twofish,CBC,256,16384,throughput_enc_mbps,3,1.6538970145375644,1.6538970145375644,0.0,0.0,"laptop-windows-x86_experience1.csv, laptop-windows-x86_experience2.csv, laptop-windows-x86_experience3.csv"
performance,x86,Twofish,CTR,128,64,avalanche_score,3,0.5015364583333334,0.5015364583333334,0.0,0.0,"laptop-windows-x86_experience1.csv, laptop-windows-x86_experience2.csv, laptop-windows-x86_experience3.csv"
performance,x86,Twofish,CTR,128,64,avg_decrypt_time_s,3,4.06563289773961e-05,4.06563289773961e-05,0.0,0.0,"laptop-windows-x86_experience1.csv, laptop-windows-x86_experience2.csv, laptop-windows-x86_experience3.csv"
performance,x86,Twofish,CTR,128,64,avg_encrypt_time_s,3,4.139833617955446e-05,4.139833617955446e-05,0.0,0.0,"laptop-windows-x86_experience1.csv, laptop-windows-x86_experience2.csv, laptop-windows-x86_experience3.csv"
performance,x86,Twofish,CTR,128,64,key_avalanche_score,2,0.500234375,0.500234375,0.0,0.0,"laptop-windows-x86_experience1.csv, laptop-windows-x86_experience2.csv, laptop-windows-x86_experience3.csv"
performance,x86,Twofish,CTR,128,64,throughput_dec_mbps,3,1.5171963454611426,1.5171963454611426,0.0,0.0,"laptop-windows-x86_experience1.csv, laptop-windows-x86_experience2.csv, laptop-windows-x86_experience3.csv"
performance,x86,Twofish,CTR,128,64,throughput_enc_mbps,3,1.4824754406732545,1.4824754406732545,0.0,0.0,"laptop-windows-x86_experience1.csv, laptop-windows-x86_experience2.csv, laptop-windows-x86_experience3.csv"
performance,x86,Twofish,CTR,128,256,avalanche_score,3,0.5012890625,0.5012890625,0.0,0.0,"laptop-windows-x86_experience1.csv, laptop-windows-x86_experience2.csv, laptop-windows-x86_experience3.csv"
performance,x86,Twofish,CTR,128,256,avg_decrypt_time_s,3,0.000131653998978436,0.000131653998978436,0.0,0.0,"laptop-windows-x86_experience1.csv, laptop-windows-x86_experience2.csv, laptop-windows-x86_experience3.csv"
performance,x86,Twofish,CTR,128,256,avg_encrypt_time_s,3,0.00013303599941233795,0.00013303599941233795,0.0,0.0,"laptop-windows-x86_experience1.csv, laptop-windows-x86_experience2.csv, laptop-windows-x86_experience3.csv"
performance,x86,Twofish,CTR,128,256,key_avalanche_score,2,0.5001171875,0.5001171875,0.0,0.0,"laptop-windows-x86_experience1.csv, laptop-windows-x86_experience2.csv, laptop-windows-x86_experience3.csv"
performance,x86,Twofish,CTR,128,256,throughput_dec_mbps,3,1.8592506460175915,1.8592506460175915,0.0,0.0,"laptop-windows-x86_experience1.csv, laptop-windows-x86_experience2.csv, laptop-windows-x86_experience3.csv"
performance,x86,Twofish,CTR,128,256,throughput_enc_mbps,3,1.8400011844913742,1.8400011844913742,0.0,0.0,"laptop-windows-x86_experience1.csv, laptop-windows-x86_experience2.csv, laptop-windows-x86_experience3.csv"
performance,x86,Twofish,CTR,128,1024,avalanche_score,3,0.5000520833333334,0.5000520833333334,0.0,0.0,"laptop-windows-x86_experience1.csv, laptop-windows-x86_experience2.csv, laptop-windows-x86_experience3.csv"
performance,x86,Twofish,CTR,128,1024,avg_decrypt_time_s,3,0.0004959256652121742,0.0004959256652121742,0.0,0.0,"laptop-windows-x86_experience1.csv, laptop-windows-x86_experience2.csv, laptop-windows-x86_experience3.csv"
performance,x86,Twofish,CTR,128,1024,avg_encrypt_time_s,3,0.0005213823332451284,0.0005213823332451284,0.0,0.0,"laptop-windows-x86_experience1.csv, laptop-windows-x86_experience2.csv, laptop-windows-x86_experience3.csv"
performance,x86,Twofish,CTR,128,1024,key_avalanche_score,2,0.49943359374999996,0.49943359374999996,0.0,0.0,"laptop-windows-x86_experience1.csv, laptop-windows-x86_experience2.csv, laptop-windows-x86_experience3.csv"
performance,x86,Twofish,CTR,128,1024,throughput_dec_mbps,3,1.9750374304348453,1.9750374304348453,0.0,0.0,"laptop-windows-x86_experience1.csv, laptop-windows-x86_experience2.csv, laptop-windows-x86_experience3.csv"
performance,x86,Twofish,CTR,128,1024,throughput_enc_mbps,3,1.8791846893232054,1.8791846893232054,0.0,0.0,"laptop-windows-x86_experience1.csv, laptop-windows-x86_experience2.csv, laptop-windows-x86_experience3.csv"
performance,x86,Twofish,CTR,128,4096,avalanche_score,3,0.49975260416666667,0.49975260416666667,0.0,0.0,"laptop-windows-x86_experience1.csv, laptop-windows-x86_experience2.csv, laptop-windows-x86_experience3.csv"
performance,x86,Twofish,CTR,128,4096,avg_decrypt_time_s,3,0.0019716403330676258,0.0019716403330676258,0.0,0.0,"laptop-windows-x86_experience1.csv, laptop-windows-x86_experience2.csv, laptop-windows-x86_experience3.csv"
performance,x86,Twofish,CTR,128,4096,avg_encrypt_time_s,3,0.0019402946648187935,0.0019402946648187935,0.0,0.0,"laptop-windows-x86_experience1.csv, laptop-windows-x86_experience2.csv, laptop-windows-x86_experience3.csv"
performance,x86,Twofish,CTR,128,4096,key_avalanche_score,2,0.4968359375,0.4968359375,0.0,0.0,"laptop-windows-x86_experience1.csv, laptop-windows-x86_experience2.csv, laptop-windows-x86_experience3.csv"
performance,x86,Twofish,CTR,128,4096,throughput_dec_mbps,3,1.992450223276667,1.992450223276667,0.0,0.0,"laptop-windows-x86_experience1.csv, laptop-windows-x86_experience2.csv, laptop-windows-x86_experience3.csv"
performance,x86,Twofish,CTR,128,4096,throughput_enc_mbps,3,2.0161256542160566,2.0161256542160566,0.0,0.0,"laptop-windows-x86_experience1.csv, laptop-windows-x86_experience2.csv, laptop-windows-x86_experience3.csv"
performance,x86,Twofish,CTR,128,16384,avalanche_score,3,0.5002864583333333,0.5002864583333333,0.0,0.0,"laptop-windows-x86_experience1.csv, laptop-windows-x86_experience2.csv, laptop-windows-x86_experience3.csv"
performance,x86,Twofish,CTR,128,16384,avg_decrypt_time_s,3,0.0076402966670381526,0.0076402966670381526,0.0,0.0,"laptop-windows-x86_experience1.csv, laptop-windows-x86_experience2.csv, laptop-windows-x86_experience3.csv"
performance,x86,Twofish,CTR,128,16384,avg_encrypt_time_s,3,0.007588831322888533,0.007588831322888533,0.0,0.0,"laptop-windows-x86_experience1.csv, laptop-windows-x86_experience2.csv, laptop-windows-x86_experience3.csv"
performance,x86,Twofish,CTR,128,16384,key_avalanche_score,2,0.49990234375,0.49990234375,0.0,0.0,"laptop-windows-x86_experience1.csv, laptop-windows-x86_experience2.csv, laptop-windows-x86_experience3.csv"
performance,x86,Twofish,CTR,128,16384,throughput_dec_mbps,3,2.0497489087175116,2.0497489087175116,0.0,0.0,"laptop-windows-x86_experience1.csv, laptop-windows-x86_experience2.csv, laptop-windows-x86_experience3.csv"
performance,x86,Twofish,CTR,128,16384,throughput_enc_mbps,3,2.0633056555163547,2.0633056555163547,0.0,0.0,"laptop-windows-x86_experience1.csv, laptop-windows-x86_experience2.csv, laptop-windows-x86_experience3.csv"
performance,x86,Twofish,CTR,192,64,avalanche_score,3,0.49972656249999997,0.49972656249999997,0.0,0.0,"laptop-windows-x86_experience1.csv, laptop-windows-x86_experience2.csv, laptop-windows-x86_experience3.csv"
performance,x86,Twofish,CTR,192,64,avg_decrypt_time_s,3,3.768433816730976e-05,3.768433816730976e-05,0.0,0.0,"laptop-windows-x86_experience1.csv, laptop-windows-x86_experience2.csv, laptop-windows-x86_experience3.csv"
performance,x86,Twofish,CTR,192,64,avg_encrypt_time_s,3,3.8805999017010134e-05,3.8805999017010134e-05,0.0,0.0,"laptop-windows-x86_experience1.csv, laptop-windows-x86_experience2.csv, laptop-windows-x86_experience3.csv"
performance,x86,Twofish,CTR,192,64,key_avalanche_score,2,0.50060546875,0.50060546875,0.0,0.0,"laptop-windows-x86_experience1.csv, laptop-windows-x86_experience2.csv, laptop-windows-x86_experience3.csv"
performance,x86,Twofish,CTR,192,64,throughput_dec_mbps,3,1.6286553310336664,1.6286553310336664,0.0,0.0,"laptop-windows-x86_experience1.csv, laptop-windows-x86_experience2.csv, laptop-windows-x86_experience3.csv"
performance,x86,Twofish,CTR,192,64,throughput_enc_mbps,3,1.5766781620059394,1.5766781620059394,0.0,0.0,"laptop-windows-x86_experience1.csv, laptop-windows-x86_experience2.csv, laptop-windows-x86_experience3.csv"
performance,x86,Twofish,CTR,192,256,avalanche_score,3,0.4981380208333333,0.4981380208333333,0.0,0.0,"laptop-windows-x86_experience1.csv, laptop-windows-x86_experience2.csv, laptop-windows-x86_experience3.csv"
performance,x86,Twofish,CTR,192,256,avg_decrypt_time_s,3,0.00013740367256104947,0.00013740367256104947,0.0,0.0,"laptop-windows-x86_experience1.csv, laptop-windows-x86_experience2.csv, laptop-windows-x86_experience3.csv"
performance,x86,Twofish,CTR,192,256,avg_encrypt_time_s,3,0.00014747667126357555,0.00014747667126357555,0.0,0.0,"laptop-windows-x86_experience1.csv, laptop-windows-x86_experience2.csv, laptop-windows-x86_experience3.csv"
performance,x86,Twofish,CTR,192,256,key_avalanche_score,2,0.500390625,0.500390625,0.0,0.0,"laptop-windows-x86_experience1.csv, laptop-windows-x86_experience2.csv, laptop-windows-x86_experience3.csv"
performance,x86,Twofish,CTR,192,256,throughput_dec_mbps,3,1.7925204051982677,1.7925204051982677,0.0,0.0,"laptop-windows-x86_experience1.csv, laptop-windows-x86_experience2.csv, laptop-windows-x86_experience3.csv"
performance,x86,Twofish,CTR,192,256,throughput_enc_mbps,3,1.6839562332570324,1.6839562332570324,0.0,0.0,"laptop-windows-x86_experience1.csv, laptop-windows-x86_experience2.csv, laptop-windows-x86_experience3.csv"
performance,x86,Twofish,CTR,192,1024,avalanche_score,3,0.5008984375,0.5008984375,0.0,0.0,"laptop-windows-x86_experience1.csv, laptop-windows-x86_experience2.csv, laptop-windows-x86_experience3.csv"
performance,x86,Twofish,CTR,192,1024,avg_decrypt_time_s,3,0.0004862646758556366,0.0004862646758556366,0.0,0.0,"laptop-windows-x86_experience1.csv, laptop-windows-x86_experience2.csv, laptop-windows-x86_experience3.csv"
performance,x86,Twofish,CTR,192,1024,avg_encrypt_time_s,3,0.0004990180015253524,0.0004990180015253524,0.0,0.0,"laptop-windows-x86_experience1.csv, laptop-windows-x86_experience2.csv, laptop-windows-x86_experience3.csv"
performance,x86,Twofish,CTR,192,1024,key_avalanche_score,2,0.5016796875,0.5016796875,0.0,0.0,"laptop-windows-x86_experience1.csv, laptop-windows-x86_experience2.csv, laptop-windows-x86_experience3.csv"
performance,x86,Twofish,CTR,192,1024,throughput_dec_mbps,3,2.0113230255872363,2.0113230255872363,0.0,0.0,"laptop-windows-x86_experience1.csv, laptop-windows-x86_experience2.csv, laptop-windows-x86_experience3.csv"
performance,x86,Twofish,CTR,192,1024,throughput_enc_mbps,3,1.9589691612716946,1.9589691612716946,0.0,0.0,"laptop-windows-x86_experience1.csv, laptop-windows-x86_experience2.csv, laptop-windows-x86_experience3.csv"
performance,x86,Twofish,CTR,192,4096,avalanche_score,3,0.501796875,0.501796875,0.0,0.0,"laptop-windows-x86_experience1.csv, laptop-windows-x86_experience2.csv, laptop-windows-x86_experience3.csv"
performance,x86,Twofish,CTR,192,4096,avg_decrypt_time_s,3,0.0019303823394390444,0.0019303823394390444,0.0,0.0,"laptop-windows-x86_experience1.csv, laptop-windows-x86_experience2.csv, laptop-windows-x86_experience3.csv"
performance,x86,Twofish,CTR,192,4096,avg_encrypt_time_s,3,0.0019340719965596994,0.0019340719965596994,0.0,0.0,"laptop-windows-x86_experience1.csv, laptop-windows-x86_experience2.csv, laptop-windows-x86_experience3.csv"
performance,x86,Twofish,CTR,192,4096,key_avalanche_score,2,0.505234375,0.505234375,0.0,0.0,"laptop-windows-x86_experience1.csv, laptop-windows-x86_experience2.csv, laptop-windows-x86_experience3.csv"
performance,x86,Twofish,CTR,192,4096,throughput_dec_mbps,3,2.025834528524157,2.025834528524157,0.0,0.0,"laptop-windows-x86_experience1.csv, laptop-windows-x86_experience2.csv, laptop-windows-x86_experience3.csv"
performance,x86,Twofish,CTR,192,4096,throughput_enc_mbps,3,2.0258576943243143,2.0258576943243143,0.0,0.0,"laptop-windows-x86_experience1.csv, laptop-windows-x86_experience2.csv, laptop-windows-x86_experience3.csv"
performance,x86,Twofish,CTR,192,16384,avalanche_score,3,0.5007291666666667,0.5007291666666667,0.0,0.0,"laptop-windows-x86_experience1.csv, laptop-windows-x86_experience2.csv, laptop-windows-x86_experience3.csv"
performance,x86,Twofish,CTR,192,16384,avg_decrypt_time_s,3,0.007796014335472137,0.007796014335472137,0.0,0.0,"laptop-windows-x86_experience1.csv, laptop-windows-x86_experience2.csv, laptop-windows-x86_experience3.csv"
performance,x86,Twofish,CTR,192,16384,avg_encrypt_time_s,3,0.008003919325613727,0.008003919325613727,0.0,0.0,"laptop-windows-x86_experience1.csv, laptop-windows-x86_experience2.csv, laptop-windows-x86_experience3.csv"
performance,x86,Twofish,CTR,192,16384,key_avalanche_score,2,0.50072265625,0.50072265625,0.0,0.0,"laptop-windows-x86_experience1.csv, laptop-windows-x86_experience2.csv, laptop-windows-x86_experience3.csv"
performance,x86,Twofish,CTR,192,16384,throughput_dec_mbps,3,2.0095089787530935,2.0095089787530935,0.0,0.0,"laptop-windows-x86_experience1.csv, laptop-windows-x86_experience2.csv, laptop-windows-x86_experience3.csv"
performance,x86,Twofish,CTR,192,16384,throughput_enc_mbps,3,1.953106365409658,1.953106365409658,0.0,0.0,"laptop-windows-x86_experience1.csv, laptop-windows-x86_experience2.csv, laptop-windows-x86_experience3.csv"
performance,x86,Twofish,CTR,256,64,avalanche_score,3,0.49885416666666665,0.49885416666666665,0.0,0.0,"laptop-windows-x86_experience1.csv, laptop-windows-x86_experience2.csv, laptop-windows-x86_experience3.csv"
performance,x86,Twofish,CTR,256,64,avg_decrypt_time_s,3,4.291465583567818e-05,4.291465583567818e-05,0.0,0.0,"laptop-windows-x86_experience1.csv, laptop-windows-x86_experience2.csv, laptop-windows-x86_experience3.csv"
performance,x86,Twofish,CTR,256,64,avg_encrypt_time_s,3,3.781700506806374e-05,3.781700506806374e-05,0.0,0.0,"laptop-windows-x86_experience1.csv, laptop-windows-x86_experience2.csv, laptop-windows-x86_experience3.csv"
performance,x86,Twofish,CTR,256,64,key_avalanche_score,2,0.499453125,0.499453125,0.0,0.0,"laptop-windows-x86_experience1.csv, laptop-windows-x86_experience2.csv, laptop-windows-x86_experience3.csv"
performance,x86,Twofish,CTR,256,64,throughput_dec_mbps,3,1.450474328358302,1.450474328358302,0.0,0.0,"laptop-windows-x86_experience1.csv, laptop-windows-x86_experience2.csv, laptop-windows-x86_experience3.csv"
performance,x86,Twofish,CTR,256,64,throughput_enc_mbps,3,1.615470958380045,1.615470958380045,0.0,0.0,"laptop-windows-x86_experience1.csv, laptop-windows-x86_experience2.csv, laptop-windows-x86_experience3.csv"
performance,x86,Twofish,CTR,256,256,avalanche_score,3,0.49907552083333334,0.49907552083333334,0.0,0.0,"laptop-windows-x86_experience1.csv, laptop-windows-x86_experience2.csv, laptop-windows-x86_experience3.csv"
performance,x86,Twofish,CTR,256,256,avg_decrypt_time_s,3,0.0001359339989721775,0.0001359339989721775,0.0,0.0,"laptop-windows-x86_experience1.csv, laptop-windows-x86_experience2.csv, laptop-windows-x86_experience3.csv"
performance,x86,Twofish,CTR,256,256,avg_encrypt_time_s,3,0.00013869400679444272,0.00013869400679444272,0.0,0.0,"laptop-windows-x86_experience1.csv, laptop-windows-x86_experience2.csv, laptop-windows-x86_experience3.csv"
performance,x86,Twofish,CTR,256,256,key_avalanche_score,2,0.50267578125,0.50267578125,0.0,0.0,"laptop-windows-x86_experience1.csv, laptop-windows-x86_experience2.csv, laptop-windows-x86_experience3.csv"
performance,x86,Twofish,CTR,256,256,throughput_dec_mbps,3,1.8077533463871591,1.8077533463871591,0.0,0.0,"laptop-windows-x86_experience1.csv, laptop-windows-x86_experience2.csv, laptop-windows-x86_experience3.csv"
performance,x86,Twofish,CTR,256,256,throughput_enc_mbps,3,1.7749965954670124,1.7749965954670124,0.0,0.0,"laptop-windows-x86_experience1.csv, laptop-windows-x86_experience2.csv, laptop-windows-x86_experience3.csv"
performance,x86,Twofish,CTR,256,1024,avalanche_score,3,0.49877604166666667,0.49877604166666667,0.0,0.0,"laptop-windows-x86_experience1.csv, laptop-windows-x86_experience2.csv, laptop-windows-x86_experience3.csv"
performance,x86,Twofish,CTR,256,1024,avg_decrypt_time_s,3,0.0005022793255435924,0.0005022793255435924,0.0,0.0,"laptop-windows-x86_experience1.csv, laptop-windows-x86_experience2.csv, laptop-windows-x86_experience3.csv"
performance,x86,Twofish,CTR,256,1024,avg_encrypt_time_s,3,0.0005303963335851828,0.0005303963335851828,0.0,0.0,"laptop-windows-x86_experience1.csv, laptop-windows-x86_experience2.csv, laptop-windows-x86_experience3.csv"
performance,x86,Twofish,CTR,256,1024,key_avalanche_score,2,0.49978515625,0.49978515625,0.0,0.0,"laptop-windows-x86_experience1.csv, laptop-windows-x86_experience2.csv, laptop-windows-x86_experience3.csv"
performance,x86,Twofish,CTR,256,1024,throughput_dec_mbps,3,1.9563324284483696,1.9563324284483696,0.0,0.0,"laptop-windows-x86_experience1.csv, laptop-windows-x86_experience2.csv, laptop-windows-x86_experience3.csv"
performance,x86,Twofish,CTR,256,1024,throughput_enc_mbps,3,1.8645626834569746,1.8645626834569746,0.0,0.0,"laptop-windows-x86_experience1.csv, laptop-windows-x86_experience2.csv, laptop-windows-x86_experience3.csv"
performance,x86,Twofish,CTR,256,4096,avalanche_score,3,0.499453125,0.499453125,0.0,0.0,"laptop-windows-x86_experience1.csv, laptop-windows-x86_experience2.csv, laptop-windows-x86_experience3.csv"
performance,x86,Twofish,CTR,256,4096,avg_decrypt_time_s,3,0.0020072299956033625,0.0020072299956033625,0.0,0.0,"laptop-windows-x86_experience1.csv, laptop-windows-x86_experience2.csv, laptop-windows-x86_experience3.csv"
performance,x86,Twofish,CTR,256,4096,avg_encrypt_time_s,3,0.0019834526744671164,0.0019834526744671164,0.0,0.0,"laptop-windows-x86_experience1.csv, laptop-windows-x86_experience2.csv, laptop-windows-x86_experience3.csv"
performance,x86,Twofish,CTR,256,4096,key_avalanche_score,2,0.5009765625,0.5009765625,0.0,0.0,"laptop-windows-x86_experience1.csv, laptop-windows-x86_experience2.csv, laptop-windows-x86_experience3.csv"
performance,x86,Twofish,CTR,256,4096,throughput_dec_mbps,3,1.952474023132086,1.952474023132086,0.0,0.0,"laptop-windows-x86_experience1.csv, laptop-windows-x86_experience2.csv, laptop-windows-x86_experience3.csv"
performance,x86,Twofish,CTR,256,4096,throughput_enc_mbps,3,1.9744642149418776,1.9744642149418776,0.0,0.0,"laptop-windows-x86_experience1.csv, laptop-windows-x86_experience2.csv, laptop-windows-x86_experience3.csv"
performance,x86,Twofish,CTR,256,16384,avalanche_score,3,0.49829427083333333,0.49829427083333333,0.0,0.0,"laptop-windows-x86_experience1.csv, laptop-windows-x86_experience2.csv, laptop-windows-x86_experience3.csv"
performance,x86,Twofish,CTR,256,16384,avg_decrypt_time_s,3,0.008392180336328844,0.008392180336328844,0.0,0.0,"laptop-windows-x86_experience1.csv, laptop-windows-x86_experience2.csv, laptop-windows-x86_experience3.csv"
performance,x86,Twofish,CTR,256,16384,avg_encrypt_time_s,3,0.008132643663945296,0.008132643663945296,0.0,0.0,"laptop-windows-x86_experience1.csv, laptop-windows-x86_experience2.csv, laptop-windows-x86_experience3.csv"
performance,x86,Twofish,CTR,256,16384,key_avalanche_score,2,0.4996875,0.4996875,0.0,0.0,"laptop-windows-x86_experience1.csv, laptop-windows-x86_experience2.csv, laptop-windows-x86_experience3.csv"
performance,x86,Twofish,CTR,256,16384,throughput_dec_mbps,3,1.8745192483795403,1.8745192483795403,0.0,0.0,"laptop-windows-x86_experience1.csv, laptop-windows-x86_experience2.csv, laptop-windows-x86_experience3.csv"
performance,x86,Twofish,CTR,256,16384,throughput_enc_mbps,3,1.923497379456043,1.923497379456043,0.0,0.0,"laptop-windows-x86_experience1.csv, laptop-windows-x86_experience2.csv, laptop-windows-x86_experience3.csv"
performance,x86,Twofish,ECB,128,64,avalanche_score,3,0.4974348958333333,0.4974348958333333,0.0,0.0,"laptop-windows-x86_experience1.csv, laptop-windows-x86_experience2.csv, laptop-windows-x86_experience3.csv"
performance,x86,Twofish,ECB,128,64,avg_decrypt_time_s,3,3.2471335337807735e-05,3.2471335337807735e-05,0.0,0.0,"laptop-windows-x86_experience1.csv, laptop-windows-x86_experience2.csv, laptop-windows-x86_experience3.csv"
performance,x86,Twofish,ECB,128,64,avg_encrypt_time_s,3,4.40059967028598e-05,4.40059967028598e-05,0.0,0.0,"laptop-windows-x86_experience1.csv, laptop-windows-x86_experience2.csv, laptop-windows-x86_experience3.csv"
performance,x86,Twofish,ECB,128,64,key_avalanche_score,2,0.50158203125,0.50158203125,0.0,0.0,"laptop-windows-x86_experience1.csv, laptop-windows-x86_experience2.csv, laptop-windows-x86_experience3.csv"
performance,x86,Twofish,ECB,128,64,throughput_dec_mbps,3,1.9085678144065141,1.9085678144065141,0.0,0.0,"laptop-windows-x86_experience1.csv, laptop-windows-x86_experience2.csv, laptop-windows-x86_experience3.csv"
performance,x86,Twofish,ECB,128,64,throughput_enc_mbps,3,1.6280960454811728,1.6280960454811728,0.0,0.0,"laptop-windows-x86_experience1.csv, laptop-windows-x86_experience2.csv, laptop-windows-x86_experience3.csv"
performance,x86,Twofish,ECB,128,256,avalanche_score,3,0.498828125,0.498828125,0.0,0.0,"laptop-windows-x86_experience1.csv, laptop-windows-x86_experience2.csv, laptop-windows-x86_experience3.csv"
performance,x86,Twofish,ECB,128,256,avg_decrypt_time_s,3,0.00012637733792265256,0.00012637733792265256,0.0,0.0,"laptop-windows-x86_experience1.csv, laptop-windows-x86_experience2.csv, laptop-windows-x86_experience3.csv"
performance,x86,Twofish,ECB,128,256,avg_encrypt_time_s,3,0.0001140080012070636,0.0001140080012070636,0.0,0.0,"laptop-windows-x86_experience1.csv, laptop-windows-x86_experience2.csv, laptop-windows-x86_experience3.csv"
performance,x86,Twofish,ECB,128,256,key_avalanche_score,2,0.50302734375,0.50302734375,0.0,0.0,"laptop-windows-x86_experience1.csv, laptop-windows-x86_experience2.csv, laptop-windows-x86_experience3.csv"
performance,x86,Twofish,ECB,128,256,throughput_dec_mbps,3,2.1158400803099258,2.1158400803099258,0.0,0.0,"laptop-windows-x86_experience1.csv, laptop-windows-x86_experience2.csv, laptop-windows-x86_experience3.csv"
performance,x86,Twofish,ECB,128,256,throughput_enc_mbps,3,2.2902804861460813,2.2902804861460813,0.0,0.0,"laptop-windows-x86_experience1.csv, laptop-windows-x86_experience2.csv, laptop-windows-x86_experience3.csv"
performance,x86,Twofish,ECB,128,1024,avalanche_score,3,0.5002604166666667,0.5002604166666667,0.0,0.0,"laptop-windows-x86_experience1.csv, laptop-windows-x86_experience2.csv, laptop-windows-x86_experience3.csv"
performance,x86,Twofish,ECB,128,1024,avg_decrypt_time_s,3,0.0005041593313217163,0.0005041593313217163,0.0,0.0,"laptop-windows-x86_experience1.csv, laptop-windows-x86_experience2.csv, laptop-windows-x86_experience3.csv"
performance,x86,Twofish,ECB,128,1024,avg_encrypt_time_s,3,0.0005577693320810795,0.0005577693320810795,0.0,0.0,"laptop-windows-x86_experience1.csv, laptop-windows-x86_experience2.csv, laptop-windows-x86_experience3.csv"
performance,x86,Twofish,ECB,128,1024,key_avalanche_score,2,0.49958984375,0.49958984375,0.0,0.0,"laptop-windows-x86_experience1.csv, laptop-windows-x86_experience2.csv, laptop-windows-x86_experience3.csv"
performance,x86,Twofish,ECB,128,1024,throughput_dec_mbps,3,2.1909666504551666,2.1909666504551666,0.0,0.0,"laptop-windows-x86_experience1.csv, laptop-windows-x86_experience2.csv, laptop-windows-x86_experience3.csv"
performance,x86,Twofish,ECB,128,1024,throughput_enc_mbps,3,2.1366145987572436,2.1366145987572436,0.0,0.0,"laptop-windows-x86_experience1.csv, laptop-windows-x86_experience2.csv, laptop-windows-x86_experience3.csv"
performance,x86,Twofish,ECB,128,4096,avalanche_score,3,0.49832031250000003,0.49832031250000003,0.0,0.0,"laptop-windows-x86_experience1.csv, laptop-windows-x86_experience2.csv, laptop-windows-x86_experience3.csv"
performance,x86,Twofish,ECB,128,4096,avg_decrypt_time_s,3,0.002043543675293525,0.002043543675293525,0.0,0.0,"laptop-windows-x86_experience1.csv, laptop-windows-x86_experience2.csv, laptop-windows-x86_experience3.csv"
performance,x86,Twofish,ECB,128,4096,avg_encrypt_time_s,3,0.0019856100048248966,0.0019856100048248966,0.0,0.0,"laptop-windows-x86_experience1.csv, laptop-windows-x86_experience2.csv, laptop-windows-x86_experience3.csv"
performance,x86,Twofish,ECB,128,4096,key_avalanche_score,2,0.5035546875,0.5035546875,0.0,0.0,"laptop-windows-x86_experience1.csv, laptop-windows-x86_experience2.csv, laptop-windows-x86_experience3.csv"
performance,x86,Twofish,ECB,128,4096,throughput_dec_mbps,3,2.257241765142387,2.257241765142387,0.0,0.0,"laptop-windows-x86_experience1.csv, laptop-windows-x86_experience2.csv, laptop-windows-x86_experience3.csv"
performance,x86,Twofish,ECB,128,4096,throughput_enc_mbps,3,2.313866676744556,2.313866676744556,0.0,0.0,"laptop-windows-x86_experience1.csv, laptop-windows-x86_experience2.csv, laptop-windows-x86_experience3.csv"
performance,x86,Twofish,ECB,128,16384,avalanche_score,3,0.5015755208333333,0.5015755208333333,0.0,0.0,"laptop-windows-x86_experience1.csv, laptop-windows-x86_experience2.csv, laptop-windows-x86_experience3.csv"
performance,x86,Twofish,ECB,128,16384,avg_decrypt_time_s,3,0.0072064009999545904,0.0072064009999545904,0.0,0.0,"laptop-windows-x86_experience1.csv, laptop-windows-x86_experience2.csv, laptop-windows-x86_experience3.csv"
performance,x86,Twofish,ECB,128,16384,avg_encrypt_time_s,3,0.00768897533416748,0.00768897533416748,0.0,0.0,"laptop-windows-x86_experience1.csv, laptop-windows-x86_experience2.csv, laptop-windows-x86_experience3.csv"
performance,x86,Twofish,ECB,128,16384,key_avalanche_score,2,0.49941406250000003,0.49941406250000003,0.0,0.0,"laptop-windows-x86_experience1.csv, laptop-windows-x86_experience2.csv, laptop-windows-x86_experience3.csv"
performance,x86,Twofish,ECB,128,16384,throughput_dec_mbps,3,2.4570858992562363,2.4570858992562363,0.0,0.0,"laptop-windows-x86_experience1.csv, laptop-windows-x86_experience2.csv, laptop-windows-x86_experience3.csv"
performance,x86,Twofish,ECB,128,16384,throughput_enc_mbps,3,2.214541415653948,2.214541415653948,0.0,0.0,"laptop-windows-x86_experience1.csv, laptop-windows-x86_experience2.csv, laptop-windows-x86_experience3.csv"
performance,x86,Twofish,ECB,192,64,avalanche_score,3,0.5003515625,0.5003515625,0.0,0.0,"laptop-windows-x86_experience1.csv, laptop-windows-x86_experience2.csv, laptop-windows-x86_experience3.csv"
performance,x86,Twofish,ECB,192,64,avg_decrypt_time_s,3,3.7324329993377124e-05,3.7324329993377124e-05,0.0,0.0,"laptop-windows-x86_experience1.csv, laptop-windows-x86_experience2.csv, laptop-windows-x86_experience3.csv"
performance,x86,Twofish,ECB,192,64,avg_encrypt_time_s,3,3.138800074035923e-05,3.138800074035923e-05,0.0,0.0,"laptop-windows-x86_experience1.csv, laptop-windows-x86_experience2.csv, laptop-windows-x86_experience3.csv"
performance,x86,Twofish,ECB,192,64,key_avalanche_score,2,0.50111328125,0.50111328125,0.0,0.0,"laptop-windows-x86_experience1.csv, laptop-windows-x86_experience2.csv, laptop-windows-x86_experience3.csv"
performance,x86,Twofish,ECB,192,64,throughput_dec_mbps,3,1.8429736629291895,1.8429736629291895,0.0,0.0,"laptop-windows-x86_experience1.csv, laptop-windows-x86_experience2.csv, laptop-windows-x86_experience3.csv"
performance,x86,Twofish,ECB,192,64,throughput_enc_mbps,3,1.957533131564212,1.957533131564212,0.0,0.0,"laptop-windows-x86_experience1.csv, laptop-windows-x86_experience2.csv, laptop-windows-x86_experience3.csv"
performance,x86,Twofish,ECB,192,256,avalanche_score,3,0.493828125,0.493828125,0.0,0.0,"laptop-windows-x86_experience1.csv, laptop-windows-x86_experience2.csv, laptop-windows-x86_experience3.csv"
performance,x86,Twofish,ECB,192,256,avg_decrypt_time_s,3,0.00010439866688102485,0.00010439866688102485,0.0,0.0,"laptop-windows-x86_experience1.csv, laptop-windows-x86_experience2.csv, laptop-windows-x86_experience3.csv"
performance,x86,Twofish,ECB,192,256,avg_encrypt_time_s,3,0.00010607399589692553,0.00010607399589692553,0.0,0.0,"laptop-windows-x86_experience1.csv, laptop-windows-x86_experience2.csv, laptop-windows-x86_experience3.csv"
performance,x86,Twofish,ECB,192,256,key_avalanche_score,2,0.5001171875,0.5001171875,0.0,0.0,"laptop-windows-x86_experience1.csv, laptop-windows-x86_experience2.csv, laptop-windows-x86_experience3.csv"
performance,x86,Twofish,ECB,192,256,throughput_dec_mbps,3,2.4115450852682483,2.4115450852682483,0.0,0.0,"laptop-windows-x86_experience1.csv, laptop-windows-x86_experience2.csv, laptop-windows-x86_experience3.csv"
performance,x86,Twofish,ECB,192,256,throughput_enc_mbps,3,2.3844861069457335,2.3844861069457335,0.0,0.0,"laptop-windows-x86_experience1.csv, laptop-windows-x86_experience2.csv, laptop-windows-x86_experience3.csv"
performance,x86,Twofish,ECB,192,1024,avalanche_score,3,0.5040625,0.5040625,0.0,0.0,"laptop-windows-x86_experience1.csv, laptop-windows-x86_experience2.csv, laptop-windows-x86_experience3.csv"
performance,x86,Twofish,ECB,192,1024,avg_decrypt_time_s,3,0.00047721633144343886,0.00047721633144343886,0.0,0.0,"laptop-windows-x86_experience1.csv, laptop-windows-x86_experience2.csv, laptop-windows-x86_experience3.csv"
performance,x86,Twofish,ECB,192,1024,avg_encrypt_time_s,3,0.001061546338411669,0.001061546338411669,0.0,0.0,"laptop-windows-x86_experience1.csv, laptop-windows-x86_experience2.csv, laptop-windows-x86_experience3.csv"
performance,x86,Twofish,ECB,192,1024,key_avalanche_score,2,0.50166015625,0.50166015625,0.0,0.0,"laptop-windows-x86_experience1.csv, laptop-windows-x86_experience2.csv, laptop-windows-x86_experience3.csv"
performance,x86,Twofish,ECB,192,1024,throughput_dec_mbps,3,2.335358957378744,2.335358957378744,0.0,0.0,"laptop-windows-x86_experience1.csv, laptop-windows-x86_experience2.csv, laptop-windows-x86_experience3.csv"
performance,x86,Twofish,ECB,192,1024,throughput_enc_mbps,3,1.9927574818198714,1.9927574818198714,0.0,0.0,"laptop-windows-x86_experience1.csv, laptop-windows-x86_experience2.csv, laptop-windows-x86_experience3.csv"
performance,x86,Twofish,ECB,192,4096,avalanche_score,3,0.4991796875,0.4991796875,0.0,0.0,"laptop-windows-x86_experience1.csv, laptop-windows-x86_experience2.csv, laptop-windows-x86_experience3.csv"
performance,x86,Twofish,ECB,192,4096,avg_decrypt_time_s,3,0.00174475366792952,0.00174475366792952,0.0,0.0,"laptop-windows-x86_experience1.csv, laptop-windows-x86_experience2.csv, laptop-windows-x86_experience3.csv"
performance,x86,Twofish,ECB,192,4096,avg_encrypt_time_s,3,0.001855652337738623,0.001855652337738623,0.0,0.0,"laptop-windows-x86_experience1.csv, laptop-windows-x86_experience2.csv, laptop-windows-x86_experience3.csv"
performance,x86,Twofish,ECB,192,4096,key_avalanche_score,2,0.5003124999999999,0.5003124999999999,0.0,0.0,"laptop-windows-x86_experience1.csv, laptop-windows-x86_experience2.csv, laptop-windows-x86_experience3.csv"
performance,x86,Twofish,ECB,192,4096,throughput_dec_mbps,3,2.456680888973208,2.456680888973208,0.0,0.0,"laptop-windows-x86_experience1.csv, laptop-windows-x86_experience2.csv, laptop-windows-x86_experience3.csv"
performance,x86,Twofish,ECB,192,4096,throughput_enc_mbps,3,2.3306271077901237,2.3306271077901237,0.0,0.0,"laptop-windows-x86_experience1.csv, laptop-windows-x86_experience2.csv, laptop-windows-x86_experience3.csv"
performance,x86,Twofish,ECB,192,16384,avalanche_score,3,0.49774739583333333,0.49774739583333333,0.0,0.0,"laptop-windows-x86_experience1.csv, laptop-windows-x86_experience2.csv, laptop-windows-x86_experience3.csv"
performance,x86,Twofish,ECB,192,16384,avg_decrypt_time_s,3,0.00885110599376882,0.00885110599376882,0.0,0.0,"laptop-windows-x86_experience1.csv, laptop-windows-x86_experience2.csv, laptop-windows-x86_experience3.csv"
performance,x86,Twofish,ECB,192,16384,avg_encrypt_time_s,3,0.008494437326832364,0.008494437326832364,0.0,0.0,"laptop-windows-x86_experience1.csv, laptop-windows-x86_experience2.csv, laptop-windows-x86_experience3.csv"
performance,x86,Twofish,ECB,192,16384,key_avalanche_score,2,0.50060546875,0.50060546875,0.0,0.0,"laptop-windows-x86_experience1.csv, laptop-windows-x86_experience2.csv, laptop-windows-x86_experience3.csv"
performance,x86,Twofish,ECB,192,16384,throughput_dec_mbps,3,2.1932998996869597,2.1932998996869597,0.0,0.0,"laptop-windows-x86_experience1.csv, laptop-windows-x86_experience2.csv, laptop-windows-x86_experience3.csv"
performance,x86,Twofish,ECB,192,16384,throughput_enc_mbps,3,2.162116781746011,2.162116781746011,0.0,0.0,"laptop-windows-x86_experience1.csv, laptop-windows-x86_experience2.csv, laptop-windows-x86_experience3.csv"
performance,x86,Twofish,ECB,256,64,avalanche_score,3,0.49929687500000003,0.49929687500000003,0.0,0.0,"laptop-windows-x86_experience1.csv, laptop-windows-x86_experience2.csv, laptop-windows-x86_experience3.csv"
performance,x86,Twofish,ECB,256,64,avg_decrypt_time_s,3,3.086766460910439e-05,3.086766460910439e-05,0.0,0.0,"laptop-windows-x86_experience1.csv, laptop-windows-x86_experience2.csv, laptop-windows-x86_experience3.csv"
performance,x86,Twofish,ECB,256,64,avg_encrypt_time_s,3,4.059499284873406e-05,4.059499284873406e-05,0.0,0.0,"laptop-windows-x86_experience1.csv, laptop-windows-x86_experience2.csv, laptop-windows-x86_experience3.csv"
performance,x86,Twofish,ECB,256,64,key_avalanche_score,2,0.5009765625,0.5009765625,0.0,0.0,"laptop-windows-x86_experience1.csv, laptop-windows-x86_experience2.csv, laptop-windows-x86_experience3.csv"
performance,x86,Twofish,ECB,256,64,throughput_dec_mbps,3,2.0311173404457263,2.0311173404457263,0.0,0.0,"laptop-windows-x86_experience1.csv, laptop-windows-x86_experience2.csv, laptop-windows-x86_experience3.csv"
performance,x86,Twofish,ECB,256,64,throughput_enc_mbps,3,1.6469438975540782,1.6469438975540782,0.0,0.0,"laptop-windows-x86_experience1.csv, laptop-windows-x86_experience2.csv, laptop-windows-x86_experience3.csv"
performance,x86,Twofish,ECB,256,256,avalanche_score,3,0.497734375,0.497734375,0.0,0.0,"laptop-windows-x86_experience1.csv, laptop-windows-x86_experience2.csv, laptop-windows-x86_experience3.csv"
performance,x86,Twofish,ECB,256,256,avg_decrypt_time_s,3,0.00013060533441603184,0.00013060533441603184,0.0,0.0,"laptop-windows-x86_experience1.csv, laptop-windows-x86_experience2.csv, laptop-windows-x86_experience3.csv"
performance,x86,Twofish,ECB,256,256,avg_encrypt_time_s,3,0.00011036033198858301,0.00011036033198858301,0.0,0.0,"laptop-windows-x86_experience1.csv, laptop-windows-x86_experience2.csv, laptop-windows-x86_experience3.csv"
performance,x86,Twofish,ECB,256,256,key_avalanche_score,2,0.5016015625,0.5016015625,0.0,0.0,"laptop-windows-x86_experience1.csv, laptop-windows-x86_experience2.csv, laptop-windows-x86_experience3.csv"
performance,x86,Twofish,ECB,256,256,throughput_dec_mbps,3,2.180827912230052,2.180827912230052,0.0,0.0,"laptop-windows-x86_experience1.csv, laptop-windows-x86_experience2.csv, laptop-windows-x86_experience3.csv"
performance,x86,Twofish,ECB,256,256,throughput_enc_mbps,3,2.3453834013285246,2.3453834013285246,0.0,0.0,"laptop-windows-x86_experience1.csv, laptop-windows-x86_experience2.csv, laptop-windows-x86_experience3.csv"
performance,x86,Twofish,ECB,256,1024,avalanche_score,3,0.5028645833333333,0.5028645833333333,0.0,0.0,"laptop-windows-x86_experience1.csv, laptop-windows-x86_experience2.csv, laptop-windows-x86_experience3.csv"
performance,x86,Twofish,ECB,256,1024,avg_decrypt_time_s,3,0.0006403009997059902,0.0006403009997059902,0.0,0.0,"laptop-windows-x86_experience1.csv, laptop-windows-x86_experience2.csv, laptop-windows-x86_experience3.csv"
performance,x86,Twofish,ECB,256,1024,avg_encrypt_time_s,3,0.0005172589964543779,0.0005172589964543779,0.0,0.0,"laptop-windows-x86_experience1.csv, laptop-windows-x86_experience2.csv, laptop-windows-x86_experience3.csv"
performance,x86,Twofish,ECB,256,1024,key_avalanche_score,2,0.5015234375,0.5015234375,0.0,0.0,"laptop-windows-x86_experience1.csv, laptop-windows-x86_experience2.csv, laptop-windows-x86_experience3.csv"
performance,x86,Twofish,ECB,256,1024,throughput_dec_mbps,3,2.1954775172112617,2.1954775172112617,0.0,0.0,"laptop-windows-x86_experience1.csv, laptop-windows-x86_experience2.csv, laptop-windows-x86_experience3.csv"
performance,x86,Twofish,ECB,256,1024,throughput_enc_mbps,3,2.245822718366243,2.245822718366243,0.0,0.0,"laptop-windows-x86_experience1.csv, laptop-windows-x86_experience2.csv, laptop-windows-x86_experience3.csv"
performance,x86,Twofish,ECB,256,4096,avalanche_score,3,0.4984114583333333,0.4984114583333333,0.0,0.0,"laptop-windows-x86_experience1.csv, laptop-windows-x86_experience2.csv, laptop-windows-x86_experience3.csv"
performance,x86,Twofish,ECB,256,4096,avg_decrypt_time_s,3,0.001927103999381264,0.001927103999381264,0.0,0.0,"laptop-windows-x86_experience1.csv, laptop-windows-x86_experience2.csv, laptop-windows-x86_experience3.csv"
performance,x86,Twofish,ECB,256,4096,avg_encrypt_time_s,3,0.0018058276649874944,0.0018058276649874944,0.0,0.0,"laptop-windows-x86_experience1.csv, laptop-windows-x86_experience2.csv, laptop-windows-x86_experience3.csv"
performance,x86,Twofish,ECB,256,4096,key_avalanche_score,2,0.499765625,0.499765625,0.0,0.0,"laptop-windows-x86_experience1.csv, laptop-windows-x86_experience2.csv, laptop-windows-x86_experience3.csv"
performance,x86,Twofish,ECB,256,4096,throughput_dec_mbps,3,2.2771009965939366,2.2771009965939366,0.0,0.0,"laptop-windows-x86_experience1.csv, laptop-windows-x86_experience2.csv, laptop-windows-x86_experience3.csv"
performance,x86,Twofish,ECB,256,4096,throughput_enc_mbps,3,2.444563559793269,2.444563559793269,0.0,0.0,"laptop-windows-x86_experience1.csv, laptop-windows-x86_experience2.csv, laptop-windows-x86_experience3.csv"
performance,x86,Twofish,ECB,256,16384,avalanche_score,3,0.5000390625000001,0.5000390625000001,0.0,0.0,"laptop-windows-x86_experience1.csv, laptop-windows-x86_experience2.csv, laptop-windows-x86_experience3.csv"
performance,x86,Twofish,ECB,256,16384,avg_decrypt_time_s,3,0.006060574336443096,0.006060574336443096,0.0,0.0,"laptop-windows-x86_experience1.csv, laptop-windows-x86_experience2.csv, laptop-windows-x86_experience3.csv"
performance,x86,Twofish,ECB,256,16384,avg_encrypt_time_s,3,0.006271507337999842,0.006271507337999842,0.0,0.0,"laptop-windows-x86_experience1.csv, laptop-windows-x86_experience2.csv, laptop-windows-x86_experience3.csv"
performance,x86,Twofish,ECB,256,16384,key_avalanche_score,2,0.5016796875,0.5016796875,0.0,0.0,"laptop-windows-x86_experience1.csv, laptop-windows-x86_experience2.csv, laptop-windows-x86_experience3.csv"
performance,x86,Twofish,ECB,256,16384,throughput_dec_mbps,3,2.637157320380321,2.637157320380321,0.0,0.0,"laptop-windows-x86_experience1.csv, laptop-windows-x86_experience2.csv, laptop-windows-x86_experience3.csv"
performance,x86,Twofish,ECB,256,16384,throughput_enc_mbps,3,2.574153332396237,2.574153332396237,0.0,0.0,"laptop-windows-x86_experience1.csv, laptop-windows-x86_experience2.csv, laptop-windows-x86_experience3.csv"
platform_comparison,raspberry_pi,3DES,CBC,128,64,avalanche,3,0.49809895833333334,0.49809895833333334,0.0,0.0,"raspberry-pi_experience1.csv, raspberry-pi_experience2.csv, raspberry-pi_experience3.csv"
platform_comparison,raspberry_pi,3DES,CBC,128,64,ci95_enc,3,0.010254095554739719,0.010254095554739719,0.0,0.0,"raspberry-pi_experience1.csv, raspberry-pi_experience2.csv, raspberry-pi_experience3.csv"
platform_comparison,raspberry_pi,3DES,CBC,128,64,key_avalanche,3,0.43682291666666667,0.43682291666666667,0.0,0.0,"raspberry-pi_experience1.csv, raspberry-pi_experience2.csv, raspberry-pi_experience3.csv"
platform_comparison,raspberry_pi,3DES,CBC,128,64,throughput_dec,3,0.3148928848200308,0.3148928848200308,0.0,0.0,"raspberry-pi_experience1.csv, raspberry-pi_experience2.csv, raspberry-pi_experience3.csv"
platform_comparison,raspberry_pi,3DES,CBC,128,64,throughput_enc,3,0.3815276348401993,0.3815276348401993,0.0,0.0,"raspberry-pi_experience1.csv, raspberry-pi_experience2.csv, raspberry-pi_experience3.csv"
platform_comparison,raspberry_pi,3DES,CBC,128,256,avalanche,3,0.501796875,0.501796875,0.0,0.0,"raspberry-pi_experience1.csv, raspberry-pi_experience2.csv, raspberry-pi_experience3.csv"
platform_comparison,raspberry_pi,3DES,CBC,128,256,ci95_enc,3,0.010048315671199159,0.010048315671199159,0.0,0.0,"raspberry-pi_experience1.csv, raspberry-pi_experience2.csv, raspberry-pi_experience3.csv"
platform_comparison,raspberry_pi,3DES,CBC,128,256,key_avalanche,3,0.4437760416666667,0.4437760416666667,0.0,0.0,"raspberry-pi_experience1.csv, raspberry-pi_experience2.csv, raspberry-pi_experience3.csv"
platform_comparison,raspberry_pi,3DES,CBC,128,256,throughput_dec,3,0.9183219774297552,0.9183219774297552,0.0,0.0,"raspberry-pi_experience1.csv, raspberry-pi_experience2.csv, raspberry-pi_experience3.csv"
platform_comparison,raspberry_pi,3DES,CBC,128,256,throughput_enc,3,0.42797349416503433,0.42797349416503433,0.0,0.0,"raspberry-pi_experience1.csv, raspberry-pi_experience2.csv, raspberry-pi_experience3.csv"
platform_comparison,raspberry_pi,3DES,CBC,128,1024,avalanche,3,0.49736979166666667,0.49736979166666667,0.0,0.0,"raspberry-pi_experience1.csv, raspberry-pi_experience2.csv, raspberry-pi_experience3.csv"
platform_comparison,raspberry_pi,3DES,CBC,128,1024,ci95_enc,3,0.008571162843282158,0.008571162843282158,0.0,0.0,"raspberry-pi_experience1.csv, raspberry-pi_experience2.csv, raspberry-pi_experience3.csv"
platform_comparison,raspberry_pi,3DES,CBC,128,1024,key_avalanche,3,0.4318489583333333,0.4318489583333333,0.0,0.0,"raspberry-pi_experience1.csv, raspberry-pi_experience2.csv, raspberry-pi_experience3.csv"
platform_comparison,raspberry_pi,3DES,CBC,128,1024,throughput_dec,3,1.9507975845609336,1.9507975845609336,0.0,0.0,"raspberry-pi_experience1.csv, raspberry-pi_experience2.csv, raspberry-pi_experience3.csv"
platform_comparison,raspberry_pi,3DES,CBC,128,1024,throughput_enc,3,0.45314871368517623,0.45314871368517623,0.0,0.0,"raspberry-pi_experience1.csv, raspberry-pi_experience2.csv, raspberry-pi_experience3.csv"
platform_comparison,raspberry_pi,3DES,CBC,128,4096,avalanche,3,0.5028385416666666,0.5028385416666666,0.0,0.0,"raspberry-pi_experience1.csv, raspberry-pi_experience2.csv, raspberry-pi_experience3.csv"
platform_comparison,raspberry_pi,3DES,CBC,128,4096,ci95_enc,3,0.0022235173839061113,0.0022235173839061113,0.0,0.0,"raspberry-pi_experience1.csv, raspberry-pi_experience2.csv, raspberry-pi_experience3.csv"
platform_comparison,raspberry_pi,3DES,CBC,128,4096,key_avalanche,3,0.42578125,0.42578125,0.0,0.0,"raspberry-pi_experience1.csv, raspberry-pi_experience2.csv, raspberry-pi_experience3.csv"
platform_comparison,raspberry_pi,3DES,CBC,128,4096,throughput_dec,3,2.919705932923557,2.919705932923557,0.0,0.0,"raspberry-pi_experience1.csv, raspberry-pi_experience2.csv, raspberry-pi_experience3.csv"
platform_comparison,raspberry_pi,3DES,CBC,128,4096,throughput_enc,3,0.4803257706545319,0.4803257706545319,0.0,0.0,"raspberry-pi_experience1.csv, raspberry-pi_experience2.csv, raspberry-pi_experience3.csv"
platform_comparison,raspberry_pi,3DES,CBC,128,16384,avalanche,3,0.5006770833333333,0.5006770833333333,0.0,0.0,"raspberry-pi_experience1.csv, raspberry-pi_experience2.csv, raspberry-pi_experience3.csv"
platform_comparison,raspberry_pi,3DES,CBC,128,16384,ci95_enc,3,0.0009370416817810872,0.0009370416817810872,0.0,0.0,"raspberry-pi_experience1.csv, raspberry-pi_experience2.csv, raspberry-pi_experience3.csv"
platform_comparison,raspberry_pi,3DES,CBC,128,16384,key_avalanche,3,0.44078124999999996,0.44078124999999996,0.0,0.0,"raspberry-pi_experience1.csv, raspberry-pi_experience2.csv, raspberry-pi_experience3.csv"
platform_comparison,raspberry_pi,3DES,CBC,128,16384,throughput_dec,3,3.605178362951411,3.605178362951411,0.0,0.0,"raspberry-pi_experience1.csv, raspberry-pi_experience2.csv, raspberry-pi_experience3.csv"
platform_comparison,raspberry_pi,3DES,CBC,128,16384,throughput_enc,3,0.4886419569772889,0.4886419569772889,0.0,0.0,"raspberry-pi_experience1.csv, raspberry-pi_experience2.csv, raspberry-pi_experience3.csv"
platform_comparison,raspberry_pi,3DES,CBC,192,64,avalanche,3,0.4993489583333333,0.4993489583333333,0.0,0.0,"raspberry-pi_experience1.csv, raspberry-pi_experience2.csv, raspberry-pi_experience3.csv"
platform_comparison,raspberry_pi,3DES,CBC,192,64,ci95_enc,3,0.010032553699047552,0.010032553699047552,0.0,0.0,"raspberry-pi_experience1.csv, raspberry-pi_experience2.csv, raspberry-pi_experience3.csv"
platform_comparison,raspberry_pi,3DES,CBC,192,64,key_avalanche,3,0.42802083333333335,0.42802083333333335,0.0,0.0,"raspberry-pi_experience1.csv, raspberry-pi_experience2.csv, raspberry-pi_experience3.csv"
platform_comparison,raspberry_pi,3DES,CBC,192,64,throughput_dec,3,0.2713775483922727,0.2713775483922727,0.0,0.0,"raspberry-pi_experience1.csv, raspberry-pi_experience2.csv, raspberry-pi_experience3.csv"
platform_comparison,raspberry_pi,3DES,CBC,192,64,throughput_enc,3,0.3845971394685533,0.3845971394685533,0.0,0.0,"raspberry-pi_experience1.csv, raspberry-pi_experience2.csv, raspberry-pi_experience3.csv"
platform_comparison,raspberry_pi,3DES,CBC,192,256,avalanche,3,0.4927083333333333,0.4927083333333333,0.0,0.0,"raspberry-pi_experience1.csv, raspberry-pi_experience2.csv, raspberry-pi_experience3.csv"
platform_comparison,raspberry_pi,3DES,CBC,192,256,ci95_enc,3,0.007570652608202981,0.007570652608202981,0.0,0.0,"raspberry-pi_experience1.csv, raspberry-pi_experience2.csv, raspberry-pi_experience3.csv"
platform_comparison,raspberry_pi,3DES,CBC,192,256,key_avalanche,3,0.435625,0.435625,0.0,0.0,"raspberry-pi_experience1.csv, raspberry-pi_experience2.csv, raspberry-pi_experience3.csv"
platform_comparison,raspberry_pi,3DES,CBC,192,256,throughput_dec,3,0.8276899521402487,0.8276899521402487,0.0,0.0,"raspberry-pi_experience1.csv, raspberry-pi_experience2.csv, raspberry-pi_experience3.csv"
platform_comparison,raspberry_pi,3DES,CBC,192,256,throughput_enc,3,0.4423445823706376,0.4423445823706376,0.0,0.0,"raspberry-pi_experience1.csv, raspberry-pi_experience2.csv, raspberry-pi_experience3.csv"
platform_comparison,raspberry_pi,3DES,CBC,192,1024,avalanche,3,0.5025000000000001,0.5025000000000001,0.0,0.0,"raspberry-pi_experience1.csv, raspberry-pi_experience2.csv, raspberry-pi_experience3.csv"
platform_comparison,raspberry_pi,3DES,CBC,192,1024,ci95_enc,3,0.003963020597206581,0.003963020597206581,0.0,0.0,"raspberry-pi_experience1.csv, raspberry-pi_experience2.csv, raspberry-pi_experience3.csv"
platform_comparison,raspberry_pi,3DES,CBC,192,1024,key_avalanche,3,0.43700520833333334,0.43700520833333334,0.0,0.0,"raspberry-pi_experience1.csv, raspberry-pi_experience2.csv, raspberry-pi_experience3.csv"
platform_comparison,raspberry_pi,3DES,CBC,192,1024,throughput_dec,3,1.822694161350346,1.822694161350346,0.0,0.0,"raspberry-pi_experience1.csv, raspberry-pi_experience2.csv, raspberry-pi_experience3.csv"
platform_comparison,raspberry_pi,3DES,CBC,192,1024,throughput_enc,3,0.4666243132138484,0.4666243132138484,0.0,0.0,"raspberry-pi_experience1.csv, raspberry-pi_experience2.csv, raspberry-pi_experience3.csv"
platform_comparison,raspberry_pi,3DES,CBC,192,4096,avalanche,3,0.5027343750000001,0.5027343750000001,0.0,0.0,"raspberry-pi_experience1.csv, raspberry-pi_experience2.csv, raspberry-pi_experience3.csv"
platform_comparison,raspberry_pi,3DES,CBC,192,4096,ci95_enc,3,0.0021934866435462156,0.0021934866435462156,0.0,0.0,"raspberry-pi_experience1.csv, raspberry-pi_experience2.csv, raspberry-pi_experience3.csv"
platform_comparison,raspberry_pi,3DES,CBC,192,4096,key_avalanche,3,0.44328125,0.44328125,0.0,0.0,"raspberry-pi_experience1.csv, raspberry-pi_experience2.csv, raspberry-pi_experience3.csv"
platform_comparison,raspberry_pi,3DES,CBC,192,4096,throughput_dec,3,2.861440217475677,2.861440217475677,0.0,0.0,"raspberry-pi_experience1.csv, raspberry-pi_experience2.csv, raspberry-pi_experience3.csv"
platform_comparison,raspberry_pi,3DES,CBC,192,4096,throughput_enc,3,0.4806177304084511,0.4806177304084511,0.0,0.0,"raspberry-pi_experience1.csv, raspberry-pi_experience2.csv, raspberry-pi_experience3.csv"
platform_comparison,raspberry_pi,3DES,CBC,192,16384,avalanche,3,0.498828125,0.498828125,0.0,0.0,"raspberry-pi_experience1.csv, raspberry-pi_experience2.csv, raspberry-pi_experience3.csv"
platform_comparison,raspberry_pi,3DES,CBC,192,16384,ci95_enc,3,0.001144975434794817,0.001144975434794817,0.0,0.0,"raspberry-pi_experience1.csv, raspberry-pi_experience2.csv, raspberry-pi_experience3.csv"
platform_comparison,raspberry_pi,3DES,CBC,192,16384,key_avalanche,3,0.44007812500000004,0.44007812500000004,0.0,0.0,"raspberry-pi_experience1.csv, raspberry-pi_experience2.csv, raspberry-pi_experience3.csv"
platform_comparison,raspberry_pi,3DES,CBC,192,16384,throughput_dec,3,3.5970145940494436,3.5970145940494436,0.0,0.0,"raspberry-pi_experience1.csv, raspberry-pi_experience2.csv, raspberry-pi_experience3.csv"
platform_comparison,raspberry_pi,3DES,CBC,192,16384,throughput_enc,3,0.4877696524678578,0.4877696524678578,0.0,0.0,"raspberry-pi_experience1.csv, raspberry-pi_experience2.csv, raspberry-pi_experience3.csv"
platform_comparison,raspberry_pi,3DES,CTR,128,64,avalanche,3,0.4990885416666666,0.4990885416666666,0.0,0.0,"raspberry-pi_experience1.csv, raspberry-pi_experience2.csv, raspberry-pi_experience3.csv"
platform_comparison,raspberry_pi,3DES,CTR,128,64,ci95_enc,3,0.009036110391595504,0.009036110391595504,0.0,0.0,"raspberry-pi_experience1.csv, raspberry-pi_experience2.csv, raspberry-pi_experience3.csv"
platform_comparison,raspberry_pi,3DES,CTR,128,64,key_avalanche,3,0.4492708333333333,0.4492708333333333,0.0,0.0,"raspberry-pi_experience1.csv, raspberry-pi_experience2.csv, raspberry-pi_experience3.csv"
platform_comparison,raspberry_pi,3DES,CTR,128,64,throughput_dec,3,0.30117515751269147,0.30117515751269147,0.0,0.0,"raspberry-pi_experience1.csv, raspberry-pi_experience2.csv, raspberry-pi_experience3.csv"
platform_comparison,raspberry_pi,3DES,CTR,128,64,throughput_enc,3,0.3005463454178643,0.3005463454178643,0.0,0.0,"raspberry-pi_experience1.csv, raspberry-pi_experience2.csv, raspberry-pi_experience3.csv"
platform_comparison,raspberry_pi,3DES,CTR,128,256,avalanche,3,0.501328125,0.501328125,0.0,0.0,"raspberry-pi_experience1.csv, raspberry-pi_experience2.csv, raspberry-pi_experience3.csv"
platform_comparison,raspberry_pi,3DES,CTR,128,256,ci95_enc,3,0.031367794439896034,0.031367794439896034,0.0,0.0,"raspberry-pi_experience1.csv, raspberry-pi_experience2.csv, raspberry-pi_experience3.csv"
platform_comparison,raspberry_pi,3DES,CTR,128,256,key_avalanche,3,0.44018229166666667,0.44018229166666667,0.0,0.0,"raspberry-pi_experience1.csv, raspberry-pi_experience2.csv, raspberry-pi_experience3.csv"
platform_comparison,raspberry_pi,3DES,CTR,128,256,throughput_dec,3,0.8365678741870285,0.8365678741870285,0.0,0.0,"raspberry-pi_experience1.csv, raspberry-pi_experience2.csv, raspberry-pi_experience3.csv"
platform_comparison,raspberry_pi,3DES,CTR,128,256,throughput_enc,3,0.8092175718500892,0.8092175718500892,0.0,0.0,"raspberry-pi_experience1.csv, raspberry-pi_experience2.csv, raspberry-pi_experience3.csv"
platform_comparison,raspberry_pi,3DES,CTR,128,1024,avalanche,3,0.5008854166666666,0.5008854166666666,0.0,0.0,"raspberry-pi_experience1.csv, raspberry-pi_experience2.csv, raspberry-pi_experience3.csv"
platform_comparison,raspberry_pi,3DES,CTR,128,1024,ci95_enc,3,0.03615707208241923,0.03615707208241923,0.0,0.0,"raspberry-pi_experience1.csv, raspberry-pi_experience2.csv, raspberry-pi_experience3.csv"
platform_comparison,raspberry_pi,3DES,CTR,128,1024,key_avalanche,3,0.44039062500000004,0.44039062500000004,0.0,0.0,"raspberry-pi_experience1.csv, raspberry-pi_experience2.csv, raspberry-pi_experience3.csv"
platform_comparison,raspberry_pi,3DES,CTR,128,1024,throughput_dec,3,1.6118953577016697,1.6118953577016697,0.0,0.0,"raspberry-pi_experience1.csv, raspberry-pi_experience2.csv, raspberry-pi_experience3.csv"
platform_comparison,raspberry_pi,3DES,CTR,128,1024,throughput_enc,3,1.6102625385691354,1.6102625385691354,0.0,0.0,"raspberry-pi_experience1.csv, raspberry-pi_experience2.csv, raspberry-pi_experience3.csv"
platform_comparison,raspberry_pi,3DES,CTR,128,4096,avalanche,3,0.5033333333333333,0.5033333333333333,0.0,0.0,"raspberry-pi_experience1.csv, raspberry-pi_experience2.csv, raspberry-pi_experience3.csv"
platform_comparison,raspberry_pi,3DES,CTR,128,4096,ci95_enc,3,0.029648564967901206,0.029648564967901206,0.0,0.0,"raspberry-pi_experience1.csv, raspberry-pi_experience2.csv, raspberry-pi_experience3.csv"
platform_comparison,raspberry_pi,3DES,CTR,128,4096,key_avalanche,3,0.43333333333333335,0.43333333333333335,0.0,0.0,"raspberry-pi_experience1.csv, raspberry-pi_experience2.csv, raspberry-pi_experience3.csv"
platform_comparison,raspberry_pi,3DES,CTR,128,4096,throughput_dec,3,2.2560716302652835,2.2560716302652835,0.0,0.0,"raspberry-pi_experience1.csv, raspberry-pi_experience2.csv, raspberry-pi_experience3.csv"
platform_comparison,raspberry_pi,3DES,CTR,128,4096,throughput_enc,3,2.24842041533612,2.24842041533612,0.0,0.0,"raspberry-pi_experience1.csv, raspberry-pi_experience2.csv, raspberry-pi_experience3.csv"
platform_comparison,raspberry_pi,3DES,CTR,128,16384,avalanche,3,0.5002083333333334,0.5002083333333334,0.0,0.0,"raspberry-pi_experience1.csv, raspberry-pi_experience2.csv, raspberry-pi_experience3.csv"
platform_comparison,raspberry_pi,3DES,CTR,128,16384,ci95_enc,3,0.024490350457835486,0.024490350457835486,0.0,0.0,"raspberry-pi_experience1.csv, raspberry-pi_experience2.csv, raspberry-pi_experience3.csv"
platform_comparison,raspberry_pi,3DES,CTR,128,16384,key_avalanche,3,0.4304427083333333,0.4304427083333333,0.0,0.0,"raspberry-pi_experience1.csv, raspberry-pi_experience2.csv, raspberry-pi_experience3.csv"
platform_comparison,raspberry_pi,3DES,CTR,128,16384,throughput_dec,3,2.651541786609801,2.651541786609801,0.0,0.0,"raspberry-pi_experience1.csv, raspberry-pi_experience2.csv, raspberry-pi_experience3.csv"
platform_comparison,raspberry_pi,3DES,CTR,128,16384,throughput_enc,3,2.634493008113841,2.634493008113841,0.0,0.0,"raspberry-pi_experience1.csv, raspberry-pi_experience2.csv, raspberry-pi_experience3.csv"
platform_comparison,raspberry_pi,3DES,CTR,192,64,avalanche,3,0.5033593749999999,0.5033593749999999,0.0,0.0,"raspberry-pi_experience1.csv, raspberry-pi_experience2.csv, raspberry-pi_experience3.csv"
platform_comparison,raspberry_pi,3DES,CTR,192,64,ci95_enc,3,0.011944518811263724,0.011944518811263724,0.0,0.0,"raspberry-pi_experience1.csv, raspberry-pi_experience2.csv, raspberry-pi_experience3.csv"
platform_comparison,raspberry_pi,3DES,CTR,192,64,key_avalanche,3,0.43432291666666667,0.43432291666666667,0.0,0.0,"raspberry-pi_experience1.csv, raspberry-pi_experience2.csv, raspberry-pi_experience3.csv"
platform_comparison,raspberry_pi,3DES,CTR,192,64,throughput_dec,3,0.2556185072631721,0.2556185072631721,0.0,0.0,"raspberry-pi_experience1.csv, raspberry-pi_experience2.csv, raspberry-pi_experience3.csv"
platform_comparison,raspberry_pi,3DES,CTR,192,64,throughput_enc,3,0.26260351266202436,0.26260351266202436,0.0,0.0,"raspberry-pi_experience1.csv, raspberry-pi_experience2.csv, raspberry-pi_experience3.csv"
platform_comparison,raspberry_pi,3DES,CTR,192,256,avalanche,3,0.5011197916666666,0.5011197916666666,0.0,0.0,"raspberry-pi_experience1.csv, raspberry-pi_experience2.csv, raspberry-pi_experience3.csv"
platform_comparison,raspberry_pi,3DES,CTR,192,256,ci95_enc,3,0.026560203012020892,0.026560203012020892,0.0,0.0,"raspberry-pi_experience1.csv, raspberry-pi_experience2.csv, raspberry-pi_experience3.csv"
platform_comparison,raspberry_pi,3DES,CTR,192,256,key_avalanche,3,0.4390885416666667,0.4390885416666667,0.0,0.0,"raspberry-pi_experience1.csv, raspberry-pi_experience2.csv, raspberry-pi_experience3.csv"
platform_comparison,raspberry_pi,3DES,CTR,192,256,throughput_dec,3,0.7644565318854198,0.7644565318854198,0.0,0.0,"raspberry-pi_experience1.csv, raspberry-pi_experience2.csv, raspberry-pi_experience3.csv"
platform_comparison,raspberry_pi,3DES,CTR,192,256,throughput_enc,3,0.7540625963144348,0.7540625963144348,0.0,0.0,"raspberry-pi_experience1.csv, raspberry-pi_experience2.csv, raspberry-pi_experience3.csv"
platform_comparison,raspberry_pi,3DES,CTR,192,1024,avalanche,3,0.50046875,0.50046875,0.0,0.0,"raspberry-pi_experience1.csv, raspberry-pi_experience2.csv, raspberry-pi_experience3.csv"
platform_comparison,raspberry_pi,3DES,CTR,192,1024,ci95_enc,3,0.03670138491002437,0.03670138491002437,0.0,0.0,"raspberry-pi_experience1.csv, raspberry-pi_experience2.csv, raspberry-pi_experience3.csv"
platform_comparison,raspberry_pi,3DES,CTR,192,1024,key_avalanche,3,0.4315625,0.4315625,0.0,0.0,"raspberry-pi_experience1.csv, raspberry-pi_experience2.csv, raspberry-pi_experience3.csv"
platform_comparison,raspberry_pi,3DES,CTR,192,1024,throughput_dec,3,1.4841553179916993,1.4841553179916993,0.0,0.0,"raspberry-pi_experience1.csv, raspberry-pi_experience2.csv, raspberry-pi_experience3.csv"
platform_comparison,raspberry_pi,3DES,CTR,192,1024,throughput_enc,3,1.4631869869411338,1.4631869869411338,0.0,0.0,"raspberry-pi_experience1.csv, raspberry-pi_experience2.csv, raspberry-pi_experience3.csv"
platform_comparison,raspberry_pi,3DES,CTR,192,4096,avalanche,3,0.49742187499999996,0.49742187499999996,0.0,0.0,"raspberry-pi_experience1.csv, raspberry-pi_experience2.csv, raspberry-pi_experience3.csv"
platform_comparison,raspberry_pi,3DES,CTR,192,4096,ci95_enc,3,0.03174733151068109,0.03174733151068109,0.0,0.0,"raspberry-pi_experience1.csv, raspberry-pi_experience2.csv, raspberry-pi_experience3.csv"
platform_comparison,raspberry_pi,3DES,CTR,192,4096,key_avalanche,3,0.4441927083333333,0.4441927083333333,0.0,0.0,"raspberry-pi_experience1.csv, raspberry-pi_experience2.csv, raspberry-pi_experience3.csv"
platform_comparison,raspberry_pi,3DES,CTR,192,4096,throughput_dec,3,2.2437261063470073,2.2437261063470073,0.0,0.0,"raspberry-pi_experience1.csv, raspberry-pi_experience2.csv, raspberry-pi_experience3.csv"
platform_comparison,raspberry_pi,3DES,CTR,192,4096,throughput_enc,3,2.242977855445337,2.242977855445337,0.0,0.0,"raspberry-pi_experience1.csv, raspberry-pi_experience2.csv, raspberry-pi_experience3.csv"
platform_comparison,raspberry_pi,3DES,CTR,192,16384,avalanche,3,0.49742187499999996,0.49742187499999996,0.0,0.0,"raspberry-pi_experience1.csv, raspberry-pi_experience2.csv, raspberry-pi_experience3.csv"
platform_comparison,raspberry_pi,3DES,CTR,192,16384,ci95_enc,3,0.024724955035237767,0.024724955035237767,0.0,0.0,"raspberry-pi_experience1.csv, raspberry-pi_experience2.csv, raspberry-pi_experience3.csv"
platform_comparison,raspberry_pi,3DES,CTR,192,16384,key_avalanche,3,0.43278645833333335,0.43278645833333335,0.0,0.0,"raspberry-pi_experience1.csv, raspberry-pi_experience2.csv, raspberry-pi_experience3.csv"
platform_comparison,raspberry_pi,3DES,CTR,192,16384,throughput_dec,3,2.635509663143629,2.635509663143629,0.0,0.0,"raspberry-pi_experience1.csv, raspberry-pi_experience2.csv, raspberry-pi_experience3.csv"
platform_comparison,raspberry_pi,3DES,CTR,192,16384,throughput_enc,3,2.623888173623597,2.623888173623597,0.0,0.0,"raspberry-pi_experience1.csv, raspberry-pi_experience2.csv, raspberry-pi_experience3.csv"
platform_comparison,raspberry_pi,3DES,ECB,128,64,avalanche,3,0.49765624999999997,0.49765624999999997,0.0,0.0,"raspberry-pi_experience1.csv, raspberry-pi_experience2.csv, raspberry-pi_experience3.csv"
platform_comparison,raspberry_pi,3DES,ECB,128,64,ci95_enc,3,0.01390520962301964,0.01390520962301964,0.0,0.0,"raspberry-pi_experience1.csv, raspberry-pi_experience2.csv, raspberry-pi_experience3.csv"
platform_comparison,raspberry_pi,3DES,ECB,128,64,key_avalanche,3,0.43953125,0.43953125,0.0,0.0,"raspberry-pi_experience1.csv, raspberry-pi_experience2.csv, raspberry-pi_experience3.csv"
platform_comparison,raspberry_pi,3DES,ECB,128,64,throughput_dec,3,0.40381102209592123,0.40381102209592123,0.0,0.0,"raspberry-pi_experience1.csv, raspberry-pi_experience2.csv, raspberry-pi_experience3.csv"
platform_comparison,raspberry_pi,3DES,ECB,128,64,throughput_enc,3,0.38685232354704063,0.38685232354704063,0.0,0.0,"raspberry-pi_experience1.csv, raspberry-pi_experience2.csv, raspberry-pi_experience3.csv"
platform_comparison,raspberry_pi,3DES,ECB,128,256,avalanche,3,0.4985677083333333,0.4985677083333333,0.0,0.0,"raspberry-pi_experience1.csv, raspberry-pi_experience2.csv, raspberry-pi_experience3.csv"
platform_comparison,raspberry_pi,3DES,ECB,128,256,ci95_enc,3,0.04749832188565815,0.04749832188565815,0.0,0.0,"raspberry-pi_experience1.csv, raspberry-pi_experience2.csv, raspberry-pi_experience3.csv"
platform_comparison,raspberry_pi,3DES,ECB,128,256,key_avalanche,3,0.4361458333333334,0.4361458333333334,0.0,0.0,"raspberry-pi_experience1.csv, raspberry-pi_experience2.csv, raspberry-pi_experience3.csv"
platform_comparison,raspberry_pi,3DES,ECB,128,256,throughput_dec,3,1.3905319600327146,1.3905319600327146,0.0,0.0,"raspberry-pi_experience1.csv, raspberry-pi_experience2.csv, raspberry-pi_experience3.csv"
platform_comparison,raspberry_pi,3DES,ECB,128,256,throughput_enc,3,1.3523590824303178,1.3523590824303178,0.0,0.0,"raspberry-pi_experience1.csv, raspberry-pi_experience2.csv, raspberry-pi_experience3.csv"
platform_comparison,raspberry_pi,3DES,ECB,128,1024,avalanche,3,0.502265625,0.502265625,0.0,0.0,"raspberry-pi_experience1.csv, raspberry-pi_experience2.csv, raspberry-pi_experience3.csv"
platform_comparison,raspberry_pi,3DES,ECB,128,1024,ci95_enc,3,0.10243080625496381,0.10243080625496381,0.0,0.0,"raspberry-pi_experience1.csv, raspberry-pi_experience2.csv, raspberry-pi_experience3.csv"
platform_comparison,raspberry_pi,3DES,ECB,128,1024,key_avalanche,3,0.44250000000000006,0.44250000000000006,0.0,0.0,"raspberry-pi_experience1.csv, raspberry-pi_experience2.csv, raspberry-pi_experience3.csv"
platform_comparison,raspberry_pi,3DES,ECB,128,1024,throughput_dec,3,3.683668170275599,3.683668170275599,0.0,0.0,"raspberry-pi_experience1.csv, raspberry-pi_experience2.csv, raspberry-pi_experience3.csv"
platform_comparison,raspberry_pi,3DES,ECB,128,1024,throughput_enc,3,3.404891693860448,3.404891693860448,0.0,0.0,"raspberry-pi_experience1.csv, raspberry-pi_experience2.csv, raspberry-pi_experience3.csv"
platform_comparison,raspberry_pi,3DES,ECB,128,4096,avalanche,3,0.499453125,0.499453125,0.0,0.0,"raspberry-pi_experience1.csv, raspberry-pi_experience2.csv, raspberry-pi_experience3.csv"
platform_comparison,raspberry_pi,3DES,ECB,128,4096,ci95_enc,3,0.1625637371412205,0.1625637371412205,0.0,0.0,"raspberry-pi_experience1.csv, raspberry-pi_experience2.csv, raspberry-pi_experience3.csv"
platform_comparison,raspberry_pi,3DES,ECB,128,4096,key_avalanche,3,0.45174479166666665,0.45174479166666665,0.0,0.0,"raspberry-pi_experience1.csv, raspberry-pi_experience2.csv, raspberry-pi_experience3.csv"
platform_comparison,raspberry_pi,3DES,ECB,128,4096,throughput_dec,3,6.789571001414253,6.789571001414253,0.0,0.0,"raspberry-pi_experience1.csv, raspberry-pi_experience2.csv, raspberry-pi_experience3.csv"
platform_comparison,raspberry_pi,3DES,ECB,128,4096,throughput_enc,3,6.6172263655059,6.6172263655059,0.0,0.0,"raspberry-pi_experience1.csv, raspberry-pi_experience2.csv, raspberry-pi_experience3.csv"
platform_comparison,raspberry_pi,3DES,ECB,128,16384,avalanche,3,0.5004947916666667,0.5004947916666667,0.0,0.0,"raspberry-pi_experience1.csv, raspberry-pi_experience2.csv, raspberry-pi_experience3.csv"
platform_comparison,raspberry_pi,3DES,ECB,128,16384,ci95_enc,3,0.13912125928182487,0.13912125928182487,0.0,0.0,"raspberry-pi_experience1.csv, raspberry-pi_experience2.csv, raspberry-pi_experience3.csv"
platform_comparison,raspberry_pi,3DES,ECB,128,16384,key_avalanche,3,0.43953125,0.43953125,0.0,0.0,"raspberry-pi_experience1.csv, raspberry-pi_experience2.csv, raspberry-pi_experience3.csv"
platform_comparison,raspberry_pi,3DES,ECB,128,16384,throughput_dec,3,9.394209455644338,9.394209455644338,0.0,0.0,"raspberry-pi_experience1.csv, raspberry-pi_experience2.csv, raspberry-pi_experience3.csv"
platform_comparison,raspberry_pi,3DES,ECB,128,16384,throughput_enc,3,9.062941689190726,9.062941689190726,0.0,0.0,"raspberry-pi_experience1.csv, raspberry-pi_experience2.csv, raspberry-pi_experience3.csv"
platform_comparison,raspberry_pi,3DES,ECB,192,64,avalanche,3,0.50140625,0.50140625,0.0,0.0,"raspberry-pi_experience1.csv, raspberry-pi_experience2.csv, raspberry-pi_experience3.csv"
platform_comparison,raspberry_pi,3DES,ECB,192,64,ci95_enc,3,0.011095943414101778,0.011095943414101778,0.0,0.0,"raspberry-pi_experience1.csv, raspberry-pi_experience2.csv, raspberry-pi_experience3.csv"
platform_comparison,raspberry_pi,3DES,ECB,192,64,key_avalanche,3,0.4259114583333334,0.4259114583333334,0.0,0.0,"raspberry-pi_experience1.csv, raspberry-pi_experience2.csv, raspberry-pi_experience3.csv"
platform_comparison,raspberry_pi,3DES,ECB,192,64,throughput_dec,3,0.324451575415589,0.324451575415589,0.0,0.0,"raspberry-pi_experience1.csv, raspberry-pi_experience2.csv, raspberry-pi_experience3.csv"
platform_comparison,raspberry_pi,3DES,ECB,192,64,throughput_enc,3,0.321204323116466,0.321204323116466,0.0,0.0,"raspberry-pi_experience1.csv, raspberry-pi_experience2.csv, raspberry-pi_experience3.csv"
platform_comparison,raspberry_pi,3DES,ECB,192,256,avalanche,3,0.49796875,0.49796875,0.0,0.0,"raspberry-pi_experience1.csv, raspberry-pi_experience2.csv, raspberry-pi_experience3.csv"
platform_comparison,raspberry_pi,3DES,ECB,192,256,ci95_enc,3,0.03698105109503446,0.03698105109503446,0.0,0.0,"raspberry-pi_experience1.csv, raspberry-pi_experience2.csv, raspberry-pi_experience3.csv"
platform_comparison,raspberry_pi,3DES,ECB,192,256,key_avalanche,3,0.444140625,0.444140625,0.0,0.0,"raspberry-pi_experience1.csv, raspberry-pi_experience2.csv, raspberry-pi_experience3.csv"
platform_comparison,raspberry_pi,3DES,ECB,192,256,throughput_dec,3,1.173625645245504,1.173625645245504,0.0,0.0,"raspberry-pi_experience1.csv, raspberry-pi_experience2.csv, raspberry-pi_experience3.csv"
platform_comparison,raspberry_pi,3DES,ECB,192,256,throughput_enc,3,1.1027087316226718,1.1027087316226718,0.0,0.0,"raspberry-pi_experience1.csv, raspberry-pi_experience2.csv, raspberry-pi_experience3.csv"
platform_comparison,raspberry_pi,3DES,ECB,192,1024,avalanche,3,0.5026302083333333,0.5026302083333333,0.0,0.0,"raspberry-pi_experience1.csv, raspberry-pi_experience2.csv, raspberry-pi_experience3.csv"
platform_comparison,raspberry_pi,3DES,ECB,192,1024,ci95_enc,3,0.10360676243608603,0.10360676243608603,0.0,0.0,"raspberry-pi_experience1.csv, raspberry-pi_experience2.csv, raspberry-pi_experience3.csv"
platform_comparison,raspberry_pi,3DES,ECB,192,1024,key_avalanche,3,0.4295572916666666,0.4295572916666666,0.0,0.0,"raspberry-pi_experience1.csv, raspberry-pi_experience2.csv, raspberry-pi_experience3.csv"
platform_comparison,raspberry_pi,3DES,ECB,192,1024,throughput_dec,3,3.271754671355012,3.271754671355012,0.0,0.0,"raspberry-pi_experience1.csv, raspberry-pi_experience2.csv, raspberry-pi_experience3.csv"
platform_comparison,raspberry_pi,3DES,ECB,192,1024,throughput_enc,3,3.208928615228602,3.208928615228602,0.0,0.0,"raspberry-pi_experience1.csv, raspberry-pi_experience2.csv, raspberry-pi_experience3.csv"
platform_comparison,raspberry_pi,3DES,ECB,192,4096,avalanche,3,0.49802083333333336,0.49802083333333336,0.0,0.0,"raspberry-pi_experience1.csv, raspberry-pi_experience2.csv, raspberry-pi_experience3.csv"
platform_comparison,raspberry_pi,3DES,ECB,192,4096,ci95_enc,3,0.14093490943763562,0.14093490943763562,0.0,0.0,"raspberry-pi_experience1.csv, raspberry-pi_experience2.csv, raspberry-pi_experience3.csv"
platform_comparison,raspberry_pi,3DES,ECB,192,4096,key_avalanche,3,0.4483333333333333,0.4483333333333333,0.0,0.0,"raspberry-pi_experience1.csv, raspberry-pi_experience2.csv, raspberry-pi_experience3.csv"
platform_comparison,raspberry_pi,3DES,ECB,192,4096,throughput_dec,3,6.528646326414545,6.528646326414545,0.0,0.0,"raspberry-pi_experience1.csv, raspberry-pi_experience2.csv, raspberry-pi_experience3.csv"
platform_comparison,raspberry_pi,3DES,ECB,192,4096,throughput_enc,3,6.3998689465880645,6.3998689465880645,0.0,0.0,"raspberry-pi_experience1.csv, raspberry-pi_experience2.csv, raspberry-pi_experience3.csv"
platform_comparison,raspberry_pi,3DES,ECB,192,16384,avalanche,3,0.49523437499999995,0.49523437499999995,0.0,0.0,"raspberry-pi_experience1.csv, raspberry-pi_experience2.csv, raspberry-pi_experience3.csv"
platform_comparison,raspberry_pi,3DES,ECB,192,16384,ci95_enc,3,0.13899838366117803,0.13899838366117803,0.0,0.0,"raspberry-pi_experience1.csv, raspberry-pi_experience2.csv, raspberry-pi_experience3.csv"
platform_comparison,raspberry_pi,3DES,ECB,192,16384,key_avalanche,3,0.45031250000000006,0.45031250000000006,0.0,0.0,"raspberry-pi_experience1.csv, raspberry-pi_experience2.csv, raspberry-pi_experience3.csv"
platform_comparison,raspberry_pi,3DES,ECB,192,16384,throughput_dec,3,9.152135944672558,9.152135944672558,0.0,0.0,"raspberry-pi_experience1.csv, raspberry-pi_experience2.csv, raspberry-pi_experience3.csv"
platform_comparison,raspberry_pi,3DES,ECB,192,16384,throughput_enc,3,8.832896111748836,8.832896111748836,0.0,0.0,"raspberry-pi_experience1.csv, raspberry-pi_experience2.csv, raspberry-pi_experience3.csv"
platform_comparison,raspberry_pi,AES,CBC,128,64,avalanche,3,0.5008333333333334,0.5008333333333334,0.0,0.0,"raspberry-pi_experience1.csv, raspberry-pi_experience2.csv, raspberry-pi_experience3.csv"
platform_comparison,raspberry_pi,AES,CBC,128,64,ci95_enc,3,0.0074535427678053085,0.0074535427678053085,0.0,0.0,"raspberry-pi_experience1.csv, raspberry-pi_experience2.csv, raspberry-pi_experience3.csv"
platform_comparison,raspberry_pi,AES,CBC,128,64,key_avalanche,3,0.49807291666666664,0.49807291666666664,0.0,0.0,"raspberry-pi_experience1.csv, raspberry-pi_experience2.csv, raspberry-pi_experience3.csv"
platform_comparison,raspberry_pi,AES,CBC,128,64,throughput_dec,3,0.8994594261123284,0.8994594261123284,0.0,0.0,"raspberry-pi_experience1.csv, raspberry-pi_experience2.csv, raspberry-pi_experience3.csv"
platform_comparison,raspberry_pi,AES,CBC,128,64,throughput_enc,3,0.25096149912207516,0.25096149912207516,0.0,0.0,"raspberry-pi_experience1.csv, raspberry-pi_experience2.csv, raspberry-pi_experience3.csv"
platform_comparison,raspberry_pi,AES,CBC,128,256,avalanche,3,0.49847656250000005,0.49847656250000005,0.0,0.0,"raspberry-pi_experience1.csv, raspberry-pi_experience2.csv, raspberry-pi_experience3.csv"
platform_comparison,raspberry_pi,AES,CBC,128,256,ci95_enc,3,0.00659935432392702,0.00659935432392702,0.0,0.0,"raspberry-pi_experience1.csv, raspberry-pi_experience2.csv, raspberry-pi_experience3.csv"
platform_comparison,raspberry_pi,AES,CBC,128,256,key_avalanche,3,0.49930989583333335,0.49930989583333335,0.0,0.0,"raspberry-pi_experience1.csv, raspberry-pi_experience2.csv, raspberry-pi_experience3.csv"
platform_comparison,raspberry_pi,AES,CBC,128,256,throughput_dec,3,2.5677417176659545,2.5677417176659545,0.0,0.0,"raspberry-pi_experience1.csv, raspberry-pi_experience2.csv, raspberry-pi_experience3.csv"
platform_comparison,raspberry_pi,AES,CBC,128,256,throughput_enc,3,0.31369876547576997,0.31369876547576997,0.0,0.0,"raspberry-pi_experience1.csv, raspberry-pi_experience2.csv, raspberry-pi_experience3.csv"
platform_comparison,raspberry_pi,AES,CBC,128,1024,avalanche,3,0.5024348958333333,0.5024348958333333,0.0,0.0,"raspberry-pi_experience1.csv, raspberry-pi_experience2.csv, raspberry-pi_experience3.csv"
platform_comparison,raspberry_pi,AES,CBC,128,1024,ci95_enc,3,0.003379063454702107,0.003379063454702107,0.0,0.0,"raspberry-pi_experience1.csv, raspberry-pi_experience2.csv, raspberry-pi_experience3.csv"
platform_comparison,raspberry_pi,AES,CBC,128,1024,key_avalanche,3,0.4994401041666667,0.4994401041666667,0.0,0.0,"raspberry-pi_experience1.csv, raspberry-pi_experience2.csv, raspberry-pi_experience3.csv"
platform_comparison,raspberry_pi,AES,CBC,128,1024,throughput_dec,3,3.44417667101631,3.44417667101631,0.0,0.0,"raspberry-pi_experience1.csv, raspberry-pi_experience2.csv, raspberry-pi_experience3.csv"
platform_comparison,raspberry_pi,AES,CBC,128,1024,throughput_enc,3,0.34115112022739763,0.34115112022739763,0.0,0.0,"raspberry-pi_experience1.csv, raspberry-pi_experience2.csv, raspberry-pi_experience3.csv"
platform_comparison,raspberry_pi,AES,CBC,128,4096,avalanche,3,0.49989583333333326,0.49989583333333326,0.0,0.0,"raspberry-pi_experience1.csv, raspberry-pi_experience2.csv, raspberry-pi_experience3.csv"
platform_comparison,raspberry_pi,AES,CBC,128,4096,ci95_enc,3,0.004054442492047463,0.004054442492047463,0.0,0.0,"raspberry-pi_experience1.csv, raspberry-pi_experience2.csv, raspberry-pi_experience3.csv"
platform_comparison,raspberry_pi,AES,CBC,128,4096,key_avalanche,3,0.49927083333333333,0.49927083333333333,0.0,0.0,"raspberry-pi_experience1.csv, raspberry-pi_experience2.csv, raspberry-pi_experience3.csv"
platform_comparison,raspberry_pi,AES,CBC,128,4096,throughput_dec,3,4.50256514582542,4.50256514582542,0.0,0.0,"raspberry-pi_experience1.csv, raspberry-pi_experience2.csv, raspberry-pi_experience3.csv"
platform_comparison,raspberry_pi,AES,CBC,128,4096,throughput_enc,3,0.336829145855583,0.336829145855583,0.0,0.0,"raspberry-pi_experience1.csv, raspberry-pi_experience2.csv, raspberry-pi_experience3.csv"
platform_comparison,raspberry_pi,AES,CBC,128,16384,avalanche,3,0.5007031249999999,0.5007031249999999,0.0,0.0,"raspberry-pi_experience1.csv, raspberry-pi_experience2.csv, raspberry-pi_experience3.csv"
platform_comparison,raspberry_pi,AES,CBC,128,16384,ci95_enc,3,0.006128385513596329,0.006128385513596329,0.0,0.0,"raspberry-pi_experience1.csv, raspberry-pi_experience2.csv, raspberry-pi_experience3.csv"
platform_comparison,raspberry_pi,AES,CBC,128,16384,key_avalanche,3,0.49921875,0.49921875,0.0,0.0,"raspberry-pi_experience1.csv, raspberry-pi_experience2.csv, raspberry-pi_experience3.csv"
platform_comparison,raspberry_pi,AES,CBC,128,16384,throughput_dec,3,5.648721881156182,5.648721881156182,0.0,0.0,"raspberry-pi_experience1.csv, raspberry-pi_experience2.csv, raspberry-pi_experience3.csv"
platform_comparison,raspberry_pi,AES,CBC,128,16384,throughput_enc,3,0.360119168192843,0.360119168192843,0.0,0.0,"raspberry-pi_experience1.csv, raspberry-pi_experience2.csv, raspberry-pi_experience3.csv"
platform_comparison,raspberry_pi,AES,CBC,192,64,avalanche,3,0.49861979166666665,0.49861979166666665,0.0,0.0,"raspberry-pi_experience1.csv, raspberry-pi_experience2.csv, raspberry-pi_experience3.csv"
platform_comparison,raspberry_pi,AES,CBC,192,64,ci95_enc,3,0.005449420948164681,0.005449420948164681,0.0,0.0,"raspberry-pi_experience1.csv, raspberry-pi_experience2.csv, raspberry-pi_experience3.csv"
platform_comparison,raspberry_pi,AES,CBC,192,64,key_avalanche,3,0.5024609375,0.5024609375,0.0,0.0,"raspberry-pi_experience1.csv, raspberry-pi_experience2.csv, raspberry-pi_experience3.csv"
platform_comparison,raspberry_pi,AES,CBC,192,64,throughput_dec,3,1.0762806382682262,1.0762806382682262,0.0,0.0,"raspberry-pi_experience1.csv, raspberry-pi_experience2.csv, raspberry-pi_experience3.csv"
platform_comparison,raspberry_pi,AES,CBC,192,64,throughput_enc,3,0.27995444925441987,0.27995444925441987,0.0,0.0,"raspberry-pi_experience1.csv, raspberry-pi_experience2.csv, raspberry-pi_experience3.csv"
platform_comparison,raspberry_pi,AES,CBC,192,256,avalanche,3,0.501484375,0.501484375,0.0,0.0,"raspberry-pi_experience1.csv, raspberry-pi_experience2.csv, raspberry-pi_experience3.csv"
platform_comparison,raspberry_pi,AES,CBC,192,256,ci95_enc,3,0.0022561922722860307,0.0022561922722860307,0.0,0.0,"raspberry-pi_experience1.csv, raspberry-pi_experience2.csv, raspberry-pi_experience3.csv"
platform_comparison,raspberry_pi,AES,CBC,192,256,key_avalanche,3,0.49808593749999996,0.49808593749999996,0.0,0.0,"raspberry-pi_experience1.csv, raspberry-pi_experience2.csv, raspberry-pi_experience3.csv"
platform_comparison,raspberry_pi,AES,CBC,192,256,throughput_dec,3,2.745546953287567,2.745546953287567,0.0,0.0,"raspberry-pi_experience1.csv, raspberry-pi_experience2.csv, raspberry-pi_experience3.csv"
platform_comparison,raspberry_pi,AES,CBC,192,256,throughput_enc,3,0.3430606823909466,0.3430606823909466,0.0,0.0,"raspberry-pi_experience1.csv, raspberry-pi_experience2.csv, raspberry-pi_experience3.csv"
platform_comparison,raspberry_pi,AES,CBC,192,1024,avalanche,3,0.4986067708333333,0.4986067708333333,0.0,0.0,"raspberry-pi_experience1.csv, raspberry-pi_experience2.csv, raspberry-pi_experience3.csv"
platform_comparison,raspberry_pi,AES,CBC,192,1024,ci95_enc,3,0.003397082681482744,0.003397082681482744,0.0,0.0,"raspberry-pi_experience1.csv, raspberry-pi_experience2.csv, raspberry-pi_experience3.csv"
platform_comparison,raspberry_pi,AES,CBC,192,1024,key_avalanche,3,0.49937499999999996,0.49937499999999996,0.0,0.0,"raspberry-pi_experience1.csv, raspberry-pi_experience2.csv, raspberry-pi_experience3.csv"
platform_comparison,raspberry_pi,AES,CBC,192,1024,throughput_dec,3,4.174685397725077,4.174685397725077,0.0,0.0,"raspberry-pi_experience1.csv, raspberry-pi_experience2.csv, raspberry-pi_experience3.csv"
platform_comparison,raspberry_pi,AES,CBC,192,1024,throughput_enc,3,0.3624449573282888,0.3624449573282888,0.0,0.0,"raspberry-pi_experience1.csv, raspberry-pi_experience2.csv, raspberry-pi_experience3.csv"
platform_comparison,raspberry_pi,AES,CBC,192,4096,avalanche,3,0.5010026041666666,0.5010026041666666,0.0,0.0,"raspberry-pi_experience1.csv, raspberry-pi_experience2.csv, raspberry-pi_experience3.csv"
platform_comparison,raspberry_pi,AES,CBC,192,4096,ci95_enc,3,0.0013898898866930767,0.0013898898866930767,0.0,0.0,"raspberry-pi_experience1.csv, raspberry-pi_experience2.csv, raspberry-pi_experience3.csv"
platform_comparison,raspberry_pi,AES,CBC,192,4096,key_avalanche,3,0.49983072916666665,0.49983072916666665,0.0,0.0,"raspberry-pi_experience1.csv, raspberry-pi_experience2.csv, raspberry-pi_experience3.csv"
platform_comparison,raspberry_pi,AES,CBC,192,4096,throughput_dec,3,5.080791804379945,5.080791804379945,0.0,0.0,"raspberry-pi_experience1.csv, raspberry-pi_experience2.csv, raspberry-pi_experience3.csv"
platform_comparison,raspberry_pi,AES,CBC,192,4096,throughput_enc,3,0.37334809753899156,0.37334809753899156,0.0,0.0,"raspberry-pi_experience1.csv, raspberry-pi_experience2.csv, raspberry-pi_experience3.csv"
platform_comparison,raspberry_pi,AES,CBC,192,16384,avalanche,3,0.5006380208333333,0.5006380208333333,0.0,0.0,"raspberry-pi_experience1.csv, raspberry-pi_experience2.csv, raspberry-pi_experience3.csv"
platform_comparison,raspberry_pi,AES,CBC,192,16384,ci95_enc,3,0.0004529116557129983,0.0004529116557129983,0.0,0.0,"raspberry-pi_experience1.csv, raspberry-pi_experience2.csv, raspberry-pi_experience3.csv"
platform_comparison,raspberry_pi,AES,CBC,192,16384,key_avalanche,3,0.50015625,0.50015625,0.0,0.0,"raspberry-pi_experience1.csv, raspberry-pi_experience2.csv, raspberry-pi_experience3.csv"
platform_comparison,raspberry_pi,AES,CBC,192,16384,throughput_dec,3,5.590918247630434,5.590918247630434,0.0,0.0,"raspberry-pi_experience1.csv, raspberry-pi_experience2.csv, raspberry-pi_experience3.csv"
platform_comparison,raspberry_pi,AES,CBC,192,16384,throughput_enc,3,0.3793289638482861,0.3793289638482861,0.0,0.0,"raspberry-pi_experience1.csv, raspberry-pi_experience2.csv, raspberry-pi_experience3.csv"
platform_comparison,raspberry_pi,AES,CBC,256,64,avalanche,3,0.4988932291666666,0.4988932291666666,0.0,0.0,"raspberry-pi_experience1.csv, raspberry-pi_experience2.csv, raspberry-pi_experience3.csv"
platform_comparison,raspberry_pi,AES,CBC,256,64,ci95_enc,3,0.004094557532467818,0.004094557532467818,0.0,0.0,"raspberry-pi_experience1.csv, raspberry-pi_experience2.csv, raspberry-pi_experience3.csv"
platform_comparison,raspberry_pi,AES,CBC,256,64,key_avalanche,3,0.5019401041666667,0.5019401041666667,0.0,0.0,"raspberry-pi_experience1.csv, raspberry-pi_experience2.csv, raspberry-pi_experience3.csv"
platform_comparison,raspberry_pi,AES,CBC,256,64,throughput_dec,3,1.0633385869648395,1.0633385869648395,0.0,0.0,"raspberry-pi_experience1.csv, raspberry-pi_experience2.csv, raspberry-pi_experience3.csv"
platform_comparison,raspberry_pi,AES,CBC,256,64,throughput_enc,3,0.27907569917532615,0.27907569917532615,0.0,0.0,"raspberry-pi_experience1.csv, raspberry-pi_experience2.csv, raspberry-pi_experience3.csv"
platform_comparison,raspberry_pi,AES,CBC,256,256,avalanche,3,0.49973958333333335,0.49973958333333335,0.0,0.0,"raspberry-pi_experience1.csv, raspberry-pi_experience2.csv, raspberry-pi_experience3.csv"
platform_comparison,raspberry_pi,AES,CBC,256,256,ci95_enc,3,0.002927472196435107,0.002927472196435107,0.0,0.0,"raspberry-pi_experience1.csv, raspberry-pi_experience2.csv, raspberry-pi_experience3.csv"
platform_comparison,raspberry_pi,AES,CBC,256,256,key_avalanche,3,0.49907552083333334,0.49907552083333334,0.0,0.0,"raspberry-pi_experience1.csv, raspberry-pi_experience2.csv, raspberry-pi_experience3.csv"
platform_comparison,raspberry_pi,AES,CBC,256,256,throughput_dec,3,2.7013498906729656,2.7013498906729656,0.0,0.0,"raspberry-pi_experience1.csv, raspberry-pi_experience2.csv, raspberry-pi_experience3.csv"
platform_comparison,raspberry_pi,AES,CBC,256,256,throughput_enc,3,0.3402105210968156,0.3402105210968156,0.0,0.0,"raspberry-pi_experience1.csv, raspberry-pi_experience2.csv, raspberry-pi_experience3.csv"
platform_comparison,raspberry_pi,AES,CBC,256,1024,avalanche,3,0.50234375,0.50234375,0.0,0.0,"raspberry-pi_experience1.csv, raspberry-pi_experience2.csv, raspberry-pi_experience3.csv"
platform_comparison,raspberry_pi,AES,CBC,256,1024,ci95_enc,3,0.0019677071834168116,0.0019677071834168116,0.0,0.0,"raspberry-pi_experience1.csv, raspberry-pi_experience2.csv, raspberry-pi_experience3.csv"
platform_comparison,raspberry_pi,AES,CBC,256,1024,key_avalanche,3,0.49777343749999997,0.49777343749999997,0.0,0.0,"raspberry-pi_experience1.csv, raspberry-pi_experience2.csv, raspberry-pi_experience3.csv"
platform_comparison,raspberry_pi,AES,CBC,256,1024,throughput_dec,3,4.13739051757097,4.13739051757097,0.0,0.0,"raspberry-pi_experience1.csv, raspberry-pi_experience2.csv, raspberry-pi_experience3.csv"
platform_comparison,raspberry_pi,AES,CBC,256,1024,throughput_enc,3,0.361615001099733,0.361615001099733,0.0,0.0,"raspberry-pi_experience1.csv, raspberry-pi_experience2.csv, raspberry-pi_experience3.csv"
platform_comparison,raspberry_pi,AES,CBC,256,4096,avalanche,3,0.4986328125000001,0.4986328125000001,0.0,0.0,"raspberry-pi_experience1.csv, raspberry-pi_experience2.csv, raspberry-pi_experience3.csv"
platform_comparison,raspberry_pi,AES,CBC,256,4096,ci95_enc,3,0.002362813015849883,0.002362813015849883,0.0,0.0,"raspberry-pi_experience1.csv, raspberry-pi_experience2.csv, raspberry-pi_experience3.csv"
platform_comparison,raspberry_pi,AES,CBC,256,4096,key_avalanche,3,0.4955338541666667,0.4955338541666667,0.0,0.0,"raspberry-pi_experience1.csv, raspberry-pi_experience2.csv, raspberry-pi_experience3.csv"
platform_comparison,raspberry_pi,AES,CBC,256,4096,throughput_dec,3,4.536847324706282,4.536847324706282,0.0,0.0,"raspberry-pi_experience1.csv, raspberry-pi_experience2.csv, raspberry-pi_experience3.csv"
platform_comparison,raspberry_pi,AES,CBC,256,4096,throughput_enc,3,0.36343203688585707,0.36343203688585707,0.0,0.0,"raspberry-pi_experience1.csv, raspberry-pi_experience2.csv, raspberry-pi_experience3.csv"
platform_comparison,raspberry_pi,AES,CBC,256,16384,avalanche,3,0.5009895833333333,0.5009895833333333,0.0,0.0,"raspberry-pi_experience1.csv, raspberry-pi_experience2.csv, raspberry-pi_experience3.csv"
platform_comparison,raspberry_pi,AES,CBC,256,16384,ci95_enc,3,0.0019334466763810945,0.0019334466763810945,0.0,0.0,"raspberry-pi_experience1.csv, raspberry-pi_experience2.csv, raspberry-pi_experience3.csv"
platform_comparison,raspberry_pi,AES,CBC,256,16384,key_avalanche,3,0.4998046875,0.4998046875,0.0,0.0,"raspberry-pi_experience1.csv, raspberry-pi_experience2.csv, raspberry-pi_experience3.csv"
platform_comparison,raspberry_pi,AES,CBC,256,16384,throughput_dec,3,5.269468903333305,5.269468903333305,0.0,0.0,"raspberry-pi_experience1.csv, raspberry-pi_experience2.csv, raspberry-pi_experience3.csv"
platform_comparison,raspberry_pi,AES,CBC,256,16384,throughput_enc,3,0.37126656579119494,0.37126656579119494,0.0,0.0,"raspberry-pi_experience1.csv, raspberry-pi_experience2.csv, raspberry-pi_experience3.csv"
platform_comparison,raspberry_pi,AES,CTR,128,64,avalanche,3,0.4994791666666667,0.4994791666666667,0.0,0.0,"raspberry-pi_experience1.csv, raspberry-pi_experience2.csv, raspberry-pi_experience3.csv"
platform_comparison,raspberry_pi,AES,CTR,128,64,ci95_enc,3,0.06911391377988421,0.06911391377988421,0.0,0.0,"raspberry-pi_experience1.csv, raspberry-pi_experience2.csv, raspberry-pi_experience3.csv"
platform_comparison,raspberry_pi,AES,CTR,128,64,key_avalanche,3,0.50171875,0.50171875,0.0,0.0,"raspberry-pi_experience1.csv, raspberry-pi_experience2.csv, raspberry-pi_experience3.csv"
platform_comparison,raspberry_pi,AES,CTR,128,64,throughput_dec,3,0.9277011227370936,0.9277011227370936,0.0,0.0,"raspberry-pi_experience1.csv, raspberry-pi_experience2.csv, raspberry-pi_experience3.csv"
platform_comparison,raspberry_pi,AES,CTR,128,64,throughput_enc,3,0.8881865603498721,0.8881865603498721,0.0,0.0,"raspberry-pi_experience1.csv, raspberry-pi_experience2.csv, raspberry-pi_experience3.csv"
platform_comparison,raspberry_pi,AES,CTR,128,256,avalanche,3,0.5001041666666667,0.5001041666666667,0.0,0.0,"raspberry-pi_experience1.csv, raspberry-pi_experience2.csv, raspberry-pi_experience3.csv"
platform_comparison,raspberry_pi,AES,CTR,128,256,ci95_enc,3,0.12386494090700749,0.12386494090700749,0.0,0.0,"raspberry-pi_experience1.csv, raspberry-pi_experience2.csv, raspberry-pi_experience3.csv"
platform_comparison,raspberry_pi,AES,CTR,128,256,key_avalanche,3,0.4988932291666666,0.4988932291666666,0.0,0.0,"raspberry-pi_experience1.csv, raspberry-pi_experience2.csv, raspberry-pi_experience3.csv"
platform_comparison,raspberry_pi,AES,CTR,128,256,throughput_dec,3,1.9468806239340488,1.9468806239340488,0.0,0.0,"raspberry-pi_experience1.csv, raspberry-pi_experience2.csv, raspberry-pi_experience3.csv"
platform_comparison,raspberry_pi,AES,CTR,128,256,throughput_enc,3,1.959307367545067,1.959307367545067,0.0,0.0,"raspberry-pi_experience1.csv, raspberry-pi_experience2.csv, raspberry-pi_experience3.csv"
platform_comparison,raspberry_pi,AES,CTR,128,1024,avalanche,3,0.4973958333333333,0.4973958333333333,0.0,0.0,"raspberry-pi_experience1.csv, raspberry-pi_experience2.csv, raspberry-pi_experience3.csv"
platform_comparison,raspberry_pi,AES,CTR,128,1024,ci95_enc,3,0.25916885083094626,0.25916885083094626,0.0,0.0,"raspberry-pi_experience1.csv, raspberry-pi_experience2.csv, raspberry-pi_experience3.csv"
platform_comparison,raspberry_pi,AES,CTR,128,1024,key_avalanche,3,0.49920572916666667,0.49920572916666667,0.0,0.0,"raspberry-pi_experience1.csv, raspberry-pi_experience2.csv, raspberry-pi_experience3.csv"
platform_comparison,raspberry_pi,AES,CTR,128,1024,throughput_dec,3,2.6937451878993453,2.6937451878993453,0.0,0.0,"raspberry-pi_experience1.csv, raspberry-pi_experience2.csv, raspberry-pi_experience3.csv"
platform_comparison,raspberry_pi,AES,CTR,128,1024,throughput_enc,3,2.789468826570116,2.789468826570116,0.0,0.0,"raspberry-pi_experience1.csv, raspberry-pi_experience2.csv, raspberry-pi_experience3.csv"
platform_comparison,raspberry_pi,AES,CTR,128,4096,avalanche,3,0.5021484374999999,0.5021484374999999,0.0,0.0,"raspberry-pi_experience1.csv, raspberry-pi_experience2.csv, raspberry-pi_experience3.csv"
platform_comparison,raspberry_pi,AES,CTR,128,4096,ci95_enc,3,0.06878382057013653,0.06878382057013653,0.0,0.0,"raspberry-pi_experience1.csv, raspberry-pi_experience2.csv, raspberry-pi_experience3.csv"
platform_comparison,raspberry_pi,AES,CTR,128,4096,key_avalanche,3,0.5009635416666667,0.5009635416666667,0.0,0.0,"raspberry-pi_experience1.csv, raspberry-pi_experience2.csv, raspberry-pi_experience3.csv"
platform_comparison,raspberry_pi,AES,CTR,128,4096,throughput_dec,3,3.7728368474682754,3.7728368474682754,0.0,0.0,"raspberry-pi_experience1.csv, raspberry-pi_experience2.csv, raspberry-pi_experience3.csv"
platform_comparison,raspberry_pi,AES,CTR,128,4096,throughput_enc,3,3.7757093859622834,3.7757093859622834,0.0,0.0,"raspberry-pi_experience1.csv, raspberry-pi_experience2.csv, raspberry-pi_experience3.csv"
platform_comparison,raspberry_pi,AES,CTR,128,16384,avalanche,3,0.49824218750000004,0.49824218750000004,0.0,0.0,"raspberry-pi_experience1.csv, raspberry-pi_experience2.csv, raspberry-pi_experience3.csv"
platform_comparison,raspberry_pi,AES,CTR,128,16384,ci95_enc,3,0.02954896934856158,0.02954896934856158,0.0,0.0,"raspberry-pi_experience1.csv, raspberry-pi_experience2.csv, raspberry-pi_experience3.csv"
platform_comparison,raspberry_pi,AES,CTR,128,16384,key_avalanche,3,0.501640625,0.501640625,0.0,0.0,"raspberry-pi_experience1.csv, raspberry-pi_experience2.csv, raspberry-pi_experience3.csv"
platform_comparison,raspberry_pi,AES,CTR,128,16384,throughput_dec,3,4.141744248279715,4.141744248279715,0.0,0.0,"raspberry-pi_experience1.csv, raspberry-pi_experience2.csv, raspberry-pi_experience3.csv"
platform_comparison,raspberry_pi,AES,CTR,128,16384,throughput_enc,3,4.089123390731354,4.089123390731354,0.0,0.0,"raspberry-pi_experience1.csv, raspberry-pi_experience2.csv, raspberry-pi_experience3.csv"
platform_comparison,raspberry_pi,AES,CTR,192,64,avalanche,3,0.503046875,0.503046875,0.0,0.0,"raspberry-pi_experience1.csv, raspberry-pi_experience2.csv, raspberry-pi_experience3.csv"
platform_comparison,raspberry_pi,AES,CTR,192,64,ci95_enc,3,0.042302101088599324,0.042302101088599324,0.0,0.0,"raspberry-pi_experience1.csv, raspberry-pi_experience2.csv, raspberry-pi_experience3.csv"
platform_comparison,raspberry_pi,AES,CTR,192,64,key_avalanche,3,0.4997786458333333,0.4997786458333333,0.0,0.0,"raspberry-pi_experience1.csv, raspberry-pi_experience2.csv, raspberry-pi_experience3.csv"
platform_comparison,raspberry_pi,AES,CTR,192,64,throughput_dec,3,0.9467048964105805,0.9467048964105805,0.0,0.0,"raspberry-pi_experience1.csv, raspberry-pi_experience2.csv, raspberry-pi_experience3.csv"
platform_comparison,raspberry_pi,AES,CTR,192,64,throughput_enc,3,0.9546702475580459,0.9546702475580459,0.0,0.0,"raspberry-pi_experience1.csv, raspberry-pi_experience2.csv, raspberry-pi_experience3.csv"
platform_comparison,raspberry_pi,AES,CTR,192,256,avalanche,3,0.49904947916666664,0.49904947916666664,0.0,0.0,"raspberry-pi_experience1.csv, raspberry-pi_experience2.csv, raspberry-pi_experience3.csv"
platform_comparison,raspberry_pi,AES,CTR,192,256,ci95_enc,3,0.10571081777723716,0.10571081777723716,0.0,0.0,"raspberry-pi_experience1.csv, raspberry-pi_experience2.csv, raspberry-pi_experience3.csv"
platform_comparison,raspberry_pi,AES,CTR,192,256,key_avalanche,3,0.5011848958333333,0.5011848958333333,0.0,0.0,"raspberry-pi_experience1.csv, raspberry-pi_experience2.csv, raspberry-pi_experience3.csv"
platform_comparison,raspberry_pi,AES,CTR,192,256,throughput_dec,3,2.1110130383082586,2.1110130383082586,0.0,0.0,"raspberry-pi_experience1.csv, raspberry-pi_experience2.csv, raspberry-pi_experience3.csv"
platform_comparison,raspberry_pi,AES,CTR,192,256,throughput_enc,3,2.071142147979659,2.071142147979659,0.0,0.0,"raspberry-pi_experience1.csv, raspberry-pi_experience2.csv, raspberry-pi_experience3.csv"
platform_comparison,raspberry_pi,AES,CTR,192,1024,avalanche,3,0.5012369791666668,0.5012369791666668,0.0,0.0,"raspberry-pi_experience1.csv, raspberry-pi_experience2.csv, raspberry-pi_experience3.csv"
platform_comparison,raspberry_pi,AES,CTR,192,1024,ci95_enc,3,0.07519598912841254,0.07519598912841254,0.0,0.0,"raspberry-pi_experience1.csv, raspberry-pi_experience2.csv, raspberry-pi_experience3.csv"
platform_comparison,raspberry_pi,AES,CTR,192,1024,key_avalanche,3,0.5005729166666667,0.5005729166666667,0.0,0.0,"raspberry-pi_experience1.csv, raspberry-pi_experience2.csv, raspberry-pi_experience3.csv"
platform_comparison,raspberry_pi,AES,CTR,192,1024,throughput_dec,3,3.215810155119225,3.215810155119225,0.0,0.0,"raspberry-pi_experience1.csv, raspberry-pi_experience2.csv, raspberry-pi_experience3.csv"
platform_comparison,raspberry_pi,AES,CTR,192,1024,throughput_enc,3,3.231759728196287,3.231759728196287,0.0,0.0,"raspberry-pi_experience1.csv, raspberry-pi_experience2.csv, raspberry-pi_experience3.csv"
platform_comparison,raspberry_pi,AES,CTR,192,4096,avalanche,3,0.49966145833333336,0.49966145833333336,0.0,0.0,"raspberry-pi_experience1.csv, raspberry-pi_experience2.csv, raspberry-pi_experience3.csv"
platform_comparison,raspberry_pi,AES,CTR,192,4096,ci95_enc,3,0.08599079404172509,0.08599079404172509,0.0,0.0,"raspberry-pi_experience1.csv, raspberry-pi_experience2.csv, raspberry-pi_experience3.csv"
platform_comparison,raspberry_pi,AES,CTR,192,4096,key_avalanche,3,0.49890625000000005,0.49890625000000005,0.0,0.0,"raspberry-pi_experience1.csv, raspberry-pi_experience2.csv, raspberry-pi_experience3.csv"
platform_comparison,raspberry_pi,AES,CTR,192,4096,throughput_dec,3,3.380998535887769,3.380998535887769,0.0,0.0,"raspberry-pi_experience1.csv, raspberry-pi_experience2.csv, raspberry-pi_experience3.csv"
platform_comparison,raspberry_pi,AES,CTR,192,4096,throughput_enc,3,3.3992058527936284,3.3992058527936284,0.0,0.0,"raspberry-pi_experience1.csv, raspberry-pi_experience2.csv, raspberry-pi_experience3.csv"
platform_comparison,raspberry_pi,AES,CTR,192,16384,avalanche,3,0.4985677083333333,0.4985677083333333,0.0,0.0,"raspberry-pi_experience1.csv, raspberry-pi_experience2.csv, raspberry-pi_experience3.csv"
platform_comparison,raspberry_pi,AES,CTR,192,16384,ci95_enc,3,0.05802138440468319,0.05802138440468319,0.0,0.0,"raspberry-pi_experience1.csv, raspberry-pi_experience2.csv, raspberry-pi_experience3.csv"
platform_comparison,raspberry_pi,AES,CTR,192,16384,key_avalanche,3,0.4993880208333333,0.4993880208333333,0.0,0.0,"raspberry-pi_experience1.csv, raspberry-pi_experience2.csv, raspberry-pi_experience3.csv"
platform_comparison,raspberry_pi,AES,CTR,192,16384,throughput_dec,3,3.8733299818051883,3.8733299818051883,0.0,0.0,"raspberry-pi_experience1.csv, raspberry-pi_experience2.csv, raspberry-pi_experience3.csv"
platform_comparison,raspberry_pi,AES,CTR,192,16384,throughput_enc,3,3.8121431285091307,3.8121431285091307,0.0,0.0,"raspberry-pi_experience1.csv, raspberry-pi_experience2.csv, raspberry-pi_experience3.csv"
platform_comparison,raspberry_pi,AES,CTR,256,64,avalanche,3,0.49796875,0.49796875,0.0,0.0,"raspberry-pi_experience1.csv, raspberry-pi_experience2.csv, raspberry-pi_experience3.csv"
platform_comparison,raspberry_pi,AES,CTR,256,64,ci95_enc,3,0.059326150271845825,0.059326150271845825,0.0,0.0,"raspberry-pi_experience1.csv, raspberry-pi_experience2.csv, raspberry-pi_experience3.csv"
platform_comparison,raspberry_pi,AES,CTR,256,64,key_avalanche,3,0.5003776041666667,0.5003776041666667,0.0,0.0,"raspberry-pi_experience1.csv, raspberry-pi_experience2.csv, raspberry-pi_experience3.csv"
platform_comparison,raspberry_pi,AES,CTR,256,64,throughput_dec,3,0.8938390376575822,0.8938390376575822,0.0,0.0,"raspberry-pi_experience1.csv, raspberry-pi_experience2.csv, raspberry-pi_experience3.csv"
platform_comparison,raspberry_pi,AES,CTR,256,64,throughput_enc,3,0.9170134156854374,0.9170134156854374,0.0,0.0,"raspberry-pi_experience1.csv, raspberry-pi_experience2.csv, raspberry-pi_experience3.csv"
platform_comparison,raspberry_pi,AES,CTR,256,256,avalanche,3,0.49734375000000003,0.49734375000000003,0.0,0.0,"raspberry-pi_experience1.csv, raspberry-pi_experience2.csv, raspberry-pi_experience3.csv"
platform_comparison,raspberry_pi,AES,CTR,256,256,ci95_enc,3,0.1040075152967281,0.1040075152967281,0.0,0.0,"raspberry-pi_experience1.csv, raspberry-pi_experience2.csv, raspberry-pi_experience3.csv"
platform_comparison,raspberry_pi,AES,CTR,256,256,key_avalanche,3,0.49997395833333336,0.49997395833333336,0.0,0.0,"raspberry-pi_experience1.csv, raspberry-pi_experience2.csv, raspberry-pi_experience3.csv"
platform_comparison,raspberry_pi,AES,CTR,256,256,throughput_dec,3,2.0995887427401576,2.0995887427401576,0.0,0.0,"raspberry-pi_experience1.csv, raspberry-pi_experience2.csv, raspberry-pi_experience3.csv"
platform_comparison,raspberry_pi,AES,CTR,256,256,throughput_enc,3,1.944777713970586,1.944777713970586,0.0,0.0,"raspberry-pi_experience1.csv, raspberry-pi_experience2.csv, raspberry-pi_experience3.csv"
platform_comparison,raspberry_pi,AES,CTR,256,1024,avalanche,3,0.49906249999999996,0.49906249999999996,0.0,0.0,"raspberry-pi_experience1.csv, raspberry-pi_experience2.csv, raspberry-pi_experience3.csv"
platform_comparison,raspberry_pi,AES,CTR,256,1024,ci95_enc,3,0.07977141012549675,0.07977141012549675,0.0,0.0,"raspberry-pi_experience1.csv, raspberry-pi_experience2.csv, raspberry-pi_experience3.csv"
platform_comparison,raspberry_pi,AES,CTR,256,1024,key_avalanche,3,0.5002734375,0.5002734375,0.0,0.0,"raspberry-pi_experience1.csv, raspberry-pi_experience2.csv, raspberry-pi_experience3.csv"
platform_comparison,raspberry_pi,AES,CTR,256,1024,throughput_dec,3,2.7337272299093196,2.7337272299093196,0.0,0.0,"raspberry-pi_experience1.csv, raspberry-pi_experience2.csv, raspberry-pi_experience3.csv"
platform_comparison,raspberry_pi,AES,CTR,256,1024,throughput_enc,3,2.736534097782375,2.736534097782375,0.0,0.0,"raspberry-pi_experience1.csv, raspberry-pi_experience2.csv, raspberry-pi_experience3.csv"
platform_comparison,raspberry_pi,AES,CTR,256,4096,avalanche,3,0.5010677083333334,0.5010677083333334,0.0,0.0,"raspberry-pi_experience1.csv, raspberry-pi_experience2.csv, raspberry-pi_experience3.csv"
platform_comparison,raspberry_pi,AES,CTR,256,4096,ci95_enc,3,0.05854900951435497,0.05854900951435497,0.0,0.0,"raspberry-pi_experience1.csv, raspberry-pi_experience2.csv, raspberry-pi_experience3.csv"
platform_comparison,raspberry_pi,AES,CTR,256,4096,key_avalanche,3,0.501953125,0.501953125,0.0,0.0,"raspberry-pi_experience1.csv, raspberry-pi_experience2.csv, raspberry-pi_experience3.csv"
platform_comparison,raspberry_pi,AES,CTR,256,4096,throughput_dec,3,3.428096827859735,3.428096827859735,0.0,0.0,"raspberry-pi_experience1.csv, raspberry-pi_experience2.csv, raspberry-pi_experience3.csv"
platform_comparison,raspberry_pi,AES,CTR,256,4096,throughput_enc,3,3.394220318112291,3.394220318112291,0.0,0.0,"raspberry-pi_experience1.csv, raspberry-pi_experience2.csv, raspberry-pi_experience3.csv"
platform_comparison,raspberry_pi,AES,CTR,256,16384,avalanche,3,0.5012630208333334,0.5012630208333334,0.0,0.0,"raspberry-pi_experience1.csv, raspberry-pi_experience2.csv, raspberry-pi_experience3.csv"
platform_comparison,raspberry_pi,AES,CTR,256,16384,ci95_enc,3,0.048433307041852086,0.048433307041852086,0.0,0.0,"raspberry-pi_experience1.csv, raspberry-pi_experience2.csv, raspberry-pi_experience3.csv"
platform_comparison,raspberry_pi,AES,CTR,256,16384,key_avalanche,3,0.4995442708333333,0.4995442708333333,0.0,0.0,"raspberry-pi_experience1.csv, raspberry-pi_experience2.csv, raspberry-pi_experience3.csv"
platform_comparison,raspberry_pi,AES,CTR,256,16384,throughput_dec,3,3.8699392051221886,3.8699392051221886,0.0,0.0,"raspberry-pi_experience1.csv, raspberry-pi_experience2.csv, raspberry-pi_experience3.csv"
platform_comparison,raspberry_pi,AES,CTR,256,16384,throughput_enc,3,3.8096691116404706,3.8096691116404706,0.0,0.0,"raspberry-pi_experience1.csv, raspberry-pi_experience2.csv, raspberry-pi_experience3.csv"
platform_comparison,raspberry_pi,AES,ECB,128,64,avalanche,3,0.4975911458333333,0.4975911458333333,0.0,0.0,"raspberry-pi_experience1.csv, raspberry-pi_experience2.csv, raspberry-pi_experience3.csv"
platform_comparison,raspberry_pi,AES,ECB,128,64,ci95_enc,3,0.6298310886184025,0.6298310886184025,0.0,0.0,"raspberry-pi_experience1.csv, raspberry-pi_experience2.csv, raspberry-pi_experience3.csv"
platform_comparison,raspberry_pi,AES,ECB,128,64,key_avalanche,3,0.4970833333333333,0.4970833333333333,0.0,0.0,"raspberry-pi_experience1.csv, raspberry-pi_experience2.csv, raspberry-pi_experience3.csv"
platform_comparison,raspberry_pi,AES,ECB,128,64,throughput_dec,3,1.5173073977304068,1.5173073977304068,0.0,0.0,"raspberry-pi_experience1.csv, raspberry-pi_experience2.csv, raspberry-pi_experience3.csv"
platform_comparison,raspberry_pi,AES,ECB,128,64,throughput_enc,3,0.902432902042273,0.902432902042273,0.0,0.0,"raspberry-pi_experience1.csv, raspberry-pi_experience2.csv, raspberry-pi_experience3.csv"
platform_comparison,raspberry_pi,AES,ECB,128,256,avalanche,3,0.5018359375,0.5018359375,0.0,0.0,"raspberry-pi_experience1.csv, raspberry-pi_experience2.csv, raspberry-pi_experience3.csv"
platform_comparison,raspberry_pi,AES,ECB,128,256,ci95_enc,3,0.5831108782946949,0.5831108782946949,0.0,0.0,"raspberry-pi_experience1.csv, raspberry-pi_experience2.csv, raspberry-pi_experience3.csv"
platform_comparison,raspberry_pi,AES,ECB,128,256,key_avalanche,3,0.497578125,0.497578125,0.0,0.0,"raspberry-pi_experience1.csv, raspberry-pi_experience2.csv, raspberry-pi_experience3.csv"
platform_comparison,raspberry_pi,AES,ECB,128,256,throughput_dec,3,6.066775294932953,6.066775294932953,0.0,0.0,"raspberry-pi_experience1.csv, raspberry-pi_experience2.csv, raspberry-pi_experience3.csv"
platform_comparison,raspberry_pi,AES,ECB,128,256,throughput_enc,3,4.772972568406112,4.772972568406112,0.0,0.0,"raspberry-pi_experience1.csv, raspberry-pi_experience2.csv, raspberry-pi_experience3.csv"
platform_comparison,raspberry_pi,AES,ECB,128,1024,avalanche,3,0.4996875,0.4996875,0.0,0.0,"raspberry-pi_experience1.csv, raspberry-pi_experience2.csv, raspberry-pi_experience3.csv"
platform_comparison,raspberry_pi,AES,ECB,128,1024,ci95_enc,3,1.243308124993978,1.243308124993978,0.0,0.0,"raspberry-pi_experience1.csv, raspberry-pi_experience2.csv, raspberry-pi_experience3.csv"
platform_comparison,raspberry_pi,AES,ECB,128,1024,key_avalanche,3,0.4976302083333333,0.4976302083333333,0.0,0.0,"raspberry-pi_experience1.csv, raspberry-pi_experience2.csv, raspberry-pi_experience3.csv"
platform_comparison,raspberry_pi,AES,ECB,128,1024,throughput_dec,3,18.371670360756653,18.371670360756653,0.0,0.0,"raspberry-pi_experience1.csv, raspberry-pi_experience2.csv, raspberry-pi_experience3.csv"
platform_comparison,raspberry_pi,AES,ECB,128,1024,throughput_enc,3,17.610373653444935,17.610373653444935,0.0,0.0,"raspberry-pi_experience1.csv, raspberry-pi_experience2.csv, raspberry-pi_experience3.csv"
platform_comparison,raspberry_pi,AES,ECB,128,4096,avalanche,3,0.4974869791666667,0.4974869791666667,0.0,0.0,"raspberry-pi_experience1.csv, raspberry-pi_experience2.csv, raspberry-pi_experience3.csv"
platform_comparison,raspberry_pi,AES,ECB,128,4096,ci95_enc,3,3.3123216386316336,3.3123216386316336,0.0,0.0,"raspberry-pi_experience1.csv, raspberry-pi_experience2.csv, raspberry-pi_experience3.csv"
platform_comparison,raspberry_pi,AES,ECB,128,4096,key_avalanche,3,0.4991015625,0.4991015625,0.0,0.0,"raspberry-pi_experience1.csv, raspberry-pi_experience2.csv, raspberry-pi_experience3.csv"
platform_comparison,raspberry_pi,AES,ECB,128,4096,throughput_dec,3,44.34365163251965,44.34365163251965,0.0,0.0,"raspberry-pi_experience1.csv, raspberry-pi_experience2.csv, raspberry-pi_experience3.csv"
platform_comparison,raspberry_pi,AES,ECB,128,4096,throughput_enc,3,36.789659616131665,36.789659616131665,0.0,0.0,"raspberry-pi_experience1.csv, raspberry-pi_experience2.csv, raspberry-pi_experience3.csv"
platform_comparison,raspberry_pi,AES,ECB,128,16384,avalanche,3,0.5013151041666667,0.5013151041666667,0.0,0.0,"raspberry-pi_experience1.csv, raspberry-pi_experience2.csv, raspberry-pi_experience3.csv"
platform_comparison,raspberry_pi,AES,ECB,128,16384,ci95_enc,3,1.8606413648915066,1.8606413648915066,0.0,0.0,"raspberry-pi_experience1.csv, raspberry-pi_experience2.csv, raspberry-pi_experience3.csv"
platform_comparison,raspberry_pi,AES,ECB,128,16384,key_avalanche,3,0.4998567708333333,0.4998567708333333,0.0,0.0,"raspberry-pi_experience1.csv, raspberry-pi_experience2.csv, raspberry-pi_experience3.csv"
platform_comparison,raspberry_pi,AES,ECB,128,16384,throughput_dec,3,67.48177742810725,67.48177742810725,0.0,0.0,"raspberry-pi_experience1.csv, raspberry-pi_experience2.csv, raspberry-pi_experience3.csv"
platform_comparison,raspberry_pi,AES,ECB,128,16384,throughput_enc,3,53.94723447693442,53.94723447693442,0.0,0.0,"raspberry-pi_experience1.csv, raspberry-pi_experience2.csv, raspberry-pi_experience3.csv"
platform_comparison,raspberry_pi,AES,ECB,192,64,avalanche,3,0.500390625,0.500390625,0.0,0.0,"raspberry-pi_experience1.csv, raspberry-pi_experience2.csv, raspberry-pi_experience3.csv"
platform_comparison,raspberry_pi,AES,ECB,192,64,ci95_enc,3,0.09053419707327638,0.09053419707327638,0.0,0.0,"raspberry-pi_experience1.csv, raspberry-pi_experience2.csv, raspberry-pi_experience3.csv"
platform_comparison,raspberry_pi,AES,ECB,192,64,key_avalanche,3,0.5004817708333333,0.5004817708333333,0.0,0.0,"raspberry-pi_experience1.csv, raspberry-pi_experience2.csv, raspberry-pi_experience3.csv"
platform_comparison,raspberry_pi,AES,ECB,192,64,throughput_dec,3,1.584163718576493,1.584163718576493,0.0,0.0,"raspberry-pi_experience1.csv, raspberry-pi_experience2.csv, raspberry-pi_experience3.csv"
platform_comparison,raspberry_pi,AES,ECB,192,64,throughput_enc,3,1.4793389825955734,1.4793389825955734,0.0,0.0,"raspberry-pi_experience1.csv, raspberry-pi_experience2.csv, raspberry-pi_experience3.csv"
platform_comparison,raspberry_pi,AES,ECB,192,256,avalanche,3,0.5006640625,0.5006640625,0.0,0.0,"raspberry-pi_experience1.csv, raspberry-pi_experience2.csv, raspberry-pi_experience3.csv"
platform_comparison,raspberry_pi,AES,ECB,192,256,ci95_enc,3,0.3447102830947238,0.3447102830947238,0.0,0.0,"raspberry-pi_experience1.csv, raspberry-pi_experience2.csv, raspberry-pi_experience3.csv"
platform_comparison,raspberry_pi,AES,ECB,192,256,key_avalanche,3,0.5005078125,0.5005078125,0.0,0.0,"raspberry-pi_experience1.csv, raspberry-pi_experience2.csv, raspberry-pi_experience3.csv"
platform_comparison,raspberry_pi,AES,ECB,192,256,throughput_dec,3,5.981507939346659,5.981507939346659,0.0,0.0,"raspberry-pi_experience1.csv, raspberry-pi_experience2.csv, raspberry-pi_experience3.csv"
platform_comparison,raspberry_pi,AES,ECB,192,256,throughput_enc,3,5.53380328524081,5.53380328524081,0.0,0.0,"raspberry-pi_experience1.csv, raspberry-pi_experience2.csv, raspberry-pi_experience3.csv"
platform_comparison,raspberry_pi,AES,ECB,192,1024,avalanche,3,0.5011067708333333,0.5011067708333333,0.0,0.0,"raspberry-pi_experience1.csv, raspberry-pi_experience2.csv, raspberry-pi_experience3.csv"
platform_comparison,raspberry_pi,AES,ECB,192,1024,ci95_enc,3,0.8687110838155196,0.8687110838155196,0.0,0.0,"raspberry-pi_experience1.csv, raspberry-pi_experience2.csv, raspberry-pi_experience3.csv"
platform_comparison,raspberry_pi,AES,ECB,192,1024,key_avalanche,3,0.5002083333333334,0.5002083333333334,0.0,0.0,"raspberry-pi_experience1.csv, raspberry-pi_experience2.csv, raspberry-pi_experience3.csv"
platform_comparison,raspberry_pi,AES,ECB,192,1024,throughput_dec,3,18.30148752799636,18.30148752799636,0.0,0.0,"raspberry-pi_experience1.csv, raspberry-pi_experience2.csv, raspberry-pi_experience3.csv"
platform_comparison,raspberry_pi,AES,ECB,192,1024,throughput_enc,3,17.964150746407768,17.964150746407768,0.0,0.0,"raspberry-pi_experience1.csv, raspberry-pi_experience2.csv, raspberry-pi_experience3.csv"
platform_comparison,raspberry_pi,AES,ECB,192,4096,avalanche,3,0.49880208333333337,0.49880208333333337,0.0,0.0,"raspberry-pi_experience1.csv, raspberry-pi_experience2.csv, raspberry-pi_experience3.csv"
platform_comparison,raspberry_pi,AES,ECB,192,4096,ci95_enc,3,1.4082566799812382,1.4082566799812382,0.0,0.0,"raspberry-pi_experience1.csv, raspberry-pi_experience2.csv, raspberry-pi_experience3.csv"
platform_comparison,raspberry_pi,AES,ECB,192,4096,key_avalanche,3,0.49720052083333327,0.49720052083333327,0.0,0.0,"raspberry-pi_experience1.csv, raspberry-pi_experience2.csv, raspberry-pi_experience3.csv"
platform_comparison,raspberry_pi,AES,ECB,192,4096,throughput_dec,3,42.0948646537193,42.0948646537193,0.0,0.0,"raspberry-pi_experience1.csv, raspberry-pi_experience2.csv, raspberry-pi_experience3.csv"
platform_comparison,raspberry_pi,AES,ECB,192,4096,throughput_enc,3,36.43754427272966,36.43754427272966,0.0,0.0,"raspberry-pi_experience1.csv, raspberry-pi_experience2.csv, raspberry-pi_experience3.csv"
platform_comparison,raspberry_pi,AES,ECB,192,16384,avalanche,3,0.5036718749999999,0.5036718749999999,0.0,0.0,"raspberry-pi_experience1.csv, raspberry-pi_experience2.csv, raspberry-pi_experience3.csv"
platform_comparison,raspberry_pi,AES,ECB,192,16384,ci95_enc,3,1.4491834345968018,1.4491834345968018,0.0,0.0,"raspberry-pi_experience1.csv, raspberry-pi_experience2.csv, raspberry-pi_experience3.csv"
platform_comparison,raspberry_pi,AES,ECB,192,16384,key_avalanche,3,0.5007812500000001,0.5007812500000001,0.0,0.0,"raspberry-pi_experience1.csv, raspberry-pi_experience2.csv, raspberry-pi_experience3.csv"
platform_comparison,raspberry_pi,AES,ECB,192,16384,throughput_dec,3,55.48409722352901,55.48409722352901,0.0,0.0,"raspberry-pi_experience1.csv, raspberry-pi_experience2.csv, raspberry-pi_experience3.csv"
platform_comparison,raspberry_pi,AES,ECB,192,16384,throughput_enc,3,48.206883858380365,48.206883858380365,0.0,0.0,"raspberry-pi_experience1.csv, raspberry-pi_experience2.csv, raspberry-pi_experience3.csv"
platform_comparison,raspberry_pi,AES,ECB,256,64,avalanche,3,0.5007161458333332,0.5007161458333332,0.0,0.0,"raspberry-pi_experience1.csv, raspberry-pi_experience2.csv, raspberry-pi_experience3.csv"
platform_comparison,raspberry_pi,AES,ECB,256,64,ci95_enc,3,0.10486426507157914,0.10486426507157914,0.0,0.0,"raspberry-pi_experience1.csv, raspberry-pi_experience2.csv, raspberry-pi_experience3.csv"
platform_comparison,raspberry_pi,AES,ECB,256,64,key_avalanche,3,0.50109375,0.50109375,0.0,0.0,"raspberry-pi_experience1.csv, raspberry-pi_experience2.csv, raspberry-pi_experience3.csv"
platform_comparison,raspberry_pi,AES,ECB,256,64,throughput_dec,3,1.530890003649566,1.530890003649566,0.0,0.0,"raspberry-pi_experience1.csv, raspberry-pi_experience2.csv, raspberry-pi_experience3.csv"
platform_comparison,raspberry_pi,AES,ECB,256,64,throughput_enc,3,1.489314224180769,1.489314224180769,0.0,0.0,"raspberry-pi_experience1.csv, raspberry-pi_experience2.csv, raspberry-pi_experience3.csv"
platform_comparison,raspberry_pi,AES,ECB,256,256,avalanche,3,0.49833333333333335,0.49833333333333335,0.0,0.0,"raspberry-pi_experience1.csv, raspberry-pi_experience2.csv, raspberry-pi_experience3.csv"
platform_comparison,raspberry_pi,AES,ECB,256,256,ci95_enc,3,0.3290885030997166,0.3290885030997166,0.0,0.0,"raspberry-pi_experience1.csv, raspberry-pi_experience2.csv, raspberry-pi_experience3.csv"
platform_comparison,raspberry_pi,AES,ECB,256,256,key_avalanche,3,0.49828125,0.49828125,0.0,0.0,"raspberry-pi_experience1.csv, raspberry-pi_experience2.csv, raspberry-pi_experience3.csv"
platform_comparison,raspberry_pi,AES,ECB,256,256,throughput_dec,3,5.815310049376848,5.815310049376848,0.0,0.0,"raspberry-pi_experience1.csv, raspberry-pi_experience2.csv, raspberry-pi_experience3.csv"
platform_comparison,raspberry_pi,AES,ECB,256,256,throughput_enc,3,5.655761815462067,5.655761815462067,0.0,0.0,"raspberry-pi_experience1.csv, raspberry-pi_experience2.csv, raspberry-pi_experience3.csv"
platform_comparison,raspberry_pi,AES,ECB,256,1024,avalanche,3,0.49828125,0.49828125,0.0,0.0,"raspberry-pi_experience1.csv, raspberry-pi_experience2.csv, raspberry-pi_experience3.csv"
platform_comparison,raspberry_pi,AES,ECB,256,1024,ci95_enc,3,0.3966057148153106,0.3966057148153106,0.0,0.0,"raspberry-pi_experience1.csv, raspberry-pi_experience2.csv, raspberry-pi_experience3.csv"
platform_comparison,raspberry_pi,AES,ECB,256,1024,key_avalanche,3,0.5022786458333334,0.5022786458333334,0.0,0.0,"raspberry-pi_experience1.csv, raspberry-pi_experience2.csv, raspberry-pi_experience3.csv"
platform_comparison,raspberry_pi,AES,ECB,256,1024,throughput_dec,3,17.80691630761879,17.80691630761879,0.0,0.0,"raspberry-pi_experience1.csv, raspberry-pi_experience2.csv, raspberry-pi_experience3.csv"
platform_comparison,raspberry_pi,AES,ECB,256,1024,throughput_enc,3,17.90533319955747,17.90533319955747,0.0,0.0,"raspberry-pi_experience1.csv, raspberry-pi_experience2.csv, raspberry-pi_experience3.csv"
platform_comparison,raspberry_pi,AES,ECB,256,4096,avalanche,3,0.5016015625,0.5016015625,0.0,0.0,"raspberry-pi_experience1.csv, raspberry-pi_experience2.csv, raspberry-pi_experience3.csv"
platform_comparison,raspberry_pi,AES,ECB,256,4096,ci95_enc,3,1.8687217797079076,1.8687217797079076,0.0,0.0,"raspberry-pi_experience1.csv, raspberry-pi_experience2.csv, raspberry-pi_experience3.csv"
platform_comparison,raspberry_pi,AES,ECB,256,4096,key_avalanche,3,0.502890625,0.502890625,0.0,0.0,"raspberry-pi_experience1.csv, raspberry-pi_experience2.csv, raspberry-pi_experience3.csv"
platform_comparison,raspberry_pi,AES,ECB,256,4096,throughput_dec,3,40.016252432682,40.016252432682,0.0,0.0,"raspberry-pi_experience1.csv, raspberry-pi_experience2.csv, raspberry-pi_experience3.csv"
platform_comparison,raspberry_pi,AES,ECB,256,4096,throughput_enc,3,36.410029128534006,36.410029128534006,0.0,0.0,"raspberry-pi_experience1.csv, raspberry-pi_experience2.csv, raspberry-pi_experience3.csv"
platform_comparison,raspberry_pi,AES,ECB,256,16384,avalanche,3,0.4989192708333334,0.4989192708333334,0.0,0.0,"raspberry-pi_experience1.csv, raspberry-pi_experience2.csv, raspberry-pi_experience3.csv"
platform_comparison,raspberry_pi,AES,ECB,256,16384,ci95_enc,3,1.1612598116449548,1.1612598116449548,0.0,0.0,"raspberry-pi_experience1.csv, raspberry-pi_experience2.csv, raspberry-pi_experience3.csv"
platform_comparison,raspberry_pi,AES,ECB,256,16384,key_avalanche,3,0.5017187500000001,0.5017187500000001,0.0,0.0,"raspberry-pi_experience1.csv, raspberry-pi_experience2.csv, raspberry-pi_experience3.csv"
platform_comparison,raspberry_pi,AES,ECB,256,16384,throughput_dec,3,41.89915311038725,41.89915311038725,0.0,0.0,"raspberry-pi_experience1.csv, raspberry-pi_experience2.csv, raspberry-pi_experience3.csv"
platform_comparison,raspberry_pi,AES,ECB,256,16384,throughput_enc,3,50.15429676629859,50.15429676629859,0.0,0.0,"raspberry-pi_experience1.csv, raspberry-pi_experience2.csv, raspberry-pi_experience3.csv"
platform_comparison,raspberry_pi,AES,GCM,128,64,avalanche,3,0.5018880208333334,0.5018880208333334,0.0,0.0,"raspberry-pi_experience1.csv, raspberry-pi_experience2.csv, raspberry-pi_experience3.csv"
platform_comparison,raspberry_pi,AES,GCM,128,64,ci95_enc,3,0.08093210773539454,0.08093210773539454,0.0,0.0,"raspberry-pi_experience1.csv, raspberry-pi_experience2.csv, raspberry-pi_experience3.csv"
platform_comparison,raspberry_pi,AES,GCM,128,64,key_avalanche,3,0.5040625,0.5040625,0.0,0.0,"raspberry-pi_experience1.csv, raspberry-pi_experience2.csv, raspberry-pi_experience3.csv"
platform_comparison,raspberry_pi,AES,GCM,128,64,throughput_dec,3,0.16047187878497315,0.16047187878497315,0.0,0.0,"raspberry-pi_experience1.csv, raspberry-pi_experience2.csv, raspberry-pi_experience3.csv"
platform_comparison,raspberry_pi,AES,GCM,128,64,throughput_enc,3,0.15240022088488422,0.15240022088488422,0.0,0.0,"raspberry-pi_experience1.csv, raspberry-pi_experience2.csv, raspberry-pi_experience3.csv"
platform_comparison,raspberry_pi,AES,GCM,128,256,avalanche,3,0.49592447916666665,0.49592447916666665,0.0,0.0,"raspberry-pi_experience1.csv, raspberry-pi_experience2.csv, raspberry-pi_experience3.csv"
platform_comparison,raspberry_pi,AES,GCM,128,256,ci95_enc,3,0.05844947289046735,0.05844947289046735,0.0,0.0,"raspberry-pi_experience1.csv, raspberry-pi_experience2.csv, raspberry-pi_experience3.csv"
platform_comparison,raspberry_pi,AES,GCM,128,256,key_avalanche,3,0.5013671875,0.5013671875,0.0,0.0,"raspberry-pi_experience1.csv, raspberry-pi_experience2.csv, raspberry-pi_experience3.csv"
platform_comparison,raspberry_pi,AES,GCM,128,256,throughput_dec,3,0.6438028606113719,0.6438028606113719,0.0,0.0,"raspberry-pi_experience1.csv, raspberry-pi_experience2.csv, raspberry-pi_experience3.csv"
platform_comparison,raspberry_pi,AES,GCM,128,256,throughput_enc,3,0.8298327831787103,0.8298327831787103,0.0,0.0,"raspberry-pi_experience1.csv, raspberry-pi_experience2.csv, raspberry-pi_experience3.csv"
platform_comparison,raspberry_pi,AES,GCM,128,1024,avalanche,3,0.5011197916666666,0.5011197916666666,0.0,0.0,"raspberry-pi_experience1.csv, raspberry-pi_experience2.csv, raspberry-pi_experience3.csv"
platform_comparison,raspberry_pi,AES,GCM,128,1024,ci95_enc,3,0.16945679633414693,0.16945679633414693,0.0,0.0,"raspberry-pi_experience1.csv, raspberry-pi_experience2.csv, raspberry-pi_experience3.csv"
platform_comparison,raspberry_pi,AES,GCM,128,1024,key_avalanche,3,0.4992578125,0.4992578125,0.0,0.0,"raspberry-pi_experience1.csv, raspberry-pi_experience2.csv, raspberry-pi_experience3.csv"
platform_comparison,raspberry_pi,AES,GCM,128,1024,throughput_dec,3,2.2955866251780526,2.2955866251780526,0.0,0.0,"raspberry-pi_experience1.csv, raspberry-pi_experience2.csv, raspberry-pi_experience3.csv"
platform_comparison,raspberry_pi,AES,GCM,128,1024,throughput_enc,3,2.9110916672579528,2.9110916672579528,0.0,0.0,"raspberry-pi_experience1.csv, raspberry-pi_experience2.csv, raspberry-pi_experience3.csv"
platform_comparison,raspberry_pi,AES,GCM,128,4096,avalanche,3,0.5002994791666666,0.5002994791666666,0.0,0.0,"raspberry-pi_experience1.csv, raspberry-pi_experience2.csv, raspberry-pi_experience3.csv"
platform_comparison,raspberry_pi,AES,GCM,128,4096,ci95_enc,3,0.3625262654725859,0.3625262654725859,0.0,0.0,"raspberry-pi_experience1.csv, raspberry-pi_experience2.csv, raspberry-pi_experience3.csv"
platform_comparison,raspberry_pi,AES,GCM,128,4096,key_avalanche,3,0.49975260416666667,0.49975260416666667,0.0,0.0,"raspberry-pi_experience1.csv, raspberry-pi_experience2.csv, raspberry-pi_experience3.csv"
platform_comparison,raspberry_pi,AES,GCM,128,4096,throughput_dec,3,6.7735110589967,6.7735110589967,0.0,0.0,"raspberry-pi_experience1.csv, raspberry-pi_experience2.csv, raspberry-pi_experience3.csv"
platform_comparison,raspberry_pi,AES,GCM,128,4096,throughput_enc,3,8.171353739923624,8.171353739923624,0.0,0.0,"raspberry-pi_experience1.csv, raspberry-pi_experience2.csv, raspberry-pi_experience3.csv"
platform_comparison,raspberry_pi,AES,GCM,128,16384,avalanche,3,0.5013411458333333,0.5013411458333333,0.0,0.0,"raspberry-pi_experience1.csv, raspberry-pi_experience2.csv, raspberry-pi_experience3.csv"
platform_comparison,raspberry_pi,AES,GCM,128,16384,ci95_enc,3,0.4582561827110998,0.4582561827110998,0.0,0.0,"raspberry-pi_experience1.csv, raspberry-pi_experience2.csv, raspberry-pi_experience3.csv"
platform_comparison,raspberry_pi,AES,GCM,128,16384,key_avalanche,3,0.498515625,0.498515625,0.0,0.0,"raspberry-pi_experience1.csv, raspberry-pi_experience2.csv, raspberry-pi_experience3.csv"
platform_comparison,raspberry_pi,AES,GCM,128,16384,throughput_dec,3,14.417627518433285,14.417627518433285,0.0,0.0,"raspberry-pi_experience1.csv, raspberry-pi_experience2.csv, raspberry-pi_experience3.csv"
platform_comparison,raspberry_pi,AES,GCM,128,16384,throughput_enc,3,14.714337542134835,14.714337542134835,0.0,0.0,"raspberry-pi_experience1.csv, raspberry-pi_experience2.csv, raspberry-pi_experience3.csv"
platform_comparison,raspberry_pi,AES,GCM,192,64,avalanche,3,0.4981380208333333,0.4981380208333333,0.0,0.0,"raspberry-pi_experience1.csv, raspberry-pi_experience2.csv, raspberry-pi_experience3.csv"
platform_comparison,raspberry_pi,AES,GCM,192,64,ci95_enc,3,0.010116269956276125,0.010116269956276125,0.0,0.0,"raspberry-pi_experience1.csv, raspberry-pi_experience2.csv, raspberry-pi_experience3.csv"
platform_comparison,raspberry_pi,AES,GCM,192,64,key_avalanche,3,0.4967057291666667,0.4967057291666667,0.0,0.0,"raspberry-pi_experience1.csv, raspberry-pi_experience2.csv, raspberry-pi_experience3.csv"
platform_comparison,raspberry_pi,AES,GCM,192,64,throughput_dec,3,0.16962337787105045,0.16962337787105045,0.0,0.0,"raspberry-pi_experience1.csv, raspberry-pi_experience2.csv, raspberry-pi_experience3.csv"
platform_comparison,raspberry_pi,AES,GCM,192,64,throughput_enc,3,0.2188753898119111,0.2188753898119111,0.0,0.0,"raspberry-pi_experience1.csv, raspberry-pi_experience2.csv, raspberry-pi_experience3.csv"
platform_comparison,raspberry_pi,AES,GCM,192,256,avalanche,3,0.49994791666666666,0.49994791666666666,0.0,0.0,"raspberry-pi_experience1.csv, raspberry-pi_experience2.csv, raspberry-pi_experience3.csv"
platform_comparison,raspberry_pi,AES,GCM,192,256,ci95_enc,3,0.10773579507640545,0.10773579507640545,0.0,0.0,"raspberry-pi_experience1.csv, raspberry-pi_experience2.csv, raspberry-pi_experience3.csv"
platform_comparison,raspberry_pi,AES,GCM,192,256,key_avalanche,3,0.5026171875,0.5026171875,0.0,0.0,"raspberry-pi_experience1.csv, raspberry-pi_experience2.csv, raspberry-pi_experience3.csv"
platform_comparison,raspberry_pi,AES,GCM,192,256,throughput_dec,3,0.48895646452275093,0.48895646452275093,0.0,0.0,"raspberry-pi_experience1.csv, raspberry-pi_experience2.csv, raspberry-pi_experience3.csv"
platform_comparison,raspberry_pi,AES,GCM,192,256,throughput_enc,3,0.716034387897642,0.716034387897642,0.0,0.0,"raspberry-pi_experience1.csv, raspberry-pi_experience2.csv, raspberry-pi_experience3.csv"
platform_comparison,raspberry_pi,AES,GCM,192,1024,avalanche,3,0.5001041666666667,0.5001041666666667,0.0,0.0,"raspberry-pi_experience1.csv, raspberry-pi_experience2.csv, raspberry-pi_experience3.csv"
platform_comparison,raspberry_pi,AES,GCM,192,1024,ci95_enc,3,0.18237420940456153,0.18237420940456153,0.0,0.0,"raspberry-pi_experience1.csv, raspberry-pi_experience2.csv, raspberry-pi_experience3.csv"
platform_comparison,raspberry_pi,AES,GCM,192,1024,key_avalanche,3,0.49829427083333333,0.49829427083333333,0.0,0.0,"raspberry-pi_experience1.csv, raspberry-pi_experience2.csv, raspberry-pi_experience3.csv"
platform_comparison,raspberry_pi,AES,GCM,192,1024,throughput_dec,3,2.177256889069129,2.177256889069129,0.0,0.0,"raspberry-pi_experience1.csv, raspberry-pi_experience2.csv, raspberry-pi_experience3.csv"
platform_comparison,raspberry_pi,AES,GCM,192,1024,throughput_enc,3,2.3356407446627934,2.3356407446627934,0.0,0.0,"raspberry-pi_experience1.csv, raspberry-pi_experience2.csv, raspberry-pi_experience3.csv"
platform_comparison,raspberry_pi,AES,GCM,192,4096,avalanche,3,0.49802083333333336,0.49802083333333336,0.0,0.0,"raspberry-pi_experience1.csv, raspberry-pi_experience2.csv, raspberry-pi_experience3.csv"
platform_comparison,raspberry_pi,AES,GCM,192,4096,ci95_enc,3,0.2763081328837056,0.2763081328837056,0.0,0.0,"raspberry-pi_experience1.csv, raspberry-pi_experience2.csv, raspberry-pi_experience3.csv"
platform_comparison,raspberry_pi,AES,GCM,192,4096,key_avalanche,3,0.4988020833333333,0.4988020833333333,0.0,0.0,"raspberry-pi_experience1.csv, raspberry-pi_experience2.csv, raspberry-pi_experience3.csv"
platform_comparison,raspberry_pi,AES,GCM,192,4096,throughput_dec,3,6.3415855272895145,6.3415855272895145,0.0,0.0,"raspberry-pi_experience1.csv, raspberry-pi_experience2.csv, raspberry-pi_experience3.csv"
platform_comparison,raspberry_pi,AES,GCM,192,4096,throughput_enc,3,7.738711276128434,7.738711276128434,0.0,0.0,"raspberry-pi_experience1.csv, raspberry-pi_experience2.csv, raspberry-pi_experience3.csv"
platform_comparison,raspberry_pi,AES,GCM,192,16384,avalanche,3,0.49942708333333335,0.49942708333333335,0.0,0.0,"raspberry-pi_experience1.csv, raspberry-pi_experience2.csv, raspberry-pi_experience3.csv"
platform_comparison,raspberry_pi,AES,GCM,192,16384,ci95_enc,3,0.39279960657277896,0.39279960657277896,0.0,0.0,"raspberry-pi_experience1.csv, raspberry-pi_experience2.csv, raspberry-pi_experience3.csv"
platform_comparison,raspberry_pi,AES,GCM,192,16384,key_avalanche,3,0.49826822916666663,0.49826822916666663,0.0,0.0,"raspberry-pi_experience1.csv, raspberry-pi_experience2.csv, raspberry-pi_experience3.csv"
platform_comparison,raspberry_pi,AES,GCM,192,16384,throughput_dec,3,13.22679816677067,13.22679816677067,0.0,0.0,"raspberry-pi_experience1.csv, raspberry-pi_experience2.csv, raspberry-pi_experience3.csv"
platform_comparison,raspberry_pi,AES,GCM,192,16384,throughput_enc,3,13.740067686299064,13.740067686299064,0.0,0.0,"raspberry-pi_experience1.csv, raspberry-pi_experience2.csv, raspberry-pi_experience3.csv"
platform_comparison,raspberry_pi,AES,GCM,256,64,avalanche,3,0.5000260416666668,0.5000260416666668,0.0,0.0,"raspberry-pi_experience1.csv, raspberry-pi_experience2.csv, raspberry-pi_experience3.csv"
platform_comparison,raspberry_pi,AES,GCM,256,64,ci95_enc,3,0.008573853241695965,0.008573853241695965,0.0,0.0,"raspberry-pi_experience1.csv, raspberry-pi_experience2.csv, raspberry-pi_experience3.csv"
platform_comparison,raspberry_pi,AES,GCM,256,64,key_avalanche,3,0.5008333333333334,0.5008333333333334,0.0,0.0,"raspberry-pi_experience1.csv, raspberry-pi_experience2.csv, raspberry-pi_experience3.csv"
platform_comparison,raspberry_pi,AES,GCM,256,64,throughput_dec,3,0.17000354035049314,0.17000354035049314,0.0,0.0,"raspberry-pi_experience1.csv, raspberry-pi_experience2.csv, raspberry-pi_experience3.csv"
platform_comparison,raspberry_pi,AES,GCM,256,64,throughput_enc,3,0.22089912227269837,0.22089912227269837,0.0,0.0,"raspberry-pi_experience1.csv, raspberry-pi_experience2.csv, raspberry-pi_experience3.csv"
platform_comparison,raspberry_pi,AES,GCM,256,256,avalanche,3,0.4964583333333333,0.4964583333333333,0.0,0.0,"raspberry-pi_experience1.csv, raspberry-pi_experience2.csv, raspberry-pi_experience3.csv"
platform_comparison,raspberry_pi,AES,GCM,256,256,ci95_enc,3,0.04521660272748615,0.04521660272748615,0.0,0.0,"raspberry-pi_experience1.csv, raspberry-pi_experience2.csv, raspberry-pi_experience3.csv"
platform_comparison,raspberry_pi,AES,GCM,256,256,key_avalanche,3,0.4991536458333334,0.4991536458333334,0.0,0.0,"raspberry-pi_experience1.csv, raspberry-pi_experience2.csv, raspberry-pi_experience3.csv"
platform_comparison,raspberry_pi,AES,GCM,256,256,throughput_dec,3,0.6407680975809681,0.6407680975809681,0.0,0.0,"raspberry-pi_experience1.csv, raspberry-pi_experience2.csv, raspberry-pi_experience3.csv"
platform_comparison,raspberry_pi,AES,GCM,256,256,throughput_enc,3,0.842748531962279,0.842748531962279,0.0,0.0,"raspberry-pi_experience1.csv, raspberry-pi_experience2.csv, raspberry-pi_experience3.csv"
platform_comparison,raspberry_pi,AES,GCM,256,1024,avalanche,3,0.4978255208333333,0.4978255208333333,0.0,0.0,"raspberry-pi_experience1.csv, raspberry-pi_experience2.csv, raspberry-pi_experience3.csv"
platform_comparison,raspberry_pi,AES,GCM,256,1024,ci95_enc,3,0.17304913746969217,0.17304913746969217,0.0,0.0,"raspberry-pi_experience1.csv, raspberry-pi_experience2.csv, raspberry-pi_experience3.csv"
platform_comparison,raspberry_pi,AES,GCM,256,1024,key_avalanche,3,0.4991536458333334,0.4991536458333334,0.0,0.0,"raspberry-pi_experience1.csv, raspberry-pi_experience2.csv, raspberry-pi_experience3.csv"
platform_comparison,raspberry_pi,AES,GCM,256,1024,throughput_dec,3,2.2486920155599344,2.2486920155599344,0.0,0.0,"raspberry-pi_experience1.csv, raspberry-pi_experience2.csv, raspberry-pi_experience3.csv"
platform_comparison,raspberry_pi,AES,GCM,256,1024,throughput_enc,3,2.6400951919800817,2.6400951919800817,0.0,0.0,"raspberry-pi_experience1.csv, raspberry-pi_experience2.csv, raspberry-pi_experience3.csv"
platform_comparison,raspberry_pi,AES,GCM,256,4096,avalanche,3,0.49942708333333335,0.49942708333333335,0.0,0.0,"raspberry-pi_experience1.csv, raspberry-pi_experience2.csv, raspberry-pi_experience3.csv"
platform_comparison,raspberry_pi,AES,GCM,256,4096,ci95_enc,3,0.36294334374426435,0.36294334374426435,0.0,0.0,"raspberry-pi_experience1.csv, raspberry-pi_experience2.csv, raspberry-pi_experience3.csv"
platform_comparison,raspberry_pi,AES,GCM,256,4096,key_avalanche,3,0.5008333333333334,0.5008333333333334,0.0,0.0,"raspberry-pi_experience1.csv, raspberry-pi_experience2.csv, raspberry-pi_experience3.csv"
platform_comparison,raspberry_pi,AES,GCM,256,4096,throughput_dec,3,6.541970817704115,6.541970817704115,0.0,0.0,"raspberry-pi_experience1.csv, raspberry-pi_experience2.csv, raspberry-pi_experience3.csv"
platform_comparison,raspberry_pi,AES,GCM,256,4096,throughput_enc,3,7.5332569905174305,7.5332569905174305,0.0,0.0,"raspberry-pi_experience1.csv, raspberry-pi_experience2.csv, raspberry-pi_experience3.csv"
platform_comparison,raspberry_pi,AES,GCM,256,16384,avalanche,3,0.5,0.5,0.0,0.0,"raspberry-pi_experience1.csv, raspberry-pi_experience2.csv, raspberry-pi_experience3.csv"
platform_comparison,raspberry_pi,AES,GCM,256,16384,ci95_enc,3,0.4238462480095691,0.4238462480095691,0.0,0.0,"raspberry-pi_experience1.csv, raspberry-pi_experience2.csv, raspberry-pi_experience3.csv"
platform_comparison,raspberry_pi,AES,GCM,256,16384,key_avalanche,3,0.5003385416666667,0.5003385416666667,0.0,0.0,"raspberry-pi_experience1.csv, raspberry-pi_experience2.csv, raspberry-pi_experience3.csv"
platform_comparison,raspberry_pi,AES,GCM,256,16384,throughput_dec,3,13.633859112088144,13.633859112088144,0.0,0.0,"raspberry-pi_experience1.csv, raspberry-pi_experience2.csv, raspberry-pi_experience3.csv"
platform_comparison,raspberry_pi,AES,GCM,256,16384,throughput_enc,3,13.857208659120362,13.857208659120362,0.0,0.0,"raspberry-pi_experience1.csv, raspberry-pi_experience2.csv, raspberry-pi_experience3.csv"
platform_comparison,raspberry_pi,ChaCha20,Stream,256,64,avalanche,3,0.5947102864583333,0.5947102864583333,0.0,0.0,"raspberry-pi_experience1.csv, raspberry-pi_experience2.csv, raspberry-pi_experience3.csv"
platform_comparison,raspberry_pi,ChaCha20,Stream,256,64,ci95_enc,3,0.47766195480325074,0.47766195480325074,0.0,0.0,"raspberry-pi_experience1.csv, raspberry-pi_experience2.csv, raspberry-pi_experience3.csv"
platform_comparison,raspberry_pi,ChaCha20,Stream,256,64,key_avalanche,3,0.5940364583333334,0.5940364583333334,0.0,0.0,"raspberry-pi_experience1.csv, raspberry-pi_experience2.csv, raspberry-pi_experience3.csv"
platform_comparison,raspberry_pi,ChaCha20,Stream,256,64,throughput_dec,3,2.1116134403765563,2.1116134403765563,0.0,0.0,"raspberry-pi_experience1.csv, raspberry-pi_experience2.csv, raspberry-pi_experience3.csv"
platform_comparison,raspberry_pi,ChaCha20,Stream,256,64,throughput_enc,3,1.8710351740154616,1.8710351740154616,0.0,0.0,"raspberry-pi_experience1.csv, raspberry-pi_experience2.csv, raspberry-pi_experience3.csv"
platform_comparison,raspberry_pi,ChaCha20,Stream,256,256,avalanche,3,0.5950651041666667,0.5950651041666667,0.0,0.0,"raspberry-pi_experience1.csv, raspberry-pi_experience2.csv, raspberry-pi_experience3.csv"
platform_comparison,raspberry_pi,ChaCha20,Stream,256,256,ci95_enc,3,1.6136448933715084,1.6136448933715084,0.0,0.0,"raspberry-pi_experience1.csv, raspberry-pi_experience2.csv, raspberry-pi_experience3.csv"
platform_comparison,raspberry_pi,ChaCha20,Stream,256,256,key_avalanche,3,0.5937239583333334,0.5937239583333334,0.0,0.0,"raspberry-pi_experience1.csv, raspberry-pi_experience2.csv, raspberry-pi_experience3.csv"
platform_comparison,raspberry_pi,ChaCha20,Stream,256,256,throughput_dec,3,8.75656813615816,8.75656813615816,0.0,0.0,"raspberry-pi_experience1.csv, raspberry-pi_experience2.csv, raspberry-pi_experience3.csv"
platform_comparison,raspberry_pi,ChaCha20,Stream,256,256,throughput_enc,3,7.468568076470015,7.468568076470015,0.0,0.0,"raspberry-pi_experience1.csv, raspberry-pi_experience2.csv, raspberry-pi_experience3.csv"
platform_comparison,raspberry_pi,ChaCha20,Stream,256,1024,avalanche,3,0.5942838541666666,0.5942838541666666,0.0,0.0,"raspberry-pi_experience1.csv, raspberry-pi_experience2.csv, raspberry-pi_experience3.csv"
platform_comparison,raspberry_pi,ChaCha20,Stream,256,1024,ci95_enc,3,3.8731909172955006,3.8731909172955006,0.0,0.0,"raspberry-pi_experience1.csv, raspberry-pi_experience2.csv, raspberry-pi_experience3.csv"
platform_comparison,raspberry_pi,ChaCha20,Stream,256,1024,key_avalanche,3,0.5938411458333334,0.5938411458333334,0.0,0.0,"raspberry-pi_experience1.csv, raspberry-pi_experience2.csv, raspberry-pi_experience3.csv"
platform_comparison,raspberry_pi,ChaCha20,Stream,256,1024,throughput_dec,3,27.35335760558934,27.35335760558934,0.0,0.0,"raspberry-pi_experience1.csv, raspberry-pi_experience2.csv, raspberry-pi_experience3.csv"
platform_comparison,raspberry_pi,ChaCha20,Stream,256,1024,throughput_enc,3,24.316771898402113,24.316771898402113,0.0,0.0,"raspberry-pi_experience1.csv, raspberry-pi_experience2.csv, raspberry-pi_experience3.csv"
platform_comparison,raspberry_pi,ChaCha20,Stream,256,4096,avalanche,3,0.5947786458333333,0.5947786458333333,0.0,0.0,"raspberry-pi_experience1.csv, raspberry-pi_experience2.csv, raspberry-pi_experience3.csv"
platform_comparison,raspberry_pi,ChaCha20,Stream,256,4096,ci95_enc,3,4.032562820274327,4.032562820274327,0.0,0.0,"raspberry-pi_experience1.csv, raspberry-pi_experience2.csv, raspberry-pi_experience3.csv"
platform_comparison,raspberry_pi,ChaCha20,Stream,256,4096,key_avalanche,3,0.592939453125,0.592939453125,0.0,0.0,"raspberry-pi_experience1.csv, raspberry-pi_experience2.csv, raspberry-pi_experience3.csv"
platform_comparison,raspberry_pi,ChaCha20,Stream,256,4096,throughput_dec,3,64.33649563613467,64.33649563613467,0.0,0.0,"raspberry-pi_experience1.csv, raspberry-pi_experience2.csv, raspberry-pi_experience3.csv"
platform_comparison,raspberry_pi,ChaCha20,Stream,256,4096,throughput_enc,3,61.08616019580552,61.08616019580552,0.0,0.0,"raspberry-pi_experience1.csv, raspberry-pi_experience2.csv, raspberry-pi_experience3.csv"
platform_comparison,raspberry_pi,ChaCha20,Stream,256,16384,avalanche,3,0.5937890625,0.5937890625,0.0,0.0,"raspberry-pi_experience1.csv, raspberry-pi_experience2.csv, raspberry-pi_experience3.csv"
platform_comparison,raspberry_pi,ChaCha20,Stream,256,16384,ci95_enc,3,3.2527040337308115,3.2527040337308115,0.0,0.0,"raspberry-pi_experience1.csv, raspberry-pi_experience2.csv, raspberry-pi_experience3.csv"
platform_comparison,raspberry_pi,ChaCha20,Stream,256,16384,key_avalanche,3,0.5953841145833333,0.5953841145833333,0.0,0.0,"raspberry-pi_experience1.csv, raspberry-pi_experience2.csv, raspberry-pi_experience3.csv"
platform_comparison,raspberry_pi,ChaCha20,Stream,256,16384,throughput_dec,3,89.17795626698326,89.17795626698326,0.0,0.0,"raspberry-pi_experience1.csv, raspberry-pi_experience2.csv, raspberry-pi_experience3.csv"
platform_comparison,raspberry_pi,ChaCha20,Stream,256,16384,throughput_enc,3,74.6181083713189,74.6181083713189,0.0,0.0,"raspberry-pi_experience1.csv, raspberry-pi_experience2.csv, raspberry-pi_experience3.csv"
platform_comparison,raspberry_pi,DES,CBC,64,64,avalanche,3,0.4996354166666667,0.4996354166666667,0.0,0.0,"raspberry-pi_experience1.csv, raspberry-pi_experience2.csv, raspberry-pi_experience3.csv"
platform_comparison,raspberry_pi,DES,CBC,64,64,ci95_enc,3,0.0023229642489938297,0.0023229642489938297,0.0,0.0,"raspberry-pi_experience1.csv, raspberry-pi_experience2.csv, raspberry-pi_experience3.csv"
platform_comparison,raspberry_pi,DES,CBC,64,64,key_avalanche,3,0.44263020833333333,0.44263020833333333,0.0,0.0,"raspberry-pi_experience1.csv, raspberry-pi_experience2.csv, raspberry-pi_experience3.csv"
platform_comparison,raspberry_pi,DES,CBC,64,64,throughput_dec,3,0.7819313104672769,0.7819313104672769,0.0,0.0,"raspberry-pi_experience1.csv, raspberry-pi_experience2.csv, raspberry-pi_experience3.csv"
platform_comparison,raspberry_pi,DES,CBC,64,64,throughput_enc,3,0.1094828664523952,0.1094828664523952,0.0,0.0,"raspberry-pi_experience1.csv, raspberry-pi_experience2.csv, raspberry-pi_experience3.csv"
platform_comparison,raspberry_pi,DES,CBC,64,256,avalanche,3,0.4994010416666666,0.4994010416666666,0.0,0.0,"raspberry-pi_experience1.csv, raspberry-pi_experience2.csv, raspberry-pi_experience3.csv"
platform_comparison,raspberry_pi,DES,CBC,64,256,ci95_enc,3,0.0016427512513377755,0.0016427512513377755,0.0,0.0,"raspberry-pi_experience1.csv, raspberry-pi_experience2.csv, raspberry-pi_experience3.csv"
platform_comparison,raspberry_pi,DES,CBC,64,256,key_avalanche,3,0.43872395833333333,0.43872395833333333,0.0,0.0,"raspberry-pi_experience1.csv, raspberry-pi_experience2.csv, raspberry-pi_experience3.csv"
platform_comparison,raspberry_pi,DES,CBC,64,256,throughput_dec,3,1.9760879857170794,1.9760879857170794,0.0,0.0,"raspberry-pi_experience1.csv, raspberry-pi_experience2.csv, raspberry-pi_experience3.csv"
platform_comparison,raspberry_pi,DES,CBC,64,256,throughput_enc,3,0.12837917801667867,0.12837917801667867,0.0,0.0,"raspberry-pi_experience1.csv, raspberry-pi_experience2.csv, raspberry-pi_experience3.csv"
platform_comparison,raspberry_pi,DES,CBC,64,1024,avalanche,3,0.5020572916666667,0.5020572916666667,0.0,0.0,"raspberry-pi_experience1.csv, raspberry-pi_experience2.csv, raspberry-pi_experience3.csv"
platform_comparison,raspberry_pi,DES,CBC,64,1024,ci95_enc,3,0.001404294105146791,0.001404294105146791,0.0,0.0,"raspberry-pi_experience1.csv, raspberry-pi_experience2.csv, raspberry-pi_experience3.csv"
platform_comparison,raspberry_pi,DES,CBC,64,1024,key_avalanche,3,0.447578125,0.447578125,0.0,0.0,"raspberry-pi_experience1.csv, raspberry-pi_experience2.csv, raspberry-pi_experience3.csv"
platform_comparison,raspberry_pi,DES,CBC,64,1024,throughput_dec,3,3.018791277193278,3.018791277193278,0.0,0.0,"raspberry-pi_experience1.csv, raspberry-pi_experience2.csv, raspberry-pi_experience3.csv"
platform_comparison,raspberry_pi,DES,CBC,64,1024,throughput_enc,3,0.13026632060862633,0.13026632060862633,0.0,0.0,"raspberry-pi_experience1.csv, raspberry-pi_experience2.csv, raspberry-pi_experience3.csv"
platform_comparison,raspberry_pi,DES,CBC,64,4096,avalanche,3,0.49611979166666664,0.49611979166666664,0.0,0.0,"raspberry-pi_experience1.csv, raspberry-pi_experience2.csv, raspberry-pi_experience3.csv"
platform_comparison,raspberry_pi,DES,CBC,64,4096,ci95_enc,3,0.0005406822584029215,0.0005406822584029215,0.0,0.0,"raspberry-pi_experience1.csv, raspberry-pi_experience2.csv, raspberry-pi_experience3.csv"
platform_comparison,raspberry_pi,DES,CBC,64,4096,key_avalanche,3,0.42770833333333336,0.42770833333333336,0.0,0.0,"raspberry-pi_experience1.csv, raspberry-pi_experience2.csv, raspberry-pi_experience3.csv"
platform_comparison,raspberry_pi,DES,CBC,64,4096,throughput_dec,3,3.932122199350425,3.932122199350425,0.0,0.0,"raspberry-pi_experience1.csv, raspberry-pi_experience2.csv, raspberry-pi_experience3.csv"
platform_comparison,raspberry_pi,DES,CBC,64,4096,throughput_enc,3,0.13446874402227008,0.13446874402227008,0.0,0.0,"raspberry-pi_experience1.csv, raspberry-pi_experience2.csv, raspberry-pi_experience3.csv"
platform_comparison,raspberry_pi,DES,CBC,64,16384,avalanche,3,0.499921875,0.499921875,0.0,0.0,"raspberry-pi_experience1.csv, raspberry-pi_experience2.csv, raspberry-pi_experience3.csv"
platform_comparison,raspberry_pi,DES,CBC,64,16384,ci95_enc,3,0.0006087779765795671,0.0006087779765795671,0.0,0.0,"raspberry-pi_experience1.csv, raspberry-pi_experience2.csv, raspberry-pi_experience3.csv"
platform_comparison,raspberry_pi,DES,CBC,64,16384,key_avalanche,3,0.4437760416666667,0.4437760416666667,0.0,0.0,"raspberry-pi_experience1.csv, raspberry-pi_experience2.csv, raspberry-pi_experience3.csv"
platform_comparison,raspberry_pi,DES,CBC,64,16384,throughput_dec,3,4.658787919207207,4.658787919207207,0.0,0.0,"raspberry-pi_experience1.csv, raspberry-pi_experience2.csv, raspberry-pi_experience3.csv"
platform_comparison,raspberry_pi,DES,CBC,64,16384,throughput_enc,3,0.13807715089764463,0.13807715089764463,0.0,0.0,"raspberry-pi_experience1.csv, raspberry-pi_experience2.csv, raspberry-pi_experience3.csv"
platform_comparison,raspberry_pi,DES,CTR,64,64,avalanche,3,0.4968489583333333,0.4968489583333333,0.0,0.0,"raspberry-pi_experience1.csv, raspberry-pi_experience2.csv, raspberry-pi_experience3.csv"
platform_comparison,raspberry_pi,DES,CTR,64,64,ci95_enc,3,0.02840273041482626,0.02840273041482626,0.0,0.0,"raspberry-pi_experience1.csv, raspberry-pi_experience2.csv, raspberry-pi_experience3.csv"
platform_comparison,raspberry_pi,DES,CTR,64,64,key_avalanche,3,0.44070312500000003,0.44070312500000003,0.0,0.0,"raspberry-pi_experience1.csv, raspberry-pi_experience2.csv, raspberry-pi_experience3.csv"
platform_comparison,raspberry_pi,DES,CTR,64,64,throughput_dec,3,0.7368409500955634,0.7368409500955634,0.0,0.0,"raspberry-pi_experience1.csv, raspberry-pi_experience2.csv, raspberry-pi_experience3.csv"
platform_comparison,raspberry_pi,DES,CTR,64,64,throughput_enc,3,0.704477057949244,0.704477057949244,0.0,0.0,"raspberry-pi_experience1.csv, raspberry-pi_experience2.csv, raspberry-pi_experience3.csv"
platform_comparison,raspberry_pi,DES,CTR,64,256,avalanche,3,0.502421875,0.502421875,0.0,0.0,"raspberry-pi_experience1.csv, raspberry-pi_experience2.csv, raspberry-pi_experience3.csv"
platform_comparison,raspberry_pi,DES,CTR,64,256,ci95_enc,3,0.06492698954829916,0.06492698954829916,0.0,0.0,"raspberry-pi_experience1.csv, raspberry-pi_experience2.csv, raspberry-pi_experience3.csv"
platform_comparison,raspberry_pi,DES,CTR,64,256,key_avalanche,3,0.4464322916666667,0.4464322916666667,0.0,0.0,"raspberry-pi_experience1.csv, raspberry-pi_experience2.csv, raspberry-pi_experience3.csv"
platform_comparison,raspberry_pi,DES,CTR,64,256,throughput_dec,3,1.5541995489979008,1.5541995489979008,0.0,0.0,"raspberry-pi_experience1.csv, raspberry-pi_experience2.csv, raspberry-pi_experience3.csv"
platform_comparison,raspberry_pi,DES,CTR,64,256,throughput_enc,3,1.5788343490791574,1.5788343490791574,0.0,0.0,"raspberry-pi_experience1.csv, raspberry-pi_experience2.csv, raspberry-pi_experience3.csv"
platform_comparison,raspberry_pi,DES,CTR,64,1024,avalanche,3,0.49927083333333333,0.49927083333333333,0.0,0.0,"raspberry-pi_experience1.csv, raspberry-pi_experience2.csv, raspberry-pi_experience3.csv"
platform_comparison,raspberry_pi,DES,CTR,64,1024,ci95_enc,3,0.05370407014023169,0.05370407014023169,0.0,0.0,"raspberry-pi_experience1.csv, raspberry-pi_experience2.csv, raspberry-pi_experience3.csv"
platform_comparison,raspberry_pi,DES,CTR,64,1024,key_avalanche,3,0.43755208333333334,0.43755208333333334,0.0,0.0,"raspberry-pi_experience1.csv, raspberry-pi_experience2.csv, raspberry-pi_experience3.csv"
platform_comparison,raspberry_pi,DES,CTR,64,1024,throughput_dec,3,2.290247948889297,2.290247948889297,0.0,0.0,"raspberry-pi_experience1.csv, raspberry-pi_experience2.csv, raspberry-pi_experience3.csv"
platform_comparison,raspberry_pi,DES,CTR,64,1024,throughput_enc,3,2.3269365670652915,2.3269365670652915,0.0,0.0,"raspberry-pi_experience1.csv, raspberry-pi_experience2.csv, raspberry-pi_experience3.csv"
platform_comparison,raspberry_pi,DES,CTR,64,4096,avalanche,3,0.4953125,0.4953125,0.0,0.0,"raspberry-pi_experience1.csv, raspberry-pi_experience2.csv, raspberry-pi_experience3.csv"
platform_comparison,raspberry_pi,DES,CTR,64,4096,ci95_enc,3,0.04406076951177481,0.04406076951177481,0.0,0.0,"raspberry-pi_experience1.csv, raspberry-pi_experience2.csv, raspberry-pi_experience3.csv"
platform_comparison,raspberry_pi,DES,CTR,64,4096,key_avalanche,3,0.4418489583333334,0.4418489583333334,0.0,0.0,"raspberry-pi_experience1.csv, raspberry-pi_experience2.csv, raspberry-pi_experience3.csv"
platform_comparison,raspberry_pi,DES,CTR,64,4096,throughput_dec,3,2.8664853546266635,2.8664853546266635,0.0,0.0,"raspberry-pi_experience1.csv, raspberry-pi_experience2.csv, raspberry-pi_experience3.csv"
platform_comparison,raspberry_pi,DES,CTR,64,4096,throughput_enc,3,2.8393893741217155,2.8393893741217155,0.0,0.0,"raspberry-pi_experience1.csv, raspberry-pi_experience2.csv, raspberry-pi_experience3.csv"
platform_comparison,raspberry_pi,DES,CTR,64,16384,avalanche,3,0.5026822916666667,0.5026822916666667,0.0,0.0,"raspberry-pi_experience1.csv, raspberry-pi_experience2.csv, raspberry-pi_experience3.csv"
platform_comparison,raspberry_pi,DES,CTR,64,16384,ci95_enc,3,0.0351775822756466,0.0351775822756466,0.0,0.0,"raspberry-pi_experience1.csv, raspberry-pi_experience2.csv, raspberry-pi_experience3.csv"
platform_comparison,raspberry_pi,DES,CTR,64,16384,key_avalanche,3,0.43716145833333336,0.43716145833333336,0.0,0.0,"raspberry-pi_experience1.csv, raspberry-pi_experience2.csv, raspberry-pi_experience3.csv"
platform_comparison,raspberry_pi,DES,CTR,64,16384,throughput_dec,3,3.199544670460265,3.199544670460265,0.0,0.0,"raspberry-pi_experience1.csv, raspberry-pi_experience2.csv, raspberry-pi_experience3.csv"
platform_comparison,raspberry_pi,DES,CTR,64,16384,throughput_enc,3,3.143309424114199,3.143309424114199,0.0,0.0,"raspberry-pi_experience1.csv, raspberry-pi_experience2.csv, raspberry-pi_experience3.csv"
platform_comparison,raspberry_pi,DES,ECB,64,64,avalanche,3,0.5011979166666667,0.5011979166666667,0.0,0.0,"raspberry-pi_experience1.csv, raspberry-pi_experience2.csv, raspberry-pi_experience3.csv"
platform_comparison,raspberry_pi,DES,ECB,64,64,ci95_enc,3,0.15660498599126235,0.15660498599126235,0.0,0.0,"raspberry-pi_experience1.csv, raspberry-pi_experience2.csv, raspberry-pi_experience3.csv"
platform_comparison,raspberry_pi,DES,ECB,64,64,key_avalanche,3,0.435625,0.435625,0.0,0.0,"raspberry-pi_experience1.csv, raspberry-pi_experience2.csv, raspberry-pi_experience3.csv"
platform_comparison,raspberry_pi,DES,ECB,64,64,throughput_dec,3,1.1132742207965236,1.1132742207965236,0.0,0.0,"raspberry-pi_experience1.csv, raspberry-pi_experience2.csv, raspberry-pi_experience3.csv"
platform_comparison,raspberry_pi,DES,ECB,64,64,throughput_enc,3,0.8625794681891682,0.8625794681891682,0.0,0.0,"raspberry-pi_experience1.csv, raspberry-pi_experience2.csv, raspberry-pi_experience3.csv"
platform_comparison,raspberry_pi,DES,ECB,64,256,avalanche,3,0.49539062500000003,0.49539062500000003,0.0,0.0,"raspberry-pi_experience1.csv, raspberry-pi_experience2.csv, raspberry-pi_experience3.csv"
platform_comparison,raspberry_pi,DES,ECB,64,256,ci95_enc,3,0.32423585151531414,0.32423585151531414,0.0,0.0,"raspberry-pi_experience1.csv, raspberry-pi_experience2.csv, raspberry-pi_experience3.csv"
platform_comparison,raspberry_pi,DES,ECB,64,256,key_avalanche,3,0.4323958333333333,0.4323958333333333,0.0,0.0,"raspberry-pi_experience1.csv, raspberry-pi_experience2.csv, raspberry-pi_experience3.csv"
platform_comparison,raspberry_pi,DES,ECB,64,256,throughput_dec,3,3.8740813487446197,3.8740813487446197,0.0,0.0,"raspberry-pi_experience1.csv, raspberry-pi_experience2.csv, raspberry-pi_experience3.csv"
platform_comparison,raspberry_pi,DES,ECB,64,256,throughput_enc,3,3.5358748414660734,3.5358748414660734,0.0,0.0,"raspberry-pi_experience1.csv, raspberry-pi_experience2.csv, raspberry-pi_experience3.csv"
platform_comparison,raspberry_pi,DES,ECB,64,1024,avalanche,3,0.5023958333333333,0.5023958333333333,0.0,0.0,"raspberry-pi_experience1.csv, raspberry-pi_experience2.csv, raspberry-pi_experience3.csv"
platform_comparison,raspberry_pi,DES,ECB,64,1024,ci95_enc,3,0.5345228947164365,0.5345228947164365,0.0,0.0,"raspberry-pi_experience1.csv, raspberry-pi_experience2.csv, raspberry-pi_experience3.csv"
platform_comparison,raspberry_pi,DES,ECB,64,1024,key_avalanche,3,0.4215625,0.4215625,0.0,0.0,"raspberry-pi_experience1.csv, raspberry-pi_experience2.csv, raspberry-pi_experience3.csv"
platform_comparison,raspberry_pi,DES,ECB,64,1024,throughput_dec,3,10.946703187733307,10.946703187733307,0.0,0.0,"raspberry-pi_experience1.csv, raspberry-pi_experience2.csv, raspberry-pi_experience3.csv"
platform_comparison,raspberry_pi,DES,ECB,64,1024,throughput_enc,3,10.46827849041337,10.46827849041337,0.0,0.0,"raspberry-pi_experience1.csv, raspberry-pi_experience2.csv, raspberry-pi_experience3.csv"
platform_comparison,raspberry_pi,DES,ECB,64,4096,avalanche,3,0.5013802083333333,0.5013802083333333,0.0,0.0,"raspberry-pi_experience1.csv, raspberry-pi_experience2.csv, raspberry-pi_experience3.csv"
platform_comparison,raspberry_pi,DES,ECB,64,4096,ci95_enc,3,0.8430491297813486,0.8430491297813486,0.0,0.0,"raspberry-pi_experience1.csv, raspberry-pi_experience2.csv, raspberry-pi_experience3.csv"
platform_comparison,raspberry_pi,DES,ECB,64,4096,key_avalanche,3,0.44411458333333337,0.44411458333333337,0.0,0.0,"raspberry-pi_experience1.csv, raspberry-pi_experience2.csv, raspberry-pi_experience3.csv"
platform_comparison,raspberry_pi,DES,ECB,64,4096,throughput_dec,3,21.621719584107982,21.621719584107982,0.0,0.0,"raspberry-pi_experience1.csv, raspberry-pi_experience2.csv, raspberry-pi_experience3.csv"
platform_comparison,raspberry_pi,DES,ECB,64,4096,throughput_enc,3,20.75205589187986,20.75205589187986,0.0,0.0,"raspberry-pi_experience1.csv, raspberry-pi_experience2.csv, raspberry-pi_experience3.csv"
platform_comparison,raspberry_pi,DES,ECB,64,16384,avalanche,3,0.501796875,0.501796875,0.0,0.0,"raspberry-pi_experience1.csv, raspberry-pi_experience2.csv, raspberry-pi_experience3.csv"
platform_comparison,raspberry_pi,DES,ECB,64,16384,ci95_enc,3,0.9109410999943219,0.9109410999943219,0.0,0.0,"raspberry-pi_experience1.csv, raspberry-pi_experience2.csv, raspberry-pi_experience3.csv"
platform_comparison,raspberry_pi,DES,ECB,64,16384,key_avalanche,3,0.44036458333333334,0.44036458333333334,0.0,0.0,"raspberry-pi_experience1.csv, raspberry-pi_experience2.csv, raspberry-pi_experience3.csv"
platform_comparison,raspberry_pi,DES,ECB,64,16384,throughput_dec,3,25.3250768289643,25.3250768289643,0.0,0.0,"raspberry-pi_experience1.csv, raspberry-pi_experience2.csv, raspberry-pi_experience3.csv"
platform_comparison,raspberry_pi,DES,ECB,64,16384,throughput_enc,3,23.633593022759168,23.633593022759168,0.0,0.0,"raspberry-pi_experience1.csv, raspberry-pi_experience2.csv, raspberry-pi_experience3.csv"
platform_comparison,raspberry_pi,Twofish,CBC,128,64,avalanche,3,0.5010807291666667,0.5010807291666667,0.0,0.0,"raspberry-pi_experience1.csv, raspberry-pi_experience2.csv, raspberry-pi_experience3.csv"
platform_comparison,raspberry_pi,Twofish,CBC,128,64,ci95_enc,3,0.02029978873758734,0.02029978873758734,0.0,0.0,"raspberry-pi_experience1.csv, raspberry-pi_experience2.csv, raspberry-pi_experience3.csv"
platform_comparison,raspberry_pi,Twofish,CBC,128,64,key_avalanche,3,0.49873697916666665,0.49873697916666665,0.0,0.0,"raspberry-pi_experience1.csv, raspberry-pi_experience2.csv, raspberry-pi_experience3.csv"
platform_comparison,raspberry_pi,Twofish,CBC,128,64,throughput_dec,3,0.7376138436785502,0.7376138436785502,0.0,0.0,"raspberry-pi_experience1.csv, raspberry-pi_experience2.csv, raspberry-pi_experience3.csv"
platform_comparison,raspberry_pi,Twofish,CBC,128,64,throughput_enc,3,0.5829424892138562,0.5829424892138562,0.0,0.0,"raspberry-pi_experience1.csv, raspberry-pi_experience2.csv, raspberry-pi_experience3.csv"
platform_comparison,raspberry_pi,Twofish,CBC,128,256,avalanche,3,0.4985546875,0.4985546875,0.0,0.0,"raspberry-pi_experience1.csv, raspberry-pi_experience2.csv, raspberry-pi_experience3.csv"
platform_comparison,raspberry_pi,Twofish,CBC,128,256,ci95_enc,3,0.010090070704531716,0.010090070704531716,0.0,0.0,"raspberry-pi_experience1.csv, raspberry-pi_experience2.csv, raspberry-pi_experience3.csv"
platform_comparison,raspberry_pi,Twofish,CBC,128,256,key_avalanche,3,0.5015755208333333,0.5015755208333333,0.0,0.0,"raspberry-pi_experience1.csv, raspberry-pi_experience2.csv, raspberry-pi_experience3.csv"
platform_comparison,raspberry_pi,Twofish,CBC,128,256,throughput_dec,3,0.9555401293714555,0.9555401293714555,0.0,0.0,"raspberry-pi_experience1.csv, raspberry-pi_experience2.csv, raspberry-pi_experience3.csv"
platform_comparison,raspberry_pi,Twofish,CBC,128,256,throughput_enc,3,0.7281400325245105,0.7281400325245105,0.0,0.0,"raspberry-pi_experience1.csv, raspberry-pi_experience2.csv, raspberry-pi_experience3.csv"
platform_comparison,raspberry_pi,Twofish,CBC,128,1024,avalanche,3,0.5033854166666667,0.5033854166666667,0.0,0.0,"raspberry-pi_experience1.csv, raspberry-pi_experience2.csv, raspberry-pi_experience3.csv"
platform_comparison,raspberry_pi,Twofish,CBC,128,1024,ci95_enc,3,0.006932465059463918,0.006932465059463918,0.0,0.0,"raspberry-pi_experience1.csv, raspberry-pi_experience2.csv, raspberry-pi_experience3.csv"
platform_comparison,raspberry_pi,Twofish,CBC,128,1024,key_avalanche,3,0.501953125,0.501953125,0.0,0.0,"raspberry-pi_experience1.csv, raspberry-pi_experience2.csv, raspberry-pi_experience3.csv"
platform_comparison,raspberry_pi,Twofish,CBC,128,1024,throughput_dec,3,0.9989988493121845,0.9989988493121845,0.0,0.0,"raspberry-pi_experience1.csv, raspberry-pi_experience2.csv, raspberry-pi_experience3.csv"
platform_comparison,raspberry_pi,Twofish,CBC,128,1024,throughput_enc,3,0.7746148932579886,0.7746148932579886,0.0,0.0,"raspberry-pi_experience1.csv, raspberry-pi_experience2.csv, raspberry-pi_experience3.csv"
platform_comparison,raspberry_pi,Twofish,CBC,128,4096,avalanche,3,0.4976692708333334,0.4976692708333334,0.0,0.0,"raspberry-pi_experience1.csv, raspberry-pi_experience2.csv, raspberry-pi_experience3.csv"
platform_comparison,raspberry_pi,Twofish,CBC,128,4096,ci95_enc,3,0.0033132759738976974,0.0033132759738976974,0.0,0.0,"raspberry-pi_experience1.csv, raspberry-pi_experience2.csv, raspberry-pi_experience3.csv"
platform_comparison,raspberry_pi,Twofish,CBC,128,4096,key_avalanche,3,0.5027083333333334,0.5027083333333334,0.0,0.0,"raspberry-pi_experience1.csv, raspberry-pi_experience2.csv, raspberry-pi_experience3.csv"
platform_comparison,raspberry_pi,Twofish,CBC,128,4096,throughput_dec,3,1.0629875521521186,1.0629875521521186,0.0,0.0,"raspberry-pi_experience1.csv, raspberry-pi_experience2.csv, raspberry-pi_experience3.csv"
platform_comparison,raspberry_pi,Twofish,CBC,128,4096,throughput_enc,3,0.8124949175856226,0.8124949175856226,0.0,0.0,"raspberry-pi_experience1.csv, raspberry-pi_experience2.csv, raspberry-pi_experience3.csv"
platform_comparison,raspberry_pi,Twofish,CBC,128,16384,avalanche,3,0.4998046875,0.4998046875,0.0,0.0,"raspberry-pi_experience1.csv, raspberry-pi_experience2.csv, raspberry-pi_experience3.csv"
platform_comparison,raspberry_pi,Twofish,CBC,128,16384,ci95_enc,3,0.0016046406262018708,0.0016046406262018708,0.0,0.0,"raspberry-pi_experience1.csv, raspberry-pi_experience2.csv, raspberry-pi_experience3.csv"
platform_comparison,raspberry_pi,Twofish,CBC,128,16384,key_avalanche,3,0.49928385416666665,0.49928385416666665,0.0,0.0,"raspberry-pi_experience1.csv, raspberry-pi_experience2.csv, raspberry-pi_experience3.csv"
platform_comparison,raspberry_pi,Twofish,CBC,128,16384,throughput_dec,3,1.1149174275890736,1.1149174275890736,0.0,0.0,"raspberry-pi_experience1.csv, raspberry-pi_experience2.csv, raspberry-pi_experience3.csv"
platform_comparison,raspberry_pi,Twofish,CBC,128,16384,throughput_enc,3,0.8296329114757609,0.8296329114757609,0.0,0.0,"raspberry-pi_experience1.csv, raspberry-pi_experience2.csv, raspberry-pi_experience3.csv"
platform_comparison,raspberry_pi,Twofish,CBC,192,64,avalanche,3,0.500859375,0.500859375,0.0,0.0,"raspberry-pi_experience1.csv, raspberry-pi_experience2.csv, raspberry-pi_experience3.csv"
platform_comparison,raspberry_pi,Twofish,CBC,192,64,ci95_enc,3,0.0215747258103952,0.0215747258103952,0.0,0.0,"raspberry-pi_experience1.csv, raspberry-pi_experience2.csv, raspberry-pi_experience3.csv"
platform_comparison,raspberry_pi,Twofish,CBC,192,64,key_avalanche,3,0.49942708333333335,0.49942708333333335,0.0,0.0,"raspberry-pi_experience1.csv, raspberry-pi_experience2.csv, raspberry-pi_experience3.csv"
platform_comparison,raspberry_pi,Twofish,CBC,192,64,throughput_dec,3,0.7501773101695335,0.7501773101695335,0.0,0.0,"raspberry-pi_experience1.csv, raspberry-pi_experience2.csv, raspberry-pi_experience3.csv"
platform_comparison,raspberry_pi,Twofish,CBC,192,64,throughput_enc,3,0.5716688263410724,0.5716688263410724,0.0,0.0,"raspberry-pi_experience1.csv, raspberry-pi_experience2.csv, raspberry-pi_experience3.csv"
platform_comparison,raspberry_pi,Twofish,CBC,192,256,avalanche,3,0.5004557291666667,0.5004557291666667,0.0,0.0,"raspberry-pi_experience1.csv, raspberry-pi_experience2.csv, raspberry-pi_experience3.csv"
platform_comparison,raspberry_pi,Twofish,CBC,192,256,ci95_enc,3,0.010563608157561128,0.010563608157561128,0.0,0.0,"raspberry-pi_experience1.csv, raspberry-pi_experience2.csv, raspberry-pi_experience3.csv"
platform_comparison,raspberry_pi,Twofish,CBC,192,256,key_avalanche,3,0.4993359375,0.4993359375,0.0,0.0,"raspberry-pi_experience1.csv, raspberry-pi_experience2.csv, raspberry-pi_experience3.csv"
platform_comparison,raspberry_pi,Twofish,CBC,192,256,throughput_dec,3,0.9533033800481888,0.9533033800481888,0.0,0.0,"raspberry-pi_experience1.csv, raspberry-pi_experience2.csv, raspberry-pi_experience3.csv"
platform_comparison,raspberry_pi,Twofish,CBC,192,256,throughput_enc,3,0.7212213209688594,0.7212213209688594,0.0,0.0,"raspberry-pi_experience1.csv, raspberry-pi_experience2.csv, raspberry-pi_experience3.csv"
platform_comparison,raspberry_pi,Twofish,CBC,192,1024,avalanche,3,0.4976692708333334,0.4976692708333334,0.0,0.0,"raspberry-pi_experience1.csv, raspberry-pi_experience2.csv, raspberry-pi_experience3.csv"
platform_comparison,raspberry_pi,Twofish,CBC,192,1024,ci95_enc,3,0.005482215377920423,0.005482215377920423,0.0,0.0,"raspberry-pi_experience1.csv, raspberry-pi_experience2.csv, raspberry-pi_experience3.csv"
platform_comparison,raspberry_pi,Twofish,CBC,192,1024,key_avalanche,3,0.49735677083333335,0.49735677083333335,0.0,0.0,"raspberry-pi_experience1.csv, raspberry-pi_experience2.csv, raspberry-pi_experience3.csv"
platform_comparison,raspberry_pi,Twofish,CBC,192,1024,throughput_dec,3,1.0027750354647118,1.0027750354647118,0.0,0.0,"raspberry-pi_experience1.csv, raspberry-pi_experience2.csv, raspberry-pi_experience3.csv"
platform_comparison,raspberry_pi,Twofish,CBC,192,1024,throughput_enc,3,0.7617944887785502,0.7617944887785502,0.0,0.0,"raspberry-pi_experience1.csv, raspberry-pi_experience2.csv, raspberry-pi_experience3.csv"
platform_comparison,raspberry_pi,Twofish,CBC,192,4096,avalanche,3,0.4974869791666667,0.4974869791666667,0.0,0.0,"raspberry-pi_experience1.csv, raspberry-pi_experience2.csv, raspberry-pi_experience3.csv"
platform_comparison,raspberry_pi,Twofish,CBC,192,4096,ci95_enc,3,0.0029340104274443203,0.0029340104274443203,0.0,0.0,"raspberry-pi_experience1.csv, raspberry-pi_experience2.csv, raspberry-pi_experience3.csv"
platform_comparison,raspberry_pi,Twofish,CBC,192,4096,key_avalanche,3,0.500234375,0.500234375,0.0,0.0,"raspberry-pi_experience1.csv, raspberry-pi_experience2.csv, raspberry-pi_experience3.csv"
platform_comparison,raspberry_pi,Twofish,CBC,192,4096,throughput_dec,3,1.06682158998853,1.06682158998853,0.0,0.0,"raspberry-pi_experience1.csv, raspberry-pi_experience2.csv, raspberry-pi_experience3.csv"
platform_comparison,raspberry_pi,Twofish,CBC,192,4096,throughput_enc,3,0.8108139554999436,0.8108139554999436,0.0,0.0,"raspberry-pi_experience1.csv, raspberry-pi_experience2.csv, raspberry-pi_experience3.csv"
platform_comparison,raspberry_pi,Twofish,CBC,192,16384,avalanche,3,0.5022265625,0.5022265625,0.0,0.0,"raspberry-pi_experience1.csv, raspberry-pi_experience2.csv, raspberry-pi_experience3.csv"
platform_comparison,raspberry_pi,Twofish,CBC,192,16384,ci95_enc,3,0.0015707275570475902,0.0015707275570475902,0.0,0.0,"raspberry-pi_experience1.csv, raspberry-pi_experience2.csv, raspberry-pi_experience3.csv"
platform_comparison,raspberry_pi,Twofish,CBC,192,16384,key_avalanche,3,0.49906249999999996,0.49906249999999996,0.0,0.0,"raspberry-pi_experience1.csv, raspberry-pi_experience2.csv, raspberry-pi_experience3.csv"
platform_comparison,raspberry_pi,Twofish,CBC,192,16384,throughput_dec,3,1.1203249904355195,1.1203249904355195,0.0,0.0,"raspberry-pi_experience1.csv, raspberry-pi_experience2.csv, raspberry-pi_experience3.csv"
platform_comparison,raspberry_pi,Twofish,CBC,192,16384,throughput_enc,3,0.8283152800914758,0.8283152800914758,0.0,0.0,"raspberry-pi_experience1.csv, raspberry-pi_experience2.csv, raspberry-pi_experience3.csv"
platform_comparison,raspberry_pi,Twofish,CBC,256,64,avalanche,3,0.49921875,0.49921875,0.0,0.0,"raspberry-pi_experience1.csv, raspberry-pi_experience2.csv, raspberry-pi_experience3.csv"
platform_comparison,raspberry_pi,Twofish,CBC,256,64,ci95_enc,3,0.014261249284146025,0.014261249284146025,0.0,0.0,"raspberry-pi_experience1.csv, raspberry-pi_experience2.csv, raspberry-pi_experience3.csv"
platform_comparison,raspberry_pi,Twofish,CBC,256,64,key_avalanche,3,0.5003645833333333,0.5003645833333333,0.0,0.0,"raspberry-pi_experience1.csv, raspberry-pi_experience2.csv, raspberry-pi_experience3.csv"
platform_comparison,raspberry_pi,Twofish,CBC,256,64,throughput_dec,3,0.7560651852487453,0.7560651852487453,0.0,0.0,"raspberry-pi_experience1.csv, raspberry-pi_experience2.csv, raspberry-pi_experience3.csv"
platform_comparison,raspberry_pi,Twofish,CBC,256,64,throughput_enc,3,0.5778402461835447,0.5778402461835447,0.0,0.0,"raspberry-pi_experience1.csv, raspberry-pi_experience2.csv, raspberry-pi_experience3.csv"
platform_comparison,raspberry_pi,Twofish,CBC,256,256,avalanche,3,0.4985807291666667,0.4985807291666667,0.0,0.0,"raspberry-pi_experience1.csv, raspberry-pi_experience2.csv, raspberry-pi_experience3.csv"
platform_comparison,raspberry_pi,Twofish,CBC,256,256,ci95_enc,3,0.011533965190379011,0.011533965190379011,0.0,0.0,"raspberry-pi_experience1.csv, raspberry-pi_experience2.csv, raspberry-pi_experience3.csv"
platform_comparison,raspberry_pi,Twofish,CBC,256,256,key_avalanche,3,0.4989322916666667,0.4989322916666667,0.0,0.0,"raspberry-pi_experience1.csv, raspberry-pi_experience2.csv, raspberry-pi_experience3.csv"
platform_comparison,raspberry_pi,Twofish,CBC,256,256,throughput_dec,3,0.9608968516804041,0.9608968516804041,0.0,0.0,"raspberry-pi_experience1.csv, raspberry-pi_experience2.csv, raspberry-pi_experience3.csv"
platform_comparison,raspberry_pi,Twofish,CBC,256,256,throughput_enc,3,0.718809725768789,0.718809725768789,0.0,0.0,"raspberry-pi_experience1.csv, raspberry-pi_experience2.csv, raspberry-pi_experience3.csv"
platform_comparison,raspberry_pi,Twofish,CBC,256,1024,avalanche,3,0.5033072916666667,0.5033072916666667,0.0,0.0,"raspberry-pi_experience1.csv, raspberry-pi_experience2.csv, raspberry-pi_experience3.csv"
platform_comparison,raspberry_pi,Twofish,CBC,256,1024,ci95_enc,3,0.006716049251331357,0.006716049251331357,0.0,0.0,"raspberry-pi_experience1.csv, raspberry-pi_experience2.csv, raspberry-pi_experience3.csv"
platform_comparison,raspberry_pi,Twofish,CBC,256,1024,key_avalanche,3,0.49899739583333336,0.49899739583333336,0.0,0.0,"raspberry-pi_experience1.csv, raspberry-pi_experience2.csv, raspberry-pi_experience3.csv"
platform_comparison,raspberry_pi,Twofish,CBC,256,1024,throughput_dec,3,1.0022706048153012,1.0022706048153012,0.0,0.0,"raspberry-pi_experience1.csv, raspberry-pi_experience2.csv, raspberry-pi_experience3.csv"
platform_comparison,raspberry_pi,Twofish,CBC,256,1024,throughput_enc,3,0.7675336424133334,0.7675336424133334,0.0,0.0,"raspberry-pi_experience1.csv, raspberry-pi_experience2.csv, raspberry-pi_experience3.csv"
platform_comparison,raspberry_pi,Twofish,CBC,256,4096,avalanche,3,0.49832031250000003,0.49832031250000003,0.0,0.0,"raspberry-pi_experience1.csv, raspberry-pi_experience2.csv, raspberry-pi_experience3.csv"
platform_comparison,raspberry_pi,Twofish,CBC,256,4096,ci95_enc,3,0.003527006243285198,0.003527006243285198,0.0,0.0,"raspberry-pi_experience1.csv, raspberry-pi_experience2.csv, raspberry-pi_experience3.csv"
platform_comparison,raspberry_pi,Twofish,CBC,256,4096,key_avalanche,3,0.5031119791666666,0.5031119791666666,0.0,0.0,"raspberry-pi_experience1.csv, raspberry-pi_experience2.csv, raspberry-pi_experience3.csv"
platform_comparison,raspberry_pi,Twofish,CBC,256,4096,throughput_dec,3,1.0697293663246468,1.0697293663246468,0.0,0.0,"raspberry-pi_experience1.csv, raspberry-pi_experience2.csv, raspberry-pi_experience3.csv"
platform_comparison,raspberry_pi,Twofish,CBC,256,4096,throughput_enc,3,0.8067100945361315,0.8067100945361315,0.0,0.0,"raspberry-pi_experience1.csv, raspberry-pi_experience2.csv, raspberry-pi_experience3.csv"
platform_comparison,raspberry_pi,Twofish,CBC,256,16384,avalanche,3,0.4996875,0.4996875,0.0,0.0,"raspberry-pi_experience1.csv, raspberry-pi_experience2.csv, raspberry-pi_experience3.csv"
platform_comparison,raspberry_pi,Twofish,CBC,256,16384,ci95_enc,3,0.0059014150119716694,0.0059014150119716694,0.0,0.0,"raspberry-pi_experience1.csv, raspberry-pi_experience2.csv, raspberry-pi_experience3.csv"
platform_comparison,raspberry_pi,Twofish,CBC,256,16384,key_avalanche,3,0.5019921875,0.5019921875,0.0,0.0,"raspberry-pi_experience1.csv, raspberry-pi_experience2.csv, raspberry-pi_experience3.csv"
platform_comparison,raspberry_pi,Twofish,CBC,256,16384,throughput_dec,3,1.1149706657485405,1.1149706657485405,0.0,0.0,"raspberry-pi_experience1.csv, raspberry-pi_experience2.csv, raspberry-pi_experience3.csv"
platform_comparison,raspberry_pi,Twofish,CBC,256,16384,throughput_enc,3,0.813746339295271,0.813746339295271,0.0,0.0,"raspberry-pi_experience1.csv, raspberry-pi_experience2.csv, raspberry-pi_experience3.csv"
platform_comparison,raspberry_pi,Twofish,CTR,128,64,avalanche,3,0.5002604166666667,0.5002604166666667,0.0,0.0,"raspberry-pi_experience1.csv, raspberry-pi_experience2.csv, raspberry-pi_experience3.csv"
platform_comparison,raspberry_pi,Twofish,CTR,128,64,ci95_enc,3,0.04456884942713393,0.04456884942713393,0.0,0.0,"raspberry-pi_experience1.csv, raspberry-pi_experience2.csv, raspberry-pi_experience3.csv"
platform_comparison,raspberry_pi,Twofish,CTR,128,64,key_avalanche,3,0.5002213541666667,0.5002213541666667,0.0,0.0,"raspberry-pi_experience1.csv, raspberry-pi_experience2.csv, raspberry-pi_experience3.csv"
platform_comparison,raspberry_pi,Twofish,CTR,128,64,throughput_dec,3,0.7704159371114936,0.7704159371114936,0.0,0.0,"raspberry-pi_experience1.csv, raspberry-pi_experience2.csv, raspberry-pi_experience3.csv"
platform_comparison,raspberry_pi,Twofish,CTR,128,64,throughput_enc,3,0.7498814258162115,0.7498814258162115,0.0,0.0,"raspberry-pi_experience1.csv, raspberry-pi_experience2.csv, raspberry-pi_experience3.csv"
platform_comparison,raspberry_pi,Twofish,CTR,128,256,avalanche,3,0.49859375,0.49859375,0.0,0.0,"raspberry-pi_experience1.csv, raspberry-pi_experience2.csv, raspberry-pi_experience3.csv"
platform_comparison,raspberry_pi,Twofish,CTR,128,256,ci95_enc,3,0.018790646434687752,0.018790646434687752,0.0,0.0,"raspberry-pi_experience1.csv, raspberry-pi_experience2.csv, raspberry-pi_experience3.csv"
platform_comparison,raspberry_pi,Twofish,CTR,128,256,key_avalanche,3,0.50109375,0.50109375,0.0,0.0,"raspberry-pi_experience1.csv, raspberry-pi_experience2.csv, raspberry-pi_experience3.csv"
platform_comparison,raspberry_pi,Twofish,CTR,128,256,throughput_dec,3,0.9040580768027695,0.9040580768027695,0.0,0.0,"raspberry-pi_experience1.csv, raspberry-pi_experience2.csv, raspberry-pi_experience3.csv"
platform_comparison,raspberry_pi,Twofish,CTR,128,256,throughput_enc,3,0.878250510690865,0.878250510690865,0.0,0.0,"raspberry-pi_experience1.csv, raspberry-pi_experience2.csv, raspberry-pi_experience3.csv"
platform_comparison,raspberry_pi,Twofish,CTR,128,1024,avalanche,3,0.497578125,0.497578125,0.0,0.0,"raspberry-pi_experience1.csv, raspberry-pi_experience2.csv, raspberry-pi_experience3.csv"
platform_comparison,raspberry_pi,Twofish,CTR,128,1024,ci95_enc,3,0.012557508914837997,0.012557508914837997,0.0,0.0,"raspberry-pi_experience1.csv, raspberry-pi_experience2.csv, raspberry-pi_experience3.csv"
platform_comparison,raspberry_pi,Twofish,CTR,128,1024,key_avalanche,3,0.4995703125,0.4995703125,0.0,0.0,"raspberry-pi_experience1.csv, raspberry-pi_experience2.csv, raspberry-pi_experience3.csv"
platform_comparison,raspberry_pi,Twofish,CTR,128,1024,throughput_dec,3,0.9008909608105538,0.9008909608105538,0.0,0.0,"raspberry-pi_experience1.csv, raspberry-pi_experience2.csv, raspberry-pi_experience3.csv"
platform_comparison,raspberry_pi,Twofish,CTR,128,1024,throughput_enc,3,0.895297229954843,0.895297229954843,0.0,0.0,"raspberry-pi_experience1.csv, raspberry-pi_experience2.csv, raspberry-pi_experience3.csv"
platform_comparison,raspberry_pi,Twofish,CTR,128,4096,avalanche,3,0.5013541666666667,0.5013541666666667,0.0,0.0,"raspberry-pi_experience1.csv, raspberry-pi_experience2.csv, raspberry-pi_experience3.csv"
platform_comparison,raspberry_pi,Twofish,CTR,128,4096,ci95_enc,3,0.006371839668056261,0.006371839668056261,0.0,0.0,"raspberry-pi_experience1.csv, raspberry-pi_experience2.csv, raspberry-pi_experience3.csv"
platform_comparison,raspberry_pi,Twofish,CTR,128,4096,key_avalanche,3,0.4979947916666667,0.4979947916666667,0.0,0.0,"raspberry-pi_experience1.csv, raspberry-pi_experience2.csv, raspberry-pi_experience3.csv"
platform_comparison,raspberry_pi,Twofish,CTR,128,4096,throughput_dec,3,0.9836820527873108,0.9836820527873108,0.0,0.0,"raspberry-pi_experience1.csv, raspberry-pi_experience2.csv, raspberry-pi_experience3.csv"
platform_comparison,raspberry_pi,Twofish,CTR,128,4096,throughput_enc,3,0.9912515817075261,0.9912515817075261,0.0,0.0,"raspberry-pi_experience1.csv, raspberry-pi_experience2.csv, raspberry-pi_experience3.csv"
platform_comparison,raspberry_pi,Twofish,CTR,128,16384,avalanche,3,0.5009765625,0.5009765625,0.0,0.0,"raspberry-pi_experience1.csv, raspberry-pi_experience2.csv, raspberry-pi_experience3.csv"
platform_comparison,raspberry_pi,Twofish,CTR,128,16384,ci95_enc,3,0.005534174135188756,0.005534174135188756,0.0,0.0,"raspberry-pi_experience1.csv, raspberry-pi_experience2.csv, raspberry-pi_experience3.csv"
platform_comparison,raspberry_pi,Twofish,CTR,128,16384,key_avalanche,3,0.4946875,0.4946875,0.0,0.0,"raspberry-pi_experience1.csv, raspberry-pi_experience2.csv, raspberry-pi_experience3.csv"
platform_comparison,raspberry_pi,Twofish,CTR,128,16384,throughput_dec,3,1.0298315989959066,1.0298315989959066,0.0,0.0,"raspberry-pi_experience1.csv, raspberry-pi_experience2.csv, raspberry-pi_experience3.csv"
platform_comparison,raspberry_pi,Twofish,CTR,128,16384,throughput_enc,3,1.019263721637443,1.019263721637443,0.0,0.0,"raspberry-pi_experience1.csv, raspberry-pi_experience2.csv, raspberry-pi_experience3.csv"
platform_comparison,raspberry_pi,Twofish,CTR,192,64,avalanche,3,0.4980989583333333,0.4980989583333333,0.0,0.0,"raspberry-pi_experience1.csv, raspberry-pi_experience2.csv, raspberry-pi_experience3.csv"
platform_comparison,raspberry_pi,Twofish,CTR,192,64,ci95_enc,3,0.0279791376110617,0.0279791376110617,0.0,0.0,"raspberry-pi_experience1.csv, raspberry-pi_experience2.csv, raspberry-pi_experience3.csv"
platform_comparison,raspberry_pi,Twofish,CTR,192,64,key_avalanche,3,0.5007812500000001,0.5007812500000001,0.0,0.0,"raspberry-pi_experience1.csv, raspberry-pi_experience2.csv, raspberry-pi_experience3.csv"
platform_comparison,raspberry_pi,Twofish,CTR,192,64,throughput_dec,3,0.7830844890537204,0.7830844890537204,0.0,0.0,"raspberry-pi_experience1.csv, raspberry-pi_experience2.csv, raspberry-pi_experience3.csv"
platform_comparison,raspberry_pi,Twofish,CTR,192,64,throughput_enc,3,0.7838484031409307,0.7838484031409307,0.0,0.0,"raspberry-pi_experience1.csv, raspberry-pi_experience2.csv, raspberry-pi_experience3.csv"
platform_comparison,raspberry_pi,Twofish,CTR,192,256,avalanche,3,0.4991796875,0.4991796875,0.0,0.0,"raspberry-pi_experience1.csv, raspberry-pi_experience2.csv, raspberry-pi_experience3.csv"
platform_comparison,raspberry_pi,Twofish,CTR,192,256,ci95_enc,3,0.02056111990219531,0.02056111990219531,0.0,0.0,"raspberry-pi_experience1.csv, raspberry-pi_experience2.csv, raspberry-pi_experience3.csv"
platform_comparison,raspberry_pi,Twofish,CTR,192,256,key_avalanche,3,0.5008203125,0.5008203125,0.0,0.0,"raspberry-pi_experience1.csv, raspberry-pi_experience2.csv, raspberry-pi_experience3.csv"
platform_comparison,raspberry_pi,Twofish,CTR,192,256,throughput_dec,3,0.8953746810942226,0.8953746810942226,0.0,0.0,"raspberry-pi_experience1.csv, raspberry-pi_experience2.csv, raspberry-pi_experience3.csv"
platform_comparison,raspberry_pi,Twofish,CTR,192,256,throughput_enc,3,0.8809870473606155,0.8809870473606155,0.0,0.0,"raspberry-pi_experience1.csv, raspberry-pi_experience2.csv, raspberry-pi_experience3.csv"
platform_comparison,raspberry_pi,Twofish,CTR,192,1024,avalanche,3,0.4990755208333333,0.4990755208333333,0.0,0.0,"raspberry-pi_experience1.csv, raspberry-pi_experience2.csv, raspberry-pi_experience3.csv"
platform_comparison,raspberry_pi,Twofish,CTR,192,1024,ci95_enc,3,0.013379458836929538,0.013379458836929538,0.0,0.0,"raspberry-pi_experience1.csv, raspberry-pi_experience2.csv, raspberry-pi_experience3.csv"
platform_comparison,raspberry_pi,Twofish,CTR,192,1024,key_avalanche,3,0.4994661458333333,0.4994661458333333,0.0,0.0,"raspberry-pi_experience1.csv, raspberry-pi_experience2.csv, raspberry-pi_experience3.csv"
platform_comparison,raspberry_pi,Twofish,CTR,192,1024,throughput_dec,3,0.9153234765308303,0.9153234765308303,0.0,0.0,"raspberry-pi_experience1.csv, raspberry-pi_experience2.csv, raspberry-pi_experience3.csv"
platform_comparison,raspberry_pi,Twofish,CTR,192,1024,throughput_enc,3,0.9058515606477155,0.9058515606477155,0.0,0.0,"raspberry-pi_experience1.csv, raspberry-pi_experience2.csv, raspberry-pi_experience3.csv"
platform_comparison,raspberry_pi,Twofish,CTR,192,4096,avalanche,3,0.4965625,0.4965625,0.0,0.0,"raspberry-pi_experience1.csv, raspberry-pi_experience2.csv, raspberry-pi_experience3.csv"
platform_comparison,raspberry_pi,Twofish,CTR,192,4096,ci95_enc,3,0.008625199645813602,0.008625199645813602,0.0,0.0,"raspberry-pi_experience1.csv, raspberry-pi_experience2.csv, raspberry-pi_experience3.csv"
platform_comparison,raspberry_pi,Twofish,CTR,192,4096,key_avalanche,3,0.5016276041666666,0.5016276041666666,0.0,0.0,"raspberry-pi_experience1.csv, raspberry-pi_experience2.csv, raspberry-pi_experience3.csv"
platform_comparison,raspberry_pi,Twofish,CTR,192,4096,throughput_dec,3,0.9915083051151904,0.9915083051151904,0.0,0.0,"raspberry-pi_experience1.csv, raspberry-pi_experience2.csv, raspberry-pi_experience3.csv"
platform_comparison,raspberry_pi,Twofish,CTR,192,4096,throughput_enc,3,0.9824440788214784,0.9824440788214784,0.0,0.0,"raspberry-pi_experience1.csv, raspberry-pi_experience2.csv, raspberry-pi_experience3.csv"
platform_comparison,raspberry_pi,Twofish,CTR,192,16384,avalanche,3,0.4963151041666667,0.4963151041666667,0.0,0.0,"raspberry-pi_experience1.csv, raspberry-pi_experience2.csv, raspberry-pi_experience3.csv"
platform_comparison,raspberry_pi,Twofish,CTR,192,16384,ci95_enc,3,0.004487462524692648,0.004487462524692648,0.0,0.0,"raspberry-pi_experience1.csv, raspberry-pi_experience2.csv, raspberry-pi_experience3.csv"
platform_comparison,raspberry_pi,Twofish,CTR,192,16384,key_avalanche,3,0.49973958333333335,0.49973958333333335,0.0,0.0,"raspberry-pi_experience1.csv, raspberry-pi_experience2.csv, raspberry-pi_experience3.csv"
platform_comparison,raspberry_pi,Twofish,CTR,192,16384,throughput_dec,3,0.9779036987934632,0.9779036987934632,0.0,0.0,"raspberry-pi_experience1.csv, raspberry-pi_experience2.csv, raspberry-pi_experience3.csv"
platform_comparison,raspberry_pi,Twofish,CTR,192,16384,throughput_enc,3,1.0239702144741736,1.0239702144741736,0.0,0.0,"raspberry-pi_experience1.csv, raspberry-pi_experience2.csv, raspberry-pi_experience3.csv"
platform_comparison,raspberry_pi,Twofish,CTR,256,64,avalanche,3,0.5002864583333334,0.5002864583333334,0.0,0.0,"raspberry-pi_experience1.csv, raspberry-pi_experience2.csv, raspberry-pi_experience3.csv"
platform_comparison,raspberry_pi,Twofish,CTR,256,64,ci95_enc,3,0.03446964377099417,0.03446964377099417,0.0,0.0,"raspberry-pi_experience1.csv, raspberry-pi_experience2.csv, raspberry-pi_experience3.csv"
platform_comparison,raspberry_pi,Twofish,CTR,256,64,key_avalanche,3,0.49811197916666666,0.49811197916666666,0.0,0.0,"raspberry-pi_experience1.csv, raspberry-pi_experience2.csv, raspberry-pi_experience3.csv"
platform_comparison,raspberry_pi,Twofish,CTR,256,64,throughput_dec,3,0.7923585758372101,0.7923585758372101,0.0,0.0,"raspberry-pi_experience1.csv, raspberry-pi_experience2.csv, raspberry-pi_experience3.csv"
platform_comparison,raspberry_pi,Twofish,CTR,256,64,throughput_enc,3,0.7581090163682239,0.7581090163682239,0.0,0.0,"raspberry-pi_experience1.csv, raspberry-pi_experience2.csv, raspberry-pi_experience3.csv"
platform_comparison,raspberry_pi,Twofish,CTR,256,256,avalanche,3,0.4995572916666666,0.4995572916666666,0.0,0.0,"raspberry-pi_experience1.csv, raspberry-pi_experience2.csv, raspberry-pi_experience3.csv"
platform_comparison,raspberry_pi,Twofish,CTR,256,256,ci95_enc,3,0.019042612880927626,0.019042612880927626,0.0,0.0,"raspberry-pi_experience1.csv, raspberry-pi_experience2.csv, raspberry-pi_experience3.csv"
platform_comparison,raspberry_pi,Twofish,CTR,256,256,key_avalanche,3,0.5002473958333333,0.5002473958333333,0.0,0.0,"raspberry-pi_experience1.csv, raspberry-pi_experience2.csv, raspberry-pi_experience3.csv"
platform_comparison,raspberry_pi,Twofish,CTR,256,256,throughput_dec,3,0.8799320042386248,0.8799320042386248,0.0,0.0,"raspberry-pi_experience1.csv, raspberry-pi_experience2.csv, raspberry-pi_experience3.csv"
platform_comparison,raspberry_pi,Twofish,CTR,256,256,throughput_enc,3,0.8603703055360706,0.8603703055360706,0.0,0.0,"raspberry-pi_experience1.csv, raspberry-pi_experience2.csv, raspberry-pi_experience3.csv"
platform_comparison,raspberry_pi,Twofish,CTR,256,1024,avalanche,3,0.49881510416666663,0.49881510416666663,0.0,0.0,"raspberry-pi_experience1.csv, raspberry-pi_experience2.csv, raspberry-pi_experience3.csv"
platform_comparison,raspberry_pi,Twofish,CTR,256,1024,ci95_enc,3,0.012709024164096328,0.012709024164096328,0.0,0.0,"raspberry-pi_experience1.csv, raspberry-pi_experience2.csv, raspberry-pi_experience3.csv"
platform_comparison,raspberry_pi,Twofish,CTR,256,1024,key_avalanche,3,0.49523437499999995,0.49523437499999995,0.0,0.0,"raspberry-pi_experience1.csv, raspberry-pi_experience2.csv, raspberry-pi_experience3.csv"
platform_comparison,raspberry_pi,Twofish,CTR,256,1024,throughput_dec,3,0.898522184936271,0.898522184936271,0.0,0.0,"raspberry-pi_experience1.csv, raspberry-pi_experience2.csv, raspberry-pi_experience3.csv"
platform_comparison,raspberry_pi,Twofish,CTR,256,1024,throughput_enc,3,0.8906110243658686,0.8906110243658686,0.0,0.0,"raspberry-pi_experience1.csv, raspberry-pi_experience2.csv, raspberry-pi_experience3.csv"
platform_comparison,raspberry_pi,Twofish,CTR,256,4096,avalanche,3,0.5017578125000001,0.5017578125000001,0.0,0.0,"raspberry-pi_experience1.csv, raspberry-pi_experience2.csv, raspberry-pi_experience3.csv"
platform_comparison,raspberry_pi,Twofish,CTR,256,4096,ci95_enc,3,0.009902480477341167,0.009902480477341167,0.0,0.0,"raspberry-pi_experience1.csv, raspberry-pi_experience2.csv, raspberry-pi_experience3.csv"
platform_comparison,raspberry_pi,Twofish,CTR,256,4096,key_avalanche,3,0.4981510416666666,0.4981510416666666,0.0,0.0,"raspberry-pi_experience1.csv, raspberry-pi_experience2.csv, raspberry-pi_experience3.csv"
platform_comparison,raspberry_pi,Twofish,CTR,256,4096,throughput_dec,3,0.9863549403576615,0.9863549403576615,0.0,0.0,"raspberry-pi_experience1.csv, raspberry-pi_experience2.csv, raspberry-pi_experience3.csv"
platform_comparison,raspberry_pi,Twofish,CTR,256,4096,throughput_enc,3,0.9786846290445094,0.9786846290445094,0.0,0.0,"raspberry-pi_experience1.csv, raspberry-pi_experience2.csv, raspberry-pi_experience3.csv"
platform_comparison,raspberry_pi,Twofish,CTR,256,16384,avalanche,3,0.49710937499999996,0.49710937499999996,0.0,0.0,"raspberry-pi_experience1.csv, raspberry-pi_experience2.csv, raspberry-pi_experience3.csv"
platform_comparison,raspberry_pi,Twofish,CTR,256,16384,ci95_enc,3,0.0038513343993043067,0.0038513343993043067,0.0,0.0,"raspberry-pi_experience1.csv, raspberry-pi_experience2.csv, raspberry-pi_experience3.csv"
platform_comparison,raspberry_pi,Twofish,CTR,256,16384,key_avalanche,3,0.5011588541666666,0.5011588541666666,0.0,0.0,"raspberry-pi_experience1.csv, raspberry-pi_experience2.csv, raspberry-pi_experience3.csv"
platform_comparison,raspberry_pi,Twofish,CTR,256,16384,throughput_dec,3,1.0363438659861195,1.0363438659861195,0.0,0.0,"raspberry-pi_experience1.csv, raspberry-pi_experience2.csv, raspberry-pi_experience3.csv"
platform_comparison,raspberry_pi,Twofish,CTR,256,16384,throughput_enc,3,1.0270459863273451,1.0270459863273451,0.0,0.0,"raspberry-pi_experience1.csv, raspberry-pi_experience2.csv, raspberry-pi_experience3.csv"
platform_comparison,raspberry_pi,Twofish,ECB,128,64,avalanche,3,0.49834635416666667,0.49834635416666667,0.0,0.0,"raspberry-pi_experience1.csv, raspberry-pi_experience2.csv, raspberry-pi_experience3.csv"
platform_comparison,raspberry_pi,Twofish,ECB,128,64,ci95_enc,3,0.05801891517429022,0.05801891517429022,0.0,0.0,"raspberry-pi_experience1.csv, raspberry-pi_experience2.csv, raspberry-pi_experience3.csv"
platform_comparison,raspberry_pi,Twofish,ECB,128,64,key_avalanche,3,0.5002213541666667,0.5002213541666667,0.0,0.0,"raspberry-pi_experience1.csv, raspberry-pi_experience2.csv, raspberry-pi_experience3.csv"
platform_comparison,raspberry_pi,Twofish,ECB,128,64,throughput_dec,3,0.9458326883824512,0.9458326883824512,0.0,0.0,"raspberry-pi_experience1.csv, raspberry-pi_experience2.csv, raspberry-pi_experience3.csv"
platform_comparison,raspberry_pi,Twofish,ECB,128,64,throughput_enc,3,0.8727771212009711,0.8727771212009711,0.0,0.0,"raspberry-pi_experience1.csv, raspberry-pi_experience2.csv, raspberry-pi_experience3.csv"
platform_comparison,raspberry_pi,Twofish,ECB,128,256,avalanche,3,0.49895833333333334,0.49895833333333334,0.0,0.0,"raspberry-pi_experience1.csv, raspberry-pi_experience2.csv, raspberry-pi_experience3.csv"
platform_comparison,raspberry_pi,Twofish,ECB,128,256,ci95_enc,3,0.023920886342152222,0.023920886342152222,0.0,0.0,"raspberry-pi_experience1.csv, raspberry-pi_experience2.csv, raspberry-pi_experience3.csv"
platform_comparison,raspberry_pi,Twofish,ECB,128,256,key_avalanche,3,0.5020182291666666,0.5020182291666666,0.0,0.0,"raspberry-pi_experience1.csv, raspberry-pi_experience2.csv, raspberry-pi_experience3.csv"
platform_comparison,raspberry_pi,Twofish,ECB,128,256,throughput_dec,3,1.2408081668208266,1.2408081668208266,0.0,0.0,"raspberry-pi_experience1.csv, raspberry-pi_experience2.csv, raspberry-pi_experience3.csv"
platform_comparison,raspberry_pi,Twofish,ECB,128,256,throughput_enc,3,1.1740892903092126,1.1740892903092126,0.0,0.0,"raspberry-pi_experience1.csv, raspberry-pi_experience2.csv, raspberry-pi_experience3.csv"
platform_comparison,raspberry_pi,Twofish,ECB,128,1024,avalanche,3,0.4994010416666667,0.4994010416666667,0.0,0.0,"raspberry-pi_experience1.csv, raspberry-pi_experience2.csv, raspberry-pi_experience3.csv"
platform_comparison,raspberry_pi,Twofish,ECB,128,1024,ci95_enc,3,0.013348834331066567,0.013348834331066567,0.0,0.0,"raspberry-pi_experience1.csv, raspberry-pi_experience2.csv, raspberry-pi_experience3.csv"
platform_comparison,raspberry_pi,Twofish,ECB,128,1024,key_avalanche,3,0.4981510416666666,0.4981510416666666,0.0,0.0,"raspberry-pi_experience1.csv, raspberry-pi_experience2.csv, raspberry-pi_experience3.csv"
platform_comparison,raspberry_pi,Twofish,ECB,128,1024,throughput_dec,3,1.250961993952095,1.250961993952095,0.0,0.0,"raspberry-pi_experience1.csv, raspberry-pi_experience2.csv, raspberry-pi_experience3.csv"
platform_comparison,raspberry_pi,Twofish,ECB,128,1024,throughput_enc,3,1.2331481914886833,1.2331481914886833,0.0,0.0,"raspberry-pi_experience1.csv, raspberry-pi_experience2.csv, raspberry-pi_experience3.csv"
platform_comparison,raspberry_pi,Twofish,ECB,128,4096,avalanche,3,0.49890625000000005,0.49890625000000005,0.0,0.0,"raspberry-pi_experience1.csv, raspberry-pi_experience2.csv, raspberry-pi_experience3.csv"
platform_comparison,raspberry_pi,Twofish,ECB,128,4096,ci95_enc,3,0.008251284957602833,0.008251284957602833,0.0,0.0,"raspberry-pi_experience1.csv, raspberry-pi_experience2.csv, raspberry-pi_experience3.csv"
platform_comparison,raspberry_pi,Twofish,ECB,128,4096,key_avalanche,3,0.4990625,0.4990625,0.0,0.0,"raspberry-pi_experience1.csv, raspberry-pi_experience2.csv, raspberry-pi_experience3.csv"
platform_comparison,raspberry_pi,Twofish,ECB,128,4096,throughput_dec,3,1.3385131210609114,1.3385131210609114,0.0,0.0,"raspberry-pi_experience1.csv, raspberry-pi_experience2.csv, raspberry-pi_experience3.csv"
platform_comparison,raspberry_pi,Twofish,ECB,128,4096,throughput_enc,3,1.3106525966205487,1.3106525966205487,0.0,0.0,"raspberry-pi_experience1.csv, raspberry-pi_experience2.csv, raspberry-pi_experience3.csv"
platform_comparison,raspberry_pi,Twofish,ECB,128,16384,avalanche,3,0.4984114583333333,0.4984114583333333,0.0,0.0,"raspberry-pi_experience1.csv, raspberry-pi_experience2.csv, raspberry-pi_experience3.csv"
platform_comparison,raspberry_pi,Twofish,ECB,128,16384,ci95_enc,3,0.0035671709316369015,0.0035671709316369015,0.0,0.0,"raspberry-pi_experience1.csv, raspberry-pi_experience2.csv, raspberry-pi_experience3.csv"
platform_comparison,raspberry_pi,Twofish,ECB,128,16384,key_avalanche,3,0.4998046875,0.4998046875,0.0,0.0,"raspberry-pi_experience1.csv, raspberry-pi_experience2.csv, raspberry-pi_experience3.csv"
platform_comparison,raspberry_pi,Twofish,ECB,128,16384,throughput_dec,3,1.3689555744564037,1.3689555744564037,0.0,0.0,"raspberry-pi_experience1.csv, raspberry-pi_experience2.csv, raspberry-pi_experience3.csv"
platform_comparison,raspberry_pi,Twofish,ECB,128,16384,throughput_enc,3,1.338302163456109,1.338302163456109,0.0,0.0,"raspberry-pi_experience1.csv, raspberry-pi_experience2.csv, raspberry-pi_experience3.csv"
platform_comparison,raspberry_pi,Twofish,ECB,192,64,avalanche,3,0.49966145833333336,0.49966145833333336,0.0,0.0,"raspberry-pi_experience1.csv, raspberry-pi_experience2.csv, raspberry-pi_experience3.csv"
platform_comparison,raspberry_pi,Twofish,ECB,192,64,ci95_enc,3,0.038030963329779816,0.038030963329779816,0.0,0.0,"raspberry-pi_experience1.csv, raspberry-pi_experience2.csv, raspberry-pi_experience3.csv"
platform_comparison,raspberry_pi,Twofish,ECB,192,64,key_avalanche,3,0.500078125,0.500078125,0.0,0.0,"raspberry-pi_experience1.csv, raspberry-pi_experience2.csv, raspberry-pi_experience3.csv"
platform_comparison,raspberry_pi,Twofish,ECB,192,64,throughput_dec,3,0.9687056602631866,0.9687056602631866,0.0,0.0,"raspberry-pi_experience1.csv, raspberry-pi_experience2.csv, raspberry-pi_experience3.csv"
platform_comparison,raspberry_pi,Twofish,ECB,192,64,throughput_enc,3,0.917830795361855,0.917830795361855,0.0,0.0,"raspberry-pi_experience1.csv, raspberry-pi_experience2.csv, raspberry-pi_experience3.csv"
platform_comparison,raspberry_pi,Twofish,ECB,192,256,avalanche,3,0.4991145833333333,0.4991145833333333,0.0,0.0,"raspberry-pi_experience1.csv, raspberry-pi_experience2.csv, raspberry-pi_experience3.csv"
platform_comparison,raspberry_pi,Twofish,ECB,192,256,ci95_enc,3,0.043370562288084606,0.043370562288084606,0.0,0.0,"raspberry-pi_experience1.csv, raspberry-pi_experience2.csv, raspberry-pi_experience3.csv"
platform_comparison,raspberry_pi,Twofish,ECB,192,256,key_avalanche,3,0.5005468750000001,0.5005468750000001,0.0,0.0,"raspberry-pi_experience1.csv, raspberry-pi_experience2.csv, raspberry-pi_experience3.csv"
platform_comparison,raspberry_pi,Twofish,ECB,192,256,throughput_dec,3,1.2389180792434173,1.2389180792434173,0.0,0.0,"raspberry-pi_experience1.csv, raspberry-pi_experience2.csv, raspberry-pi_experience3.csv"
platform_comparison,raspberry_pi,Twofish,ECB,192,256,throughput_enc,3,1.1453632898022084,1.1453632898022084,0.0,0.0,"raspberry-pi_experience1.csv, raspberry-pi_experience2.csv, raspberry-pi_experience3.csv"
platform_comparison,raspberry_pi,Twofish,ECB,192,1024,avalanche,3,0.4966276041666667,0.4966276041666667,0.0,0.0,"raspberry-pi_experience1.csv, raspberry-pi_experience2.csv, raspberry-pi_experience3.csv"
platform_comparison,raspberry_pi,Twofish,ECB,192,1024,ci95_enc,3,0.026612685013073987,0.026612685013073987,0.0,0.0,"raspberry-pi_experience1.csv, raspberry-pi_experience2.csv, raspberry-pi_experience3.csv"
platform_comparison,raspberry_pi,Twofish,ECB,192,1024,key_avalanche,3,0.5003125,0.5003125,0.0,0.0,"raspberry-pi_experience1.csv, raspberry-pi_experience2.csv, raspberry-pi_experience3.csv"
platform_comparison,raspberry_pi,Twofish,ECB,192,1024,throughput_dec,3,1.268363073830696,1.268363073830696,0.0,0.0,"raspberry-pi_experience1.csv, raspberry-pi_experience2.csv, raspberry-pi_experience3.csv"
platform_comparison,raspberry_pi,Twofish,ECB,192,1024,throughput_enc,3,1.198416548404069,1.198416548404069,0.0,0.0,"raspberry-pi_experience1.csv, raspberry-pi_experience2.csv, raspberry-pi_experience3.csv"
platform_comparison,raspberry_pi,Twofish,ECB,192,4096,avalanche,3,0.4995703125,0.4995703125,0.0,0.0,"raspberry-pi_experience1.csv, raspberry-pi_experience2.csv, raspberry-pi_experience3.csv"
platform_comparison,raspberry_pi,Twofish,ECB,192,4096,ci95_enc,3,0.00931711741347482,0.00931711741347482,0.0,0.0,"raspberry-pi_experience1.csv, raspberry-pi_experience2.csv, raspberry-pi_experience3.csv"
platform_comparison,raspberry_pi,Twofish,ECB,192,4096,key_avalanche,3,0.4995833333333333,0.4995833333333333,0.0,0.0,"raspberry-pi_experience1.csv, raspberry-pi_experience2.csv, raspberry-pi_experience3.csv"
platform_comparison,raspberry_pi,Twofish,ECB,192,4096,throughput_dec,3,1.3177547126560656,1.3177547126560656,0.0,0.0,"raspberry-pi_experience1.csv, raspberry-pi_experience2.csv, raspberry-pi_experience3.csv"
platform_comparison,raspberry_pi,Twofish,ECB,192,4096,throughput_enc,3,1.2877870668208249,1.2877870668208249,0.0,0.0,"raspberry-pi_experience1.csv, raspberry-pi_experience2.csv, raspberry-pi_experience3.csv"
platform_comparison,raspberry_pi,Twofish,ECB,192,16384,avalanche,3,0.5027734375,0.5027734375,0.0,0.0,"raspberry-pi_experience1.csv, raspberry-pi_experience2.csv, raspberry-pi_experience3.csv"
platform_comparison,raspberry_pi,Twofish,ECB,192,16384,ci95_enc,3,0.032168281208699086,0.032168281208699086,0.0,0.0,"raspberry-pi_experience1.csv, raspberry-pi_experience2.csv, raspberry-pi_experience3.csv"
platform_comparison,raspberry_pi,Twofish,ECB,192,16384,key_avalanche,3,0.49834635416666667,0.49834635416666667,0.0,0.0,"raspberry-pi_experience1.csv, raspberry-pi_experience2.csv, raspberry-pi_experience3.csv"
platform_comparison,raspberry_pi,Twofish,ECB,192,16384,throughput_dec,3,1.3681643117037587,1.3681643117037587,0.0,0.0,"raspberry-pi_experience1.csv, raspberry-pi_experience2.csv, raspberry-pi_experience3.csv"
platform_comparison,raspberry_pi,Twofish,ECB,192,16384,throughput_enc,3,1.2500513705582277,1.2500513705582277,0.0,0.0,"raspberry-pi_experience1.csv, raspberry-pi_experience2.csv, raspberry-pi_experience3.csv"
platform_comparison,raspberry_pi,Twofish,ECB,256,64,avalanche,3,0.49807291666666664,0.49807291666666664,0.0,0.0,"raspberry-pi_experience1.csv, raspberry-pi_experience2.csv, raspberry-pi_experience3.csv"
platform_comparison,raspberry_pi,Twofish,ECB,256,64,ci95_enc,3,0.0394736473148675,0.0394736473148675,0.0,0.0,"raspberry-pi_experience1.csv, raspberry-pi_experience2.csv, raspberry-pi_experience3.csv"
platform_comparison,raspberry_pi,Twofish,ECB,256,64,key_avalanche,3,0.4984765625,0.4984765625,0.0,0.0,"raspberry-pi_experience1.csv, raspberry-pi_experience2.csv, raspberry-pi_experience3.csv"
platform_comparison,raspberry_pi,Twofish,ECB,256,64,throughput_dec,3,0.9960716614061246,0.9960716614061246,0.0,0.0,"raspberry-pi_experience1.csv, raspberry-pi_experience2.csv, raspberry-pi_experience3.csv"
platform_comparison,raspberry_pi,Twofish,ECB,256,64,throughput_enc,3,0.935616243344546,0.935616243344546,0.0,0.0,"raspberry-pi_experience1.csv, raspberry-pi_experience2.csv, raspberry-pi_experience3.csv"
platform_comparison,raspberry_pi,Twofish,ECB,256,256,avalanche,3,0.49731770833333333,0.49731770833333333,0.0,0.0,"raspberry-pi_experience1.csv, raspberry-pi_experience2.csv, raspberry-pi_experience3.csv"
platform_comparison,raspberry_pi,Twofish,ECB,256,256,ci95_enc,3,0.01929505926936533,0.01929505926936533,0.0,0.0,"raspberry-pi_experience1.csv, raspberry-pi_experience2.csv, raspberry-pi_experience3.csv"
platform_comparison,raspberry_pi,Twofish,ECB,256,256,key_avalanche,3,0.5022135416666667,0.5022135416666667,0.0,0.0,"raspberry-pi_experience1.csv, raspberry-pi_experience2.csv, raspberry-pi_experience3.csv"
platform_comparison,raspberry_pi,Twofish,ECB,256,256,throughput_dec,3,1.2548914140523386,1.2548914140523386,0.0,0.0,"raspberry-pi_experience1.csv, raspberry-pi_experience2.csv, raspberry-pi_experience3.csv"
platform_comparison,raspberry_pi,Twofish,ECB,256,256,throughput_enc,3,1.220532733854427,1.220532733854427,0.0,0.0,"raspberry-pi_experience1.csv, raspberry-pi_experience2.csv, raspberry-pi_experience3.csv"
platform_comparison,raspberry_pi,Twofish,ECB,256,1024,avalanche,3,0.5010546875,0.5010546875,0.0,0.0,"raspberry-pi_experience1.csv, raspberry-pi_experience2.csv, raspberry-pi_experience3.csv"
platform_comparison,raspberry_pi,Twofish,ECB,256,1024,ci95_enc,3,0.011556573471610617,0.011556573471610617,0.0,0.0,"raspberry-pi_experience1.csv, raspberry-pi_experience2.csv, raspberry-pi_experience3.csv"
platform_comparison,raspberry_pi,Twofish,ECB,256,1024,key_avalanche,3,0.5010807291666667,0.5010807291666667,0.0,0.0,"raspberry-pi_experience1.csv, raspberry-pi_experience2.csv, raspberry-pi_experience3.csv"
platform_comparison,raspberry_pi,Twofish,ECB,256,1024,throughput_dec,3,1.286676722905668,1.286676722905668,0.0,0.0,"raspberry-pi_experience1.csv, raspberry-pi_experience2.csv, raspberry-pi_experience3.csv"
platform_comparison,raspberry_pi,Twofish,ECB,256,1024,throughput_enc,3,1.2568442063666816,1.2568442063666816,0.0,0.0,"raspberry-pi_experience1.csv, raspberry-pi_experience2.csv, raspberry-pi_experience3.csv"
platform_comparison,raspberry_pi,Twofish,ECB,256,4096,avalanche,3,0.5003515625,0.5003515625,0.0,0.0,"raspberry-pi_experience1.csv, raspberry-pi_experience2.csv, raspberry-pi_experience3.csv"
platform_comparison,raspberry_pi,Twofish,ECB,256,4096,ci95_enc,3,0.005833254076484788,0.005833254076484788,0.0,0.0,"raspberry-pi_experience1.csv, raspberry-pi_experience2.csv, raspberry-pi_experience3.csv"
platform_comparison,raspberry_pi,Twofish,ECB,256,4096,key_avalanche,3,0.5008984375,0.5008984375,0.0,0.0,"raspberry-pi_experience1.csv, raspberry-pi_experience2.csv, raspberry-pi_experience3.csv"
platform_comparison,raspberry_pi,Twofish,ECB,256,4096,throughput_dec,3,1.3461676801613438,1.3461676801613438,0.0,0.0,"raspberry-pi_experience1.csv, raspberry-pi_experience2.csv, raspberry-pi_experience3.csv"
platform_comparison,raspberry_pi,Twofish,ECB,256,4096,throughput_enc,3,1.3193440049525431,1.3193440049525431,0.0,0.0,"raspberry-pi_experience1.csv, raspberry-pi_experience2.csv, raspberry-pi_experience3.csv"
platform_comparison,raspberry_pi,Twofish,ECB,256,16384,avalanche,3,0.4990755208333333,0.4990755208333333,0.0,0.0,"raspberry-pi_experience1.csv, raspberry-pi_experience2.csv, raspberry-pi_experience3.csv"
platform_comparison,raspberry_pi,Twofish,ECB,256,16384,ci95_enc,3,0.004578379309153107,0.004578379309153107,0.0,0.0,"raspberry-pi_experience1.csv, raspberry-pi_experience2.csv, raspberry-pi_experience3.csv"
platform_comparison,raspberry_pi,Twofish,ECB,256,16384,key_avalanche,3,0.4967447916666667,0.4967447916666667,0.0,0.0,"raspberry-pi_experience1.csv, raspberry-pi_experience2.csv, raspberry-pi_experience3.csv"
platform_comparison,raspberry_pi,Twofish,ECB,256,16384,throughput_dec,3,1.3894680879012107,1.3894680879012107,0.0,0.0,"raspberry-pi_experience1.csv, raspberry-pi_experience2.csv, raspberry-pi_experience3.csv"
platform_comparison,raspberry_pi,Twofish,ECB,256,16384,throughput_enc,3,1.355246895379538,1.355246895379538,0.0,0.0,"raspberry-pi_experience1.csv, raspberry-pi_experience2.csv, raspberry-pi_experience3.csv"
platform_comparison,x86,3DES,CBC,128,64,avalanche,3,0.49695312500000005,0.49695312500000005,0.0,0.0,"laptop-windows-x86_experience1.csv, laptop-windows-x86_experience2.csv, laptop-windows-x86_experience3.csv"
platform_comparison,x86,3DES,CBC,128,64,ci95_enc,1,0.08056378822556318,0.08056378822556318,0.0,0.0,"laptop-windows-x86_experience1.csv, laptop-windows-x86_experience2.csv, laptop-windows-x86_experience3.csv"
platform_comparison,x86,3DES,CBC,128,64,key_avalanche,2,0.434765625,0.434765625,0.0,0.0,"laptop-windows-x86_experience1.csv, laptop-windows-x86_experience2.csv, laptop-windows-x86_experience3.csv"
platform_comparison,x86,3DES,CBC,128,64,throughput_dec,3,0.7758169359410346,0.7758169359410346,0.0,0.0,"laptop-windows-x86_experience1.csv, laptop-windows-x86_experience2.csv, laptop-windows-x86_experience3.csv"
platform_comparison,x86,3DES,CBC,128,64,throughput_enc,3,0.5577558495563427,0.5577558495563427,0.0,0.0,"laptop-windows-x86_experience1.csv, laptop-windows-x86_experience2.csv, laptop-windows-x86_experience3.csv"
platform_comparison,x86,3DES,CBC,128,256,avalanche,3,0.5040885416666667,0.5040885416666667,0.0,0.0,"laptop-windows-x86_experience1.csv, laptop-windows-x86_experience2.csv, laptop-windows-x86_experience3.csv"
platform_comparison,x86,3DES,CBC,128,256,ci95_enc,1,0.05823332575342125,0.05823332575342125,0.0,0.0,"laptop-windows-x86_experience1.csv, laptop-windows-x86_experience2.csv, laptop-windows-x86_experience3.csv"
platform_comparison,x86,3DES,CBC,128,256,key_avalanche,2,0.4553515625,0.4553515625,0.0,0.0,"laptop-windows-x86_experience1.csv, laptop-windows-x86_experience2.csv, laptop-windows-x86_experience3.csv"
platform_comparison,x86,3DES,CBC,128,256,throughput_dec,3,2.147519989707315,2.147519989707315,0.0,0.0,"laptop-windows-x86_experience1.csv, laptop-windows-x86_experience2.csv, laptop-windows-x86_experience3.csv"
platform_comparison,x86,3DES,CBC,128,256,throughput_enc,3,0.6697113377717222,0.6697113377717222,0.0,0.0,"laptop-windows-x86_experience1.csv, laptop-windows-x86_experience2.csv, laptop-windows-x86_experience3.csv"
platform_comparison,x86,3DES,CBC,128,1024,avalanche,3,0.5011718749999999,0.5011718749999999,0.0,0.0,"laptop-windows-x86_experience1.csv, laptop-windows-x86_experience2.csv, laptop-windows-x86_experience3.csv"
platform_comparison,x86,3DES,CBC,128,1024,ci95_enc,1,0.056858185341714794,0.056858185341714794,0.0,0.0,"laptop-windows-x86_experience1.csv, laptop-windows-x86_experience2.csv, laptop-windows-x86_experience3.csv"
platform_comparison,x86,3DES,CBC,128,1024,key_avalanche,2,0.4515234375,0.4515234375,0.0,0.0,"laptop-windows-x86_experience1.csv, laptop-windows-x86_experience2.csv, laptop-windows-x86_experience3.csv"
platform_comparison,x86,3DES,CBC,128,1024,throughput_dec,3,3.8650756247415607,3.8650756247415607,0.0,0.0,"laptop-windows-x86_experience1.csv, laptop-windows-x86_experience2.csv, laptop-windows-x86_experience3.csv"
platform_comparison,x86,3DES,CBC,128,1024,throughput_enc,3,0.6745828926211139,0.6745828926211139,0.0,0.0,"laptop-windows-x86_experience1.csv, laptop-windows-x86_experience2.csv, laptop-windows-x86_experience3.csv"
platform_comparison,x86,3DES,CBC,128,4096,avalanche,3,0.49666666666666665,0.49666666666666665,0.0,0.0,"laptop-windows-x86_experience1.csv, laptop-windows-x86_experience2.csv, laptop-windows-x86_experience3.csv"
platform_comparison,x86,3DES,CBC,128,4096,ci95_enc,1,0.032948083513828184,0.032948083513828184,0.0,0.0,"laptop-windows-x86_experience1.csv, laptop-windows-x86_experience2.csv, laptop-windows-x86_experience3.csv"
platform_comparison,x86,3DES,CBC,128,4096,key_avalanche,2,0.41117187499999996,0.41117187499999996,0.0,0.0,"laptop-windows-x86_experience1.csv, laptop-windows-x86_experience2.csv, laptop-windows-x86_experience3.csv"
platform_comparison,x86,3DES,CBC,128,4096,throughput_dec,3,4.539694934876267,4.539694934876267,0.0,0.0,"laptop-windows-x86_experience1.csv, laptop-windows-x86_experience2.csv, laptop-windows-x86_experience3.csv"
platform_comparison,x86,3DES,CBC,128,4096,throughput_enc,3,0.7045827751701378,0.7045827751701378,0.0,0.0,"laptop-windows-x86_experience1.csv, laptop-windows-x86_experience2.csv, laptop-windows-x86_experience3.csv"
platform_comparison,x86,3DES,CBC,128,16384,avalanche,3,0.49755208333333334,0.49755208333333334,0.0,0.0,"laptop-windows-x86_experience1.csv, laptop-windows-x86_experience2.csv, laptop-windows-x86_experience3.csv"
platform_comparison,x86,3DES,CBC,128,16384,ci95_enc,1,0.011888204495507149,0.011888204495507149,0.0,0.0,"laptop-windows-x86_experience1.csv, laptop-windows-x86_experience2.csv, laptop-windows-x86_experience3.csv"
platform_comparison,x86,3DES,CBC,128,16384,key_avalanche,2,0.4441015625,0.4441015625,0.0,0.0,"laptop-windows-x86_experience1.csv, laptop-windows-x86_experience2.csv, laptop-windows-x86_experience3.csv"
platform_comparison,x86,3DES,CBC,128,16384,throughput_dec,3,5.20887016937063,5.20887016937063,0.0,0.0,"laptop-windows-x86_experience1.csv, laptop-windows-x86_experience2.csv, laptop-windows-x86_experience3.csv"
platform_comparison,x86,3DES,CBC,128,16384,throughput_enc,3,0.7118593860326076,0.7118593860326076,0.0,0.0,"laptop-windows-x86_experience1.csv, laptop-windows-x86_experience2.csv, laptop-windows-x86_experience3.csv"
platform_comparison,x86,3DES,CBC,192,64,avalanche,3,0.5053385416666667,0.5053385416666667,0.0,0.0,"laptop-windows-x86_experience1.csv, laptop-windows-x86_experience2.csv, laptop-windows-x86_experience3.csv"
platform_comparison,x86,3DES,CBC,192,64,ci95_enc,1,0.048230465501189076,0.048230465501189076,0.0,0.0,"laptop-windows-x86_experience1.csv, laptop-windows-x86_experience2.csv, laptop-windows-x86_experience3.csv"
platform_comparison,x86,3DES,CBC,192,64,key_avalanche,2,0.42093749999999996,0.42093749999999996,0.0,0.0,"laptop-windows-x86_experience1.csv, laptop-windows-x86_experience2.csv, laptop-windows-x86_experience3.csv"
platform_comparison,x86,3DES,CBC,192,64,throughput_dec,3,0.6628627132335008,0.6628627132335008,0.0,0.0,"laptop-windows-x86_experience1.csv, laptop-windows-x86_experience2.csv, laptop-windows-x86_experience3.csv"
platform_comparison,x86,3DES,CBC,192,64,throughput_enc,3,0.5882190860025385,0.5882190860025385,0.0,0.0,"laptop-windows-x86_experience1.csv, laptop-windows-x86_experience2.csv, laptop-windows-x86_experience3.csv"
platform_comparison,x86,3DES,CBC,192,256,avalanche,3,0.49807291666666664,0.49807291666666664,0.0,0.0,"laptop-windows-x86_experience1.csv, laptop-windows-x86_experience2.csv, laptop-windows-x86_experience3.csv"
platform_comparison,x86,3DES,CBC,192,256,ci95_enc,1,0.059817864641036764,0.059817864641036764,0.0,0.0,"laptop-windows-x86_experience1.csv, laptop-windows-x86_experience2.csv, laptop-windows-x86_experience3.csv"
platform_comparison,x86,3DES,CBC,192,256,key_avalanche,2,0.44796875,0.44796875,0.0,0.0,"laptop-windows-x86_experience1.csv, laptop-windows-x86_experience2.csv, laptop-windows-x86_experience3.csv"
platform_comparison,x86,3DES,CBC,192,256,throughput_dec,3,1.9291553383721647,1.9291553383721647,0.0,0.0,"laptop-windows-x86_experience1.csv, laptop-windows-x86_experience2.csv, laptop-windows-x86_experience3.csv"
platform_comparison,x86,3DES,CBC,192,256,throughput_enc,3,0.6689904512977373,0.6689904512977373,0.0,0.0,"laptop-windows-x86_experience1.csv, laptop-windows-x86_experience2.csv, laptop-windows-x86_experience3.csv"
platform_comparison,x86,3DES,CBC,192,1024,avalanche,3,0.5046354166666667,0.5046354166666667,0.0,0.0,"laptop-windows-x86_experience1.csv, laptop-windows-x86_experience2.csv, laptop-windows-x86_experience3.csv"
platform_comparison,x86,3DES,CBC,192,1024,ci95_enc,1,0.054194178421418326,0.054194178421418326,0.0,0.0,"laptop-windows-x86_experience1.csv, laptop-windows-x86_experience2.csv, laptop-windows-x86_experience3.csv"
platform_comparison,x86,3DES,CBC,192,1024,key_avalanche,2,0.43843750000000004,0.43843750000000004,0.0,0.0,"laptop-windows-x86_experience1.csv, laptop-windows-x86_experience2.csv, laptop-windows-x86_experience3.csv"
platform_comparison,x86,3DES,CBC,192,1024,throughput_dec,3,3.6138474478389746,3.6138474478389746,0.0,0.0,"laptop-windows-x86_experience1.csv, laptop-windows-x86_experience2.csv, laptop-windows-x86_experience3.csv"
platform_comparison,x86,3DES,CBC,192,1024,throughput_enc,3,0.6747036131675263,0.6747036131675263,0.0,0.0,"laptop-windows-x86_experience1.csv, laptop-windows-x86_experience2.csv, laptop-windows-x86_experience3.csv"
platform_comparison,x86,3DES,CBC,192,4096,avalanche,3,0.5027343750000001,0.5027343750000001,0.0,0.0,"laptop-windows-x86_experience1.csv, laptop-windows-x86_experience2.csv, laptop-windows-x86_experience3.csv"
platform_comparison,x86,3DES,CBC,192,4096,ci95_enc,1,0.03424788419374784,0.03424788419374784,0.0,0.0,"laptop-windows-x86_experience1.csv, laptop-windows-x86_experience2.csv, laptop-windows-x86_experience3.csv"
platform_comparison,x86,3DES,CBC,192,4096,key_avalanche,2,0.42660156250000003,0.42660156250000003,0.0,0.0,"laptop-windows-x86_experience1.csv, laptop-windows-x86_experience2.csv, laptop-windows-x86_experience3.csv"
platform_comparison,x86,3DES,CBC,192,4096,throughput_dec,3,4.596633884270258,4.596633884270258,0.0,0.0,"laptop-windows-x86_experience1.csv, laptop-windows-x86_experience2.csv, laptop-windows-x86_experience3.csv"
platform_comparison,x86,3DES,CBC,192,4096,throughput_enc,3,0.6758323293685575,0.6758323293685575,0.0,0.0,"laptop-windows-x86_experience1.csv, laptop-windows-x86_experience2.csv, laptop-windows-x86_experience3.csv"
platform_comparison,x86,3DES,CBC,192,16384,avalanche,3,0.49830729166666665,0.49830729166666665,0.0,0.0,"laptop-windows-x86_experience1.csv, laptop-windows-x86_experience2.csv, laptop-windows-x86_experience3.csv"
platform_comparison,x86,3DES,CBC,192,16384,ci95_enc,1,0.011533418391206541,0.011533418391206541,0.0,0.0,"laptop-windows-x86_experience1.csv, laptop-windows-x86_experience2.csv, laptop-windows-x86_experience3.csv"
platform_comparison,x86,3DES,CBC,192,16384,key_avalanche,2,0.4320703125,0.4320703125,0.0,0.0,"laptop-windows-x86_experience1.csv, laptop-windows-x86_experience2.csv, laptop-windows-x86_experience3.csv"
platform_comparison,x86,3DES,CBC,192,16384,throughput_dec,3,4.322023580099254,4.322023580099254,0.0,0.0,"laptop-windows-x86_experience1.csv, laptop-windows-x86_experience2.csv, laptop-windows-x86_experience3.csv"
platform_comparison,x86,3DES,CBC,192,16384,throughput_enc,3,0.6993807436923508,0.6993807436923508,0.0,0.0,"laptop-windows-x86_experience1.csv, laptop-windows-x86_experience2.csv, laptop-windows-x86_experience3.csv"
platform_comparison,x86,3DES,CTR,128,64,avalanche,3,0.4986979166666667,0.4986979166666667,0.0,0.0,"laptop-windows-x86_experience1.csv, laptop-windows-x86_experience2.csv, laptop-windows-x86_experience3.csv"
platform_comparison,x86,3DES,CTR,128,64,ci95_enc,1,0.022377378078738224,0.022377378078738224,0.0,0.0,"laptop-windows-x86_experience1.csv, laptop-windows-x86_experience2.csv, laptop-windows-x86_experience3.csv"
platform_comparison,x86,3DES,CTR,128,64,key_avalanche,2,0.450078125,0.450078125,0.0,0.0,"laptop-windows-x86_experience1.csv, laptop-windows-x86_experience2.csv, laptop-windows-x86_experience3.csv"
platform_comparison,x86,3DES,CTR,128,64,throughput_dec,3,0.727769787260702,0.727769787260702,0.0,0.0,"laptop-windows-x86_experience1.csv, laptop-windows-x86_experience2.csv, laptop-windows-x86_experience3.csv"
platform_comparison,x86,3DES,CTR,128,64,throughput_enc,3,0.7995727367812545,0.7995727367812545,0.0,0.0,"laptop-windows-x86_experience1.csv, laptop-windows-x86_experience2.csv, laptop-windows-x86_experience3.csv"
platform_comparison,x86,3DES,CTR,128,256,avalanche,3,0.5024479166666667,0.5024479166666667,0.0,0.0,"laptop-windows-x86_experience1.csv, laptop-windows-x86_experience2.csv, laptop-windows-x86_experience3.csv"
platform_comparison,x86,3DES,CTR,128,256,ci95_enc,1,0.1072964607804688,0.1072964607804688,0.0,0.0,"laptop-windows-x86_experience1.csv, laptop-windows-x86_experience2.csv, laptop-windows-x86_experience3.csv"
platform_comparison,x86,3DES,CTR,128,256,key_avalanche,2,0.4423046875,0.4423046875,0.0,0.0,"laptop-windows-x86_experience1.csv, laptop-windows-x86_experience2.csv, laptop-windows-x86_experience3.csv"
platform_comparison,x86,3DES,CTR,128,256,throughput_dec,3,1.6189054456149357,1.6189054456149357,0.0,0.0,"laptop-windows-x86_experience1.csv, laptop-windows-x86_experience2.csv, laptop-windows-x86_experience3.csv"
platform_comparison,x86,3DES,CTR,128,256,throughput_enc,3,1.5820874422875555,1.5820874422875555,0.0,0.0,"laptop-windows-x86_experience1.csv, laptop-windows-x86_experience2.csv, laptop-windows-x86_experience3.csv"
platform_comparison,x86,3DES,CTR,128,1024,avalanche,3,0.49755208333333334,0.49755208333333334,0.0,0.0,"laptop-windows-x86_experience1.csv, laptop-windows-x86_experience2.csv, laptop-windows-x86_experience3.csv"
platform_comparison,x86,3DES,CTR,128,1024,ci95_enc,1,0.15640707155370087,0.15640707155370087,0.0,0.0,"laptop-windows-x86_experience1.csv, laptop-windows-x86_experience2.csv, laptop-windows-x86_experience3.csv"
platform_comparison,x86,3DES,CTR,128,1024,key_avalanche,2,0.431875,0.431875,0.0,0.0,"laptop-windows-x86_experience1.csv, laptop-windows-x86_experience2.csv, laptop-windows-x86_experience3.csv"
platform_comparison,x86,3DES,CTR,128,1024,throughput_dec,3,2.8126476007103616,2.8126476007103616,0.0,0.0,"laptop-windows-x86_experience1.csv, laptop-windows-x86_experience2.csv, laptop-windows-x86_experience3.csv"
platform_comparison,x86,3DES,CTR,128,1024,throughput_enc,3,2.6335507132550378,2.6335507132550378,0.0,0.0,"laptop-windows-x86_experience1.csv, laptop-windows-x86_experience2.csv, laptop-windows-x86_experience3.csv"
platform_comparison,x86,3DES,CTR,128,4096,avalanche,3,0.49687499999999996,0.49687499999999996,0.0,0.0,"laptop-windows-x86_experience1.csv, laptop-windows-x86_experience2.csv, laptop-windows-x86_experience3.csv"
platform_comparison,x86,3DES,CTR,128,4096,ci95_enc,1,0.23347309443646674,0.23347309443646674,0.0,0.0,"laptop-windows-x86_experience1.csv, laptop-windows-x86_experience2.csv, laptop-windows-x86_experience3.csv"
platform_comparison,x86,3DES,CTR,128,4096,key_avalanche,2,0.431171875,0.431171875,0.0,0.0,"laptop-windows-x86_experience1.csv, laptop-windows-x86_experience2.csv, laptop-windows-x86_experience3.csv"
platform_comparison,x86,3DES,CTR,128,4096,throughput_dec,3,3.168870013383513,3.168870013383513,0.0,0.0,"laptop-windows-x86_experience1.csv, laptop-windows-x86_experience2.csv, laptop-windows-x86_experience3.csv"
platform_comparison,x86,3DES,CTR,128,4096,throughput_enc,3,3.2385663903012194,3.2385663903012194,0.0,0.0,"laptop-windows-x86_experience1.csv, laptop-windows-x86_experience2.csv, laptop-windows-x86_experience3.csv"
platform_comparison,x86,3DES,CTR,128,16384,avalanche,3,0.5003645833333333,0.5003645833333333,0.0,0.0,"laptop-windows-x86_experience1.csv, laptop-windows-x86_experience2.csv, laptop-windows-x86_experience3.csv"
platform_comparison,x86,3DES,CTR,128,16384,ci95_enc,1,0.08042634971900382,0.08042634971900382,0.0,0.0,"laptop-windows-x86_experience1.csv, laptop-windows-x86_experience2.csv, laptop-windows-x86_experience3.csv"
platform_comparison,x86,3DES,CTR,128,16384,key_avalanche,2,0.433046875,0.433046875,0.0,0.0,"laptop-windows-x86_experience1.csv, laptop-windows-x86_experience2.csv, laptop-windows-x86_experience3.csv"
platform_comparison,x86,3DES,CTR,128,16384,throughput_dec,3,3.1903947155752905,3.1903947155752905,0.0,0.0,"laptop-windows-x86_experience1.csv, laptop-windows-x86_experience2.csv, laptop-windows-x86_experience3.csv"
platform_comparison,x86,3DES,CTR,128,16384,throughput_enc,3,3.0720796618785875,3.0720796618785875,0.0,0.0,"laptop-windows-x86_experience1.csv, laptop-windows-x86_experience2.csv, laptop-windows-x86_experience3.csv"
platform_comparison,x86,3DES,CTR,192,64,avalanche,3,0.5006770833333333,0.5006770833333333,0.0,0.0,"laptop-windows-x86_experience1.csv, laptop-windows-x86_experience2.csv, laptop-windows-x86_experience3.csv"
platform_comparison,x86,3DES,CTR,192,64,ci95_enc,1,0.038188728325283264,0.038188728325283264,0.0,0.0,"laptop-windows-x86_experience1.csv, laptop-windows-x86_experience2.csv, laptop-windows-x86_experience3.csv"
platform_comparison,x86,3DES,CTR,192,64,key_avalanche,2,0.4390234375,0.4390234375,0.0,0.0,"laptop-windows-x86_experience1.csv, laptop-windows-x86_experience2.csv, laptop-windows-x86_experience3.csv"
platform_comparison,x86,3DES,CTR,192,64,throughput_dec,3,0.609031278546226,0.609031278546226,0.0,0.0,"laptop-windows-x86_experience1.csv, laptop-windows-x86_experience2.csv, laptop-windows-x86_experience3.csv"
platform_comparison,x86,3DES,CTR,192,64,throughput_enc,3,0.5956985264768938,0.5956985264768938,0.0,0.0,"laptop-windows-x86_experience1.csv, laptop-windows-x86_experience2.csv, laptop-windows-x86_experience3.csv"
platform_comparison,x86,3DES,CTR,192,256,avalanche,3,0.498125,0.498125,0.0,0.0,"laptop-windows-x86_experience1.csv, laptop-windows-x86_experience2.csv, laptop-windows-x86_experience3.csv"
platform_comparison,x86,3DES,CTR,192,256,ci95_enc,1,0.08721719669495506,0.08721719669495506,0.0,0.0,"laptop-windows-x86_experience1.csv, laptop-windows-x86_experience2.csv, laptop-windows-x86_experience3.csv"
platform_comparison,x86,3DES,CTR,192,256,key_avalanche,2,0.43609375,0.43609375,0.0,0.0,"laptop-windows-x86_experience1.csv, laptop-windows-x86_experience2.csv, laptop-windows-x86_experience3.csv"
platform_comparison,x86,3DES,CTR,192,256,throughput_dec,3,1.6439355591989635,1.6439355591989635,0.0,0.0,"laptop-windows-x86_experience1.csv, laptop-windows-x86_experience2.csv, laptop-windows-x86_experience3.csv"
platform_comparison,x86,3DES,CTR,192,256,throughput_enc,3,1.6605206495979299,1.6605206495979299,0.0,0.0,"laptop-windows-x86_experience1.csv, laptop-windows-x86_experience2.csv, laptop-windows-x86_experience3.csv"
platform_comparison,x86,3DES,CTR,192,1024,avalanche,3,0.4936979166666667,0.4936979166666667,0.0,0.0,"laptop-windows-x86_experience1.csv, laptop-windows-x86_experience2.csv, laptop-windows-x86_experience3.csv"
platform_comparison,x86,3DES,CTR,192,1024,ci95_enc,1,0.12101925399456917,0.12101925399456917,0.0,0.0,"laptop-windows-x86_experience1.csv, laptop-windows-x86_experience2.csv, laptop-windows-x86_experience3.csv"
platform_comparison,x86,3DES,CTR,192,1024,key_avalanche,2,0.4454296875,0.4454296875,0.0,0.0,"laptop-windows-x86_experience1.csv, laptop-windows-x86_experience2.csv, laptop-windows-x86_experience3.csv"
platform_comparison,x86,3DES,CTR,192,1024,throughput_dec,3,2.598886280527059,2.598886280527059,0.0,0.0,"laptop-windows-x86_experience1.csv, laptop-windows-x86_experience2.csv, laptop-windows-x86_experience3.csv"
platform_comparison,x86,3DES,CTR,192,1024,throughput_enc,3,2.584412493002949,2.584412493002949,0.0,0.0,"laptop-windows-x86_experience1.csv, laptop-windows-x86_experience2.csv, laptop-windows-x86_experience3.csv"
platform_comparison,x86,3DES,CTR,192,4096,avalanche,3,0.502578125,0.502578125,0.0,0.0,"laptop-windows-x86_experience1.csv, laptop-windows-x86_experience2.csv, laptop-windows-x86_experience3.csv"
platform_comparison,x86,3DES,CTR,192,4096,ci95_enc,1,0.1465065532321397,0.1465065532321397,0.0,0.0,"laptop-windows-x86_experience1.csv, laptop-windows-x86_experience2.csv, laptop-windows-x86_experience3.csv"
platform_comparison,x86,3DES,CTR,192,4096,key_avalanche,2,0.438984375,0.438984375,0.0,0.0,"laptop-windows-x86_experience1.csv, laptop-windows-x86_experience2.csv, laptop-windows-x86_experience3.csv"
platform_comparison,x86,3DES,CTR,192,4096,throughput_dec,3,2.726785940360982,2.726785940360982,0.0,0.0,"laptop-windows-x86_experience1.csv, laptop-windows-x86_experience2.csv, laptop-windows-x86_experience3.csv"
platform_comparison,x86,3DES,CTR,192,4096,throughput_enc,3,2.86605917623219,2.86605917623219,0.0,0.0,"laptop-windows-x86_experience1.csv, laptop-windows-x86_experience2.csv, laptop-windows-x86_experience3.csv"
platform_comparison,x86,3DES,CTR,192,16384,avalanche,3,0.4965625,0.4965625,0.0,0.0,"laptop-windows-x86_experience1.csv, laptop-windows-x86_experience2.csv, laptop-windows-x86_experience3.csv"
platform_comparison,x86,3DES,CTR,192,16384,ci95_enc,1,0.08143380078976824,0.08143380078976824,0.0,0.0,"laptop-windows-x86_experience1.csv, laptop-windows-x86_experience2.csv, laptop-windows-x86_experience3.csv"
platform_comparison,x86,3DES,CTR,192,16384,key_avalanche,2,0.450390625,0.450390625,0.0,0.0,"laptop-windows-x86_experience1.csv, laptop-windows-x86_experience2.csv, laptop-windows-x86_experience3.csv"
platform_comparison,x86,3DES,CTR,192,16384,throughput_dec,3,3.0153313093628675,3.0153313093628675,0.0,0.0,"laptop-windows-x86_experience1.csv, laptop-windows-x86_experience2.csv, laptop-windows-x86_experience3.csv"
platform_comparison,x86,3DES,CTR,192,16384,throughput_enc,3,3.1976361032792915,3.1976361032792915,0.0,0.0,"laptop-windows-x86_experience1.csv, laptop-windows-x86_experience2.csv, laptop-windows-x86_experience3.csv"
platform_comparison,x86,3DES,ECB,128,64,avalanche,3,0.501328125,0.501328125,0.0,0.0,"laptop-windows-x86_experience1.csv, laptop-windows-x86_experience2.csv, laptop-windows-x86_experience3.csv"
platform_comparison,x86,3DES,ECB,128,64,ci95_enc,1,0.14824096802038572,0.14824096802038572,0.0,0.0,"laptop-windows-x86_experience1.csv, laptop-windows-x86_experience2.csv, laptop-windows-x86_experience3.csv"
platform_comparison,x86,3DES,ECB,128,64,key_avalanche,2,0.44332031250000004,0.44332031250000004,0.0,0.0,"laptop-windows-x86_experience1.csv, laptop-windows-x86_experience2.csv, laptop-windows-x86_experience3.csv"
platform_comparison,x86,3DES,ECB,128,64,throughput_dec,3,0.8592213668412753,0.8592213668412753,0.0,0.0,"laptop-windows-x86_experience1.csv, laptop-windows-x86_experience2.csv, laptop-windows-x86_experience3.csv"
platform_comparison,x86,3DES,ECB,128,64,throughput_enc,3,0.9417129198180475,0.9417129198180475,0.0,0.0,"laptop-windows-x86_experience1.csv, laptop-windows-x86_experience2.csv, laptop-windows-x86_experience3.csv"
platform_comparison,x86,3DES,ECB,128,256,avalanche,3,0.49919270833333335,0.49919270833333335,0.0,0.0,"laptop-windows-x86_experience1.csv, laptop-windows-x86_experience2.csv, laptop-windows-x86_experience3.csv"
platform_comparison,x86,3DES,ECB,128,256,ci95_enc,1,0.3251502632288717,0.3251502632288717,0.0,0.0,"laptop-windows-x86_experience1.csv, laptop-windows-x86_experience2.csv, laptop-windows-x86_experience3.csv"
platform_comparison,x86,3DES,ECB,128,256,key_avalanche,2,0.42953125000000003,0.42953125000000003,0.0,0.0,"laptop-windows-x86_experience1.csv, laptop-windows-x86_experience2.csv, laptop-windows-x86_experience3.csv"
platform_comparison,x86,3DES,ECB,128,256,throughput_dec,3,3.280650059870179,3.280650059870179,0.0,0.0,"laptop-windows-x86_experience1.csv, laptop-windows-x86_experience2.csv, laptop-windows-x86_experience3.csv"
platform_comparison,x86,3DES,ECB,128,256,throughput_enc,3,3.1835626821879295,3.1835626821879295,0.0,0.0,"laptop-windows-x86_experience1.csv, laptop-windows-x86_experience2.csv, laptop-windows-x86_experience3.csv"
platform_comparison,x86,3DES,ECB,128,1024,avalanche,3,0.503828125,0.503828125,0.0,0.0,"laptop-windows-x86_experience1.csv, laptop-windows-x86_experience2.csv, laptop-windows-x86_experience3.csv"
platform_comparison,x86,3DES,ECB,128,1024,ci95_enc,1,0.5833412045007211,0.5833412045007211,0.0,0.0,"laptop-windows-x86_experience1.csv, laptop-windows-x86_experience2.csv, laptop-windows-x86_experience3.csv"
platform_comparison,x86,3DES,ECB,128,1024,key_avalanche,2,0.45203125,0.45203125,0.0,0.0,"laptop-windows-x86_experience1.csv, laptop-windows-x86_experience2.csv, laptop-windows-x86_experience3.csv"
platform_comparison,x86,3DES,ECB,128,1024,throughput_dec,3,7.945262291730782,7.945262291730782,0.0,0.0,"laptop-windows-x86_experience1.csv, laptop-windows-x86_experience2.csv, laptop-windows-x86_experience3.csv"
platform_comparison,x86,3DES,ECB,128,1024,throughput_enc,3,7.455937281935779,7.455937281935779,0.0,0.0,"laptop-windows-x86_experience1.csv, laptop-windows-x86_experience2.csv, laptop-windows-x86_experience3.csv"
platform_comparison,x86,3DES,ECB,128,4096,avalanche,3,0.5034895833333334,0.5034895833333334,0.0,0.0,"laptop-windows-x86_experience1.csv, laptop-windows-x86_experience2.csv, laptop-windows-x86_experience3.csv"
platform_comparison,x86,3DES,ECB,128,4096,ci95_enc,1,0.43964647494909226,0.43964647494909226,0.0,0.0,"laptop-windows-x86_experience1.csv, laptop-windows-x86_experience2.csv, laptop-windows-x86_experience3.csv"
platform_comparison,x86,3DES,ECB,128,4096,key_avalanche,2,0.435,0.435,0.0,0.0,"laptop-windows-x86_experience1.csv, laptop-windows-x86_experience2.csv, laptop-windows-x86_experience3.csv"
platform_comparison,x86,3DES,ECB,128,4096,throughput_dec,3,11.969578650987202,11.969578650987202,0.0,0.0,"laptop-windows-x86_experience1.csv, laptop-windows-x86_experience2.csv, laptop-windows-x86_experience3.csv"
platform_comparison,x86,3DES,ECB,128,4096,throughput_enc,3,11.845577067340384,11.845577067340384,0.0,0.0,"laptop-windows-x86_experience1.csv, laptop-windows-x86_experience2.csv, laptop-windows-x86_experience3.csv"
platform_comparison,x86,3DES,ECB,128,16384,avalanche,3,0.5047916666666666,0.5047916666666666,0.0,0.0,"laptop-windows-x86_experience1.csv, laptop-windows-x86_experience2.csv, laptop-windows-x86_experience3.csv"
platform_comparison,x86,3DES,ECB,128,16384,ci95_enc,1,0.40145590634620076,0.40145590634620076,0.0,0.0,"laptop-windows-x86_experience1.csv, laptop-windows-x86_experience2.csv, laptop-windows-x86_experience3.csv"
platform_comparison,x86,3DES,ECB,128,16384,key_avalanche,2,0.438828125,0.438828125,0.0,0.0,"laptop-windows-x86_experience1.csv, laptop-windows-x86_experience2.csv, laptop-windows-x86_experience3.csv"
platform_comparison,x86,3DES,ECB,128,16384,throughput_dec,3,14.167759690693428,14.167759690693428,0.0,0.0,"laptop-windows-x86_experience1.csv, laptop-windows-x86_experience2.csv, laptop-windows-x86_experience3.csv"
platform_comparison,x86,3DES,ECB,128,16384,throughput_enc,3,13.476385376448164,13.476385376448164,0.0,0.0,"laptop-windows-x86_experience1.csv, laptop-windows-x86_experience2.csv, laptop-windows-x86_experience3.csv"
platform_comparison,x86,3DES,ECB,192,64,avalanche,3,0.4992447916666667,0.4992447916666667,0.0,0.0,"laptop-windows-x86_experience1.csv, laptop-windows-x86_experience2.csv, laptop-windows-x86_experience3.csv"
platform_comparison,x86,3DES,ECB,192,64,ci95_enc,1,0.09031083776658069,0.09031083776658069,0.0,0.0,"laptop-windows-x86_experience1.csv, laptop-windows-x86_experience2.csv, laptop-windows-x86_experience3.csv"
platform_comparison,x86,3DES,ECB,192,64,key_avalanche,2,0.45699218750000004,0.45699218750000004,0.0,0.0,"laptop-windows-x86_experience1.csv, laptop-windows-x86_experience2.csv, laptop-windows-x86_experience3.csv"
platform_comparison,x86,3DES,ECB,192,64,throughput_dec,3,0.7407700829300122,0.7407700829300122,0.0,0.0,"laptop-windows-x86_experience1.csv, laptop-windows-x86_experience2.csv, laptop-windows-x86_experience3.csv"
platform_comparison,x86,3DES,ECB,192,64,throughput_enc,3,0.6744210539297887,0.6744210539297887,0.0,0.0,"laptop-windows-x86_experience1.csv, laptop-windows-x86_experience2.csv, laptop-windows-x86_experience3.csv"
platform_comparison,x86,3DES,ECB,192,256,avalanche,3,0.5013802083333333,0.5013802083333333,0.0,0.0,"laptop-windows-x86_experience1.csv, laptop-windows-x86_experience2.csv, laptop-windows-x86_experience3.csv"
platform_comparison,x86,3DES,ECB,192,256,ci95_enc,1,0.2359648483480795,0.2359648483480795,0.0,0.0,"laptop-windows-x86_experience1.csv, laptop-windows-x86_experience2.csv, laptop-windows-x86_experience3.csv"
platform_comparison,x86,3DES,ECB,192,256,key_avalanche,2,0.445546875,0.445546875,0.0,0.0,"laptop-windows-x86_experience1.csv, laptop-windows-x86_experience2.csv, laptop-windows-x86_experience3.csv"
platform_comparison,x86,3DES,ECB,192,256,throughput_dec,3,2.6221179077805044,2.6221179077805044,0.0,0.0,"laptop-windows-x86_experience1.csv, laptop-windows-x86_experience2.csv, laptop-windows-x86_experience3.csv"
platform_comparison,x86,3DES,ECB,192,256,throughput_enc,3,2.5222072807292126,2.5222072807292126,0.0,0.0,"laptop-windows-x86_experience1.csv, laptop-windows-x86_experience2.csv, laptop-windows-x86_experience3.csv"
platform_comparison,x86,3DES,ECB,192,1024,avalanche,3,0.5011458333333333,0.5011458333333333,0.0,0.0,"laptop-windows-x86_experience1.csv, laptop-windows-x86_experience2.csv, laptop-windows-x86_experience3.csv"
platform_comparison,x86,3DES,ECB,192,1024,ci95_enc,1,0.46286733612024544,0.46286733612024544,0.0,0.0,"laptop-windows-x86_experience1.csv, laptop-windows-x86_experience2.csv, laptop-windows-x86_experience3.csv"
platform_comparison,x86,3DES,ECB,192,1024,key_avalanche,2,0.428125,0.428125,0.0,0.0,"laptop-windows-x86_experience1.csv, laptop-windows-x86_experience2.csv, laptop-windows-x86_experience3.csv"
platform_comparison,x86,3DES,ECB,192,1024,throughput_dec,3,6.826579967392679,6.826579967392679,0.0,0.0,"laptop-windows-x86_experience1.csv, laptop-windows-x86_experience2.csv, laptop-windows-x86_experience3.csv"
platform_comparison,x86,3DES,ECB,192,1024,throughput_enc,3,6.759391971545895,6.759391971545895,0.0,0.0,"laptop-windows-x86_experience1.csv, laptop-windows-x86_experience2.csv, laptop-windows-x86_experience3.csv"
platform_comparison,x86,3DES,ECB,192,4096,avalanche,3,0.503984375,0.503984375,0.0,0.0,"laptop-windows-x86_experience1.csv, laptop-windows-x86_experience2.csv, laptop-windows-x86_experience3.csv"
platform_comparison,x86,3DES,ECB,192,4096,ci95_enc,1,0.7317935850414264,0.7317935850414264,0.0,0.0,"laptop-windows-x86_experience1.csv, laptop-windows-x86_experience2.csv, laptop-windows-x86_experience3.csv"
platform_comparison,x86,3DES,ECB,192,4096,key_avalanche,2,0.42671875000000004,0.42671875000000004,0.0,0.0,"laptop-windows-x86_experience1.csv, laptop-windows-x86_experience2.csv, laptop-windows-x86_experience3.csv"
platform_comparison,x86,3DES,ECB,192,4096,throughput_dec,3,10.609261798963072,10.609261798963072,0.0,0.0,"laptop-windows-x86_experience1.csv, laptop-windows-x86_experience2.csv, laptop-windows-x86_experience3.csv"
platform_comparison,x86,3DES,ECB,192,4096,throughput_enc,3,9.897763286755206,9.897763286755206,0.0,0.0,"laptop-windows-x86_experience1.csv, laptop-windows-x86_experience2.csv, laptop-windows-x86_experience3.csv"
platform_comparison,x86,3DES,ECB,192,16384,avalanche,3,0.5002343749999999,0.5002343749999999,0.0,0.0,"laptop-windows-x86_experience1.csv, laptop-windows-x86_experience2.csv, laptop-windows-x86_experience3.csv"
platform_comparison,x86,3DES,ECB,192,16384,ci95_enc,1,0.5452358726254587,0.5452358726254587,0.0,0.0,"laptop-windows-x86_experience1.csv, laptop-windows-x86_experience2.csv, laptop-windows-x86_experience3.csv"
platform_comparison,x86,3DES,ECB,192,16384,key_avalanche,2,0.4360546875,0.4360546875,0.0,0.0,"laptop-windows-x86_experience1.csv, laptop-windows-x86_experience2.csv, laptop-windows-x86_experience3.csv"
platform_comparison,x86,3DES,ECB,192,16384,throughput_dec,3,13.85858483295489,13.85858483295489,0.0,0.0,"laptop-windows-x86_experience1.csv, laptop-windows-x86_experience2.csv, laptop-windows-x86_experience3.csv"
platform_comparison,x86,3DES,ECB,192,16384,throughput_enc,3,12.72506895400114,12.72506895400114,0.0,0.0,"laptop-windows-x86_experience1.csv, laptop-windows-x86_experience2.csv, laptop-windows-x86_experience3.csv"
platform_comparison,x86,AES,CBC,128,64,avalanche,3,0.5002734375,0.5002734375,0.0,0.0,"laptop-windows-x86_experience1.csv, laptop-windows-x86_experience2.csv, laptop-windows-x86_experience3.csv"
platform_comparison,x86,AES,CBC,128,64,ci95_enc,1,0.02935108709871221,0.02935108709871221,0.0,0.0,"laptop-windows-x86_experience1.csv, laptop-windows-x86_experience2.csv, laptop-windows-x86_experience3.csv"
platform_comparison,x86,AES,CBC,128,64,key_avalanche,2,0.50048828125,0.50048828125,0.0,0.0,"laptop-windows-x86_experience1.csv, laptop-windows-x86_experience2.csv, laptop-windows-x86_experience3.csv"
platform_comparison,x86,AES,CBC,128,64,throughput_dec,3,1.8420849705294504,1.8420849705294504,0.0,0.0,"laptop-windows-x86_experience1.csv, laptop-windows-x86_experience2.csv, laptop-windows-x86_experience3.csv"
platform_comparison,x86,AES,CBC,128,64,throughput_enc,3,0.5085753598579963,0.5085753598579963,0.0,0.0,"laptop-windows-x86_experience1.csv, laptop-windows-x86_experience2.csv, laptop-windows-x86_experience3.csv"
platform_comparison,x86,AES,CBC,128,256,avalanche,3,0.4998697916666666,0.4998697916666666,0.0,0.0,"laptop-windows-x86_experience1.csv, laptop-windows-x86_experience2.csv, laptop-windows-x86_experience3.csv"
platform_comparison,x86,AES,CBC,128,256,ci95_enc,1,0.02108740599031822,0.02108740599031822,0.0,0.0,"laptop-windows-x86_experience1.csv, laptop-windows-x86_experience2.csv, laptop-windows-x86_experience3.csv"
platform_comparison,x86,AES,CBC,128,256,key_avalanche,2,0.5011328125,0.5011328125,0.0,0.0,"laptop-windows-x86_experience1.csv, laptop-windows-x86_experience2.csv, laptop-windows-x86_experience3.csv"
platform_comparison,x86,AES,CBC,128,256,throughput_dec,3,4.5588285002147195,4.5588285002147195,0.0,0.0,"laptop-windows-x86_experience1.csv, laptop-windows-x86_experience2.csv, laptop-windows-x86_experience3.csv"
platform_comparison,x86,AES,CBC,128,256,throughput_enc,3,0.6348020162754578,0.6348020162754578,0.0,0.0,"laptop-windows-x86_experience1.csv, laptop-windows-x86_experience2.csv, laptop-windows-x86_experience3.csv"
platform_comparison,x86,AES,CBC,128,1024,avalanche,3,0.49613281249999996,0.49613281249999996,0.0,0.0,"laptop-windows-x86_experience1.csv, laptop-windows-x86_experience2.csv, laptop-windows-x86_experience3.csv"
platform_comparison,x86,AES,CBC,128,1024,ci95_enc,1,0.023966918669591088,0.023966918669591088,0.0,0.0,"laptop-windows-x86_experience1.csv, laptop-windows-x86_experience2.csv, laptop-windows-x86_experience3.csv"
platform_comparison,x86,AES,CBC,128,1024,key_avalanche,2,0.49947265625000004,0.49947265625000004,0.0,0.0,"laptop-windows-x86_experience1.csv, laptop-windows-x86_experience2.csv, laptop-windows-x86_experience3.csv"
platform_comparison,x86,AES,CBC,128,1024,throughput_dec,3,6.556165063441146,6.556165063441146,0.0,0.0,"laptop-windows-x86_experience1.csv, laptop-windows-x86_experience2.csv, laptop-windows-x86_experience3.csv"
platform_comparison,x86,AES,CBC,128,1024,throughput_enc,3,0.6645496082266557,0.6645496082266557,0.0,0.0,"laptop-windows-x86_experience1.csv, laptop-windows-x86_experience2.csv, laptop-windows-x86_experience3.csv"
platform_comparison,x86,AES,CBC,128,4096,avalanche,3,0.5000520833333333,0.5000520833333333,0.0,0.0,"laptop-windows-x86_experience1.csv, laptop-windows-x86_experience2.csv, laptop-windows-x86_experience3.csv"
platform_comparison,x86,AES,CBC,128,4096,ci95_enc,1,0.018366213653308726,0.018366213653308726,0.0,0.0,"laptop-windows-x86_experience1.csv, laptop-windows-x86_experience2.csv, laptop-windows-x86_experience3.csv"
platform_comparison,x86,AES,CBC,128,4096,key_avalanche,2,0.50115234375,0.50115234375,0.0,0.0,"laptop-windows-x86_experience1.csv, laptop-windows-x86_experience2.csv, laptop-windows-x86_experience3.csv"
platform_comparison,x86,AES,CBC,128,4096,throughput_dec,3,6.843434796168514,6.843434796168514,0.0,0.0,"laptop-windows-x86_experience1.csv, laptop-windows-x86_experience2.csv, laptop-windows-x86_experience3.csv"
platform_comparison,x86,AES,CBC,128,4096,throughput_enc,3,0.6848581683416758,0.6848581683416758,0.0,0.0,"laptop-windows-x86_experience1.csv, laptop-windows-x86_experience2.csv, laptop-windows-x86_experience3.csv"
platform_comparison,x86,AES,CBC,128,16384,avalanche,3,0.5008072916666667,0.5008072916666667,0.0,0.0,"laptop-windows-x86_experience1.csv, laptop-windows-x86_experience2.csv, laptop-windows-x86_experience3.csv"
platform_comparison,x86,AES,CBC,128,16384,ci95_enc,1,0.007026205106417145,0.007026205106417145,0.0,0.0,"laptop-windows-x86_experience1.csv, laptop-windows-x86_experience2.csv, laptop-windows-x86_experience3.csv"
platform_comparison,x86,AES,CBC,128,16384,key_avalanche,2,0.4990234375,0.4990234375,0.0,0.0,"laptop-windows-x86_experience1.csv, laptop-windows-x86_experience2.csv, laptop-windows-x86_experience3.csv"
platform_comparison,x86,AES,CBC,128,16384,throughput_dec,3,7.87695492222419,7.87695492222419,0.0,0.0,"laptop-windows-x86_experience1.csv, laptop-windows-x86_experience2.csv, laptop-windows-x86_experience3.csv"
platform_comparison,x86,AES,CBC,128,16384,throughput_enc,3,0.7130124204322396,0.7130124204322396,0.0,0.0,"laptop-windows-x86_experience1.csv, laptop-windows-x86_experience2.csv, laptop-windows-x86_experience3.csv"
platform_comparison,x86,AES,CBC,192,64,avalanche,3,0.5011979166666667,0.5011979166666667,0.0,0.0,"laptop-windows-x86_experience1.csv, laptop-windows-x86_experience2.csv, laptop-windows-x86_experience3.csv"
platform_comparison,x86,AES,CBC,192,64,ci95_enc,1,0.02847195339764491,0.02847195339764491,0.0,0.0,"laptop-windows-x86_experience1.csv, laptop-windows-x86_experience2.csv, laptop-windows-x86_experience3.csv"
platform_comparison,x86,AES,CBC,192,64,key_avalanche,2,0.5012109375,0.5012109375,0.0,0.0,"laptop-windows-x86_experience1.csv, laptop-windows-x86_experience2.csv, laptop-windows-x86_experience3.csv"
platform_comparison,x86,AES,CBC,192,64,throughput_dec,3,1.9571817646289125,1.9571817646289125,0.0,0.0,"laptop-windows-x86_experience1.csv, laptop-windows-x86_experience2.csv, laptop-windows-x86_experience3.csv"
platform_comparison,x86,AES,CBC,192,64,throughput_enc,3,0.5508164534767035,0.5508164534767035,0.0,0.0,"laptop-windows-x86_experience1.csv, laptop-windows-x86_experience2.csv, laptop-windows-x86_experience3.csv"
platform_comparison,x86,AES,CBC,192,256,avalanche,3,0.4989973958333333,0.4989973958333333,0.0,0.0,"laptop-windows-x86_experience1.csv, laptop-windows-x86_experience2.csv, laptop-windows-x86_experience3.csv"
platform_comparison,x86,AES,CBC,192,256,ci95_enc,1,0.022868627479542093,0.022868627479542093,0.0,0.0,"laptop-windows-x86_experience1.csv, laptop-windows-x86_experience2.csv, laptop-windows-x86_experience3.csv"
platform_comparison,x86,AES,CBC,192,256,key_avalanche,2,0.50072265625,0.50072265625,0.0,0.0,"laptop-windows-x86_experience1.csv, laptop-windows-x86_experience2.csv, laptop-windows-x86_experience3.csv"
platform_comparison,x86,AES,CBC,192,256,throughput_dec,3,3.122539236847905,3.122539236847905,0.0,0.0,"laptop-windows-x86_experience1.csv, laptop-windows-x86_experience2.csv, laptop-windows-x86_experience3.csv"
platform_comparison,x86,AES,CBC,192,256,throughput_enc,3,0.5537787477592485,0.5537787477592485,0.0,0.0,"laptop-windows-x86_experience1.csv, laptop-windows-x86_experience2.csv, laptop-windows-x86_experience3.csv"
platform_comparison,x86,AES,CBC,192,1024,avalanche,3,0.5009635416666667,0.5009635416666667,0.0,0.0,"laptop-windows-x86_experience1.csv, laptop-windows-x86_experience2.csv, laptop-windows-x86_experience3.csv"
platform_comparison,x86,AES,CBC,192,1024,ci95_enc,1,0.020426952792849114,0.020426952792849114,0.0,0.0,"laptop-windows-x86_experience1.csv, laptop-windows-x86_experience2.csv, laptop-windows-x86_experience3.csv"
platform_comparison,x86,AES,CBC,192,1024,key_avalanche,2,0.50119140625,0.50119140625,0.0,0.0,"laptop-windows-x86_experience1.csv, laptop-windows-x86_experience2.csv, laptop-windows-x86_experience3.csv"
platform_comparison,x86,AES,CBC,192,1024,throughput_dec,3,6.726187620337659,6.726187620337659,0.0,0.0,"laptop-windows-x86_experience1.csv, laptop-windows-x86_experience2.csv, laptop-windows-x86_experience3.csv"
platform_comparison,x86,AES,CBC,192,1024,throughput_enc,3,0.7115011148154599,0.7115011148154599,0.0,0.0,"laptop-windows-x86_experience1.csv, laptop-windows-x86_experience2.csv, laptop-windows-x86_experience3.csv"
platform_comparison,x86,AES,CBC,192,4096,avalanche,3,0.49802083333333336,0.49802083333333336,0.0,0.0,"laptop-windows-x86_experience1.csv, laptop-windows-x86_experience2.csv, laptop-windows-x86_experience3.csv"
platform_comparison,x86,AES,CBC,192,4096,ci95_enc,1,0.005178622680199696,0.005178622680199696,0.0,0.0,"laptop-windows-x86_experience1.csv, laptop-windows-x86_experience2.csv, laptop-windows-x86_experience3.csv"
platform_comparison,x86,AES,CBC,192,4096,key_avalanche,2,0.49972656249999997,0.49972656249999997,0.0,0.0,"laptop-windows-x86_experience1.csv, laptop-windows-x86_experience2.csv, laptop-windows-x86_experience3.csv"
platform_comparison,x86,AES,CBC,192,4096,throughput_dec,3,8.232358314998889,8.232358314998889,0.0,0.0,"laptop-windows-x86_experience1.csv, laptop-windows-x86_experience2.csv, laptop-windows-x86_experience3.csv"
platform_comparison,x86,AES,CBC,192,4096,throughput_enc,3,0.7522006949370829,0.7522006949370829,0.0,0.0,"laptop-windows-x86_experience1.csv, laptop-windows-x86_experience2.csv, laptop-windows-x86_experience3.csv"
platform_comparison,x86,AES,CBC,192,16384,avalanche,3,0.5026171875,0.5026171875,0.0,0.0,"laptop-windows-x86_experience1.csv, laptop-windows-x86_experience2.csv, laptop-windows-x86_experience3.csv"
platform_comparison,x86,AES,CBC,192,16384,ci95_enc,1,0.013831641734123693,0.013831641734123693,0.0,0.0,"laptop-windows-x86_experience1.csv, laptop-windows-x86_experience2.csv, laptop-windows-x86_experience3.csv"
platform_comparison,x86,AES,CBC,192,16384,key_avalanche,2,0.5005468750000001,0.5005468750000001,0.0,0.0,"laptop-windows-x86_experience1.csv, laptop-windows-x86_experience2.csv, laptop-windows-x86_experience3.csv"
platform_comparison,x86,AES,CBC,192,16384,throughput_dec,3,8.68491024432859,8.68491024432859,0.0,0.0,"laptop-windows-x86_experience1.csv, laptop-windows-x86_experience2.csv, laptop-windows-x86_experience3.csv"
platform_comparison,x86,AES,CBC,192,16384,throughput_enc,3,0.7405027989140985,0.7405027989140985,0.0,0.0,"laptop-windows-x86_experience1.csv, laptop-windows-x86_experience2.csv, laptop-windows-x86_experience3.csv"
platform_comparison,x86,AES,CBC,256,64,avalanche,3,0.4971223958333333,0.4971223958333333,0.0,0.0,"laptop-windows-x86_experience1.csv, laptop-windows-x86_experience2.csv, laptop-windows-x86_experience3.csv"
platform_comparison,x86,AES,CBC,256,64,ci95_enc,1,0.02085530927224868,0.02085530927224868,0.0,0.0,"laptop-windows-x86_experience1.csv, laptop-windows-x86_experience2.csv, laptop-windows-x86_experience3.csv"
platform_comparison,x86,AES,CBC,256,64,key_avalanche,2,0.5021875,0.5021875,0.0,0.0,"laptop-windows-x86_experience1.csv, laptop-windows-x86_experience2.csv, laptop-windows-x86_experience3.csv"
platform_comparison,x86,AES,CBC,256,64,throughput_dec,3,1.9942601992561684,1.9942601992561684,0.0,0.0,"laptop-windows-x86_experience1.csv, laptop-windows-x86_experience2.csv, laptop-windows-x86_experience3.csv"
platform_comparison,x86,AES,CBC,256,64,throughput_enc,3,0.5458492329611716,0.5458492329611716,0.0,0.0,"laptop-windows-x86_experience1.csv, laptop-windows-x86_experience2.csv, laptop-windows-x86_experience3.csv"
platform_comparison,x86,AES,CBC,256,256,avalanche,3,0.500390625,0.500390625,0.0,0.0,"laptop-windows-x86_experience1.csv, laptop-windows-x86_experience2.csv, laptop-windows-x86_experience3.csv"
platform_comparison,x86,AES,CBC,256,256,ci95_enc,1,0.023981427515473448,0.023981427515473448,0.0,0.0,"laptop-windows-x86_experience1.csv, laptop-windows-x86_experience2.csv, laptop-windows-x86_experience3.csv"
platform_comparison,x86,AES,CBC,256,256,key_avalanche,2,0.49417968749999996,0.49417968749999996,0.0,0.0,"laptop-windows-x86_experience1.csv, laptop-windows-x86_experience2.csv, laptop-windows-x86_experience3.csv"
platform_comparison,x86,AES,CBC,256,256,throughput_dec,3,4.431173282935998,4.431173282935998,0.0,0.0,"laptop-windows-x86_experience1.csv, laptop-windows-x86_experience2.csv, laptop-windows-x86_experience3.csv"
platform_comparison,x86,AES,CBC,256,256,throughput_enc,3,0.6735367361780695,0.6735367361780695,0.0,0.0,"laptop-windows-x86_experience1.csv, laptop-windows-x86_experience2.csv, laptop-windows-x86_experience3.csv"
platform_comparison,x86,AES,CBC,256,1024,avalanche,3,0.5008463541666667,0.5008463541666667,0.0,0.0,"laptop-windows-x86_experience1.csv, laptop-windows-x86_experience2.csv, laptop-windows-x86_experience3.csv"
platform_comparison,x86,AES,CBC,256,1024,ci95_enc,1,0.017116341715991756,0.017116341715991756,0.0,0.0,"laptop-windows-x86_experience1.csv, laptop-windows-x86_experience2.csv, laptop-windows-x86_experience3.csv"
platform_comparison,x86,AES,CBC,256,1024,key_avalanche,2,0.500390625,0.500390625,0.0,0.0,"laptop-windows-x86_experience1.csv, laptop-windows-x86_experience2.csv, laptop-windows-x86_experience3.csv"
platform_comparison,x86,AES,CBC,256,1024,throughput_dec,3,7.165896510071821,7.165896510071821,0.0,0.0,"laptop-windows-x86_experience1.csv, laptop-windows-x86_experience2.csv, laptop-windows-x86_experience3.csv"
platform_comparison,x86,AES,CBC,256,1024,throughput_enc,3,0.7254203299523568,0.7254203299523568,0.0,0.0,"laptop-windows-x86_experience1.csv, laptop-windows-x86_experience2.csv, laptop-windows-x86_experience3.csv"
platform_comparison,x86,AES,CBC,256,4096,avalanche,3,0.5003385416666667,0.5003385416666667,0.0,0.0,"laptop-windows-x86_experience1.csv, laptop-windows-x86_experience2.csv, laptop-windows-x86_experience3.csv"
platform_comparison,x86,AES,CBC,256,4096,ci95_enc,1,0.005772764860916968,0.005772764860916968,0.0,0.0,"laptop-windows-x86_experience1.csv, laptop-windows-x86_experience2.csv, laptop-windows-x86_experience3.csv"
platform_comparison,x86,AES,CBC,256,4096,key_avalanche,2,0.49921875000000004,0.49921875000000004,0.0,0.0,"laptop-windows-x86_experience1.csv, laptop-windows-x86_experience2.csv, laptop-windows-x86_experience3.csv"
platform_comparison,x86,AES,CBC,256,4096,throughput_dec,3,8.172974114556487,8.172974114556487,0.0,0.0,"laptop-windows-x86_experience1.csv, laptop-windows-x86_experience2.csv, laptop-windows-x86_experience3.csv"
platform_comparison,x86,AES,CBC,256,4096,throughput_enc,3,0.7463476239136181,0.7463476239136181,0.0,0.0,"laptop-windows-x86_experience1.csv, laptop-windows-x86_experience2.csv, laptop-windows-x86_experience3.csv"
platform_comparison,x86,AES,CBC,256,16384,avalanche,3,0.5005729166666667,0.5005729166666667,0.0,0.0,"laptop-windows-x86_experience1.csv, laptop-windows-x86_experience2.csv, laptop-windows-x86_experience3.csv"
platform_comparison,x86,AES,CBC,256,16384,ci95_enc,1,0.007664227134836015,0.007664227134836015,0.0,0.0,"laptop-windows-x86_experience1.csv, laptop-windows-x86_experience2.csv, laptop-windows-x86_experience3.csv"
platform_comparison,x86,AES,CBC,256,16384,key_avalanche,2,0.500625,0.500625,0.0,0.0,"laptop-windows-x86_experience1.csv, laptop-windows-x86_experience2.csv, laptop-windows-x86_experience3.csv"
platform_comparison,x86,AES,CBC,256,16384,throughput_dec,3,7.274723157388716,7.274723157388716,0.0,0.0,"laptop-windows-x86_experience1.csv, laptop-windows-x86_experience2.csv, laptop-windows-x86_experience3.csv"
platform_comparison,x86,AES,CBC,256,16384,throughput_enc,3,0.7346370856481274,0.7346370856481274,0.0,0.0,"laptop-windows-x86_experience1.csv, laptop-windows-x86_experience2.csv, laptop-windows-x86_experience3.csv"
platform_comparison,x86,AES,CTR,128,64,avalanche,3,0.5003385416666667,0.5003385416666667,0.0,0.0,"laptop-windows-x86_experience1.csv, laptop-windows-x86_experience2.csv, laptop-windows-x86_experience3.csv"
platform_comparison,x86,AES,CTR,128,64,ci95_enc,1,0.19127961767250248,0.19127961767250248,0.0,0.0,"laptop-windows-x86_experience1.csv, laptop-windows-x86_experience2.csv, laptop-windows-x86_experience3.csv"
platform_comparison,x86,AES,CTR,128,64,key_avalanche,2,0.5005078125,0.5005078125,0.0,0.0,"laptop-windows-x86_experience1.csv, laptop-windows-x86_experience2.csv, laptop-windows-x86_experience3.csv"
platform_comparison,x86,AES,CTR,128,64,throughput_dec,3,1.9380803110193472,1.9380803110193472,0.0,0.0,"laptop-windows-x86_experience1.csv, laptop-windows-x86_experience2.csv, laptop-windows-x86_experience3.csv"
platform_comparison,x86,AES,CTR,128,64,throughput_enc,3,1.8113060033640693,1.8113060033640693,0.0,0.0,"laptop-windows-x86_experience1.csv, laptop-windows-x86_experience2.csv, laptop-windows-x86_experience3.csv"
platform_comparison,x86,AES,CTR,128,256,avalanche,3,0.49709635416666664,0.49709635416666664,0.0,0.0,"laptop-windows-x86_experience1.csv, laptop-windows-x86_experience2.csv, laptop-windows-x86_experience3.csv"
platform_comparison,x86,AES,CTR,128,256,ci95_enc,1,0.14978221400059843,0.14978221400059843,0.0,0.0,"laptop-windows-x86_experience1.csv, laptop-windows-x86_experience2.csv, laptop-windows-x86_experience3.csv"
platform_comparison,x86,AES,CTR,128,256,key_avalanche,2,0.50119140625,0.50119140625,0.0,0.0,"laptop-windows-x86_experience1.csv, laptop-windows-x86_experience2.csv, laptop-windows-x86_experience3.csv"
platform_comparison,x86,AES,CTR,128,256,throughput_dec,3,4.176867232983828,4.176867232983828,0.0,0.0,"laptop-windows-x86_experience1.csv, laptop-windows-x86_experience2.csv, laptop-windows-x86_experience3.csv"
platform_comparison,x86,AES,CTR,128,256,throughput_enc,3,3.514836505032329,3.514836505032329,0.0,0.0,"laptop-windows-x86_experience1.csv, laptop-windows-x86_experience2.csv, laptop-windows-x86_experience3.csv"
platform_comparison,x86,AES,CTR,128,1024,avalanche,3,0.5004817708333333,0.5004817708333333,0.0,0.0,"laptop-windows-x86_experience1.csv, laptop-windows-x86_experience2.csv, laptop-windows-x86_experience3.csv"
platform_comparison,x86,AES,CTR,128,1024,ci95_enc,1,0.1903185085292366,0.1903185085292366,0.0,0.0,"laptop-windows-x86_experience1.csv, laptop-windows-x86_experience2.csv, laptop-windows-x86_experience3.csv"
platform_comparison,x86,AES,CTR,128,1024,key_avalanche,2,0.5009375,0.5009375,0.0,0.0,"laptop-windows-x86_experience1.csv, laptop-windows-x86_experience2.csv, laptop-windows-x86_experience3.csv"
platform_comparison,x86,AES,CTR,128,1024,throughput_dec,3,5.751597027129681,5.751597027129681,0.0,0.0,"laptop-windows-x86_experience1.csv, laptop-windows-x86_experience2.csv, laptop-windows-x86_experience3.csv"
platform_comparison,x86,AES,CTR,128,1024,throughput_enc,3,5.585468810327967,5.585468810327967,0.0,0.0,"laptop-windows-x86_experience1.csv, laptop-windows-x86_experience2.csv, laptop-windows-x86_experience3.csv"
platform_comparison,x86,AES,CTR,128,4096,avalanche,3,0.5000390625,0.5000390625,0.0,0.0,"laptop-windows-x86_experience1.csv, laptop-windows-x86_experience2.csv, laptop-windows-x86_experience3.csv"
platform_comparison,x86,AES,CTR,128,4096,ci95_enc,1,0.12894845444541064,0.12894845444541064,0.0,0.0,"laptop-windows-x86_experience1.csv, laptop-windows-x86_experience2.csv, laptop-windows-x86_experience3.csv"
platform_comparison,x86,AES,CTR,128,4096,key_avalanche,2,0.4975390625,0.4975390625,0.0,0.0,"laptop-windows-x86_experience1.csv, laptop-windows-x86_experience2.csv, laptop-windows-x86_experience3.csv"
platform_comparison,x86,AES,CTR,128,4096,throughput_dec,3,6.709444687136013,6.709444687136013,0.0,0.0,"laptop-windows-x86_experience1.csv, laptop-windows-x86_experience2.csv, laptop-windows-x86_experience3.csv"
platform_comparison,x86,AES,CTR,128,4096,throughput_enc,3,6.539906493839664,6.539906493839664,0.0,0.0,"laptop-windows-x86_experience1.csv, laptop-windows-x86_experience2.csv, laptop-windows-x86_experience3.csv"
platform_comparison,x86,AES,CTR,128,16384,avalanche,3,0.5009244791666667,0.5009244791666667,0.0,0.0,"laptop-windows-x86_experience1.csv, laptop-windows-x86_experience2.csv, laptop-windows-x86_experience3.csv"
platform_comparison,x86,AES,CTR,128,16384,ci95_enc,1,0.21159941070667565,0.21159941070667565,0.0,0.0,"laptop-windows-x86_experience1.csv, laptop-windows-x86_experience2.csv, laptop-windows-x86_experience3.csv"
platform_comparison,x86,AES,CTR,128,16384,key_avalanche,2,0.4970703125,0.4970703125,0.0,0.0,"laptop-windows-x86_experience1.csv, laptop-windows-x86_experience2.csv, laptop-windows-x86_experience3.csv"
platform_comparison,x86,AES,CTR,128,16384,throughput_dec,3,6.851844147364859,6.851844147364859,0.0,0.0,"laptop-windows-x86_experience1.csv, laptop-windows-x86_experience2.csv, laptop-windows-x86_experience3.csv"
platform_comparison,x86,AES,CTR,128,16384,throughput_enc,3,6.609820950599693,6.609820950599693,0.0,0.0,"laptop-windows-x86_experience1.csv, laptop-windows-x86_experience2.csv, laptop-windows-x86_experience3.csv"
platform_comparison,x86,AES,CTR,192,64,avalanche,3,0.4938151041666667,0.4938151041666667,0.0,0.0,"laptop-windows-x86_experience1.csv, laptop-windows-x86_experience2.csv, laptop-windows-x86_experience3.csv"
platform_comparison,x86,AES,CTR,192,64,ci95_enc,1,0.10910482671146511,0.10910482671146511,0.0,0.0,"laptop-windows-x86_experience1.csv, laptop-windows-x86_experience2.csv, laptop-windows-x86_experience3.csv"
platform_comparison,x86,AES,CTR,192,64,key_avalanche,2,0.501796875,0.501796875,0.0,0.0,"laptop-windows-x86_experience1.csv, laptop-windows-x86_experience2.csv, laptop-windows-x86_experience3.csv"
platform_comparison,x86,AES,CTR,192,64,throughput_dec,3,1.926308137089389,1.926308137089389,0.0,0.0,"laptop-windows-x86_experience1.csv, laptop-windows-x86_experience2.csv, laptop-windows-x86_experience3.csv"
platform_comparison,x86,AES,CTR,192,64,throughput_enc,3,1.8299091953866025,1.8299091953866025,0.0,0.0,"laptop-windows-x86_experience1.csv, laptop-windows-x86_experience2.csv, laptop-windows-x86_experience3.csv"
platform_comparison,x86,AES,CTR,192,256,avalanche,3,0.5024348958333333,0.5024348958333333,0.0,0.0,"laptop-windows-x86_experience1.csv, laptop-windows-x86_experience2.csv, laptop-windows-x86_experience3.csv"
platform_comparison,x86,AES,CTR,192,256,ci95_enc,1,0.2627598416505373,0.2627598416505373,0.0,0.0,"laptop-windows-x86_experience1.csv, laptop-windows-x86_experience2.csv, laptop-windows-x86_experience3.csv"
platform_comparison,x86,AES,CTR,192,256,key_avalanche,2,0.502890625,0.502890625,0.0,0.0,"laptop-windows-x86_experience1.csv, laptop-windows-x86_experience2.csv, laptop-windows-x86_experience3.csv"
platform_comparison,x86,AES,CTR,192,256,throughput_dec,3,4.177932858986467,4.177932858986467,0.0,0.0,"laptop-windows-x86_experience1.csv, laptop-windows-x86_experience2.csv, laptop-windows-x86_experience3.csv"
platform_comparison,x86,AES,CTR,192,256,throughput_enc,3,3.7918275873324414,3.7918275873324414,0.0,0.0,"laptop-windows-x86_experience1.csv, laptop-windows-x86_experience2.csv, laptop-windows-x86_experience3.csv"
platform_comparison,x86,AES,CTR,192,1024,avalanche,3,0.49798177083333334,0.49798177083333334,0.0,0.0,"laptop-windows-x86_experience1.csv, laptop-windows-x86_experience2.csv, laptop-windows-x86_experience3.csv"
platform_comparison,x86,AES,CTR,192,1024,ci95_enc,1,0.1744864969226837,0.1744864969226837,0.0,0.0,"laptop-windows-x86_experience1.csv, laptop-windows-x86_experience2.csv, laptop-windows-x86_experience3.csv"
platform_comparison,x86,AES,CTR,192,1024,key_avalanche,2,0.50337890625,0.50337890625,0.0,0.0,"laptop-windows-x86_experience1.csv, laptop-windows-x86_experience2.csv, laptop-windows-x86_experience3.csv"
platform_comparison,x86,AES,CTR,192,1024,throughput_dec,3,5.7621639980765,5.7621639980765,0.0,0.0,"laptop-windows-x86_experience1.csv, laptop-windows-x86_experience2.csv, laptop-windows-x86_experience3.csv"
platform_comparison,x86,AES,CTR,192,1024,throughput_enc,3,5.605701687688434,5.605701687688434,0.0,0.0,"laptop-windows-x86_experience1.csv, laptop-windows-x86_experience2.csv, laptop-windows-x86_experience3.csv"
platform_comparison,x86,AES,CTR,192,4096,avalanche,3,0.4979036458333333,0.4979036458333333,0.0,0.0,"laptop-windows-x86_experience1.csv, laptop-windows-x86_experience2.csv, laptop-windows-x86_experience3.csv"
platform_comparison,x86,AES,CTR,192,4096,ci95_enc,1,0.3020775931221668,0.3020775931221668,0.0,0.0,"laptop-windows-x86_experience1.csv, laptop-windows-x86_experience2.csv, laptop-windows-x86_experience3.csv"
platform_comparison,x86,AES,CTR,192,4096,key_avalanche,2,0.49865234375,0.49865234375,0.0,0.0,"laptop-windows-x86_experience1.csv, laptop-windows-x86_experience2.csv, laptop-windows-x86_experience3.csv"
platform_comparison,x86,AES,CTR,192,4096,throughput_dec,3,6.102691750731961,6.102691750731961,0.0,0.0,"laptop-windows-x86_experience1.csv, laptop-windows-x86_experience2.csv, laptop-windows-x86_experience3.csv"
platform_comparison,x86,AES,CTR,192,4096,throughput_enc,3,6.252314266396266,6.252314266396266,0.0,0.0,"laptop-windows-x86_experience1.csv, laptop-windows-x86_experience2.csv, laptop-windows-x86_experience3.csv"
platform_comparison,x86,AES,CTR,192,16384,avalanche,3,0.5021223958333333,0.5021223958333333,0.0,0.0,"laptop-windows-x86_experience1.csv, laptop-windows-x86_experience2.csv, laptop-windows-x86_experience3.csv"
platform_comparison,x86,AES,CTR,192,16384,ci95_enc,1,0.1538799565370688,0.1538799565370688,0.0,0.0,"laptop-windows-x86_experience1.csv, laptop-windows-x86_experience2.csv, laptop-windows-x86_experience3.csv"
platform_comparison,x86,AES,CTR,192,16384,key_avalanche,2,0.500078125,0.500078125,0.0,0.0,"laptop-windows-x86_experience1.csv, laptop-windows-x86_experience2.csv, laptop-windows-x86_experience3.csv"
platform_comparison,x86,AES,CTR,192,16384,throughput_dec,3,6.191715540662282,6.191715540662282,0.0,0.0,"laptop-windows-x86_experience1.csv, laptop-windows-x86_experience2.csv, laptop-windows-x86_experience3.csv"
platform_comparison,x86,AES,CTR,192,16384,throughput_enc,3,6.537972770791838,6.537972770791838,0.0,0.0,"laptop-windows-x86_experience1.csv, laptop-windows-x86_experience2.csv, laptop-windows-x86_experience3.csv"
platform_comparison,x86,AES,CTR,256,64,avalanche,3,0.4996744791666667,0.4996744791666667,0.0,0.0,"laptop-windows-x86_experience1.csv, laptop-windows-x86_experience2.csv, laptop-windows-x86_experience3.csv"
platform_comparison,x86,AES,CTR,256,64,ci95_enc,1,0.07803406721974206,0.07803406721974206,0.0,0.0,"laptop-windows-x86_experience1.csv, laptop-windows-x86_experience2.csv, laptop-windows-x86_experience3.csv"
platform_comparison,x86,AES,CTR,256,64,key_avalanche,2,0.4987890625,0.4987890625,0.0,0.0,"laptop-windows-x86_experience1.csv, laptop-windows-x86_experience2.csv, laptop-windows-x86_experience3.csv"
platform_comparison,x86,AES,CTR,256,64,throughput_dec,3,1.6980540026473505,1.6980540026473505,0.0,0.0,"laptop-windows-x86_experience1.csv, laptop-windows-x86_experience2.csv, laptop-windows-x86_experience3.csv"
platform_comparison,x86,AES,CTR,256,64,throughput_enc,3,1.8059640023832062,1.8059640023832062,0.0,0.0,"laptop-windows-x86_experience1.csv, laptop-windows-x86_experience2.csv, laptop-windows-x86_experience3.csv"
platform_comparison,x86,AES,CTR,256,256,avalanche,3,0.5026171875,0.5026171875,0.0,0.0,"laptop-windows-x86_experience1.csv, laptop-windows-x86_experience2.csv, laptop-windows-x86_experience3.csv"
platform_comparison,x86,AES,CTR,256,256,ci95_enc,1,0.16300731078937672,0.16300731078937672,0.0,0.0,"laptop-windows-x86_experience1.csv, laptop-windows-x86_experience2.csv, laptop-windows-x86_experience3.csv"
platform_comparison,x86,AES,CTR,256,256,key_avalanche,2,0.50189453125,0.50189453125,0.0,0.0,"laptop-windows-x86_experience1.csv, laptop-windows-x86_experience2.csv, laptop-windows-x86_experience3.csv"
platform_comparison,x86,AES,CTR,256,256,throughput_dec,3,3.7538623330841894,3.7538623330841894,0.0,0.0,"laptop-windows-x86_experience1.csv, laptop-windows-x86_experience2.csv, laptop-windows-x86_experience3.csv"
platform_comparison,x86,AES,CTR,256,256,throughput_enc,3,3.7453488335094463,3.7453488335094463,0.0,0.0,"laptop-windows-x86_experience1.csv, laptop-windows-x86_experience2.csv, laptop-windows-x86_experience3.csv"
platform_comparison,x86,AES,CTR,256,1024,avalanche,3,0.49953125,0.49953125,0.0,0.0,"laptop-windows-x86_experience1.csv, laptop-windows-x86_experience2.csv, laptop-windows-x86_experience3.csv"
platform_comparison,x86,AES,CTR,256,1024,ci95_enc,1,0.5048804832006344,0.5048804832006344,0.0,0.0,"laptop-windows-x86_experience1.csv, laptop-windows-x86_experience2.csv, laptop-windows-x86_experience3.csv"
platform_comparison,x86,AES,CTR,256,1024,key_avalanche,2,0.50220703125,0.50220703125,0.0,0.0,"laptop-windows-x86_experience1.csv, laptop-windows-x86_experience2.csv, laptop-windows-x86_experience3.csv"
platform_comparison,x86,AES,CTR,256,1024,throughput_dec,3,5.620231657934261,5.620231657934261,0.0,0.0,"laptop-windows-x86_experience1.csv, laptop-windows-x86_experience2.csv, laptop-windows-x86_experience3.csv"
platform_comparison,x86,AES,CTR,256,1024,throughput_enc,3,4.937101839641391,4.937101839641391,0.0,0.0,"laptop-windows-x86_experience1.csv, laptop-windows-x86_experience2.csv, laptop-windows-x86_experience3.csv"
platform_comparison,x86,AES,CTR,256,4096,avalanche,3,0.49936197916666664,0.49936197916666664,0.0,0.0,"laptop-windows-x86_experience1.csv, laptop-windows-x86_experience2.csv, laptop-windows-x86_experience3.csv"
platform_comparison,x86,AES,CTR,256,4096,ci95_enc,1,0.26569475349715044,0.26569475349715044,0.0,0.0,"laptop-windows-x86_experience1.csv, laptop-windows-x86_experience2.csv, laptop-windows-x86_experience3.csv"
platform_comparison,x86,AES,CTR,256,4096,key_avalanche,2,0.50142578125,0.50142578125,0.0,0.0,"laptop-windows-x86_experience1.csv, laptop-windows-x86_experience2.csv, laptop-windows-x86_experience3.csv"
platform_comparison,x86,AES,CTR,256,4096,throughput_dec,3,5.5259040979839185,5.5259040979839185,0.0,0.0,"laptop-windows-x86_experience1.csv, laptop-windows-x86_experience2.csv, laptop-windows-x86_experience3.csv"
platform_comparison,x86,AES,CTR,256,4096,throughput_enc,3,5.4146175669660375,5.4146175669660375,0.0,0.0,"laptop-windows-x86_experience1.csv, laptop-windows-x86_experience2.csv, laptop-windows-x86_experience3.csv"
platform_comparison,x86,AES,CTR,256,16384,avalanche,3,0.49799479166666666,0.49799479166666666,0.0,0.0,"laptop-windows-x86_experience1.csv, laptop-windows-x86_experience2.csv, laptop-windows-x86_experience3.csv"
platform_comparison,x86,AES,CTR,256,16384,ci95_enc,1,0.3109340675613466,0.3109340675613466,0.0,0.0,"laptop-windows-x86_experience1.csv, laptop-windows-x86_experience2.csv, laptop-windows-x86_experience3.csv"
platform_comparison,x86,AES,CTR,256,16384,key_avalanche,2,0.50033203125,0.50033203125,0.0,0.0,"laptop-windows-x86_experience1.csv, laptop-windows-x86_experience2.csv, laptop-windows-x86_experience3.csv"
platform_comparison,x86,AES,CTR,256,16384,throughput_dec,3,6.524288834990622,6.524288834990622,0.0,0.0,"laptop-windows-x86_experience1.csv, laptop-windows-x86_experience2.csv, laptop-windows-x86_experience3.csv"
platform_comparison,x86,AES,CTR,256,16384,throughput_enc,3,6.380408018946137,6.380408018946137,0.0,0.0,"laptop-windows-x86_experience1.csv, laptop-windows-x86_experience2.csv, laptop-windows-x86_experience3.csv"
platform_comparison,x86,AES,ECB,128,64,avalanche,3,0.5006380208333333,0.5006380208333333,0.0,0.0,"laptop-windows-x86_experience1.csv, laptop-windows-x86_experience2.csv, laptop-windows-x86_experience3.csv"
platform_comparison,x86,AES,ECB,128,64,ci95_enc,1,1.4805804090562324,1.4805804090562324,0.0,0.0,"laptop-windows-x86_experience1.csv, laptop-windows-x86_experience2.csv, laptop-windows-x86_experience3.csv"
platform_comparison,x86,AES,ECB,128,64,key_avalanche,3,0.5001822916666666,0.5001822916666666,0.0,0.0,"laptop-windows-x86_experience1.csv, laptop-windows-x86_experience2.csv, laptop-windows-x86_experience3.csv"
platform_comparison,x86,AES,ECB,128,64,throughput_dec,3,3.365788340917611,3.365788340917611,0.0,0.0,"laptop-windows-x86_experience1.csv, laptop-windows-x86_experience2.csv, laptop-windows-x86_experience3.csv"
platform_comparison,x86,AES,ECB,128,64,throughput_enc,3,1.320904090012526,1.320904090012526,0.0,0.0,"laptop-windows-x86_experience1.csv, laptop-windows-x86_experience2.csv, laptop-windows-x86_experience3.csv"
platform_comparison,x86,AES,ECB,128,256,avalanche,3,0.49838541666666664,0.49838541666666664,0.0,0.0,"laptop-windows-x86_experience1.csv, laptop-windows-x86_experience2.csv, laptop-windows-x86_experience3.csv"
platform_comparison,x86,AES,ECB,128,256,ci95_enc,1,1.35636376411649,1.35636376411649,0.0,0.0,"laptop-windows-x86_experience1.csv, laptop-windows-x86_experience2.csv, laptop-windows-x86_experience3.csv"
platform_comparison,x86,AES,ECB,128,256,key_avalanche,3,0.49863281249999997,0.49863281249999997,0.0,0.0,"laptop-windows-x86_experience1.csv, laptop-windows-x86_experience2.csv, laptop-windows-x86_experience3.csv"
platform_comparison,x86,AES,ECB,128,256,throughput_dec,3,14.184133549915563,14.184133549915563,0.0,0.0,"laptop-windows-x86_experience1.csv, laptop-windows-x86_experience2.csv, laptop-windows-x86_experience3.csv"
platform_comparison,x86,AES,ECB,128,256,throughput_enc,3,12.429915603978921,12.429915603978921,0.0,0.0,"laptop-windows-x86_experience1.csv, laptop-windows-x86_experience2.csv, laptop-windows-x86_experience3.csv"
platform_comparison,x86,AES,ECB,128,1024,avalanche,3,0.5001302083333333,0.5001302083333333,0.0,0.0,"laptop-windows-x86_experience1.csv, laptop-windows-x86_experience2.csv, laptop-windows-x86_experience3.csv"
platform_comparison,x86,AES,ECB,128,1024,ci95_enc,1,4.706457825340179,4.706457825340179,0.0,0.0,"laptop-windows-x86_experience1.csv, laptop-windows-x86_experience2.csv, laptop-windows-x86_experience3.csv"
platform_comparison,x86,AES,ECB,128,1024,key_avalanche,3,0.49816406249999995,0.49816406249999995,0.0,0.0,"laptop-windows-x86_experience1.csv, laptop-windows-x86_experience2.csv, laptop-windows-x86_experience3.csv"
platform_comparison,x86,AES,ECB,128,1024,throughput_dec,3,49.04714416261576,49.04714416261576,0.0,0.0,"laptop-windows-x86_experience1.csv, laptop-windows-x86_experience2.csv, laptop-windows-x86_experience3.csv"
platform_comparison,x86,AES,ECB,128,1024,throughput_enc,3,41.97817894547921,41.97817894547921,0.0,0.0,"laptop-windows-x86_experience1.csv, laptop-windows-x86_experience2.csv, laptop-windows-x86_experience3.csv"
platform_comparison,x86,AES,ECB,128,4096,avalanche,3,0.49630208333333337,0.49630208333333337,0.0,0.0,"laptop-windows-x86_experience1.csv, laptop-windows-x86_experience2.csv, laptop-windows-x86_experience3.csv"
platform_comparison,x86,AES,ECB,128,4096,ci95_enc,1,16.80790901606062,16.80790901606062,0.0,0.0,"laptop-windows-x86_experience1.csv, laptop-windows-x86_experience2.csv, laptop-windows-x86_experience3.csv"
platform_comparison,x86,AES,ECB,128,4096,key_avalanche,3,0.49640625,0.49640625,0.0,0.0,"laptop-windows-x86_experience1.csv, laptop-windows-x86_experience2.csv, laptop-windows-x86_experience3.csv"
platform_comparison,x86,AES,ECB,128,4096,throughput_dec,3,168.9675378891426,168.9675378891426,0.0,0.0,"laptop-windows-x86_experience1.csv, laptop-windows-x86_experience2.csv, laptop-windows-x86_experience3.csv"
platform_comparison,x86,AES,ECB,128,4096,throughput_enc,3,147.60948590363137,147.60948590363137,0.0,0.0,"laptop-windows-x86_experience1.csv, laptop-windows-x86_experience2.csv, laptop-windows-x86_experience3.csv"
platform_comparison,x86,AES,ECB,128,16384,avalanche,3,0.5043619791666667,0.5043619791666667,0.0,0.0,"laptop-windows-x86_experience1.csv, laptop-windows-x86_experience2.csv, laptop-windows-x86_experience3.csv"
platform_comparison,x86,AES,ECB,128,16384,ci95_enc,1,26.599019091992584,26.599019091992584,0.0,0.0,"laptop-windows-x86_experience1.csv, laptop-windows-x86_experience2.csv, laptop-windows-x86_experience3.csv"
platform_comparison,x86,AES,ECB,128,16384,key_avalanche,2,0.49626953125,0.49626953125,0.0,0.0,"laptop-windows-x86_experience1.csv, laptop-windows-x86_experience2.csv, laptop-windows-x86_experience3.csv"
platform_comparison,x86,AES,ECB,128,16384,throughput_dec,3,538.9698282980561,538.9698282980561,0.0,0.0,"laptop-windows-x86_experience1.csv, laptop-windows-x86_experience2.csv, laptop-windows-x86_experience3.csv"
platform_comparison,x86,AES,ECB,128,16384,throughput_enc,3,341.1073792938321,341.1073792938321,0.0,0.0,"laptop-windows-x86_experience1.csv, laptop-windows-x86_experience2.csv, laptop-windows-x86_experience3.csv"
platform_comparison,x86,AES,ECB,192,64,avalanche,3,0.4971744791666666,0.4971744791666666,0.0,0.0,"laptop-windows-x86_experience1.csv, laptop-windows-x86_experience2.csv, laptop-windows-x86_experience3.csv"
platform_comparison,x86,AES,ECB,192,64,ci95_enc,1,0.15888059901608895,0.15888059901608895,0.0,0.0,"laptop-windows-x86_experience1.csv, laptop-windows-x86_experience2.csv, laptop-windows-x86_experience3.csv"
platform_comparison,x86,AES,ECB,192,64,key_avalanche,2,0.5008984375000001,0.5008984375000001,0.0,0.0,"laptop-windows-x86_experience1.csv, laptop-windows-x86_experience2.csv, laptop-windows-x86_experience3.csv"
platform_comparison,x86,AES,ECB,192,64,throughput_dec,3,3.406349734780356,3.406349734780356,0.0,0.0,"laptop-windows-x86_experience1.csv, laptop-windows-x86_experience2.csv, laptop-windows-x86_experience3.csv"
platform_comparison,x86,AES,ECB,192,64,throughput_enc,3,3.328117002300157,3.328117002300157,0.0,0.0,"laptop-windows-x86_experience1.csv, laptop-windows-x86_experience2.csv, laptop-windows-x86_experience3.csv"
platform_comparison,x86,AES,ECB,192,256,avalanche,3,0.5010546875,0.5010546875,0.0,0.0,"laptop-windows-x86_experience1.csv, laptop-windows-x86_experience2.csv, laptop-windows-x86_experience3.csv"
platform_comparison,x86,AES,ECB,192,256,ci95_enc,1,0.6454617408535264,0.6454617408535264,0.0,0.0,"laptop-windows-x86_experience1.csv, laptop-windows-x86_experience2.csv, laptop-windows-x86_experience3.csv"
platform_comparison,x86,AES,ECB,192,256,key_avalanche,2,0.497265625,0.497265625,0.0,0.0,"laptop-windows-x86_experience1.csv, laptop-windows-x86_experience2.csv, laptop-windows-x86_experience3.csv"
platform_comparison,x86,AES,ECB,192,256,throughput_dec,3,12.665823593789908,12.665823593789908,0.0,0.0,"laptop-windows-x86_experience1.csv, laptop-windows-x86_experience2.csv, laptop-windows-x86_experience3.csv"
platform_comparison,x86,AES,ECB,192,256,throughput_enc,3,11.172441550995243,11.172441550995243,0.0,0.0,"laptop-windows-x86_experience1.csv, laptop-windows-x86_experience2.csv, laptop-windows-x86_experience3.csv"
platform_comparison,x86,AES,ECB,192,1024,avalanche,3,0.49981770833333333,0.49981770833333333,0.0,0.0,"laptop-windows-x86_experience1.csv, laptop-windows-x86_experience2.csv, laptop-windows-x86_experience3.csv"
platform_comparison,x86,AES,ECB,192,1024,ci95_enc,1,2.6861727985734527,2.6861727985734527,0.0,0.0,"laptop-windows-x86_experience1.csv, laptop-windows-x86_experience2.csv, laptop-windows-x86_experience3.csv"
platform_comparison,x86,AES,ECB,192,1024,key_avalanche,2,0.4988671875,0.4988671875,0.0,0.0,"laptop-windows-x86_experience1.csv, laptop-windows-x86_experience2.csv, laptop-windows-x86_experience3.csv"
platform_comparison,x86,AES,ECB,192,1024,throughput_dec,3,50.72460695869148,50.72460695869148,0.0,0.0,"laptop-windows-x86_experience1.csv, laptop-windows-x86_experience2.csv, laptop-windows-x86_experience3.csv"
platform_comparison,x86,AES,ECB,192,1024,throughput_enc,3,40.551153685029924,40.551153685029924,0.0,0.0,"laptop-windows-x86_experience1.csv, laptop-windows-x86_experience2.csv, laptop-windows-x86_experience3.csv"
platform_comparison,x86,AES,ECB,192,4096,avalanche,3,0.501640625,0.501640625,0.0,0.0,"laptop-windows-x86_experience1.csv, laptop-windows-x86_experience2.csv, laptop-windows-x86_experience3.csv"
platform_comparison,x86,AES,ECB,192,4096,ci95_enc,1,11.329259506945837,11.329259506945837,0.0,0.0,"laptop-windows-x86_experience1.csv, laptop-windows-x86_experience2.csv, laptop-windows-x86_experience3.csv"
platform_comparison,x86,AES,ECB,192,4096,key_avalanche,2,0.49771484374999997,0.49771484374999997,0.0,0.0,"laptop-windows-x86_experience1.csv, laptop-windows-x86_experience2.csv, laptop-windows-x86_experience3.csv"
platform_comparison,x86,AES,ECB,192,4096,throughput_dec,3,142.61331811777552,142.61331811777552,0.0,0.0,"laptop-windows-x86_experience1.csv, laptop-windows-x86_experience2.csv, laptop-windows-x86_experience3.csv"
platform_comparison,x86,AES,ECB,192,4096,throughput_enc,3,128.28626856602946,128.28626856602946,0.0,0.0,"laptop-windows-x86_experience1.csv, laptop-windows-x86_experience2.csv, laptop-windows-x86_experience3.csv"
platform_comparison,x86,AES,ECB,192,16384,avalanche,3,0.5005078125,0.5005078125,0.0,0.0,"laptop-windows-x86_experience1.csv, laptop-windows-x86_experience2.csv, laptop-windows-x86_experience3.csv"
platform_comparison,x86,AES,ECB,192,16384,ci95_enc,1,12.724472124829433,12.724472124829433,0.0,0.0,"laptop-windows-x86_experience1.csv, laptop-windows-x86_experience2.csv, laptop-windows-x86_experience3.csv"
platform_comparison,x86,AES,ECB,192,16384,key_avalanche,2,0.5000390625,0.5000390625,0.0,0.0,"laptop-windows-x86_experience1.csv, laptop-windows-x86_experience2.csv, laptop-windows-x86_experience3.csv"
platform_comparison,x86,AES,ECB,192,16384,throughput_dec,3,434.0626488136652,434.0626488136652,0.0,0.0,"laptop-windows-x86_experience1.csv, laptop-windows-x86_experience2.csv, laptop-windows-x86_experience3.csv"
platform_comparison,x86,AES,ECB,192,16384,throughput_enc,3,364.4217335001443,364.4217335001443,0.0,0.0,"laptop-windows-x86_experience1.csv, laptop-windows-x86_experience2.csv, laptop-windows-x86_experience3.csv"
platform_comparison,x86,AES,ECB,256,64,avalanche,3,0.5025260416666667,0.5025260416666667,0.0,0.0,"laptop-windows-x86_experience1.csv, laptop-windows-x86_experience2.csv, laptop-windows-x86_experience3.csv"
platform_comparison,x86,AES,ECB,256,64,ci95_enc,1,0.1674937720879347,0.1674937720879347,0.0,0.0,"laptop-windows-x86_experience1.csv, laptop-windows-x86_experience2.csv, laptop-windows-x86_experience3.csv"
platform_comparison,x86,AES,ECB,256,64,key_avalanche,2,0.49921875000000004,0.49921875000000004,0.0,0.0,"laptop-windows-x86_experience1.csv, laptop-windows-x86_experience2.csv, laptop-windows-x86_experience3.csv"
platform_comparison,x86,AES,ECB,256,64,throughput_dec,3,3.059317476112035,3.059317476112035,0.0,0.0,"laptop-windows-x86_experience1.csv, laptop-windows-x86_experience2.csv, laptop-windows-x86_experience3.csv"
platform_comparison,x86,AES,ECB,256,64,throughput_enc,3,3.210146139356425,3.210146139356425,0.0,0.0,"laptop-windows-x86_experience1.csv, laptop-windows-x86_experience2.csv, laptop-windows-x86_experience3.csv"
platform_comparison,x86,AES,ECB,256,256,avalanche,3,0.5025130208333334,0.5025130208333334,0.0,0.0,"laptop-windows-x86_experience1.csv, laptop-windows-x86_experience2.csv, laptop-windows-x86_experience3.csv"
platform_comparison,x86,AES,ECB,256,256,ci95_enc,1,0.9360757873662319,0.9360757873662319,0.0,0.0,"laptop-windows-x86_experience1.csv, laptop-windows-x86_experience2.csv, laptop-windows-x86_experience3.csv"
platform_comparison,x86,AES,ECB,256,256,key_avalanche,2,0.50171875,0.50171875,0.0,0.0,"laptop-windows-x86_experience1.csv, laptop-windows-x86_experience2.csv, laptop-windows-x86_experience3.csv"
platform_comparison,x86,AES,ECB,256,256,throughput_dec,3,12.34133691354876,12.34133691354876,0.0,0.0,"laptop-windows-x86_experience1.csv, laptop-windows-x86_experience2.csv, laptop-windows-x86_experience3.csv"
platform_comparison,x86,AES,ECB,256,256,throughput_enc,3,11.098708096042808,11.098708096042808,0.0,0.0,"laptop-windows-x86_experience1.csv, laptop-windows-x86_experience2.csv, laptop-windows-x86_experience3.csv"
platform_comparison,x86,AES,ECB,256,1024,avalanche,3,0.49920572916666667,0.49920572916666667,0.0,0.0,"laptop-windows-x86_experience1.csv, laptop-windows-x86_experience2.csv, laptop-windows-x86_experience3.csv"
platform_comparison,x86,AES,ECB,256,1024,ci95_enc,1,2.484016073365847,2.484016073365847,0.0,0.0,"laptop-windows-x86_experience1.csv, laptop-windows-x86_experience2.csv, laptop-windows-x86_experience3.csv"
platform_comparison,x86,AES,ECB,256,1024,key_avalanche,2,0.5017578125,0.5017578125,0.0,0.0,"laptop-windows-x86_experience1.csv, laptop-windows-x86_experience2.csv, laptop-windows-x86_experience3.csv"
platform_comparison,x86,AES,ECB,256,1024,throughput_dec,3,41.50178815486254,41.50178815486254,0.0,0.0,"laptop-windows-x86_experience1.csv, laptop-windows-x86_experience2.csv, laptop-windows-x86_experience3.csv"
platform_comparison,x86,AES,ECB,256,1024,throughput_enc,3,34.85960827209748,34.85960827209748,0.0,0.0,"laptop-windows-x86_experience1.csv, laptop-windows-x86_experience2.csv, laptop-windows-x86_experience3.csv"
platform_comparison,x86,AES,ECB,256,4096,avalanche,3,0.49936197916666664,0.49936197916666664,0.0,0.0,"laptop-windows-x86_experience1.csv, laptop-windows-x86_experience2.csv, laptop-windows-x86_experience3.csv"
platform_comparison,x86,AES,ECB,256,4096,ci95_enc,1,11.279868222413779,11.279868222413779,0.0,0.0,"laptop-windows-x86_experience1.csv, laptop-windows-x86_experience2.csv, laptop-windows-x86_experience3.csv"
platform_comparison,x86,AES,ECB,256,4096,key_avalanche,2,0.50283203125,0.50283203125,0.0,0.0,"laptop-windows-x86_experience1.csv, laptop-windows-x86_experience2.csv, laptop-windows-x86_experience3.csv"
platform_comparison,x86,AES,ECB,256,4096,throughput_dec,3,149.7723002517141,149.7723002517141,0.0,0.0,"laptop-windows-x86_experience1.csv, laptop-windows-x86_experience2.csv, laptop-windows-x86_experience3.csv"
platform_comparison,x86,AES,ECB,256,4096,throughput_enc,3,138.2263223365447,138.2263223365447,0.0,0.0,"laptop-windows-x86_experience1.csv, laptop-windows-x86_experience2.csv, laptop-windows-x86_experience3.csv"
platform_comparison,x86,AES,ECB,256,16384,avalanche,3,0.5039843749999999,0.5039843749999999,0.0,0.0,"laptop-windows-x86_experience1.csv, laptop-windows-x86_experience2.csv, laptop-windows-x86_experience3.csv"
platform_comparison,x86,AES,ECB,256,16384,ci95_enc,1,15.806560588198403,15.806560588198403,0.0,0.0,"laptop-windows-x86_experience1.csv, laptop-windows-x86_experience2.csv, laptop-windows-x86_experience3.csv"
platform_comparison,x86,AES,ECB,256,16384,key_avalanche,2,0.50158203125,0.50158203125,0.0,0.0,"laptop-windows-x86_experience1.csv, laptop-windows-x86_experience2.csv, laptop-windows-x86_experience3.csv"
platform_comparison,x86,AES,ECB,256,16384,throughput_dec,3,502.96194061949524,502.96194061949524,0.0,0.0,"laptop-windows-x86_experience1.csv, laptop-windows-x86_experience2.csv, laptop-windows-x86_experience3.csv"
platform_comparison,x86,AES,ECB,256,16384,throughput_enc,3,368.3148054676824,368.3148054676824,0.0,0.0,"laptop-windows-x86_experience1.csv, laptop-windows-x86_experience2.csv, laptop-windows-x86_experience3.csv"
platform_comparison,x86,AES,GCM,128,64,avalanche,3,0.4988020833333333,0.4988020833333333,0.0,0.0,"laptop-windows-x86_experience1.csv, laptop-windows-x86_experience2.csv, laptop-windows-x86_experience3.csv"
platform_comparison,x86,AES,GCM,128,64,ci95_enc,1,0.23317831378808038,0.23317831378808038,0.0,0.0,"laptop-windows-x86_experience1.csv, laptop-windows-x86_experience2.csv, laptop-windows-x86_experience3.csv"
platform_comparison,x86,AES,GCM,128,64,key_avalanche,2,0.50064453125,0.50064453125,0.0,0.0,"laptop-windows-x86_experience1.csv, laptop-windows-x86_experience2.csv, laptop-windows-x86_experience3.csv"
platform_comparison,x86,AES,GCM,128,64,throughput_dec,3,0.37912167547957604,0.37912167547957604,0.0,0.0,"laptop-windows-x86_experience1.csv, laptop-windows-x86_experience2.csv, laptop-windows-x86_experience3.csv"
platform_comparison,x86,AES,GCM,128,64,throughput_enc,3,0.24175126839867792,0.24175126839867792,0.0,0.0,"laptop-windows-x86_experience1.csv, laptop-windows-x86_experience2.csv, laptop-windows-x86_experience3.csv"
platform_comparison,x86,AES,GCM,128,256,avalanche,3,0.5028385416666666,0.5028385416666666,0.0,0.0,"laptop-windows-x86_experience1.csv, laptop-windows-x86_experience2.csv, laptop-windows-x86_experience3.csv"
platform_comparison,x86,AES,GCM,128,256,ci95_enc,1,0.11833919149411218,0.11833919149411218,0.0,0.0,"laptop-windows-x86_experience1.csv, laptop-windows-x86_experience2.csv, laptop-windows-x86_experience3.csv"
platform_comparison,x86,AES,GCM,128,256,key_avalanche,2,0.49931640625,0.49931640625,0.0,0.0,"laptop-windows-x86_experience1.csv, laptop-windows-x86_experience2.csv, laptop-windows-x86_experience3.csv"
platform_comparison,x86,AES,GCM,128,256,throughput_dec,3,1.5661457318833687,1.5661457318833687,0.0,0.0,"laptop-windows-x86_experience1.csv, laptop-windows-x86_experience2.csv, laptop-windows-x86_experience3.csv"
platform_comparison,x86,AES,GCM,128,256,throughput_enc,3,2.020265777701423,2.020265777701423,0.0,0.0,"laptop-windows-x86_experience1.csv, laptop-windows-x86_experience2.csv, laptop-windows-x86_experience3.csv"
platform_comparison,x86,AES,GCM,128,1024,avalanche,3,0.5021354166666666,0.5021354166666666,0.0,0.0,"laptop-windows-x86_experience1.csv, laptop-windows-x86_experience2.csv, laptop-windows-x86_experience3.csv"
platform_comparison,x86,AES,GCM,128,1024,ci95_enc,1,0.3970879826095884,0.3970879826095884,0.0,0.0,"laptop-windows-x86_experience1.csv, laptop-windows-x86_experience2.csv, laptop-windows-x86_experience3.csv"
platform_comparison,x86,AES,GCM,128,1024,key_avalanche,2,0.49966796874999997,0.49966796874999997,0.0,0.0,"laptop-windows-x86_experience1.csv, laptop-windows-x86_experience2.csv, laptop-windows-x86_experience3.csv"
platform_comparison,x86,AES,GCM,128,1024,throughput_dec,3,5.512050109496781,5.512050109496781,0.0,0.0,"laptop-windows-x86_experience1.csv, laptop-windows-x86_experience2.csv, laptop-windows-x86_experience3.csv"
platform_comparison,x86,AES,GCM,128,1024,throughput_enc,3,7.4834170458765925,7.4834170458765925,0.0,0.0,"laptop-windows-x86_experience1.csv, laptop-windows-x86_experience2.csv, laptop-windows-x86_experience3.csv"
platform_comparison,x86,AES,GCM,128,4096,avalanche,3,0.49667968749999997,0.49667968749999997,0.0,0.0,"laptop-windows-x86_experience1.csv, laptop-windows-x86_experience2.csv, laptop-windows-x86_experience3.csv"
platform_comparison,x86,AES,GCM,128,4096,ci95_enc,1,2.023103475976728,2.023103475976728,0.0,0.0,"laptop-windows-x86_experience1.csv, laptop-windows-x86_experience2.csv, laptop-windows-x86_experience3.csv"
platform_comparison,x86,AES,GCM,128,4096,key_avalanche,2,0.5034960937499999,0.5034960937499999,0.0,0.0,"laptop-windows-x86_experience1.csv, laptop-windows-x86_experience2.csv, laptop-windows-x86_experience3.csv"
platform_comparison,x86,AES,GCM,128,4096,throughput_dec,3,23.76285564238429,23.76285564238429,0.0,0.0,"laptop-windows-x86_experience1.csv, laptop-windows-x86_experience2.csv, laptop-windows-x86_experience3.csv"
platform_comparison,x86,AES,GCM,128,4096,throughput_enc,3,29.402120588949412,29.402120588949412,0.0,0.0,"laptop-windows-x86_experience1.csv, laptop-windows-x86_experience2.csv, laptop-windows-x86_experience3.csv"
platform_comparison,x86,AES,GCM,128,16384,avalanche,3,0.5015625,0.5015625,0.0,0.0,"laptop-windows-x86_experience1.csv, laptop-windows-x86_experience2.csv, laptop-windows-x86_experience3.csv"
platform_comparison,x86,AES,GCM,128,16384,ci95_enc,1,6.7265299195387716,6.7265299195387716,0.0,0.0,"laptop-windows-x86_experience1.csv, laptop-windows-x86_experience2.csv, laptop-windows-x86_experience3.csv"
platform_comparison,x86,AES,GCM,128,16384,key_avalanche,2,0.5001562500000001,0.5001562500000001,0.0,0.0,"laptop-windows-x86_experience1.csv, laptop-windows-x86_experience2.csv, laptop-windows-x86_experience3.csv"
platform_comparison,x86,AES,GCM,128,16384,throughput_dec,3,79.30013251713324,79.30013251713324,0.0,0.0,"laptop-windows-x86_experience1.csv, laptop-windows-x86_experience2.csv, laptop-windows-x86_experience3.csv"
platform_comparison,x86,AES,GCM,128,16384,throughput_enc,3,94.92340821597158,94.92340821597158,0.0,0.0,"laptop-windows-x86_experience1.csv, laptop-windows-x86_experience2.csv, laptop-windows-x86_experience3.csv"
platform_comparison,x86,AES,GCM,192,64,avalanche,3,0.5023307291666667,0.5023307291666667,0.0,0.0,"laptop-windows-x86_experience1.csv, laptop-windows-x86_experience2.csv, laptop-windows-x86_experience3.csv"
platform_comparison,x86,AES,GCM,192,64,ci95_enc,1,0.09202544336415068,0.09202544336415068,0.0,0.0,"laptop-windows-x86_experience1.csv, laptop-windows-x86_experience2.csv, laptop-windows-x86_experience3.csv"
platform_comparison,x86,AES,GCM,192,64,key_avalanche,2,0.5038281250000001,0.5038281250000001,0.0,0.0,"laptop-windows-x86_experience1.csv, laptop-windows-x86_experience2.csv, laptop-windows-x86_experience3.csv"
platform_comparison,x86,AES,GCM,192,64,throughput_dec,3,0.3913413438642461,0.3913413438642461,0.0,0.0,"laptop-windows-x86_experience1.csv, laptop-windows-x86_experience2.csv, laptop-windows-x86_experience3.csv"
platform_comparison,x86,AES,GCM,192,64,throughput_enc,3,0.4884902638383297,0.4884902638383297,0.0,0.0,"laptop-windows-x86_experience1.csv, laptop-windows-x86_experience2.csv, laptop-windows-x86_experience3.csv"
platform_comparison,x86,AES,GCM,192,256,avalanche,3,0.5,0.5,0.0,0.0,"laptop-windows-x86_experience1.csv, laptop-windows-x86_experience2.csv, laptop-windows-x86_experience3.csv"
platform_comparison,x86,AES,GCM,192,256,ci95_enc,1,0.07108957232924874,0.07108957232924874,0.0,0.0,"laptop-windows-x86_experience1.csv, laptop-windows-x86_experience2.csv, laptop-windows-x86_experience3.csv"
platform_comparison,x86,AES,GCM,192,256,key_avalanche,2,0.5018750000000001,0.5018750000000001,0.0,0.0,"laptop-windows-x86_experience1.csv, laptop-windows-x86_experience2.csv, laptop-windows-x86_experience3.csv"
platform_comparison,x86,AES,GCM,192,256,throughput_dec,3,1.5052145584340026,1.5052145584340026,0.0,0.0,"laptop-windows-x86_experience1.csv, laptop-windows-x86_experience2.csv, laptop-windows-x86_experience3.csv"
platform_comparison,x86,AES,GCM,192,256,throughput_enc,3,2.1023187055392047,2.1023187055392047,0.0,0.0,"laptop-windows-x86_experience1.csv, laptop-windows-x86_experience2.csv, laptop-windows-x86_experience3.csv"
platform_comparison,x86,AES,GCM,192,1024,avalanche,3,0.49921875,0.49921875,0.0,0.0,"laptop-windows-x86_experience1.csv, laptop-windows-x86_experience2.csv, laptop-windows-x86_experience3.csv"
platform_comparison,x86,AES,GCM,192,1024,ci95_enc,1,0.5486412332540433,0.5486412332540433,0.0,0.0,"laptop-windows-x86_experience1.csv, laptop-windows-x86_experience2.csv, laptop-windows-x86_experience3.csv"
platform_comparison,x86,AES,GCM,192,1024,key_avalanche,2,0.50185546875,0.50185546875,0.0,0.0,"laptop-windows-x86_experience1.csv, laptop-windows-x86_experience2.csv, laptop-windows-x86_experience3.csv"
platform_comparison,x86,AES,GCM,192,1024,throughput_dec,3,6.166615580920495,6.166615580920495,0.0,0.0,"laptop-windows-x86_experience1.csv, laptop-windows-x86_experience2.csv, laptop-windows-x86_experience3.csv"
platform_comparison,x86,AES,GCM,192,1024,throughput_enc,3,7.735430210297178,7.735430210297178,0.0,0.0,"laptop-windows-x86_experience1.csv, laptop-windows-x86_experience2.csv, laptop-windows-x86_experience3.csv"
platform_comparison,x86,AES,GCM,192,4096,avalanche,3,0.4995833333333333,0.4995833333333333,0.0,0.0,"laptop-windows-x86_experience1.csv, laptop-windows-x86_experience2.csv, laptop-windows-x86_experience3.csv"
platform_comparison,x86,AES,GCM,192,4096,ci95_enc,1,3.5112785967559192,3.5112785967559192,0.0,0.0,"laptop-windows-x86_experience1.csv, laptop-windows-x86_experience2.csv, laptop-windows-x86_experience3.csv"
platform_comparison,x86,AES,GCM,192,4096,key_avalanche,2,0.50052734375,0.50052734375,0.0,0.0,"laptop-windows-x86_experience1.csv, laptop-windows-x86_experience2.csv, laptop-windows-x86_experience3.csv"
platform_comparison,x86,AES,GCM,192,4096,throughput_dec,3,23.96746970682373,23.96746970682373,0.0,0.0,"laptop-windows-x86_experience1.csv, laptop-windows-x86_experience2.csv, laptop-windows-x86_experience3.csv"
platform_comparison,x86,AES,GCM,192,4096,throughput_enc,3,27.244990949946423,27.244990949946423,0.0,0.0,"laptop-windows-x86_experience1.csv, laptop-windows-x86_experience2.csv, laptop-windows-x86_experience3.csv"
platform_comparison,x86,AES,GCM,192,16384,avalanche,3,0.4994140624999999,0.4994140624999999,0.0,0.0,"laptop-windows-x86_experience1.csv, laptop-windows-x86_experience2.csv, laptop-windows-x86_experience3.csv"
platform_comparison,x86,AES,GCM,192,16384,ci95_enc,1,5.785345469475277,5.785345469475277,0.0,0.0,"laptop-windows-x86_experience1.csv, laptop-windows-x86_experience2.csv, laptop-windows-x86_experience3.csv"
platform_comparison,x86,AES,GCM,192,16384,key_avalanche,2,0.49873046875,0.49873046875,0.0,0.0,"laptop-windows-x86_experience1.csv, laptop-windows-x86_experience2.csv, laptop-windows-x86_experience3.csv"
platform_comparison,x86,AES,GCM,192,16384,throughput_dec,3,82.72146394227893,82.72146394227893,0.0,0.0,"laptop-windows-x86_experience1.csv, laptop-windows-x86_experience2.csv, laptop-windows-x86_experience3.csv"
platform_comparison,x86,AES,GCM,192,16384,throughput_enc,3,96.49579443434568,96.49579443434568,0.0,0.0,"laptop-windows-x86_experience1.csv, laptop-windows-x86_experience2.csv, laptop-windows-x86_experience3.csv"
platform_comparison,x86,AES,GCM,256,64,avalanche,3,0.49947916666666664,0.49947916666666664,0.0,0.0,"laptop-windows-x86_experience1.csv, laptop-windows-x86_experience2.csv, laptop-windows-x86_experience3.csv"
platform_comparison,x86,AES,GCM,256,64,ci95_enc,1,0.03659441332534165,0.03659441332534165,0.0,0.0,"laptop-windows-x86_experience1.csv, laptop-windows-x86_experience2.csv, laptop-windows-x86_experience3.csv"
platform_comparison,x86,AES,GCM,256,64,key_avalanche,2,0.49908203125,0.49908203125,0.0,0.0,"laptop-windows-x86_experience1.csv, laptop-windows-x86_experience2.csv, laptop-windows-x86_experience3.csv"
platform_comparison,x86,AES,GCM,256,64,throughput_dec,3,0.38803658132022445,0.38803658132022445,0.0,0.0,"laptop-windows-x86_experience1.csv, laptop-windows-x86_experience2.csv, laptop-windows-x86_experience3.csv"
platform_comparison,x86,AES,GCM,256,64,throughput_enc,3,0.475039704984111,0.475039704984111,0.0,0.0,"laptop-windows-x86_experience1.csv, laptop-windows-x86_experience2.csv, laptop-windows-x86_experience3.csv"
platform_comparison,x86,AES,GCM,256,256,avalanche,3,0.4975130208333334,0.4975130208333334,0.0,0.0,"laptop-windows-x86_experience1.csv, laptop-windows-x86_experience2.csv, laptop-windows-x86_experience3.csv"
platform_comparison,x86,AES,GCM,256,256,ci95_enc,1,0.11095885611034376,0.11095885611034376,0.0,0.0,"laptop-windows-x86_experience1.csv, laptop-windows-x86_experience2.csv, laptop-windows-x86_experience3.csv"
platform_comparison,x86,AES,GCM,256,256,key_avalanche,2,0.50318359375,0.50318359375,0.0,0.0,"laptop-windows-x86_experience1.csv, laptop-windows-x86_experience2.csv, laptop-windows-x86_experience3.csv"
platform_comparison,x86,AES,GCM,256,256,throughput_dec,3,1.6176718616562802,1.6176718616562802,0.0,0.0,"laptop-windows-x86_experience1.csv, laptop-windows-x86_experience2.csv, laptop-windows-x86_experience3.csv"
platform_comparison,x86,AES,GCM,256,256,throughput_enc,3,1.938018561632404,1.938018561632404,0.0,0.0,"laptop-windows-x86_experience1.csv, laptop-windows-x86_experience2.csv, laptop-windows-x86_experience3.csv"
platform_comparison,x86,AES,GCM,256,1024,avalanche,3,0.5041796875000001,0.5041796875000001,0.0,0.0,"laptop-windows-x86_experience1.csv, laptop-windows-x86_experience2.csv, laptop-windows-x86_experience3.csv"
platform_comparison,x86,AES,GCM,256,1024,ci95_enc,1,0.4446146910646668,0.4446146910646668,0.0,0.0,"laptop-windows-x86_experience1.csv, laptop-windows-x86_experience2.csv, laptop-windows-x86_experience3.csv"
platform_comparison,x86,AES,GCM,256,1024,key_avalanche,2,0.49982421875,0.49982421875,0.0,0.0,"laptop-windows-x86_experience1.csv, laptop-windows-x86_experience2.csv, laptop-windows-x86_experience3.csv"
platform_comparison,x86,AES,GCM,256,1024,throughput_dec,3,6.106050981746576,6.106050981746576,0.0,0.0,"laptop-windows-x86_experience1.csv, laptop-windows-x86_experience2.csv, laptop-windows-x86_experience3.csv"
platform_comparison,x86,AES,GCM,256,1024,throughput_enc,3,7.66141843050717,7.66141843050717,0.0,0.0,"laptop-windows-x86_experience1.csv, laptop-windows-x86_experience2.csv, laptop-windows-x86_experience3.csv"
platform_comparison,x86,AES,GCM,256,4096,avalanche,3,0.5015104166666666,0.5015104166666666,0.0,0.0,"laptop-windows-x86_experience1.csv, laptop-windows-x86_experience2.csv, laptop-windows-x86_experience3.csv"
platform_comparison,x86,AES,GCM,256,4096,ci95_enc,1,1.4805221473122012,1.4805221473122012,0.0,0.0,"laptop-windows-x86_experience1.csv, laptop-windows-x86_experience2.csv, laptop-windows-x86_experience3.csv"
platform_comparison,x86,AES,GCM,256,4096,key_avalanche,2,0.49904296875,0.49904296875,0.0,0.0,"laptop-windows-x86_experience1.csv, laptop-windows-x86_experience2.csv, laptop-windows-x86_experience3.csv"
platform_comparison,x86,AES,GCM,256,4096,throughput_dec,3,23.028747908789626,23.028747908789626,0.0,0.0,"laptop-windows-x86_experience1.csv, laptop-windows-x86_experience2.csv, laptop-windows-x86_experience3.csv"
platform_comparison,x86,AES,GCM,256,4096,throughput_enc,3,29.054396556506763,29.054396556506763,0.0,0.0,"laptop-windows-x86_experience1.csv, laptop-windows-x86_experience2.csv, laptop-windows-x86_experience3.csv"
platform_comparison,x86,AES,GCM,256,16384,avalanche,3,0.497734375,0.497734375,0.0,0.0,"laptop-windows-x86_experience1.csv, laptop-windows-x86_experience2.csv, laptop-windows-x86_experience3.csv"
platform_comparison,x86,AES,GCM,256,16384,ci95_enc,1,2.772862329354174,2.772862329354174,0.0,0.0,"laptop-windows-x86_experience1.csv, laptop-windows-x86_experience2.csv, laptop-windows-x86_experience3.csv"
platform_comparison,x86,AES,GCM,256,16384,key_avalanche,2,0.49900390625,0.49900390625,0.0,0.0,"laptop-windows-x86_experience1.csv, laptop-windows-x86_experience2.csv, laptop-windows-x86_experience3.csv"
platform_comparison,x86,AES,GCM,256,16384,throughput_dec,3,84.70729815067949,84.70729815067949,0.0,0.0,"laptop-windows-x86_experience1.csv, laptop-windows-x86_experience2.csv, laptop-windows-x86_experience3.csv"
platform_comparison,x86,AES,GCM,256,16384,throughput_enc,3,99.84017718601172,99.84017718601172,0.0,0.0,"laptop-windows-x86_experience1.csv, laptop-windows-x86_experience2.csv, laptop-windows-x86_experience3.csv"
platform_comparison,x86,ChaCha20,Stream,256,64,avalanche,2,0.594951171875,0.594951171875,0.0,0.0,"laptop-windows-x86_experience1.csv, laptop-windows-x86_experience2.csv, laptop-windows-x86_experience3.csv"
platform_comparison,x86,ChaCha20,Stream,256,64,ci95_enc,1,0.3379376683866216,0.3379376683866216,0.0,0.0,"laptop-windows-x86_experience1.csv, laptop-windows-x86_experience2.csv, laptop-windows-x86_experience3.csv"
platform_comparison,x86,ChaCha20,Stream,256,64,key_avalanche,2,0.5926220703125,0.5926220703125,0.0,0.0,"laptop-windows-x86_experience1.csv, laptop-windows-x86_experience2.csv, laptop-windows-x86_experience3.csv"
platform_comparison,x86,ChaCha20,Stream,256,64,throughput_dec,2,4.183820908497024,4.183820908497024,0.0,0.0,"laptop-windows-x86_experience1.csv, laptop-windows-x86_experience2.csv, laptop-windows-x86_experience3.csv"
platform_comparison,x86,ChaCha20,Stream,256,64,throughput_enc,2,3.2330911403538583,3.2330911403538583,0.0,0.0,"laptop-windows-x86_experience1.csv, laptop-windows-x86_experience2.csv, laptop-windows-x86_experience3.csv"
platform_comparison,x86,ChaCha20,Stream,256,256,avalanche,2,0.594072265625,0.594072265625,0.0,0.0,"laptop-windows-x86_experience1.csv, laptop-windows-x86_experience2.csv, laptop-windows-x86_experience3.csv"
platform_comparison,x86,ChaCha20,Stream,256,256,ci95_enc,1,1.0106014518183961,1.0106014518183961,0.0,0.0,"laptop-windows-x86_experience1.csv, laptop-windows-x86_experience2.csv, laptop-windows-x86_experience3.csv"
platform_comparison,x86,ChaCha20,Stream,256,256,key_avalanche,2,0.593486328125,0.593486328125,0.0,0.0,"laptop-windows-x86_experience1.csv, laptop-windows-x86_experience2.csv, laptop-windows-x86_experience3.csv"
platform_comparison,x86,ChaCha20,Stream,256,256,throughput_dec,2,13.670172506123702,13.670172506123702,0.0,0.0,"laptop-windows-x86_experience1.csv, laptop-windows-x86_experience2.csv, laptop-windows-x86_experience3.csv"
platform_comparison,x86,ChaCha20,Stream,256,256,throughput_enc,2,14.578740763439468,14.578740763439468,0.0,0.0,"laptop-windows-x86_experience1.csv, laptop-windows-x86_experience2.csv, laptop-windows-x86_experience3.csv"
platform_comparison,x86,ChaCha20,Stream,256,1024,avalanche,2,0.5945068359375,0.5945068359375,0.0,0.0,"laptop-windows-x86_experience1.csv, laptop-windows-x86_experience2.csv, laptop-windows-x86_experience3.csv"
platform_comparison,x86,ChaCha20,Stream,256,1024,ci95_enc,1,4.006768104979114,4.006768104979114,0.0,0.0,"laptop-windows-x86_experience1.csv, laptop-windows-x86_experience2.csv, laptop-windows-x86_experience3.csv"
platform_comparison,x86,ChaCha20,Stream,256,1024,key_avalanche,2,0.5958984375,0.5958984375,0.0,0.0,"laptop-windows-x86_experience1.csv, laptop-windows-x86_experience2.csv, laptop-windows-x86_experience3.csv"
platform_comparison,x86,ChaCha20,Stream,256,1024,throughput_dec,2,48.22778267994488,48.22778267994488,0.0,0.0,"laptop-windows-x86_experience1.csv, laptop-windows-x86_experience2.csv, laptop-windows-x86_experience3.csv"
platform_comparison,x86,ChaCha20,Stream,256,1024,throughput_enc,2,45.80507025323283,45.80507025323283,0.0,0.0,"laptop-windows-x86_experience1.csv, laptop-windows-x86_experience2.csv, laptop-windows-x86_experience3.csv"
platform_comparison,x86,ChaCha20,Stream,256,4096,avalanche,2,0.5954736328125,0.5954736328125,0.0,0.0,"laptop-windows-x86_experience1.csv, laptop-windows-x86_experience2.csv, laptop-windows-x86_experience3.csv"
platform_comparison,x86,ChaCha20,Stream,256,4096,ci95_enc,1,6.377588476909206,6.377588476909206,0.0,0.0,"laptop-windows-x86_experience1.csv, laptop-windows-x86_experience2.csv, laptop-windows-x86_experience3.csv"
platform_comparison,x86,ChaCha20,Stream,256,4096,key_avalanche,2,0.5930126953125,0.5930126953125,0.0,0.0,"laptop-windows-x86_experience1.csv, laptop-windows-x86_experience2.csv, laptop-windows-x86_experience3.csv"
platform_comparison,x86,ChaCha20,Stream,256,4096,throughput_dec,2,100.7054326720373,100.7054326720373,0.0,0.0,"laptop-windows-x86_experience1.csv, laptop-windows-x86_experience2.csv, laptop-windows-x86_experience3.csv"
platform_comparison,x86,ChaCha20,Stream,256,4096,throughput_enc,2,100.24858389513955,100.24858389513955,0.0,0.0,"laptop-windows-x86_experience1.csv, laptop-windows-x86_experience2.csv, laptop-windows-x86_experience3.csv"
platform_comparison,x86,ChaCha20,Stream,256,16384,avalanche,2,0.592177734375,0.592177734375,0.0,0.0,"laptop-windows-x86_experience1.csv, laptop-windows-x86_experience2.csv, laptop-windows-x86_experience3.csv"
platform_comparison,x86,ChaCha20,Stream,256,16384,ci95_enc,1,5.675876056701444,5.675876056701444,0.0,0.0,"laptop-windows-x86_experience1.csv, laptop-windows-x86_experience2.csv, laptop-windows-x86_experience3.csv"
platform_comparison,x86,ChaCha20,Stream,256,16384,key_avalanche,2,0.5935937499999999,0.5935937499999999,0.0,0.0,"laptop-windows-x86_experience1.csv, laptop-windows-x86_experience2.csv, laptop-windows-x86_experience3.csv"
platform_comparison,x86,ChaCha20,Stream,256,16384,throughput_dec,2,135.11749367935104,135.11749367935104,0.0,0.0,"laptop-windows-x86_experience1.csv, laptop-windows-x86_experience2.csv, laptop-windows-x86_experience3.csv"
platform_comparison,x86,ChaCha20,Stream,256,16384,throughput_enc,2,127.14619283634991,127.14619283634991,0.0,0.0,"laptop-windows-x86_experience1.csv, laptop-windows-x86_experience2.csv, laptop-windows-x86_experience3.csv"
platform_comparison,x86,DES,CBC,64,64,avalanche,3,0.5015104166666667,0.5015104166666667,0.0,0.0,"laptop-windows-x86_experience1.csv, laptop-windows-x86_experience2.csv, laptop-windows-x86_experience3.csv"
platform_comparison,x86,DES,CBC,64,64,ci95_enc,1,0.004349497509402293,0.004349497509402293,0.0,0.0,"laptop-windows-x86_experience1.csv, laptop-windows-x86_experience2.csv, laptop-windows-x86_experience3.csv"
platform_comparison,x86,DES,CBC,64,64,key_avalanche,2,0.46406250000000004,0.46406250000000004,0.0,0.0,"laptop-windows-x86_experience1.csv, laptop-windows-x86_experience2.csv, laptop-windows-x86_experience3.csv"
platform_comparison,x86,DES,CBC,64,64,throughput_dec,3,1.7777636037789886,1.7777636037789886,0.0,0.0,"laptop-windows-x86_experience1.csv, laptop-windows-x86_experience2.csv, laptop-windows-x86_experience3.csv"
platform_comparison,x86,DES,CBC,64,64,throughput_enc,3,0.285348510722999,0.285348510722999,0.0,0.0,"laptop-windows-x86_experience1.csv, laptop-windows-x86_experience2.csv, laptop-windows-x86_experience3.csv"
platform_comparison,x86,DES,CBC,64,256,avalanche,3,0.4963020833333333,0.4963020833333333,0.0,0.0,"laptop-windows-x86_experience1.csv, laptop-windows-x86_experience2.csv, laptop-windows-x86_experience3.csv"
platform_comparison,x86,DES,CBC,64,256,ci95_enc,1,0.014488484327643802,0.014488484327643802,0.0,0.0,"laptop-windows-x86_experience1.csv, laptop-windows-x86_experience2.csv, laptop-windows-x86_experience3.csv"
platform_comparison,x86,DES,CBC,64,256,key_avalanche,2,0.4406640625,0.4406640625,0.0,0.0,"laptop-windows-x86_experience1.csv, laptop-windows-x86_experience2.csv, laptop-windows-x86_experience3.csv"
platform_comparison,x86,DES,CBC,64,256,throughput_dec,3,4.199253841974192,4.199253841974192,0.0,0.0,"laptop-windows-x86_experience1.csv, laptop-windows-x86_experience2.csv, laptop-windows-x86_experience3.csv"
platform_comparison,x86,DES,CBC,64,256,throughput_enc,3,0.32225471006552525,0.32225471006552525,0.0,0.0,"laptop-windows-x86_experience1.csv, laptop-windows-x86_experience2.csv, laptop-windows-x86_experience3.csv"
platform_comparison,x86,DES,CBC,64,1024,avalanche,3,0.5019791666666666,0.5019791666666666,0.0,0.0,"laptop-windows-x86_experience1.csv, laptop-windows-x86_experience2.csv, laptop-windows-x86_experience3.csv"
platform_comparison,x86,DES,CBC,64,1024,ci95_enc,1,0.006865373339737475,0.006865373339737475,0.0,0.0,"laptop-windows-x86_experience1.csv, laptop-windows-x86_experience2.csv, laptop-windows-x86_experience3.csv"
platform_comparison,x86,DES,CBC,64,1024,key_avalanche,2,0.4369140625,0.4369140625,0.0,0.0,"laptop-windows-x86_experience1.csv, laptop-windows-x86_experience2.csv, laptop-windows-x86_experience3.csv"
platform_comparison,x86,DES,CBC,64,1024,throughput_dec,3,5.934022991859802,5.934022991859802,0.0,0.0,"laptop-windows-x86_experience1.csv, laptop-windows-x86_experience2.csv, laptop-windows-x86_experience3.csv"
platform_comparison,x86,DES,CBC,64,1024,throughput_enc,3,0.33124921794468537,0.33124921794468537,0.0,0.0,"laptop-windows-x86_experience1.csv, laptop-windows-x86_experience2.csv, laptop-windows-x86_experience3.csv"
platform_comparison,x86,DES,CBC,64,4096,avalanche,3,0.49872395833333333,0.49872395833333333,0.0,0.0,"laptop-windows-x86_experience1.csv, laptop-windows-x86_experience2.csv, laptop-windows-x86_experience3.csv"
platform_comparison,x86,DES,CBC,64,4096,ci95_enc,1,0.006806298317031517,0.006806298317031517,0.0,0.0,"laptop-windows-x86_experience1.csv, laptop-windows-x86_experience2.csv, laptop-windows-x86_experience3.csv"
platform_comparison,x86,DES,CBC,64,4096,key_avalanche,2,0.441171875,0.441171875,0.0,0.0,"laptop-windows-x86_experience1.csv, laptop-windows-x86_experience2.csv, laptop-windows-x86_experience3.csv"
platform_comparison,x86,DES,CBC,64,4096,throughput_dec,3,7.131011718963188,7.131011718963188,0.0,0.0,"laptop-windows-x86_experience1.csv, laptop-windows-x86_experience2.csv, laptop-windows-x86_experience3.csv"
platform_comparison,x86,DES,CBC,64,4096,throughput_enc,3,0.32349806630700567,0.32349806630700567,0.0,0.0,"laptop-windows-x86_experience1.csv, laptop-windows-x86_experience2.csv, laptop-windows-x86_experience3.csv"
platform_comparison,x86,DES,CBC,64,16384,avalanche,3,0.5005468750000001,0.5005468750000001,0.0,0.0,"laptop-windows-x86_experience1.csv, laptop-windows-x86_experience2.csv, laptop-windows-x86_experience3.csv"
platform_comparison,x86,DES,CBC,64,16384,ci95_enc,1,0.016156180525710162,0.016156180525710162,0.0,0.0,"laptop-windows-x86_experience1.csv, laptop-windows-x86_experience2.csv, laptop-windows-x86_experience3.csv"
platform_comparison,x86,DES,CBC,64,16384,key_avalanche,2,0.4305859375,0.4305859375,0.0,0.0,"laptop-windows-x86_experience1.csv, laptop-windows-x86_experience2.csv, laptop-windows-x86_experience3.csv"
platform_comparison,x86,DES,CBC,64,16384,throughput_dec,3,7.0336612069280795,7.0336612069280795,0.0,0.0,"laptop-windows-x86_experience1.csv, laptop-windows-x86_experience2.csv, laptop-windows-x86_experience3.csv"
platform_comparison,x86,DES,CBC,64,16384,throughput_enc,3,0.301353425471717,0.301353425471717,0.0,0.0,"laptop-windows-x86_experience1.csv, laptop-windows-x86_experience2.csv, laptop-windows-x86_experience3.csv"
platform_comparison,x86,DES,CTR,64,64,avalanche,3,0.500859375,0.500859375,0.0,0.0,"laptop-windows-x86_experience1.csv, laptop-windows-x86_experience2.csv, laptop-windows-x86_experience3.csv"
platform_comparison,x86,DES,CTR,64,64,ci95_enc,1,0.09372413327003211,0.09372413327003211,0.0,0.0,"laptop-windows-x86_experience1.csv, laptop-windows-x86_experience2.csv, laptop-windows-x86_experience3.csv"
platform_comparison,x86,DES,CTR,64,64,key_avalanche,2,0.450546875,0.450546875,0.0,0.0,"laptop-windows-x86_experience1.csv, laptop-windows-x86_experience2.csv, laptop-windows-x86_experience3.csv"
platform_comparison,x86,DES,CTR,64,64,throughput_dec,3,1.5856626443358188,1.5856626443358188,0.0,0.0,"laptop-windows-x86_experience1.csv, laptop-windows-x86_experience2.csv, laptop-windows-x86_experience3.csv"
platform_comparison,x86,DES,CTR,64,64,throughput_enc,3,1.4868771530399378,1.4868771530399378,0.0,0.0,"laptop-windows-x86_experience1.csv, laptop-windows-x86_experience2.csv, laptop-windows-x86_experience3.csv"
platform_comparison,x86,DES,CTR,64,256,avalanche,3,0.4968489583333333,0.4968489583333333,0.0,0.0,"laptop-windows-x86_experience1.csv, laptop-windows-x86_experience2.csv, laptop-windows-x86_experience3.csv"
platform_comparison,x86,DES,CTR,64,256,ci95_enc,1,0.16731856592044328,0.16731856592044328,0.0,0.0,"laptop-windows-x86_experience1.csv, laptop-windows-x86_experience2.csv, laptop-windows-x86_experience3.csv"
platform_comparison,x86,DES,CTR,64,256,key_avalanche,2,0.4380078125,0.4380078125,0.0,0.0,"laptop-windows-x86_experience1.csv, laptop-windows-x86_experience2.csv, laptop-windows-x86_experience3.csv"
platform_comparison,x86,DES,CTR,64,256,throughput_dec,3,3.0165162032511805,3.0165162032511805,0.0,0.0,"laptop-windows-x86_experience1.csv, laptop-windows-x86_experience2.csv, laptop-windows-x86_experience3.csv"
platform_comparison,x86,DES,CTR,64,256,throughput_enc,3,2.843576435985018,2.843576435985018,0.0,0.0,"laptop-windows-x86_experience1.csv, laptop-windows-x86_experience2.csv, laptop-windows-x86_experience3.csv"
platform_comparison,x86,DES,CTR,64,1024,avalanche,3,0.503828125,0.503828125,0.0,0.0,"laptop-windows-x86_experience1.csv, laptop-windows-x86_experience2.csv, laptop-windows-x86_experience3.csv"
platform_comparison,x86,DES,CTR,64,1024,ci95_enc,1,0.3684915744046149,0.3684915744046149,0.0,0.0,"laptop-windows-x86_experience1.csv, laptop-windows-x86_experience2.csv, laptop-windows-x86_experience3.csv"
platform_comparison,x86,DES,CTR,64,1024,key_avalanche,2,0.44253906249999997,0.44253906249999997,0.0,0.0,"laptop-windows-x86_experience1.csv, laptop-windows-x86_experience2.csv, laptop-windows-x86_experience3.csv"
platform_comparison,x86,DES,CTR,64,1024,throughput_dec,3,4.194496690595242,4.194496690595242,0.0,0.0,"laptop-windows-x86_experience1.csv, laptop-windows-x86_experience2.csv, laptop-windows-x86_experience3.csv"
platform_comparison,x86,DES,CTR,64,1024,throughput_enc,3,3.962440022034597,3.962440022034597,0.0,0.0,"laptop-windows-x86_experience1.csv, laptop-windows-x86_experience2.csv, laptop-windows-x86_experience3.csv"
platform_comparison,x86,DES,CTR,64,4096,avalanche,3,0.5036197916666666,0.5036197916666666,0.0,0.0,"laptop-windows-x86_experience1.csv, laptop-windows-x86_experience2.csv, laptop-windows-x86_experience3.csv"
platform_comparison,x86,DES,CTR,64,4096,ci95_enc,1,0.21523942827466577,0.21523942827466577,0.0,0.0,"laptop-windows-x86_experience1.csv, laptop-windows-x86_experience2.csv, laptop-windows-x86_experience3.csv"
platform_comparison,x86,DES,CTR,64,4096,key_avalanche,2,0.42683593750000004,0.42683593750000004,0.0,0.0,"laptop-windows-x86_experience1.csv, laptop-windows-x86_experience2.csv, laptop-windows-x86_experience3.csv"
platform_comparison,x86,DES,CTR,64,4096,throughput_dec,3,3.750691685141527,3.750691685141527,0.0,0.0,"laptop-windows-x86_experience1.csv, laptop-windows-x86_experience2.csv, laptop-windows-x86_experience3.csv"
platform_comparison,x86,DES,CTR,64,4096,throughput_enc,3,4.49140191256026,4.49140191256026,0.0,0.0,"laptop-windows-x86_experience1.csv, laptop-windows-x86_experience2.csv, laptop-windows-x86_experience3.csv"
platform_comparison,x86,DES,CTR,64,16384,avalanche,3,0.49802083333333336,0.49802083333333336,0.0,0.0,"laptop-windows-x86_experience1.csv, laptop-windows-x86_experience2.csv, laptop-windows-x86_experience3.csv"
platform_comparison,x86,DES,CTR,64,16384,ci95_enc,1,0.14057012483328504,0.14057012483328504,0.0,0.0,"laptop-windows-x86_experience1.csv, laptop-windows-x86_experience2.csv, laptop-windows-x86_experience3.csv"
platform_comparison,x86,DES,CTR,64,16384,key_avalanche,2,0.4223828125,0.4223828125,0.0,0.0,"laptop-windows-x86_experience1.csv, laptop-windows-x86_experience2.csv, laptop-windows-x86_experience3.csv"
platform_comparison,x86,DES,CTR,64,16384,throughput_dec,3,4.972296315630042,4.972296315630042,0.0,0.0,"laptop-windows-x86_experience1.csv, laptop-windows-x86_experience2.csv, laptop-windows-x86_experience3.csv"
platform_comparison,x86,DES,CTR,64,16384,throughput_enc,3,4.82963199678738,4.82963199678738,0.0,0.0,"laptop-windows-x86_experience1.csv, laptop-windows-x86_experience2.csv, laptop-windows-x86_experience3.csv"
platform_comparison,x86,DES,ECB,64,64,avalanche,3,0.4961458333333333,0.4961458333333333,0.0,0.0,"laptop-windows-x86_experience1.csv, laptop-windows-x86_experience2.csv, laptop-windows-x86_experience3.csv"
platform_comparison,x86,DES,ECB,64,64,ci95_enc,1,0.3773538703800052,0.3773538703800052,0.0,0.0,"laptop-windows-x86_experience1.csv, laptop-windows-x86_experience2.csv, laptop-windows-x86_experience3.csv"
platform_comparison,x86,DES,ECB,64,64,key_avalanche,2,0.4381640625,0.4381640625,0.0,0.0,"laptop-windows-x86_experience1.csv, laptop-windows-x86_experience2.csv, laptop-windows-x86_experience3.csv"
platform_comparison,x86,DES,ECB,64,64,throughput_dec,3,2.3959439639412206,2.3959439639412206,0.0,0.0,"laptop-windows-x86_experience1.csv, laptop-windows-x86_experience2.csv, laptop-windows-x86_experience3.csv"
platform_comparison,x86,DES,ECB,64,64,throughput_enc,3,2.4032229615911795,2.4032229615911795,0.0,0.0,"laptop-windows-x86_experience1.csv, laptop-windows-x86_experience2.csv, laptop-windows-x86_experience3.csv"
platform_comparison,x86,DES,ECB,64,256,avalanche,3,0.49890624999999994,0.49890624999999994,0.0,0.0,"laptop-windows-x86_experience1.csv, laptop-windows-x86_experience2.csv, laptop-windows-x86_experience3.csv"
platform_comparison,x86,DES,ECB,64,256,ci95_enc,1,0.726274855519527,0.726274855519527,0.0,0.0,"laptop-windows-x86_experience1.csv, laptop-windows-x86_experience2.csv, laptop-windows-x86_experience3.csv"
platform_comparison,x86,DES,ECB,64,256,key_avalanche,2,0.4298046875,0.4298046875,0.0,0.0,"laptop-windows-x86_experience1.csv, laptop-windows-x86_experience2.csv, laptop-windows-x86_experience3.csv"
platform_comparison,x86,DES,ECB,64,256,throughput_dec,3,8.413686774046086,8.413686774046086,0.0,0.0,"laptop-windows-x86_experience1.csv, laptop-windows-x86_experience2.csv, laptop-windows-x86_experience3.csv"
platform_comparison,x86,DES,ECB,64,256,throughput_enc,3,8.583227313748246,8.583227313748246,0.0,0.0,"laptop-windows-x86_experience1.csv, laptop-windows-x86_experience2.csv, laptop-windows-x86_experience3.csv"
platform_comparison,x86,DES,ECB,64,1024,avalanche,3,0.5009895833333333,0.5009895833333333,0.0,0.0,"laptop-windows-x86_experience1.csv, laptop-windows-x86_experience2.csv, laptop-windows-x86_experience3.csv"
platform_comparison,x86,DES,ECB,64,1024,ci95_enc,1,1.5666112078438617,1.5666112078438617,0.0,0.0,"laptop-windows-x86_experience1.csv, laptop-windows-x86_experience2.csv, laptop-windows-x86_experience3.csv"
platform_comparison,x86,DES,ECB,64,1024,key_avalanche,2,0.43265624999999996,0.43265624999999996,0.0,0.0,"laptop-windows-x86_experience1.csv, laptop-windows-x86_experience2.csv, laptop-windows-x86_experience3.csv"
platform_comparison,x86,DES,ECB,64,1024,throughput_dec,3,21.326710009431995,21.326710009431995,0.0,0.0,"laptop-windows-x86_experience1.csv, laptop-windows-x86_experience2.csv, laptop-windows-x86_experience3.csv"
platform_comparison,x86,DES,ECB,64,1024,throughput_enc,3,19.839566859679707,19.839566859679707,0.0,0.0,"laptop-windows-x86_experience1.csv, laptop-windows-x86_experience2.csv, laptop-windows-x86_experience3.csv"
platform_comparison,x86,DES,ECB,64,4096,avalanche,3,0.49765624999999997,0.49765624999999997,0.0,0.0,"laptop-windows-x86_experience1.csv, laptop-windows-x86_experience2.csv, laptop-windows-x86_experience3.csv"
platform_comparison,x86,DES,ECB,64,4096,ci95_enc,1,0.9890087842816622,0.9890087842816622,0.0,0.0,"laptop-windows-x86_experience1.csv, laptop-windows-x86_experience2.csv, laptop-windows-x86_experience3.csv"
platform_comparison,x86,DES,ECB,64,4096,key_avalanche,2,0.4478125,0.4478125,0.0,0.0,"laptop-windows-x86_experience1.csv, laptop-windows-x86_experience2.csv, laptop-windows-x86_experience3.csv"
platform_comparison,x86,DES,ECB,64,4096,throughput_dec,3,35.52733013017786,35.52733013017786,0.0,0.0,"laptop-windows-x86_experience1.csv, laptop-windows-x86_experience2.csv, laptop-windows-x86_experience3.csv"
platform_comparison,x86,DES,ECB,64,4096,throughput_enc,3,33.721951035987196,33.721951035987196,0.0,0.0,"laptop-windows-x86_experience1.csv, laptop-windows-x86_experience2.csv, laptop-windows-x86_experience3.csv"
platform_comparison,x86,DES,ECB,64,16384,avalanche,3,0.5017447916666666,0.5017447916666666,0.0,0.0,"laptop-windows-x86_experience1.csv, laptop-windows-x86_experience2.csv, laptop-windows-x86_experience3.csv"
platform_comparison,x86,DES,ECB,64,16384,ci95_enc,1,1.353851317622792,1.353851317622792,0.0,0.0,"laptop-windows-x86_experience1.csv, laptop-windows-x86_experience2.csv, laptop-windows-x86_experience3.csv"
platform_comparison,x86,DES,ECB,64,16384,key_avalanche,2,0.45394531250000003,0.45394531250000003,0.0,0.0,"laptop-windows-x86_experience1.csv, laptop-windows-x86_experience2.csv, laptop-windows-x86_experience3.csv"
platform_comparison,x86,DES,ECB,64,16384,throughput_dec,3,42.652773095687074,42.652773095687074,0.0,0.0,"laptop-windows-x86_experience1.csv, laptop-windows-x86_experience2.csv, laptop-windows-x86_experience3.csv"
platform_comparison,x86,DES,ECB,64,16384,throughput_enc,3,41.11884134136621,41.11884134136621,0.0,0.0,"laptop-windows-x86_experience1.csv, laptop-windows-x86_experience2.csv, laptop-windows-x86_experience3.csv"
platform_comparison,x86,Twofish,CBC,128,64,avalanche,3,0.502109375,0.502109375,0.0,0.0,"laptop-windows-x86_experience1.csv, laptop-windows-x86_experience2.csv, laptop-windows-x86_experience3.csv"
platform_comparison,x86,Twofish,CBC,128,64,ci95_enc,1,0.05407036788673125,0.05407036788673125,0.0,0.0,"laptop-windows-x86_experience1.csv, laptop-windows-x86_experience2.csv, laptop-windows-x86_experience3.csv"
platform_comparison,x86,Twofish,CBC,128,64,key_avalanche,2,0.5035546875,0.5035546875,0.0,0.0,"laptop-windows-x86_experience1.csv, laptop-windows-x86_experience2.csv, laptop-windows-x86_experience3.csv"
platform_comparison,x86,Twofish,CBC,128,64,throughput_dec,3,1.446302137757167,1.446302137757167,0.0,0.0,"laptop-windows-x86_experience1.csv, laptop-windows-x86_experience2.csv, laptop-windows-x86_experience3.csv"
platform_comparison,x86,Twofish,CBC,128,64,throughput_enc,3,1.188592514757588,1.188592514757588,0.0,0.0,"laptop-windows-x86_experience1.csv, laptop-windows-x86_experience2.csv, laptop-windows-x86_experience3.csv"
platform_comparison,x86,Twofish,CBC,128,256,avalanche,3,0.4994401041666667,0.4994401041666667,0.0,0.0,"laptop-windows-x86_experience1.csv, laptop-windows-x86_experience2.csv, laptop-windows-x86_experience3.csv"
platform_comparison,x86,Twofish,CBC,128,256,ci95_enc,1,0.06397993180399866,0.06397993180399866,0.0,0.0,"laptop-windows-x86_experience1.csv, laptop-windows-x86_experience2.csv, laptop-windows-x86_experience3.csv"
platform_comparison,x86,Twofish,CBC,128,256,key_avalanche,2,0.49900390625,0.49900390625,0.0,0.0,"laptop-windows-x86_experience1.csv, laptop-windows-x86_experience2.csv, laptop-windows-x86_experience3.csv"
platform_comparison,x86,Twofish,CBC,128,256,throughput_dec,3,1.9590267151760898,1.9590267151760898,0.0,0.0,"laptop-windows-x86_experience1.csv, laptop-windows-x86_experience2.csv, laptop-windows-x86_experience3.csv"
platform_comparison,x86,Twofish,CBC,128,256,throughput_enc,3,1.5030016069570913,1.5030016069570913,0.0,0.0,"laptop-windows-x86_experience1.csv, laptop-windows-x86_experience2.csv, laptop-windows-x86_experience3.csv"
platform_comparison,x86,Twofish,CBC,128,1024,avalanche,3,0.4981380208333333,0.4981380208333333,0.0,0.0,"laptop-windows-x86_experience1.csv, laptop-windows-x86_experience2.csv, laptop-windows-x86_experience3.csv"
platform_comparison,x86,Twofish,CBC,128,1024,ci95_enc,1,0.07820913159176462,0.07820913159176462,0.0,0.0,"laptop-windows-x86_experience1.csv, laptop-windows-x86_experience2.csv, laptop-windows-x86_experience3.csv"
platform_comparison,x86,Twofish,CBC,128,1024,key_avalanche,2,0.5005859375,0.5005859375,0.0,0.0,"laptop-windows-x86_experience1.csv, laptop-windows-x86_experience2.csv, laptop-windows-x86_experience3.csv"
platform_comparison,x86,Twofish,CBC,128,1024,throughput_dec,3,2.1429055238470576,2.1429055238470576,0.0,0.0,"laptop-windows-x86_experience1.csv, laptop-windows-x86_experience2.csv, laptop-windows-x86_experience3.csv"
platform_comparison,x86,Twofish,CBC,128,1024,throughput_enc,3,1.5082815121743707,1.5082815121743707,0.0,0.0,"laptop-windows-x86_experience1.csv, laptop-windows-x86_experience2.csv, laptop-windows-x86_experience3.csv"
platform_comparison,x86,Twofish,CBC,128,4096,avalanche,3,0.501796875,0.501796875,0.0,0.0,"laptop-windows-x86_experience1.csv, laptop-windows-x86_experience2.csv, laptop-windows-x86_experience3.csv"
platform_comparison,x86,Twofish,CBC,128,4096,ci95_enc,1,0.03779080755054938,0.03779080755054938,0.0,0.0,"laptop-windows-x86_experience1.csv, laptop-windows-x86_experience2.csv, laptop-windows-x86_experience3.csv"
platform_comparison,x86,Twofish,CBC,128,4096,key_avalanche,2,0.49957031250000006,0.49957031250000006,0.0,0.0,"laptop-windows-x86_experience1.csv, laptop-windows-x86_experience2.csv, laptop-windows-x86_experience3.csv"
platform_comparison,x86,Twofish,CBC,128,4096,throughput_dec,3,2.0997543099069857,2.0997543099069857,0.0,0.0,"laptop-windows-x86_experience1.csv, laptop-windows-x86_experience2.csv, laptop-windows-x86_experience3.csv"
platform_comparison,x86,Twofish,CBC,128,4096,throughput_enc,3,1.6565630621696152,1.6565630621696152,0.0,0.0,"laptop-windows-x86_experience1.csv, laptop-windows-x86_experience2.csv, laptop-windows-x86_experience3.csv"
platform_comparison,x86,Twofish,CBC,128,16384,avalanche,3,0.49822916666666667,0.49822916666666667,0.0,0.0,"laptop-windows-x86_experience1.csv, laptop-windows-x86_experience2.csv, laptop-windows-x86_experience3.csv"
platform_comparison,x86,Twofish,CBC,128,16384,ci95_enc,1,0.2850357542456906,0.2850357542456906,0.0,0.0,"laptop-windows-x86_experience1.csv, laptop-windows-x86_experience2.csv, laptop-windows-x86_experience3.csv"
platform_comparison,x86,Twofish,CBC,128,16384,key_avalanche,2,0.49736328124999996,0.49736328124999996,0.0,0.0,"laptop-windows-x86_experience1.csv, laptop-windows-x86_experience2.csv, laptop-windows-x86_experience3.csv"
platform_comparison,x86,Twofish,CBC,128,16384,throughput_dec,3,2.107753057905472,2.107753057905472,0.0,0.0,"laptop-windows-x86_experience1.csv, laptop-windows-x86_experience2.csv, laptop-windows-x86_experience3.csv"
platform_comparison,x86,Twofish,CBC,128,16384,throughput_enc,3,1.5752308366411798,1.5752308366411798,0.0,0.0,"laptop-windows-x86_experience1.csv, laptop-windows-x86_experience2.csv, laptop-windows-x86_experience3.csv"
platform_comparison,x86,Twofish,CBC,192,64,avalanche,3,0.5007291666666667,0.5007291666666667,0.0,0.0,"laptop-windows-x86_experience1.csv, laptop-windows-x86_experience2.csv, laptop-windows-x86_experience3.csv"
platform_comparison,x86,Twofish,CBC,192,64,ci95_enc,1,0.03751504551038113,0.03751504551038113,0.0,0.0,"laptop-windows-x86_experience1.csv, laptop-windows-x86_experience2.csv, laptop-windows-x86_experience3.csv"
platform_comparison,x86,Twofish,CBC,192,64,key_avalanche,2,0.499296875,0.499296875,0.0,0.0,"laptop-windows-x86_experience1.csv, laptop-windows-x86_experience2.csv, laptop-windows-x86_experience3.csv"
platform_comparison,x86,Twofish,CBC,192,64,throughput_dec,3,1.304305610921902,1.304305610921902,0.0,0.0,"laptop-windows-x86_experience1.csv, laptop-windows-x86_experience2.csv, laptop-windows-x86_experience3.csv"
platform_comparison,x86,Twofish,CBC,192,64,throughput_enc,3,1.1144303821982924,1.1144303821982924,0.0,0.0,"laptop-windows-x86_experience1.csv, laptop-windows-x86_experience2.csv, laptop-windows-x86_experience3.csv"
platform_comparison,x86,Twofish,CBC,192,256,avalanche,3,0.49776041666666665,0.49776041666666665,0.0,0.0,"laptop-windows-x86_experience1.csv, laptop-windows-x86_experience2.csv, laptop-windows-x86_experience3.csv"
platform_comparison,x86,Twofish,CBC,192,256,ci95_enc,1,0.07138245113305722,0.07138245113305722,0.0,0.0,"laptop-windows-x86_experience1.csv, laptop-windows-x86_experience2.csv, laptop-windows-x86_experience3.csv"
platform_comparison,x86,Twofish,CBC,192,256,key_avalanche,2,0.49923828125,0.49923828125,0.0,0.0,"laptop-windows-x86_experience1.csv, laptop-windows-x86_experience2.csv, laptop-windows-x86_experience3.csv"
platform_comparison,x86,Twofish,CBC,192,256,throughput_dec,3,1.802778363124937,1.802778363124937,0.0,0.0,"laptop-windows-x86_experience1.csv, laptop-windows-x86_experience2.csv, laptop-windows-x86_experience3.csv"
platform_comparison,x86,Twofish,CBC,192,256,throughput_enc,3,1.3647007231302741,1.3647007231302741,0.0,0.0,"laptop-windows-x86_experience1.csv, laptop-windows-x86_experience2.csv, laptop-windows-x86_experience3.csv"
platform_comparison,x86,Twofish,CBC,192,1024,avalanche,3,0.4995442708333333,0.4995442708333333,0.0,0.0,"laptop-windows-x86_experience1.csv, laptop-windows-x86_experience2.csv, laptop-windows-x86_experience3.csv"
platform_comparison,x86,Twofish,CBC,192,1024,ci95_enc,1,0.06524012637830393,0.06524012637830393,0.0,0.0,"laptop-windows-x86_experience1.csv, laptop-windows-x86_experience2.csv, laptop-windows-x86_experience3.csv"
platform_comparison,x86,Twofish,CBC,192,1024,key_avalanche,2,0.49896484375,0.49896484375,0.0,0.0,"laptop-windows-x86_experience1.csv, laptop-windows-x86_experience2.csv, laptop-windows-x86_experience3.csv"
platform_comparison,x86,Twofish,CBC,192,1024,throughput_dec,3,1.868277823440318,1.868277823440318,0.0,0.0,"laptop-windows-x86_experience1.csv, laptop-windows-x86_experience2.csv, laptop-windows-x86_experience3.csv"
platform_comparison,x86,Twofish,CBC,192,1024,throughput_enc,3,1.5032008578059581,1.5032008578059581,0.0,0.0,"laptop-windows-x86_experience1.csv, laptop-windows-x86_experience2.csv, laptop-windows-x86_experience3.csv"
platform_comparison,x86,Twofish,CBC,192,4096,avalanche,3,0.5022395833333334,0.5022395833333334,0.0,0.0,"laptop-windows-x86_experience1.csv, laptop-windows-x86_experience2.csv, laptop-windows-x86_experience3.csv"
platform_comparison,x86,Twofish,CBC,192,4096,ci95_enc,1,0.04458344779309577,0.04458344779309577,0.0,0.0,"laptop-windows-x86_experience1.csv, laptop-windows-x86_experience2.csv, laptop-windows-x86_experience3.csv"
platform_comparison,x86,Twofish,CBC,192,4096,key_avalanche,2,0.50099609375,0.50099609375,0.0,0.0,"laptop-windows-x86_experience1.csv, laptop-windows-x86_experience2.csv, laptop-windows-x86_experience3.csv"
platform_comparison,x86,Twofish,CBC,192,4096,throughput_dec,3,2.020253998848672,2.020253998848672,0.0,0.0,"laptop-windows-x86_experience1.csv, laptop-windows-x86_experience2.csv, laptop-windows-x86_experience3.csv"
platform_comparison,x86,Twofish,CBC,192,4096,throughput_enc,3,1.559039904494292,1.559039904494292,0.0,0.0,"laptop-windows-x86_experience1.csv, laptop-windows-x86_experience2.csv, laptop-windows-x86_experience3.csv"
platform_comparison,x86,Twofish,CBC,192,16384,avalanche,3,0.5014192708333334,0.5014192708333334,0.0,0.0,"laptop-windows-x86_experience1.csv, laptop-windows-x86_experience2.csv, laptop-windows-x86_experience3.csv"
platform_comparison,x86,Twofish,CBC,192,16384,ci95_enc,1,0.026127597822593173,0.026127597822593173,0.0,0.0,"laptop-windows-x86_experience1.csv, laptop-windows-x86_experience2.csv, laptop-windows-x86_experience3.csv"
platform_comparison,x86,Twofish,CBC,192,16384,key_avalanche,2,0.5021875,0.5021875,0.0,0.0,"laptop-windows-x86_experience1.csv, laptop-windows-x86_experience2.csv, laptop-windows-x86_experience3.csv"
platform_comparison,x86,Twofish,CBC,192,16384,throughput_dec,3,2.1766326766217134,2.1766326766217134,0.0,0.0,"laptop-windows-x86_experience1.csv, laptop-windows-x86_experience2.csv, laptop-windows-x86_experience3.csv"
platform_comparison,x86,Twofish,CBC,192,16384,throughput_enc,3,1.6949135879787611,1.6949135879787611,0.0,0.0,"laptop-windows-x86_experience1.csv, laptop-windows-x86_experience2.csv, laptop-windows-x86_experience3.csv"
platform_comparison,x86,Twofish,CBC,256,64,avalanche,3,0.5001822916666666,0.5001822916666666,0.0,0.0,"laptop-windows-x86_experience1.csv, laptop-windows-x86_experience2.csv, laptop-windows-x86_experience3.csv"
platform_comparison,x86,Twofish,CBC,256,64,ci95_enc,1,0.08788215442706238,0.08788215442706238,0.0,0.0,"laptop-windows-x86_experience1.csv, laptop-windows-x86_experience2.csv, laptop-windows-x86_experience3.csv"
platform_comparison,x86,Twofish,CBC,256,64,key_avalanche,2,0.5009765625,0.5009765625,0.0,0.0,"laptop-windows-x86_experience1.csv, laptop-windows-x86_experience2.csv, laptop-windows-x86_experience3.csv"
platform_comparison,x86,Twofish,CBC,256,64,throughput_dec,3,1.2607262941989539,1.2607262941989539,0.0,0.0,"laptop-windows-x86_experience1.csv, laptop-windows-x86_experience2.csv, laptop-windows-x86_experience3.csv"
platform_comparison,x86,Twofish,CBC,256,64,throughput_enc,3,1.135270254170081,1.135270254170081,0.0,0.0,"laptop-windows-x86_experience1.csv, laptop-windows-x86_experience2.csv, laptop-windows-x86_experience3.csv"
platform_comparison,x86,Twofish,CBC,256,256,avalanche,3,0.49993489583333334,0.49993489583333334,0.0,0.0,"laptop-windows-x86_experience1.csv, laptop-windows-x86_experience2.csv, laptop-windows-x86_experience3.csv"
platform_comparison,x86,Twofish,CBC,256,256,ci95_enc,1,0.07521635364494562,0.07521635364494562,0.0,0.0,"laptop-windows-x86_experience1.csv, laptop-windows-x86_experience2.csv, laptop-windows-x86_experience3.csv"
platform_comparison,x86,Twofish,CBC,256,256,key_avalanche,2,0.499140625,0.499140625,0.0,0.0,"laptop-windows-x86_experience1.csv, laptop-windows-x86_experience2.csv, laptop-windows-x86_experience3.csv"
platform_comparison,x86,Twofish,CBC,256,256,throughput_dec,3,1.8416631059213817,1.8416631059213817,0.0,0.0,"laptop-windows-x86_experience1.csv, laptop-windows-x86_experience2.csv, laptop-windows-x86_experience3.csv"
platform_comparison,x86,Twofish,CBC,256,256,throughput_enc,3,1.4757235466176004,1.4757235466176004,0.0,0.0,"laptop-windows-x86_experience1.csv, laptop-windows-x86_experience2.csv, laptop-windows-x86_experience3.csv"
platform_comparison,x86,Twofish,CBC,256,1024,avalanche,3,0.4996354166666667,0.4996354166666667,0.0,0.0,"laptop-windows-x86_experience1.csv, laptop-windows-x86_experience2.csv, laptop-windows-x86_experience3.csv"
platform_comparison,x86,Twofish,CBC,256,1024,ci95_enc,1,0.07123481045750776,0.07123481045750776,0.0,0.0,"laptop-windows-x86_experience1.csv, laptop-windows-x86_experience2.csv, laptop-windows-x86_experience3.csv"
platform_comparison,x86,Twofish,CBC,256,1024,key_avalanche,2,0.499375,0.499375,0.0,0.0,"laptop-windows-x86_experience1.csv, laptop-windows-x86_experience2.csv, laptop-windows-x86_experience3.csv"
platform_comparison,x86,Twofish,CBC,256,1024,throughput_dec,3,1.9744899931897173,1.9744899931897173,0.0,0.0,"laptop-windows-x86_experience1.csv, laptop-windows-x86_experience2.csv, laptop-windows-x86_experience3.csv"
platform_comparison,x86,Twofish,CBC,256,1024,throughput_enc,3,1.5090903339002226,1.5090903339002226,0.0,0.0,"laptop-windows-x86_experience1.csv, laptop-windows-x86_experience2.csv, laptop-windows-x86_experience3.csv"
platform_comparison,x86,Twofish,CBC,256,4096,avalanche,3,0.49834635416666667,0.49834635416666667,0.0,0.0,"laptop-windows-x86_experience1.csv, laptop-windows-x86_experience2.csv, laptop-windows-x86_experience3.csv"
platform_comparison,x86,Twofish,CBC,256,4096,ci95_enc,1,0.0431064021278939,0.0431064021278939,0.0,0.0,"laptop-windows-x86_experience1.csv, laptop-windows-x86_experience2.csv, laptop-windows-x86_experience3.csv"
platform_comparison,x86,Twofish,CBC,256,4096,key_avalanche,2,0.49933593750000005,0.49933593750000005,0.0,0.0,"laptop-windows-x86_experience1.csv, laptop-windows-x86_experience2.csv, laptop-windows-x86_experience3.csv"
platform_comparison,x86,Twofish,CBC,256,4096,throughput_dec,3,2.0823048742271717,2.0823048742271717,0.0,0.0,"laptop-windows-x86_experience1.csv, laptop-windows-x86_experience2.csv, laptop-windows-x86_experience3.csv"
platform_comparison,x86,Twofish,CBC,256,4096,throughput_enc,3,1.6518256486076683,1.6518256486076683,0.0,0.0,"laptop-windows-x86_experience1.csv, laptop-windows-x86_experience2.csv, laptop-windows-x86_experience3.csv"
platform_comparison,x86,Twofish,CBC,256,16384,avalanche,3,0.495546875,0.495546875,0.0,0.0,"laptop-windows-x86_experience1.csv, laptop-windows-x86_experience2.csv, laptop-windows-x86_experience3.csv"
platform_comparison,x86,Twofish,CBC,256,16384,ci95_enc,1,0.07297234985802081,0.07297234985802081,0.0,0.0,"laptop-windows-x86_experience1.csv, laptop-windows-x86_experience2.csv, laptop-windows-x86_experience3.csv"
platform_comparison,x86,Twofish,CBC,256,16384,key_avalanche,2,0.49960937499999997,0.49960937499999997,0.0,0.0,"laptop-windows-x86_experience1.csv, laptop-windows-x86_experience2.csv, laptop-windows-x86_experience3.csv"
platform_comparison,x86,Twofish,CBC,256,16384,throughput_dec,3,2.0448768143211717,2.0448768143211717,0.0,0.0,"laptop-windows-x86_experience1.csv, laptop-windows-x86_experience2.csv, laptop-windows-x86_experience3.csv"
platform_comparison,x86,Twofish,CBC,256,16384,throughput_enc,3,1.6538970145375644,1.6538970145375644,0.0,0.0,"laptop-windows-x86_experience1.csv, laptop-windows-x86_experience2.csv, laptop-windows-x86_experience3.csv"
platform_comparison,x86,Twofish,CTR,128,64,avalanche,3,0.5015364583333334,0.5015364583333334,0.0,0.0,"laptop-windows-x86_experience1.csv, laptop-windows-x86_experience2.csv, laptop-windows-x86_experience3.csv"
platform_comparison,x86,Twofish,CTR,128,64,ci95_enc,1,0.0958170753327923,0.0958170753327923,0.0,0.0,"laptop-windows-x86_experience1.csv, laptop-windows-x86_experience2.csv, laptop-windows-x86_experience3.csv"
platform_comparison,x86,Twofish,CTR,128,64,key_avalanche,2,0.500234375,0.500234375,0.0,0.0,"laptop-windows-x86_experience1.csv, laptop-windows-x86_experience2.csv, laptop-windows-x86_experience3.csv"
platform_comparison,x86,Twofish,CTR,128,64,throughput_dec,3,1.5171963454611426,1.5171963454611426,0.0,0.0,"laptop-windows-x86_experience1.csv, laptop-windows-x86_experience2.csv, laptop-windows-x86_experience3.csv"
platform_comparison,x86,Twofish,CTR,128,64,throughput_enc,3,1.4824754406732545,1.4824754406732545,0.0,0.0,"laptop-windows-x86_experience1.csv, laptop-windows-x86_experience2.csv, laptop-windows-x86_experience3.csv"
platform_comparison,x86,Twofish,CTR,128,256,avalanche,3,0.5012890625,0.5012890625,0.0,0.0,"laptop-windows-x86_experience1.csv, laptop-windows-x86_experience2.csv, laptop-windows-x86_experience3.csv"
platform_comparison,x86,Twofish,CTR,128,256,ci95_enc,1,0.10162419767653544,0.10162419767653544,0.0,0.0,"laptop-windows-x86_experience1.csv, laptop-windows-x86_experience2.csv, laptop-windows-x86_experience3.csv"
platform_comparison,x86,Twofish,CTR,128,256,key_avalanche,2,0.5001171875,0.5001171875,0.0,0.0,"laptop-windows-x86_experience1.csv, laptop-windows-x86_experience2.csv, laptop-windows-x86_experience3.csv"
platform_comparison,x86,Twofish,CTR,128,256,throughput_dec,3,1.8592506460175915,1.8592506460175915,0.0,0.0,"laptop-windows-x86_experience1.csv, laptop-windows-x86_experience2.csv, laptop-windows-x86_experience3.csv"
platform_comparison,x86,Twofish,CTR,128,256,throughput_enc,3,1.8400011844913742,1.8400011844913742,0.0,0.0,"laptop-windows-x86_experience1.csv, laptop-windows-x86_experience2.csv, laptop-windows-x86_experience3.csv"
platform_comparison,x86,Twofish,CTR,128,1024,avalanche,3,0.5000520833333334,0.5000520833333334,0.0,0.0,"laptop-windows-x86_experience1.csv, laptop-windows-x86_experience2.csv, laptop-windows-x86_experience3.csv"
platform_comparison,x86,Twofish,CTR,128,1024,ci95_enc,1,0.11978056182901135,0.11978056182901135,0.0,0.0,"laptop-windows-x86_experience1.csv, laptop-windows-x86_experience2.csv, laptop-windows-x86_experience3.csv"
platform_comparison,x86,Twofish,CTR,128,1024,key_avalanche,2,0.49943359374999996,0.49943359374999996,0.0,0.0,"laptop-windows-x86_experience1.csv, laptop-windows-x86_experience2.csv, laptop-windows-x86_experience3.csv"
platform_comparison,x86,Twofish,CTR,128,1024,throughput_dec,3,1.9750374304348453,1.9750374304348453,0.0,0.0,"laptop-windows-x86_experience1.csv, laptop-windows-x86_experience2.csv, laptop-windows-x86_experience3.csv"
platform_comparison,x86,Twofish,CTR,128,1024,throughput_enc,3,1.8791846893232054,1.8791846893232054,0.0,0.0,"laptop-windows-x86_experience1.csv, laptop-windows-x86_experience2.csv, laptop-windows-x86_experience3.csv"
platform_comparison,x86,Twofish,CTR,128,4096,avalanche,3,0.49975260416666667,0.49975260416666667,0.0,0.0,"laptop-windows-x86_experience1.csv, laptop-windows-x86_experience2.csv, laptop-windows-x86_experience3.csv"
platform_comparison,x86,Twofish,CTR,128,4096,ci95_enc,1,0.03965401329836411,0.03965401329836411,0.0,0.0,"laptop-windows-x86_experience1.csv, laptop-windows-x86_experience2.csv, laptop-windows-x86_experience3.csv"
platform_comparison,x86,Twofish,CTR,128,4096,key_avalanche,2,0.4968359375,0.4968359375,0.0,0.0,"laptop-windows-x86_experience1.csv, laptop-windows-x86_experience2.csv, laptop-windows-x86_experience3.csv"
platform_comparison,x86,Twofish,CTR,128,4096,throughput_dec,3,1.992450223276667,1.992450223276667,0.0,0.0,"laptop-windows-x86_experience1.csv, laptop-windows-x86_experience2.csv, laptop-windows-x86_experience3.csv"
platform_comparison,x86,Twofish,CTR,128,4096,throughput_enc,3,2.0161256542160566,2.0161256542160566,0.0,0.0,"laptop-windows-x86_experience1.csv, laptop-windows-x86_experience2.csv, laptop-windows-x86_experience3.csv"
platform_comparison,x86,Twofish,CTR,128,16384,avalanche,3,0.5002864583333333,0.5002864583333333,0.0,0.0,"laptop-windows-x86_experience1.csv, laptop-windows-x86_experience2.csv, laptop-windows-x86_experience3.csv"
platform_comparison,x86,Twofish,CTR,128,16384,ci95_enc,1,0.019384873390716248,0.019384873390716248,0.0,0.0,"laptop-windows-x86_experience1.csv, laptop-windows-x86_experience2.csv, laptop-windows-x86_experience3.csv"
platform_comparison,x86,Twofish,CTR,128,16384,key_avalanche,2,0.49990234375,0.49990234375,0.0,0.0,"laptop-windows-x86_experience1.csv, laptop-windows-x86_experience2.csv, laptop-windows-x86_experience3.csv"
platform_comparison,x86,Twofish,CTR,128,16384,throughput_dec,3,2.0497489087175116,2.0497489087175116,0.0,0.0,"laptop-windows-x86_experience1.csv, laptop-windows-x86_experience2.csv, laptop-windows-x86_experience3.csv"
platform_comparison,x86,Twofish,CTR,128,16384,throughput_enc,3,2.0633056555163547,2.0633056555163547,0.0,0.0,"laptop-windows-x86_experience1.csv, laptop-windows-x86_experience2.csv, laptop-windows-x86_experience3.csv"
platform_comparison,x86,Twofish,CTR,192,64,avalanche,3,0.49972656249999997,0.49972656249999997,0.0,0.0,"laptop-windows-x86_experience1.csv, laptop-windows-x86_experience2.csv, laptop-windows-x86_experience3.csv"
platform_comparison,x86,Twofish,CTR,192,64,ci95_enc,1,0.12692351295391693,0.12692351295391693,0.0,0.0,"laptop-windows-x86_experience1.csv, laptop-windows-x86_experience2.csv, laptop-windows-x86_experience3.csv"
platform_comparison,x86,Twofish,CTR,192,64,key_avalanche,2,0.50060546875,0.50060546875,0.0,0.0,"laptop-windows-x86_experience1.csv, laptop-windows-x86_experience2.csv, laptop-windows-x86_experience3.csv"
platform_comparison,x86,Twofish,CTR,192,64,throughput_dec,3,1.6286553310336664,1.6286553310336664,0.0,0.0,"laptop-windows-x86_experience1.csv, laptop-windows-x86_experience2.csv, laptop-windows-x86_experience3.csv"
platform_comparison,x86,Twofish,CTR,192,64,throughput_enc,3,1.5766781620059394,1.5766781620059394,0.0,0.0,"laptop-windows-x86_experience1.csv, laptop-windows-x86_experience2.csv, laptop-windows-x86_experience3.csv"
platform_comparison,x86,Twofish,CTR,192,256,avalanche,3,0.4981380208333333,0.4981380208333333,0.0,0.0,"laptop-windows-x86_experience1.csv, laptop-windows-x86_experience2.csv, laptop-windows-x86_experience3.csv"
platform_comparison,x86,Twofish,CTR,192,256,ci95_enc,1,0.10524600428677641,0.10524600428677641,0.0,0.0,"laptop-windows-x86_experience1.csv, laptop-windows-x86_experience2.csv, laptop-windows-x86_experience3.csv"
platform_comparison,x86,Twofish,CTR,192,256,key_avalanche,2,0.500390625,0.500390625,0.0,0.0,"laptop-windows-x86_experience1.csv, laptop-windows-x86_experience2.csv, laptop-windows-x86_experience3.csv"
platform_comparison,x86,Twofish,CTR,192,256,throughput_dec,3,1.7925204051982677,1.7925204051982677,0.0,0.0,"laptop-windows-x86_experience1.csv, laptop-windows-x86_experience2.csv, laptop-windows-x86_experience3.csv"
platform_comparison,x86,Twofish,CTR,192,256,throughput_enc,3,1.6839562332570324,1.6839562332570324,0.0,0.0,"laptop-windows-x86_experience1.csv, laptop-windows-x86_experience2.csv, laptop-windows-x86_experience3.csv"
platform_comparison,x86,Twofish,CTR,192,1024,avalanche,3,0.5008984375,0.5008984375,0.0,0.0,"laptop-windows-x86_experience1.csv, laptop-windows-x86_experience2.csv, laptop-windows-x86_experience3.csv"
platform_comparison,x86,Twofish,CTR,192,1024,ci95_enc,1,0.06022436655151296,0.06022436655151296,0.0,0.0,"laptop-windows-x86_experience1.csv, laptop-windows-x86_experience2.csv, laptop-windows-x86_experience3.csv"
platform_comparison,x86,Twofish,CTR,192,1024,key_avalanche,2,0.5016796875,0.5016796875,0.0,0.0,"laptop-windows-x86_experience1.csv, laptop-windows-x86_experience2.csv, laptop-windows-x86_experience3.csv"
platform_comparison,x86,Twofish,CTR,192,1024,throughput_dec,3,2.0113230255872363,2.0113230255872363,0.0,0.0,"laptop-windows-x86_experience1.csv, laptop-windows-x86_experience2.csv, laptop-windows-x86_experience3.csv"
platform_comparison,x86,Twofish,CTR,192,1024,throughput_enc,3,1.9589691612716946,1.9589691612716946,0.0,0.0,"laptop-windows-x86_experience1.csv, laptop-windows-x86_experience2.csv, laptop-windows-x86_experience3.csv"
platform_comparison,x86,Twofish,CTR,192,4096,avalanche,3,0.501796875,0.501796875,0.0,0.0,"laptop-windows-x86_experience1.csv, laptop-windows-x86_experience2.csv, laptop-windows-x86_experience3.csv"
platform_comparison,x86,Twofish,CTR,192,4096,ci95_enc,1,0.07081917089816632,0.07081917089816632,0.0,0.0,"laptop-windows-x86_experience1.csv, laptop-windows-x86_experience2.csv, laptop-windows-x86_experience3.csv"
platform_comparison,x86,Twofish,CTR,192,4096,key_avalanche,2,0.505234375,0.505234375,0.0,0.0,"laptop-windows-x86_experience1.csv, laptop-windows-x86_experience2.csv, laptop-windows-x86_experience3.csv"
platform_comparison,x86,Twofish,CTR,192,4096,throughput_dec,3,2.025834528524157,2.025834528524157,0.0,0.0,"laptop-windows-x86_experience1.csv, laptop-windows-x86_experience2.csv, laptop-windows-x86_experience3.csv"
platform_comparison,x86,Twofish,CTR,192,4096,throughput_enc,3,2.0258576943243143,2.0258576943243143,0.0,0.0,"laptop-windows-x86_experience1.csv, laptop-windows-x86_experience2.csv, laptop-windows-x86_experience3.csv"
platform_comparison,x86,Twofish,CTR,192,16384,avalanche,3,0.5007291666666667,0.5007291666666667,0.0,0.0,"laptop-windows-x86_experience1.csv, laptop-windows-x86_experience2.csv, laptop-windows-x86_experience3.csv"
platform_comparison,x86,Twofish,CTR,192,16384,ci95_enc,1,0.02547316021250623,0.02547316021250623,0.0,0.0,"laptop-windows-x86_experience1.csv, laptop-windows-x86_experience2.csv, laptop-windows-x86_experience3.csv"
platform_comparison,x86,Twofish,CTR,192,16384,key_avalanche,2,0.50072265625,0.50072265625,0.0,0.0,"laptop-windows-x86_experience1.csv, laptop-windows-x86_experience2.csv, laptop-windows-x86_experience3.csv"
platform_comparison,x86,Twofish,CTR,192,16384,throughput_dec,3,2.0095089787530935,2.0095089787530935,0.0,0.0,"laptop-windows-x86_experience1.csv, laptop-windows-x86_experience2.csv, laptop-windows-x86_experience3.csv"
platform_comparison,x86,Twofish,CTR,192,16384,throughput_enc,3,1.953106365409658,1.953106365409658,0.0,0.0,"laptop-windows-x86_experience1.csv, laptop-windows-x86_experience2.csv, laptop-windows-x86_experience3.csv"
platform_comparison,x86,Twofish,CTR,256,64,avalanche,3,0.49885416666666665,0.49885416666666665,0.0,0.0,"laptop-windows-x86_experience1.csv, laptop-windows-x86_experience2.csv, laptop-windows-x86_experience3.csv"
platform_comparison,x86,Twofish,CTR,256,64,ci95_enc,1,0.16863727633203401,0.16863727633203401,0.0,0.0,"laptop-windows-x86_experience1.csv, laptop-windows-x86_experience2.csv, laptop-windows-x86_experience3.csv"
platform_comparison,x86,Twofish,CTR,256,64,key_avalanche,2,0.499453125,0.499453125,0.0,0.0,"laptop-windows-x86_experience1.csv, laptop-windows-x86_experience2.csv, laptop-windows-x86_experience3.csv"
platform_comparison,x86,Twofish,CTR,256,64,throughput_dec,3,1.450474328358302,1.450474328358302,0.0,0.0,"laptop-windows-x86_experience1.csv, laptop-windows-x86_experience2.csv, laptop-windows-x86_experience3.csv"
platform_comparison,x86,Twofish,CTR,256,64,throughput_enc,3,1.615470958380045,1.615470958380045,0.0,0.0,"laptop-windows-x86_experience1.csv, laptop-windows-x86_experience2.csv, laptop-windows-x86_experience3.csv"
platform_comparison,x86,Twofish,CTR,256,256,avalanche,3,0.49907552083333334,0.49907552083333334,0.0,0.0,"laptop-windows-x86_experience1.csv, laptop-windows-x86_experience2.csv, laptop-windows-x86_experience3.csv"
platform_comparison,x86,Twofish,CTR,256,256,ci95_enc,1,0.1275753713449869,0.1275753713449869,0.0,0.0,"laptop-windows-x86_experience1.csv, laptop-windows-x86_experience2.csv, laptop-windows-x86_experience3.csv"
platform_comparison,x86,Twofish,CTR,256,256,key_avalanche,2,0.50267578125,0.50267578125,0.0,0.0,"laptop-windows-x86_experience1.csv, laptop-windows-x86_experience2.csv, laptop-windows-x86_experience3.csv"
platform_comparison,x86,Twofish,CTR,256,256,throughput_dec,3,1.8077533463871591,1.8077533463871591,0.0,0.0,"laptop-windows-x86_experience1.csv, laptop-windows-x86_experience2.csv, laptop-windows-x86_experience3.csv"
platform_comparison,x86,Twofish,CTR,256,256,throughput_enc,3,1.7749965954670124,1.7749965954670124,0.0,0.0,"laptop-windows-x86_experience1.csv, laptop-windows-x86_experience2.csv, laptop-windows-x86_experience3.csv"
platform_comparison,x86,Twofish,CTR,256,1024,avalanche,3,0.49877604166666667,0.49877604166666667,0.0,0.0,"laptop-windows-x86_experience1.csv, laptop-windows-x86_experience2.csv, laptop-windows-x86_experience3.csv"
platform_comparison,x86,Twofish,CTR,256,1024,ci95_enc,1,0.11883225276758394,0.11883225276758394,0.0,0.0,"laptop-windows-x86_experience1.csv, laptop-windows-x86_experience2.csv, laptop-windows-x86_experience3.csv"
platform_comparison,x86,Twofish,CTR,256,1024,key_avalanche,2,0.49978515625,0.49978515625,0.0,0.0,"laptop-windows-x86_experience1.csv, laptop-windows-x86_experience2.csv, laptop-windows-x86_experience3.csv"
platform_comparison,x86,Twofish,CTR,256,1024,throughput_dec,3,1.9563324284483696,1.9563324284483696,0.0,0.0,"laptop-windows-x86_experience1.csv, laptop-windows-x86_experience2.csv, laptop-windows-x86_experience3.csv"
platform_comparison,x86,Twofish,CTR,256,1024,throughput_enc,3,1.8645626834569746,1.8645626834569746,0.0,0.0,"laptop-windows-x86_experience1.csv, laptop-windows-x86_experience2.csv, laptop-windows-x86_experience3.csv"
platform_comparison,x86,Twofish,CTR,256,4096,avalanche,3,0.499453125,0.499453125,0.0,0.0,"laptop-windows-x86_experience1.csv, laptop-windows-x86_experience2.csv, laptop-windows-x86_experience3.csv"
platform_comparison,x86,Twofish,CTR,256,4096,ci95_enc,1,0.0726446737737976,0.0726446737737976,0.0,0.0,"laptop-windows-x86_experience1.csv, laptop-windows-x86_experience2.csv, laptop-windows-x86_experience3.csv"
platform_comparison,x86,Twofish,CTR,256,4096,key_avalanche,2,0.5009765625,0.5009765625,0.0,0.0,"laptop-windows-x86_experience1.csv, laptop-windows-x86_experience2.csv, laptop-windows-x86_experience3.csv"
platform_comparison,x86,Twofish,CTR,256,4096,throughput_dec,3,1.952474023132086,1.952474023132086,0.0,0.0,"laptop-windows-x86_experience1.csv, laptop-windows-x86_experience2.csv, laptop-windows-x86_experience3.csv"
platform_comparison,x86,Twofish,CTR,256,4096,throughput_enc,3,1.9744642149418776,1.9744642149418776,0.0,0.0,"laptop-windows-x86_experience1.csv, laptop-windows-x86_experience2.csv, laptop-windows-x86_experience3.csv"
platform_comparison,x86,Twofish,CTR,256,16384,avalanche,3,0.49829427083333333,0.49829427083333333,0.0,0.0,"laptop-windows-x86_experience1.csv, laptop-windows-x86_experience2.csv, laptop-windows-x86_experience3.csv"
platform_comparison,x86,Twofish,CTR,256,16384,ci95_enc,1,0.036328476928558895,0.036328476928558895,0.0,0.0,"laptop-windows-x86_experience1.csv, laptop-windows-x86_experience2.csv, laptop-windows-x86_experience3.csv"
platform_comparison,x86,Twofish,CTR,256,16384,key_avalanche,2,0.4996875,0.4996875,0.0,0.0,"laptop-windows-x86_experience1.csv, laptop-windows-x86_experience2.csv, laptop-windows-x86_experience3.csv"
platform_comparison,x86,Twofish,CTR,256,16384,throughput_dec,3,1.8745192483795403,1.8745192483795403,0.0,0.0,"laptop-windows-x86_experience1.csv, laptop-windows-x86_experience2.csv, laptop-windows-x86_experience3.csv"
platform_comparison,x86,Twofish,CTR,256,16384,throughput_enc,3,1.923497379456043,1.923497379456043,0.0,0.0,"laptop-windows-x86_experience1.csv, laptop-windows-x86_experience2.csv, laptop-windows-x86_experience3.csv"
platform_comparison,x86,Twofish,ECB,128,64,avalanche,3,0.4974348958333333,0.4974348958333333,0.0,0.0,"laptop-windows-x86_experience1.csv, laptop-windows-x86_experience2.csv, laptop-windows-x86_experience3.csv"
platform_comparison,x86,Twofish,ECB,128,64,ci95_enc,1,0.16041602616244927,0.16041602616244927,0.0,0.0,"laptop-windows-x86_experience1.csv, laptop-windows-x86_experience2.csv, laptop-windows-x86_experience3.csv"
platform_comparison,x86,Twofish,ECB,128,64,key_avalanche,2,0.50158203125,0.50158203125,0.0,0.0,"laptop-windows-x86_experience1.csv, laptop-windows-x86_experience2.csv, laptop-windows-x86_experience3.csv"
platform_comparison,x86,Twofish,ECB,128,64,throughput_dec,3,1.9085678144065141,1.9085678144065141,0.0,0.0,"laptop-windows-x86_experience1.csv, laptop-windows-x86_experience2.csv, laptop-windows-x86_experience3.csv"
platform_comparison,x86,Twofish,ECB,128,64,throughput_enc,3,1.6280960454811728,1.6280960454811728,0.0,0.0,"laptop-windows-x86_experience1.csv, laptop-windows-x86_experience2.csv, laptop-windows-x86_experience3.csv"
platform_comparison,x86,Twofish,ECB,128,256,avalanche,3,0.498828125,0.498828125,0.0,0.0,"laptop-windows-x86_experience1.csv, laptop-windows-x86_experience2.csv, laptop-windows-x86_experience3.csv"
platform_comparison,x86,Twofish,ECB,128,256,ci95_enc,1,0.10298377253097793,0.10298377253097793,0.0,0.0,"laptop-windows-x86_experience1.csv, laptop-windows-x86_experience2.csv, laptop-windows-x86_experience3.csv"
platform_comparison,x86,Twofish,ECB,128,256,key_avalanche,2,0.50302734375,0.50302734375,0.0,0.0,"laptop-windows-x86_experience1.csv, laptop-windows-x86_experience2.csv, laptop-windows-x86_experience3.csv"
platform_comparison,x86,Twofish,ECB,128,256,throughput_dec,3,2.1158400803099258,2.1158400803099258,0.0,0.0,"laptop-windows-x86_experience1.csv, laptop-windows-x86_experience2.csv, laptop-windows-x86_experience3.csv"
platform_comparison,x86,Twofish,ECB,128,256,throughput_enc,3,2.2902804861460813,2.2902804861460813,0.0,0.0,"laptop-windows-x86_experience1.csv, laptop-windows-x86_experience2.csv, laptop-windows-x86_experience3.csv"
platform_comparison,x86,Twofish,ECB,128,1024,avalanche,3,0.5002604166666667,0.5002604166666667,0.0,0.0,"laptop-windows-x86_experience1.csv, laptop-windows-x86_experience2.csv, laptop-windows-x86_experience3.csv"
platform_comparison,x86,Twofish,ECB,128,1024,ci95_enc,1,0.20248846673127535,0.20248846673127535,0.0,0.0,"laptop-windows-x86_experience1.csv, laptop-windows-x86_experience2.csv, laptop-windows-x86_experience3.csv"
platform_comparison,x86,Twofish,ECB,128,1024,key_avalanche,2,0.49958984375,0.49958984375,0.0,0.0,"laptop-windows-x86_experience1.csv, laptop-windows-x86_experience2.csv, laptop-windows-x86_experience3.csv"
platform_comparison,x86,Twofish,ECB,128,1024,throughput_dec,3,2.1909666504551666,2.1909666504551666,0.0,0.0,"laptop-windows-x86_experience1.csv, laptop-windows-x86_experience2.csv, laptop-windows-x86_experience3.csv"
platform_comparison,x86,Twofish,ECB,128,1024,throughput_enc,3,2.1366145987572436,2.1366145987572436,0.0,0.0,"laptop-windows-x86_experience1.csv, laptop-windows-x86_experience2.csv, laptop-windows-x86_experience3.csv"
platform_comparison,x86,Twofish,ECB,128,4096,avalanche,3,0.49832031250000003,0.49832031250000003,0.0,0.0,"laptop-windows-x86_experience1.csv, laptop-windows-x86_experience2.csv, laptop-windows-x86_experience3.csv"
platform_comparison,x86,Twofish,ECB,128,4096,ci95_enc,1,0.10430215865712866,0.10430215865712866,0.0,0.0,"laptop-windows-x86_experience1.csv, laptop-windows-x86_experience2.csv, laptop-windows-x86_experience3.csv"
platform_comparison,x86,Twofish,ECB,128,4096,key_avalanche,2,0.5035546875,0.5035546875,0.0,0.0,"laptop-windows-x86_experience1.csv, laptop-windows-x86_experience2.csv, laptop-windows-x86_experience3.csv"
platform_comparison,x86,Twofish,ECB,128,4096,throughput_dec,3,2.257241765142387,2.257241765142387,0.0,0.0,"laptop-windows-x86_experience1.csv, laptop-windows-x86_experience2.csv, laptop-windows-x86_experience3.csv"
platform_comparison,x86,Twofish,ECB,128,4096,throughput_enc,3,2.313866676744556,2.313866676744556,0.0,0.0,"laptop-windows-x86_experience1.csv, laptop-windows-x86_experience2.csv, laptop-windows-x86_experience3.csv"
platform_comparison,x86,Twofish,ECB,128,16384,avalanche,3,0.5015755208333333,0.5015755208333333,0.0,0.0,"laptop-windows-x86_experience1.csv, laptop-windows-x86_experience2.csv, laptop-windows-x86_experience3.csv"
platform_comparison,x86,Twofish,ECB,128,16384,ci95_enc,1,0.41650376421135143,0.41650376421135143,0.0,0.0,"laptop-windows-x86_experience1.csv, laptop-windows-x86_experience2.csv, laptop-windows-x86_experience3.csv"
platform_comparison,x86,Twofish,ECB,128,16384,key_avalanche,2,0.49941406250000003,0.49941406250000003,0.0,0.0,"laptop-windows-x86_experience1.csv, laptop-windows-x86_experience2.csv, laptop-windows-x86_experience3.csv"
platform_comparison,x86,Twofish,ECB,128,16384,throughput_dec,3,2.4570858992562363,2.4570858992562363,0.0,0.0,"laptop-windows-x86_experience1.csv, laptop-windows-x86_experience2.csv, laptop-windows-x86_experience3.csv"
platform_comparison,x86,Twofish,ECB,128,16384,throughput_enc,3,2.214541415653948,2.214541415653948,0.0,0.0,"laptop-windows-x86_experience1.csv, laptop-windows-x86_experience2.csv, laptop-windows-x86_experience3.csv"
platform_comparison,x86,Twofish,ECB,192,64,avalanche,3,0.5003515625,0.5003515625,0.0,0.0,"laptop-windows-x86_experience1.csv, laptop-windows-x86_experience2.csv, laptop-windows-x86_experience3.csv"
platform_comparison,x86,Twofish,ECB,192,64,ci95_enc,1,0.18325563428950103,0.18325563428950103,0.0,0.0,"laptop-windows-x86_experience1.csv, laptop-windows-x86_experience2.csv, laptop-windows-x86_experience3.csv"
platform_comparison,x86,Twofish,ECB,192,64,key_avalanche,2,0.50111328125,0.50111328125,0.0,0.0,"laptop-windows-x86_experience1.csv, laptop-windows-x86_experience2.csv, laptop-windows-x86_experience3.csv"
platform_comparison,x86,Twofish,ECB,192,64,throughput_dec,3,1.8429736629291895,1.8429736629291895,0.0,0.0,"laptop-windows-x86_experience1.csv, laptop-windows-x86_experience2.csv, laptop-windows-x86_experience3.csv"
platform_comparison,x86,Twofish,ECB,192,64,throughput_enc,3,1.957533131564212,1.957533131564212,0.0,0.0,"laptop-windows-x86_experience1.csv, laptop-windows-x86_experience2.csv, laptop-windows-x86_experience3.csv"
platform_comparison,x86,Twofish,ECB,192,256,avalanche,3,0.493828125,0.493828125,0.0,0.0,"laptop-windows-x86_experience1.csv, laptop-windows-x86_experience2.csv, laptop-windows-x86_experience3.csv"
platform_comparison,x86,Twofish,ECB,192,256,ci95_enc,1,0.13700859291609896,0.13700859291609896,0.0,0.0,"laptop-windows-x86_experience1.csv, laptop-windows-x86_experience2.csv, laptop-windows-x86_experience3.csv"
platform_comparison,x86,Twofish,ECB,192,256,key_avalanche,2,0.5001171875,0.5001171875,0.0,0.0,"laptop-windows-x86_experience1.csv, laptop-windows-x86_experience2.csv, laptop-windows-x86_experience3.csv"
platform_comparison,x86,Twofish,ECB,192,256,throughput_dec,3,2.4115450852682483,2.4115450852682483,0.0,0.0,"laptop-windows-x86_experience1.csv, laptop-windows-x86_experience2.csv, laptop-windows-x86_experience3.csv"
platform_comparison,x86,Twofish,ECB,192,256,throughput_enc,3,2.3844861069457335,2.3844861069457335,0.0,0.0,"laptop-windows-x86_experience1.csv, laptop-windows-x86_experience2.csv, laptop-windows-x86_experience3.csv"
platform_comparison,x86,Twofish,ECB,192,1024,avalanche,3,0.5040625,0.5040625,0.0,0.0,"laptop-windows-x86_experience1.csv, laptop-windows-x86_experience2.csv, laptop-windows-x86_experience3.csv"
platform_comparison,x86,Twofish,ECB,192,1024,ci95_enc,1,0.1687278385190843,0.1687278385190843,0.0,0.0,"laptop-windows-x86_experience1.csv, laptop-windows-x86_experience2.csv, laptop-windows-x86_experience3.csv"
platform_comparison,x86,Twofish,ECB,192,1024,key_avalanche,2,0.50166015625,0.50166015625,0.0,0.0,"laptop-windows-x86_experience1.csv, laptop-windows-x86_experience2.csv, laptop-windows-x86_experience3.csv"
platform_comparison,x86,Twofish,ECB,192,1024,throughput_dec,3,2.335358957378744,2.335358957378744,0.0,0.0,"laptop-windows-x86_experience1.csv, laptop-windows-x86_experience2.csv, laptop-windows-x86_experience3.csv"
platform_comparison,x86,Twofish,ECB,192,1024,throughput_enc,3,1.9927574818198714,1.9927574818198714,0.0,0.0,"laptop-windows-x86_experience1.csv, laptop-windows-x86_experience2.csv, laptop-windows-x86_experience3.csv"
platform_comparison,x86,Twofish,ECB,192,4096,avalanche,3,0.4991796875,0.4991796875,0.0,0.0,"laptop-windows-x86_experience1.csv, laptop-windows-x86_experience2.csv, laptop-windows-x86_experience3.csv"
platform_comparison,x86,Twofish,ECB,192,4096,ci95_enc,1,0.13700248044053645,0.13700248044053645,0.0,0.0,"laptop-windows-x86_experience1.csv, laptop-windows-x86_experience2.csv, laptop-windows-x86_experience3.csv"
platform_comparison,x86,Twofish,ECB,192,4096,key_avalanche,2,0.5003124999999999,0.5003124999999999,0.0,0.0,"laptop-windows-x86_experience1.csv, laptop-windows-x86_experience2.csv, laptop-windows-x86_experience3.csv"
platform_comparison,x86,Twofish,ECB,192,4096,throughput_dec,3,2.456680888973208,2.456680888973208,0.0,0.0,"laptop-windows-x86_experience1.csv, laptop-windows-x86_experience2.csv, laptop-windows-x86_experience3.csv"
platform_comparison,x86,Twofish,ECB,192,4096,throughput_enc,3,2.3306271077901237,2.3306271077901237,0.0,0.0,"laptop-windows-x86_experience1.csv, laptop-windows-x86_experience2.csv, laptop-windows-x86_experience3.csv"
platform_comparison,x86,Twofish,ECB,192,16384,avalanche,3,0.49774739583333333,0.49774739583333333,0.0,0.0,"laptop-windows-x86_experience1.csv, laptop-windows-x86_experience2.csv, laptop-windows-x86_experience3.csv"
platform_comparison,x86,Twofish,ECB,192,16384,ci95_enc,1,0.15270550882159992,0.15270550882159992,0.0,0.0,"laptop-windows-x86_experience1.csv, laptop-windows-x86_experience2.csv, laptop-windows-x86_experience3.csv"
platform_comparison,x86,Twofish,ECB,192,16384,key_avalanche,2,0.50060546875,0.50060546875,0.0,0.0,"laptop-windows-x86_experience1.csv, laptop-windows-x86_experience2.csv, laptop-windows-x86_experience3.csv"
platform_comparison,x86,Twofish,ECB,192,16384,throughput_dec,3,2.1932998996869597,2.1932998996869597,0.0,0.0,"laptop-windows-x86_experience1.csv, laptop-windows-x86_experience2.csv, laptop-windows-x86_experience3.csv"
platform_comparison,x86,Twofish,ECB,192,16384,throughput_enc,3,2.162116781746011,2.162116781746011,0.0,0.0,"laptop-windows-x86_experience1.csv, laptop-windows-x86_experience2.csv, laptop-windows-x86_experience3.csv"
platform_comparison,x86,Twofish,ECB,256,64,avalanche,3,0.49929687500000003,0.49929687500000003,0.0,0.0,"laptop-windows-x86_experience1.csv, laptop-windows-x86_experience2.csv, laptop-windows-x86_experience3.csv"
platform_comparison,x86,Twofish,ECB,256,64,ci95_enc,1,0.17829225266297805,0.17829225266297805,0.0,0.0,"laptop-windows-x86_experience1.csv, laptop-windows-x86_experience2.csv, laptop-windows-x86_experience3.csv"
platform_comparison,x86,Twofish,ECB,256,64,key_avalanche,2,0.5009765625,0.5009765625,0.0,0.0,"laptop-windows-x86_experience1.csv, laptop-windows-x86_experience2.csv, laptop-windows-x86_experience3.csv"
platform_comparison,x86,Twofish,ECB,256,64,throughput_dec,3,2.0311173404457263,2.0311173404457263,0.0,0.0,"laptop-windows-x86_experience1.csv, laptop-windows-x86_experience2.csv, laptop-windows-x86_experience3.csv"
platform_comparison,x86,Twofish,ECB,256,64,throughput_enc,3,1.6469438975540782,1.6469438975540782,0.0,0.0,"laptop-windows-x86_experience1.csv, laptop-windows-x86_experience2.csv, laptop-windows-x86_experience3.csv"
platform_comparison,x86,Twofish,ECB,256,256,avalanche,3,0.497734375,0.497734375,0.0,0.0,"laptop-windows-x86_experience1.csv, laptop-windows-x86_experience2.csv, laptop-windows-x86_experience3.csv"
platform_comparison,x86,Twofish,ECB,256,256,ci95_enc,1,0.10704348807234779,0.10704348807234779,0.0,0.0,"laptop-windows-x86_experience1.csv, laptop-windows-x86_experience2.csv, laptop-windows-x86_experience3.csv"
platform_comparison,x86,Twofish,ECB,256,256,key_avalanche,2,0.5016015625,0.5016015625,0.0,0.0,"laptop-windows-x86_experience1.csv, laptop-windows-x86_experience2.csv, laptop-windows-x86_experience3.csv"
platform_comparison,x86,Twofish,ECB,256,256,throughput_dec,3,2.180827912230052,2.180827912230052,0.0,0.0,"laptop-windows-x86_experience1.csv, laptop-windows-x86_experience2.csv, laptop-windows-x86_experience3.csv"
platform_comparison,x86,Twofish,ECB,256,256,throughput_enc,3,2.3453834013285246,2.3453834013285246,0.0,0.0,"laptop-windows-x86_experience1.csv, laptop-windows-x86_experience2.csv, laptop-windows-x86_experience3.csv"
platform_comparison,x86,Twofish,ECB,256,1024,avalanche,3,0.5028645833333333,0.5028645833333333,0.0,0.0,"laptop-windows-x86_experience1.csv, laptop-windows-x86_experience2.csv, laptop-windows-x86_experience3.csv"
platform_comparison,x86,Twofish,ECB,256,1024,ci95_enc,1,0.14765724598952448,0.14765724598952448,0.0,0.0,"laptop-windows-x86_experience1.csv, laptop-windows-x86_experience2.csv, laptop-windows-x86_experience3.csv"
platform_comparison,x86,Twofish,ECB,256,1024,key_avalanche,2,0.5015234375,0.5015234375,0.0,0.0,"laptop-windows-x86_experience1.csv, laptop-windows-x86_experience2.csv, laptop-windows-x86_experience3.csv"
platform_comparison,x86,Twofish,ECB,256,1024,throughput_dec,3,2.1954775172112617,2.1954775172112617,0.0,0.0,"laptop-windows-x86_experience1.csv, laptop-windows-x86_experience2.csv, laptop-windows-x86_experience3.csv"
platform_comparison,x86,Twofish,ECB,256,1024,throughput_enc,3,2.245822718366243,2.245822718366243,0.0,0.0,"laptop-windows-x86_experience1.csv, laptop-windows-x86_experience2.csv, laptop-windows-x86_experience3.csv"
platform_comparison,x86,Twofish,ECB,256,4096,avalanche,3,0.4984114583333333,0.4984114583333333,0.0,0.0,"laptop-windows-x86_experience1.csv, laptop-windows-x86_experience2.csv, laptop-windows-x86_experience3.csv"
platform_comparison,x86,Twofish,ECB,256,4096,ci95_enc,1,0.09611433856668264,0.09611433856668264,0.0,0.0,"laptop-windows-x86_experience1.csv, laptop-windows-x86_experience2.csv, laptop-windows-x86_experience3.csv"
platform_comparison,x86,Twofish,ECB,256,4096,key_avalanche,2,0.499765625,0.499765625,0.0,0.0,"laptop-windows-x86_experience1.csv, laptop-windows-x86_experience2.csv, laptop-windows-x86_experience3.csv"
platform_comparison,x86,Twofish,ECB,256,4096,throughput_dec,3,2.2771009965939366,2.2771009965939366,0.0,0.0,"laptop-windows-x86_experience1.csv, laptop-windows-x86_experience2.csv, laptop-windows-x86_experience3.csv"
platform_comparison,x86,Twofish,ECB,256,4096,throughput_enc,3,2.444563559793269,2.444563559793269,0.0,0.0,"laptop-windows-x86_experience1.csv, laptop-windows-x86_experience2.csv, laptop-windows-x86_experience3.csv"
platform_comparison,x86,Twofish,ECB,256,16384,avalanche,3,0.5000390625000001,0.5000390625000001,0.0,0.0,"laptop-windows-x86_experience1.csv, laptop-windows-x86_experience2.csv, laptop-windows-x86_experience3.csv"
platform_comparison,x86,Twofish,ECB,256,16384,ci95_enc,1,0.07916682290641511,0.07916682290641511,0.0,0.0,"laptop-windows-x86_experience1.csv, laptop-windows-x86_experience2.csv, laptop-windows-x86_experience3.csv"
platform_comparison,x86,Twofish,ECB,256,16384,key_avalanche,2,0.5016796875,0.5016796875,0.0,0.0,"laptop-windows-x86_experience1.csv, laptop-windows-x86_experience2.csv, laptop-windows-x86_experience3.csv"
platform_comparison,x86,Twofish,ECB,256,16384,throughput_dec,3,2.637157320380321,2.637157320380321,0.0,0.0,"laptop-windows-x86_experience1.csv, laptop-windows-x86_experience2.csv, laptop-windows-x86_experience3.csv"
platform_comparison,x86,Twofish,ECB,256,16384,throughput_enc,3,2.574153332396237,2.574153332396237,0.0,0.0,"laptop-windows-x86_experience1.csv, laptop-windows-x86_experience2.csv, laptop-windows-x86_experience3.csv"
