context,platform,algorithm,mode,key_size_bits,message_size_bytes,throughput_enc_mbps,throughput_dec_mbps,avalanche_score,key_avalanche_score,ci95_enc_mbps,source_csvs
performance,x86,3DES,CBC,128,64,0.5577558495563427,0.7758169359410346,0.49695312500000005,0.434765625,,"laptop-windows-x86_experience1.csv, laptop-windows-x86_experience2.csv, laptop-windows-x86_experience3.csv"
performance,x86,3DES,CBC,128,256,0.6697113377717222,2.147519989707315,0.5040885416666667,0.4553515625,,"laptop-windows-x86_experience1.csv, laptop-windows-x86_experience2.csv, laptop-windows-x86_experience3.csv"
performance,x86,3DES,CBC,128,1024,0.6745828926211139,3.8650756247415607,0.5011718749999999,0.4515234375,,"laptop-windows-x86_experience1.csv, laptop-windows-x86_experience2.csv, laptop-windows-x86_experience3.csv"
performance,x86,3DES,CBC,128,4096,0.7045827751701378,4.539694934876267,0.49666666666666665,0.41117187499999996,,"laptop-windows-x86_experience1.csv, laptop-windows-x86_experience2.csv, laptop-windows-x86_experience3.csv"
performance,x86,3DES,CBC,128,16384,0.7118593860326076,5.20887016937063,0.49755208333333334,0.4441015625,,"laptop-windows-x86_experience1.csv, laptop-windows-x86_experience2.csv, laptop-windows-x86_experience3.csv"
performance,x86,3DES,CBC,192,64,0.5882190860025385,0.6628627132335008,0.5053385416666667,0.42093749999999996,,"laptop-windows-x86_experience1.csv, laptop-windows-x86_experience2.csv, laptop-windows-x86_experience3.csv"
performance,x86,3DES,CBC,192,256,0.6689904512977373,1.9291553383721647,0.49807291666666664,0.44796875,,"laptop-windows-x86_experience1.csv, laptop-windows-x86_experience2.csv, laptop-windows-x86_experience3.csv"
performance,x86,3DES,CBC,192,1024,0.6747036131675263,3.6138474478389746,0.5046354166666667,0.43843750000000004,,"laptop-windows-x86_experience1.csv, laptop-windows-x86_experience2.csv, laptop-windows-x86_experience3.csv"
performance,x86,3DES,CBC,192,4096,0.6758323293685575,4.596633884270258,0.5027343750000001,0.42660156250000003,,"laptop-windows-x86_experience1.csv, laptop-windows-x86_experience2.csv, laptop-windows-x86_experience3.csv"
performance,x86,3DES,CBC,192,16384,0.6993807436923508,4.322023580099254,0.49830729166666665,0.4320703125,,"laptop-windows-x86_experience1.csv, laptop-windows-x86_experience2.csv, laptop-windows-x86_experience3.csv"
performance,x86,3DES,CTR,128,64,0.7995727367812545,0.727769787260702,0.4986979166666667,0.450078125,,"laptop-windows-x86_experience1.csv, laptop-windows-x86_experience2.csv, laptop-windows-x86_experience3.csv"
performance,x86,3DES,CTR,128,256,1.5820874422875555,1.6189054456149357,0.5024479166666667,0.4423046875,,"laptop-windows-x86_experience1.csv, laptop-windows-x86_experience2.csv, laptop-windows-x86_experience3.csv"
performance,x86,3DES,CTR,128,1024,2.6335507132550378,2.8126476007103616,0.49755208333333334,0.431875,,"laptop-windows-x86_experience1.csv, laptop-windows-x86_experience2.csv, laptop-windows-x86_experience3.csv"
performance,x86,3DES,CTR,128,4096,3.2385663903012194,3.168870013383513,0.49687499999999996,0.431171875,,"laptop-windows-x86_experience1.csv, laptop-windows-x86_experience2.csv, laptop-windows-x86_experience3.csv"
performance,x86,3DES,CTR,128,16384,3.0720796618785875,3.1903947155752905,0.5003645833333333,0.433046875,,"laptop-windows-x86_experience1.csv, laptop-windows-x86_experience2.csv, laptop-windows-x86_experience3.csv"
performance,x86,3DES,CTR,192,64,0.5956985264768938,0.609031278546226,0.5006770833333333,0.4390234375,,"laptop-windows-x86_experience1.csv, laptop-windows-x86_experience2.csv, laptop-windows-x86_experience3.csv"
performance,x86,3DES,CTR,192,256,1.6605206495979299,1.6439355591989635,0.498125,0.43609375,,"laptop-windows-x86_experience1.csv, laptop-windows-x86_experience2.csv, laptop-windows-x86_experience3.csv"
performance,x86,3DES,CTR,192,1024,2.584412493002949,2.598886280527059,0.4936979166666667,0.4454296875,,"laptop-windows-x86_experience1.csv, laptop-windows-x86_experience2.csv, laptop-windows-x86_experience3.csv"
performance,x86,3DES,CTR,192,4096,2.86605917623219,2.726785940360982,0.502578125,0.438984375,,"laptop-windows-x86_experience1.csv, laptop-windows-x86_experience2.csv, laptop-windows-x86_experience3.csv"
performance,x86,3DES,CTR,192,16384,3.1976361032792915,3.0153313093628675,0.4965625,0.450390625,,"laptop-windows-x86_experience1.csv, laptop-windows-x86_experience2.csv, laptop-windows-x86_experience3.csv"
performance,x86,3DES,ECB,128,64,0.9417129198180475,0.8592213668412753,0.501328125,0.44332031250000004,,"laptop-windows-x86_experience1.csv, laptop-windows-x86_experience2.csv, laptop-windows-x86_experience3.csv"
performance,x86,3DES,ECB,128,256,3.1835626821879295,3.280650059870179,0.49919270833333335,0.42953125000000003,,"laptop-windows-x86_experience1.csv, laptop-windows-x86_experience2.csv, laptop-windows-x86_experience3.csv"
performance,x86,3DES,ECB,128,1024,7.455937281935779,7.945262291730782,0.503828125,0.45203125,,"laptop-windows-x86_experience1.csv, laptop-windows-x86_experience2.csv, laptop-windows-x86_experience3.csv"
performance,x86,3DES,ECB,128,4096,11.845577067340384,11.969578650987202,0.5034895833333334,0.435,,"laptop-windows-x86_experience1.csv, laptop-windows-x86_experience2.csv, laptop-windows-x86_experience3.csv"
performance,x86,3DES,ECB,128,16384,13.476385376448164,14.167759690693428,0.5047916666666666,0.438828125,,"laptop-windows-x86_experience1.csv, laptop-windows-x86_experience2.csv, laptop-windows-x86_experience3.csv"
performance,x86,3DES,ECB,192,64,0.6744210539297887,0.7407700829300122,0.4992447916666667,0.45699218750000004,,"laptop-windows-x86_experience1.csv, laptop-windows-x86_experience2.csv, laptop-windows-x86_experience3.csv"
performance,x86,3DES,ECB,192,256,2.5222072807292126,2.6221179077805044,0.5013802083333333,0.445546875,,"laptop-windows-x86_experience1.csv, laptop-windows-x86_experience2.csv, laptop-windows-x86_experience3.csv"
performance,x86,3DES,ECB,192,1024,6.759391971545895,6.826579967392679,0.5011458333333333,0.428125,,"laptop-windows-x86_experience1.csv, laptop-windows-x86_experience2.csv, laptop-windows-x86_experience3.csv"
performance,x86,3DES,ECB,192,4096,9.897763286755206,10.609261798963072,0.503984375,0.42671875000000004,,"laptop-windows-x86_experience1.csv, laptop-windows-x86_experience2.csv, laptop-windows-x86_experience3.csv"
performance,x86,3DES,ECB,192,16384,12.72506895400114,13.85858483295489,0.5002343749999999,0.4360546875,,"laptop-windows-x86_experience1.csv, laptop-windows-x86_experience2.csv, laptop-windows-x86_experience3.csv"
performance,x86,AES,CBC,128,64,0.5085753598579963,1.8420849705294504,0.5002734375,0.50048828125,,"laptop-windows-x86_experience1.csv, laptop-windows-x86_experience2.csv, laptop-windows-x86_experience3.csv"
performance,x86,AES,CBC,128,256,0.6348020162754578,4.5588285002147195,0.4998697916666666,0.5011328125,,"laptop-windows-x86_experience1.csv, laptop-windows-x86_experience2.csv, laptop-windows-x86_experience3.csv"
performance,x86,AES,CBC,128,1024,0.6645496082266557,6.556165063441146,0.49613281249999996,0.49947265625000004,,"laptop-windows-x86_experience1.csv, laptop-windows-x86_experience2.csv, laptop-windows-x86_experience3.csv"
performance,x86,AES,CBC,128,4096,0.6848581683416758,6.843434796168514,0.5000520833333333,0.50115234375,,"laptop-windows-x86_experience1.csv, laptop-windows-x86_experience2.csv, laptop-windows-x86_experience3.csv"
performance,x86,AES,CBC,128,16384,0.7130124204322396,7.87695492222419,0.5008072916666667,0.4990234375,,"laptop-windows-x86_experience1.csv, laptop-windows-x86_experience2.csv, laptop-windows-x86_experience3.csv"
performance,x86,AES,CBC,192,64,0.5508164534767035,1.9571817646289125,0.5011979166666667,0.5012109375,,"laptop-windows-x86_experience1.csv, laptop-windows-x86_experience2.csv, laptop-windows-x86_experience3.csv"
performance,x86,AES,CBC,192,256,0.5537787477592485,3.122539236847905,0.4989973958333333,0.50072265625,,"laptop-windows-x86_experience1.csv, laptop-windows-x86_experience2.csv, laptop-windows-x86_experience3.csv"
performance,x86,AES,CBC,192,1024,0.7115011148154599,6.726187620337659,0.5009635416666667,0.50119140625,,"laptop-windows-x86_experience1.csv, laptop-windows-x86_experience2.csv, laptop-windows-x86_experience3.csv"
performance,x86,AES,CBC,192,4096,0.7522006949370829,8.232358314998889,0.49802083333333336,0.49972656249999997,,"laptop-windows-x86_experience1.csv, laptop-windows-x86_experience2.csv, laptop-windows-x86_experience3.csv"
performance,x86,AES,CBC,192,16384,0.7405027989140985,8.68491024432859,0.5026171875,0.5005468750000001,,"laptop-windows-x86_experience1.csv, laptop-windows-x86_experience2.csv, laptop-windows-x86_experience3.csv"
performance,x86,AES,CBC,256,64,0.5458492329611716,1.9942601992561684,0.4971223958333333,0.5021875,,"laptop-windows-x86_experience1.csv, laptop-windows-x86_experience2.csv, laptop-windows-x86_experience3.csv"
performance,x86,AES,CBC,256,256,0.6735367361780695,4.431173282935998,0.500390625,0.49417968749999996,,"laptop-windows-x86_experience1.csv, laptop-windows-x86_experience2.csv, laptop-windows-x86_experience3.csv"
performance,x86,AES,CBC,256,1024,0.7254203299523568,7.165896510071821,0.5008463541666667,0.500390625,,"laptop-windows-x86_experience1.csv, laptop-windows-x86_experience2.csv, laptop-windows-x86_experience3.csv"
performance,x86,AES,CBC,256,4096,0.7463476239136181,8.172974114556487,0.5003385416666667,0.49921875000000004,,"laptop-windows-x86_experience1.csv, laptop-windows-x86_experience2.csv, laptop-windows-x86_experience3.csv"
performance,x86,AES,CBC,256,16384,0.7346370856481274,7.274723157388716,0.5005729166666667,0.500625,,"laptop-windows-x86_experience1.csv, laptop-windows-x86_experience2.csv, laptop-windows-x86_experience3.csv"
performance,x86,AES,CTR,128,64,1.8113060033640693,1.9380803110193472,0.5003385416666667,0.5005078125,,"laptop-windows-x86_experience1.csv, laptop-windows-x86_experience2.csv, laptop-windows-x86_experience3.csv"
performance,x86,AES,CTR,128,256,3.514836505032329,4.176867232983828,0.49709635416666664,0.50119140625,,"laptop-windows-x86_experience1.csv, laptop-windows-x86_experience2.csv, laptop-windows-x86_experience3.csv"
performance,x86,AES,CTR,128,1024,5.585468810327967,5.751597027129681,0.5004817708333333,0.5009375,,"laptop-windows-x86_experience1.csv, laptop-windows-x86_experience2.csv, laptop-windows-x86_experience3.csv"
performance,x86,AES,CTR,128,4096,6.539906493839664,6.709444687136013,0.5000390625,0.4975390625,,"laptop-windows-x86_experience1.csv, laptop-windows-x86_experience2.csv, laptop-windows-x86_experience3.csv"
performance,x86,AES,CTR,128,16384,6.609820950599693,6.851844147364859,0.5009244791666667,0.4970703125,,"laptop-windows-x86_experience1.csv, laptop-windows-x86_experience2.csv, laptop-windows-x86_experience3.csv"
performance,x86,AES,CTR,192,64,1.8299091953866025,1.926308137089389,0.4938151041666667,0.501796875,,"laptop-windows-x86_experience1.csv, laptop-windows-x86_experience2.csv, laptop-windows-x86_experience3.csv"
performance,x86,AES,CTR,192,256,3.7918275873324414,4.177932858986467,0.5024348958333333,0.502890625,,"laptop-windows-x86_experience1.csv, laptop-windows-x86_experience2.csv, laptop-windows-x86_experience3.csv"
performance,x86,AES,CTR,192,1024,5.605701687688434,5.7621639980765,0.49798177083333334,0.50337890625,,"laptop-windows-x86_experience1.csv, laptop-windows-x86_experience2.csv, laptop-windows-x86_experience3.csv"
performance,x86,AES,CTR,192,4096,6.252314266396266,6.102691750731961,0.4979036458333333,0.49865234375,,"laptop-windows-x86_experience1.csv, laptop-windows-x86_experience2.csv, laptop-windows-x86_experience3.csv"
performance,x86,AES,CTR,192,16384,6.537972770791838,6.191715540662282,0.5021223958333333,0.500078125,,"laptop-windows-x86_experience1.csv, laptop-windows-x86_experience2.csv, laptop-windows-x86_experience3.csv"
performance,x86,AES,CTR,256,64,1.8059640023832062,1.6980540026473505,0.4996744791666667,0.4987890625,,"laptop-windows-x86_experience1.csv, laptop-windows-x86_experience2.csv, laptop-windows-x86_experience3.csv"
performance,x86,AES,CTR,256,256,3.7453488335094463,3.7538623330841894,0.5026171875,0.50189453125,,"laptop-windows-x86_experience1.csv, laptop-windows-x86_experience2.csv, laptop-windows-x86_experience3.csv"
performance,x86,AES,CTR,256,1024,4.937101839641391,5.620231657934261,0.49953125,0.50220703125,,"laptop-windows-x86_experience1.csv, laptop-windows-x86_experience2.csv, laptop-windows-x86_experience3.csv"
performance,x86,AES,CTR,256,4096,5.4146175669660375,5.5259040979839185,0.49936197916666664,0.50142578125,,"laptop-windows-x86_experience1.csv, laptop-windows-x86_experience2.csv, laptop-windows-x86_experience3.csv"
performance,x86,AES,CTR,256,16384,6.380408018946137,6.524288834990622,0.49799479166666666,0.50033203125,,"laptop-windows-x86_experience1.csv, laptop-windows-x86_experience2.csv, laptop-windows-x86_experience3.csv"
performance,x86,AES,ECB,128,64,1.320904090012526,3.365788340917611,0.5006380208333333,0.5001822916666666,,"laptop-windows-x86_experience1.csv, laptop-windows-x86_experience2.csv, laptop-windows-x86_experience3.csv"
performance,x86,AES,ECB,128,256,12.429915603978921,14.184133549915563,0.49838541666666664,0.49863281249999997,,"laptop-windows-x86_experience1.csv, laptop-windows-x86_experience2.csv, laptop-windows-x86_experience3.csv"
performance,x86,AES,ECB,128,1024,41.97817894547921,49.04714416261576,0.5001302083333333,0.49816406249999995,,"laptop-windows-x86_experience1.csv, laptop-windows-x86_experience2.csv, laptop-windows-x86_experience3.csv"
performance,x86,AES,ECB,128,4096,147.60948590363137,168.9675378891426,0.49630208333333337,0.49640625,,"laptop-windows-x86_experience1.csv, laptop-windows-x86_experience2.csv, laptop-windows-x86_experience3.csv"
performance,x86,AES,ECB,128,16384,341.1073792938321,538.9698282980561,0.5043619791666667,0.49626953125,,"laptop-windows-x86_experience1.csv, laptop-windows-x86_experience2.csv, laptop-windows-x86_experience3.csv"
performance,x86,AES,ECB,192,64,3.328117002300157,3.406349734780356,0.4971744791666666,0.5008984375000001,,"laptop-windows-x86_experience1.csv, laptop-windows-x86_experience2.csv, laptop-windows-x86_experience3.csv"
performance,x86,AES,ECB,192,256,11.172441550995243,12.665823593789908,0.5010546875,0.497265625,,"laptop-windows-x86_experience1.csv, laptop-windows-x86_experience2.csv, laptop-windows-x86_experience3.csv"
performance,x86,AES,ECB,192,1024,40.551153685029924,50.72460695869148,0.49981770833333333,0.4988671875,,"laptop-windows-x86_experience1.csv, laptop-windows-x86_experience2.csv, laptop-windows-x86_experience3.csv"
performance,x86,AES,ECB,192,4096,128.28626856602946,142.61331811777552,0.501640625,0.49771484374999997,,"laptop-windows-x86_experience1.csv, laptop-windows-x86_experience2.csv, laptop-windows-x86_experience3.csv"
performance,x86,AES,ECB,192,16384,364.4217335001443,434.0626488136652,0.5005078125,0.5000390625,,"laptop-windows-x86_experience1.csv, laptop-windows-x86_experience2.csv, laptop-windows-x86_experience3.csv"
performance,x86,AES,ECB,256,64,3.210146139356425,3.059317476112035,0.5025260416666667,0.49921875000000004,,"laptop-windows-x86_experience1.csv, laptop-windows-x86_experience2.csv, laptop-windows-x86_experience3.csv"
performance,x86,AES,ECB,256,256,11.098708096042808,12.34133691354876,0.5025130208333334,0.50171875,,"laptop-windows-x86_experience1.csv, laptop-windows-x86_experience2.csv, laptop-windows-x86_experience3.csv"
performance,x86,AES,ECB,256,1024,34.85960827209748,41.50178815486254,0.49920572916666667,0.5017578125,,"laptop-windows-x86_experience1.csv, laptop-windows-x86_experience2.csv, laptop-windows-x86_experience3.csv"
performance,x86,AES,ECB,256,4096,138.2263223365447,149.7723002517141,0.49936197916666664,0.50283203125,,"laptop-windows-x86_experience1.csv, laptop-windows-x86_experience2.csv, laptop-windows-x86_experience3.csv"
performance,x86,AES,ECB,256,16384,368.3148054676824,502.96194061949524,0.5039843749999999,0.50158203125,,"laptop-windows-x86_experience1.csv, laptop-windows-x86_experience2.csv, laptop-windows-x86_experience3.csv"
performance,x86,AES,GCM,128,64,0.24175126839867792,0.37912167547957604,0.4988020833333333,0.50064453125,,"laptop-windows-x86_experience1.csv, laptop-windows-x86_experience2.csv, laptop-windows-x86_experience3.csv"
performance,x86,AES,GCM,128,256,2.020265777701423,1.5661457318833687,0.5028385416666666,0.49931640625,,"laptop-windows-x86_experience1.csv, laptop-windows-x86_experience2.csv, laptop-windows-x86_experience3.csv"
performance,x86,AES,GCM,128,1024,7.4834170458765925,5.512050109496781,0.5021354166666666,0.49966796874999997,,"laptop-windows-x86_experience1.csv, laptop-windows-x86_experience2.csv, laptop-windows-x86_experience3.csv"
performance,x86,AES,GCM,128,4096,29.402120588949412,23.76285564238429,0.49667968749999997,0.5034960937499999,,"laptop-windows-x86_experience1.csv, laptop-windows-x86_experience2.csv, laptop-windows-x86_experience3.csv"
performance,x86,AES,GCM,128,16384,94.92340821597158,79.30013251713324,0.5015625,0.5001562500000001,,"laptop-windows-x86_experience1.csv, laptop-windows-x86_experience2.csv, laptop-windows-x86_experience3.csv"
performance,x86,AES,GCM,192,64,0.4884902638383297,0.3913413438642461,0.5023307291666667,0.5038281250000001,,"laptop-windows-x86_experience1.csv, laptop-windows-x86_experience2.csv, laptop-windows-x86_experience3.csv"
performance,x86,AES,GCM,192,256,2.1023187055392047,1.5052145584340026,0.5,0.5018750000000001,,"laptop-windows-x86_experience1.csv, laptop-windows-x86_experience2.csv, laptop-windows-x86_experience3.csv"
performance,x86,AES,GCM,192,1024,7.735430210297178,6.166615580920495,0.49921875,0.50185546875,,"laptop-windows-x86_experience1.csv, laptop-windows-x86_experience2.csv, laptop-windows-x86_experience3.csv"
performance,x86,AES,GCM,192,4096,27.244990949946423,23.96746970682373,0.4995833333333333,0.50052734375,,"laptop-windows-x86_experience1.csv, laptop-windows-x86_experience2.csv, laptop-windows-x86_experience3.csv"
performance,x86,AES,GCM,192,16384,96.49579443434568,82.72146394227893,0.4994140624999999,0.49873046875,,"laptop-windows-x86_experience1.csv, laptop-windows-x86_experience2.csv, laptop-windows-x86_experience3.csv"
performance,x86,AES,GCM,256,64,0.475039704984111,0.38803658132022445,0.49947916666666664,0.49908203125,,"laptop-windows-x86_experience1.csv, laptop-windows-x86_experience2.csv, laptop-windows-x86_experience3.csv"
performance,x86,AES,GCM,256,256,1.938018561632404,1.6176718616562802,0.4975130208333334,0.50318359375,,"laptop-windows-x86_experience1.csv, laptop-windows-x86_experience2.csv, laptop-windows-x86_experience3.csv"
performance,x86,AES,GCM,256,1024,7.66141843050717,6.106050981746576,0.5041796875000001,0.49982421875,,"laptop-windows-x86_experience1.csv, laptop-windows-x86_experience2.csv, laptop-windows-x86_experience3.csv"
performance,x86,AES,GCM,256,4096,29.054396556506763,23.028747908789626,0.5015104166666666,0.49904296875,,"laptop-windows-x86_experience1.csv, laptop-windows-x86_experience2.csv, laptop-windows-x86_experience3.csv"
performance,x86,AES,GCM,256,16384,99.84017718601172,84.70729815067949,0.497734375,0.49900390625,,"laptop-windows-x86_experience1.csv, laptop-windows-x86_experience2.csv, laptop-windows-x86_experience3.csv"
performance,x86,ChaCha20,Stream,256,64,3.2330911403538583,4.183820908497024,0.594951171875,0.5926220703125,,"laptop-windows-x86_experience1.csv, laptop-windows-x86_experience2.csv, laptop-windows-x86_experience3.csv"
performance,x86,ChaCha20,Stream,256,256,14.578740763439468,13.670172506123702,0.594072265625,0.593486328125,,"laptop-windows-x86_experience1.csv, laptop-windows-x86_experience2.csv, laptop-windows-x86_experience3.csv"
performance,x86,ChaCha20,Stream,256,1024,45.80507025323283,48.22778267994488,0.5945068359375,0.5958984375,,"laptop-windows-x86_experience1.csv, laptop-windows-x86_experience2.csv, laptop-windows-x86_experience3.csv"
performance,x86,ChaCha20,Stream,256,4096,100.24858389513955,100.7054326720373,0.5954736328125,0.5930126953125,,"laptop-windows-x86_experience1.csv, laptop-windows-x86_experience2.csv, laptop-windows-x86_experience3.csv"
performance,x86,ChaCha20,Stream,256,16384,127.14619283634991,135.11749367935104,0.592177734375,0.5935937499999999,,"laptop-windows-x86_experience1.csv, laptop-windows-x86_experience2.csv, laptop-windows-x86_experience3.csv"
performance,x86,DES,CBC,64,64,0.285348510722999,1.7777636037789886,0.5015104166666667,0.46406250000000004,,"laptop-windows-x86_experience1.csv, laptop-windows-x86_experience2.csv, laptop-windows-x86_experience3.csv"
performance,x86,DES,CBC,64,256,0.32225471006552525,4.199253841974192,0.4963020833333333,0.4406640625,,"laptop-windows-x86_experience1.csv, laptop-windows-x86_experience2.csv, laptop-windows-x86_experience3.csv"
performance,x86,DES,CBC,64,1024,0.33124921794468537,5.934022991859802,0.5019791666666666,0.4369140625,,"laptop-windows-x86_experience1.csv, laptop-windows-x86_experience2.csv, laptop-windows-x86_experience3.csv"
performance,x86,DES,CBC,64,4096,0.32349806630700567,7.131011718963188,0.49872395833333333,0.441171875,,"laptop-windows-x86_experience1.csv, laptop-windows-x86_experience2.csv, laptop-windows-x86_experience3.csv"
performance,x86,DES,CBC,64,16384,0.301353425471717,7.0336612069280795,0.5005468750000001,0.4305859375,,"laptop-windows-x86_experience1.csv, laptop-windows-x86_experience2.csv, laptop-windows-x86_experience3.csv"
performance,x86,DES,CTR,64,64,1.4868771530399378,1.5856626443358188,0.500859375,0.450546875,,"laptop-windows-x86_experience1.csv, laptop-windows-x86_experience2.csv, laptop-windows-x86_experience3.csv"
performance,x86,DES,CTR,64,256,2.843576435985018,3.0165162032511805,0.4968489583333333,0.4380078125,,"laptop-windows-x86_experience1.csv, laptop-windows-x86_experience2.csv, laptop-windows-x86_experience3.csv"
performance,x86,DES,CTR,64,1024,3.962440022034597,4.194496690595242,0.503828125,0.44253906249999997,,"laptop-windows-x86_experience1.csv, laptop-windows-x86_experience2.csv, laptop-windows-x86_experience3.csv"
performance,x86,DES,CTR,64,4096,4.49140191256026,3.750691685141527,0.5036197916666666,0.42683593750000004,,"laptop-windows-x86_experience1.csv, laptop-windows-x86_experience2.csv, laptop-windows-x86_experience3.csv"
performance,x86,DES,CTR,64,16384,4.82963199678738,4.972296315630042,0.49802083333333336,0.4223828125,,"laptop-windows-x86_experience1.csv, laptop-windows-x86_experience2.csv, laptop-windows-x86_experience3.csv"
performance,x86,DES,ECB,64,64,2.4032229615911795,2.3959439639412206,0.4961458333333333,0.4381640625,,"laptop-windows-x86_experience1.csv, laptop-windows-x86_experience2.csv, laptop-windows-x86_experience3.csv"
performance,x86,DES,ECB,64,256,8.583227313748246,8.413686774046086,0.49890624999999994,0.4298046875,,"laptop-windows-x86_experience1.csv, laptop-windows-x86_experience2.csv, laptop-windows-x86_experience3.csv"
performance,x86,DES,ECB,64,1024,19.839566859679707,21.326710009431995,0.5009895833333333,0.43265624999999996,,"laptop-windows-x86_experience1.csv, laptop-windows-x86_experience2.csv, laptop-windows-x86_experience3.csv"
performance,x86,DES,ECB,64,4096,33.721951035987196,35.52733013017786,0.49765624999999997,0.4478125,,"laptop-windows-x86_experience1.csv, laptop-windows-x86_experience2.csv, laptop-windows-x86_experience3.csv"
performance,x86,DES,ECB,64,16384,41.11884134136621,42.652773095687074,0.5017447916666666,0.45394531250000003,,"laptop-windows-x86_experience1.csv, laptop-windows-x86_experience2.csv, laptop-windows-x86_experience3.csv"
performance,x86,Twofish,CBC,128,64,1.188592514757588,1.446302137757167,0.502109375,0.5035546875,,"laptop-windows-x86_experience1.csv, laptop-windows-x86_experience2.csv, laptop-windows-x86_experience3.csv"
performance,x86,Twofish,CBC,128,256,1.5030016069570913,1.9590267151760898,0.4994401041666667,0.49900390625,,"laptop-windows-x86_experience1.csv, laptop-windows-x86_experience2.csv, laptop-windows-x86_experience3.csv"
performance,x86,Twofish,CBC,128,1024,1.5082815121743707,2.1429055238470576,0.4981380208333333,0.5005859375,,"laptop-windows-x86_experience1.csv, laptop-windows-x86_experience2.csv, laptop-windows-x86_experience3.csv"
performance,x86,Twofish,CBC,128,4096,1.6565630621696152,2.0997543099069857,0.501796875,0.49957031250000006,,"laptop-windows-x86_experience1.csv, laptop-windows-x86_experience2.csv, laptop-windows-x86_experience3.csv"
performance,x86,Twofish,CBC,128,16384,1.5752308366411798,2.107753057905472,0.49822916666666667,0.49736328124999996,,"laptop-windows-x86_experience1.csv, laptop-windows-x86_experience2.csv, laptop-windows-x86_experience3.csv"
performance,x86,Twofish,CBC,192,64,1.1144303821982924,1.304305610921902,0.5007291666666667,0.499296875,,"laptop-windows-x86_experience1.csv, laptop-windows-x86_experience2.csv, laptop-windows-x86_experience3.csv"
performance,x86,Twofish,CBC,192,256,1.3647007231302741,1.802778363124937,0.49776041666666665,0.49923828125,,"laptop-windows-x86_experience1.csv, laptop-windows-x86_experience2.csv, laptop-windows-x86_experience3.csv"
performance,x86,Twofish,CBC,192,1024,1.5032008578059581,1.868277823440318,0.4995442708333333,0.49896484375,,"laptop-windows-x86_experience1.csv, laptop-windows-x86_experience2.csv, laptop-windows-x86_experience3.csv"
performance,x86,Twofish,CBC,192,4096,1.559039904494292,2.020253998848672,0.5022395833333334,0.50099609375,,"laptop-windows-x86_experience1.csv, laptop-windows-x86_experience2.csv, laptop-windows-x86_experience3.csv"
performance,x86,Twofish,CBC,192,16384,1.6949135879787611,2.1766326766217134,0.5014192708333334,0.5021875,,"laptop-windows-x86_experience1.csv, laptop-windows-x86_experience2.csv, laptop-windows-x86_experience3.csv"
performance,x86,Twofish,CBC,256,64,1.135270254170081,1.2607262941989539,0.5001822916666666,0.5009765625,,"laptop-windows-x86_experience1.csv, laptop-windows-x86_experience2.csv, laptop-windows-x86_experience3.csv"
performance,x86,Twofish,CBC,256,256,1.4757235466176004,1.8416631059213817,0.49993489583333334,0.499140625,,"laptop-windows-x86_experience1.csv, laptop-windows-x86_experience2.csv, laptop-windows-x86_experience3.csv"
performance,x86,Twofish,CBC,256,1024,1.5090903339002226,1.9744899931897173,0.4996354166666667,0.499375,,"laptop-windows-x86_experience1.csv, laptop-windows-x86_experience2.csv, laptop-windows-x86_experience3.csv"
performance,x86,Twofish,CBC,256,4096,1.6518256486076683,2.0823048742271717,0.49834635416666667,0.49933593750000005,,"laptop-windows-x86_experience1.csv, laptop-windows-x86_experience2.csv, laptop-windows-x86_experience3.csv"
performance,x86,Twofish,CBC,256,16384,1.6538970145375644,2.0448768143211717,0.495546875,0.49960937499999997,,"laptop-windows-x86_experience1.csv, laptop-windows-x86_experience2.csv, laptop-windows-x86_experience3.csv"
performance,x86,Twofish,CTR,128,64,1.4824754406732545,1.5171963454611426,0.5015364583333334,0.500234375,,"laptop-windows-x86_experience1.csv, laptop-windows-x86_experience2.csv, laptop-windows-x86_experience3.csv"
performance,x86,Twofish,CTR,128,256,1.8400011844913742,1.8592506460175915,0.5012890625,0.5001171875,,"laptop-windows-x86_experience1.csv, laptop-windows-x86_experience2.csv, laptop-windows-x86_experience3.csv"
performance,x86,Twofish,CTR,128,1024,1.8791846893232054,1.9750374304348453,0.5000520833333334,0.49943359374999996,,"laptop-windows-x86_experience1.csv, laptop-windows-x86_experience2.csv, laptop-windows-x86_experience3.csv"
performance,x86,Twofish,CTR,128,4096,2.0161256542160566,1.992450223276667,0.49975260416666667,0.4968359375,,"laptop-windows-x86_experience1.csv, laptop-windows-x86_experience2.csv, laptop-windows-x86_experience3.csv"
performance,x86,Twofish,CTR,128,16384,2.0633056555163547,2.0497489087175116,0.5002864583333333,0.49990234375,,"laptop-windows-x86_experience1.csv, laptop-windows-x86_experience2.csv, laptop-windows-x86_experience3.csv"
performance,x86,Twofish,CTR,192,64,1.5766781620059394,1.6286553310336664,0.49972656249999997,0.50060546875,,"laptop-windows-x86_experience1.csv, laptop-windows-x86_experience2.csv, laptop-windows-x86_experience3.csv"
performance,x86,Twofish,CTR,192,256,1.6839562332570324,1.7925204051982677,0.4981380208333333,0.500390625,,"laptop-windows-x86_experience1.csv, laptop-windows-x86_experience2.csv, laptop-windows-x86_experience3.csv"
performance,x86,Twofish,CTR,192,1024,1.9589691612716946,2.0113230255872363,0.5008984375,0.5016796875,,"laptop-windows-x86_experience1.csv, laptop-windows-x86_experience2.csv, laptop-windows-x86_experience3.csv"
performance,x86,Twofish,CTR,192,4096,2.0258576943243143,2.025834528524157,0.501796875,0.505234375,,"laptop-windows-x86_experience1.csv, laptop-windows-x86_experience2.csv, laptop-windows-x86_experience3.csv"
performance,x86,Twofish,CTR,192,16384,1.953106365409658,2.0095089787530935,0.5007291666666667,0.50072265625,,"laptop-windows-x86_experience1.csv, laptop-windows-x86_experience2.csv, laptop-windows-x86_experience3.csv"
performance,x86,Twofish,CTR,256,64,1.615470958380045,1.450474328358302,0.49885416666666665,0.499453125,,"laptop-windows-x86_experience1.csv, laptop-windows-x86_experience2.csv, laptop-windows-x86_experience3.csv"
performance,x86,Twofish,CTR,256,256,1.7749965954670124,1.8077533463871591,0.49907552083333334,0.50267578125,,"laptop-windows-x86_experience1.csv, laptop-windows-x86_experience2.csv, laptop-windows-x86_experience3.csv"
performance,x86,Twofish,CTR,256,1024,1.8645626834569746,1.9563324284483696,0.49877604166666667,0.49978515625,,"laptop-windows-x86_experience1.csv, laptop-windows-x86_experience2.csv, laptop-windows-x86_experience3.csv"
performance,x86,Twofish,CTR,256,4096,1.9744642149418776,1.952474023132086,0.499453125,0.5009765625,,"laptop-windows-x86_experience1.csv, laptop-windows-x86_experience2.csv, laptop-windows-x86_experience3.csv"
performance,x86,Twofish,CTR,256,16384,1.923497379456043,1.8745192483795403,0.49829427083333333,0.4996875,,"laptop-windows-x86_experience1.csv, laptop-windows-x86_experience2.csv, laptop-windows-x86_experience3.csv"
performance,x86,Twofish,ECB,128,64,1.6280960454811728,1.9085678144065141,0.4974348958333333,0.50158203125,,"laptop-windows-x86_experience1.csv, laptop-windows-x86_experience2.csv, laptop-windows-x86_experience3.csv"
performance,x86,Twofish,ECB,128,256,2.2902804861460813,2.1158400803099258,0.498828125,0.50302734375,,"laptop-windows-x86_experience1.csv, laptop-windows-x86_experience2.csv, laptop-windows-x86_experience3.csv"
performance,x86,Twofish,ECB,128,1024,2.1366145987572436,2.1909666504551666,0.5002604166666667,0.49958984375,,"laptop-windows-x86_experience1.csv, laptop-windows-x86_experience2.csv, laptop-windows-x86_experience3.csv"
performance,x86,Twofish,ECB,128,4096,2.313866676744556,2.257241765142387,0.49832031250000003,0.5035546875,,"laptop-windows-x86_experience1.csv, laptop-windows-x86_experience2.csv, laptop-windows-x86_experience3.csv"
performance,x86,Twofish,ECB,128,16384,2.214541415653948,2.4570858992562363,0.5015755208333333,0.49941406250000003,,"laptop-windows-x86_experience1.csv, laptop-windows-x86_experience2.csv, laptop-windows-x86_experience3.csv"
performance,x86,Twofish,ECB,192,64,1.957533131564212,1.8429736629291895,0.5003515625,0.50111328125,,"laptop-windows-x86_experience1.csv, laptop-windows-x86_experience2.csv, laptop-windows-x86_experience3.csv"
performance,x86,Twofish,ECB,192,256,2.3844861069457335,2.4115450852682483,0.493828125,0.5001171875,,"laptop-windows-x86_experience1.csv, laptop-windows-x86_experience2.csv, laptop-windows-x86_experience3.csv"
performance,x86,Twofish,ECB,192,1024,1.9927574818198714,2.335358957378744,0.5040625,0.50166015625,,"laptop-windows-x86_experience1.csv, laptop-windows-x86_experience2.csv, laptop-windows-x86_experience3.csv"
performance,x86,Twofish,ECB,192,4096,2.3306271077901237,2.456680888973208,0.4991796875,0.5003124999999999,,"laptop-windows-x86_experience1.csv, laptop-windows-x86_experience2.csv, laptop-windows-x86_experience3.csv"
performance,x86,Twofish,ECB,192,16384,2.162116781746011,2.1932998996869597,0.49774739583333333,0.50060546875,,"laptop-windows-x86_experience1.csv, laptop-windows-x86_experience2.csv, laptop-windows-x86_experience3.csv"
performance,x86,Twofish,ECB,256,64,1.6469438975540782,2.0311173404457263,0.49929687500000003,0.5009765625,,"laptop-windows-x86_experience1.csv, laptop-windows-x86_experience2.csv, laptop-windows-x86_experience3.csv"
performance,x86,Twofish,ECB,256,256,2.3453834013285246,2.180827912230052,0.497734375,0.5016015625,,"laptop-windows-x86_experience1.csv, laptop-windows-x86_experience2.csv, laptop-windows-x86_experience3.csv"
performance,x86,Twofish,ECB,256,1024,2.245822718366243,2.1954775172112617,0.5028645833333333,0.5015234375,,"laptop-windows-x86_experience1.csv, laptop-windows-x86_experience2.csv, laptop-windows-x86_experience3.csv"
performance,x86,Twofish,ECB,256,4096,2.444563559793269,2.2771009965939366,0.4984114583333333,0.499765625,,"laptop-windows-x86_experience1.csv, laptop-windows-x86_experience2.csv, laptop-windows-x86_experience3.csv"
performance,x86,Twofish,ECB,256,16384,2.574153332396237,2.637157320380321,0.5000390625000001,0.5016796875,,"laptop-windows-x86_experience1.csv, laptop-windows-x86_experience2.csv, laptop-windows-x86_experience3.csv"
platform_comparison,x86,3DES,CBC,128,64,0.5577558495563427,0.7758169359410346,0.49695312500000005,0.434765625,0.08056378822556318,"laptop-windows-x86_experience1.csv, laptop-windows-x86_experience2.csv, laptop-windows-x86_experience3.csv"
platform_comparison,x86,3DES,CBC,128,256,0.6697113377717222,2.147519989707315,0.5040885416666667,0.4553515625,0.05823332575342125,"laptop-windows-x86_experience1.csv, laptop-windows-x86_experience2.csv, laptop-windows-x86_experience3.csv"
platform_comparison,x86,3DES,CBC,128,1024,0.6745828926211139,3.8650756247415607,0.5011718749999999,0.4515234375,0.056858185341714794,"laptop-windows-x86_experience1.csv, laptop-windows-x86_experience2.csv, laptop-windows-x86_experience3.csv"
platform_comparison,x86,3DES,CBC,128,4096,0.7045827751701378,4.539694934876267,0.49666666666666665,0.41117187499999996,0.032948083513828184,"laptop-windows-x86_experience1.csv, laptop-windows-x86_experience2.csv, laptop-windows-x86_experience3.csv"
platform_comparison,x86,3DES,CBC,128,16384,0.7118593860326076,5.20887016937063,0.49755208333333334,0.4441015625,0.011888204495507149,"laptop-windows-x86_experience1.csv, laptop-windows-x86_experience2.csv, laptop-windows-x86_experience3.csv"
platform_comparison,x86,3DES,CBC,192,64,0.5882190860025385,0.6628627132335008,0.5053385416666667,0.42093749999999996,0.048230465501189076,"laptop-windows-x86_experience1.csv, laptop-windows-x86_experience2.csv, laptop-windows-x86_experience3.csv"
platform_comparison,x86,3DES,CBC,192,256,0.6689904512977373,1.9291553383721647,0.49807291666666664,0.44796875,0.059817864641036764,"laptop-windows-x86_experience1.csv, laptop-windows-x86_experience2.csv, laptop-windows-x86_experience3.csv"
platform_comparison,x86,3DES,CBC,192,1024,0.6747036131675263,3.6138474478389746,0.5046354166666667,0.43843750000000004,0.054194178421418326,"laptop-windows-x86_experience1.csv, laptop-windows-x86_experience2.csv, laptop-windows-x86_experience3.csv"
platform_comparison,x86,3DES,CBC,192,4096,0.6758323293685575,4.596633884270258,0.5027343750000001,0.42660156250000003,0.03424788419374784,"laptop-windows-x86_experience1.csv, laptop-windows-x86_experience2.csv, laptop-windows-x86_experience3.csv"
platform_comparison,x86,3DES,CBC,192,16384,0.6993807436923508,4.322023580099254,0.49830729166666665,0.4320703125,0.011533418391206541,"laptop-windows-x86_experience1.csv, laptop-windows-x86_experience2.csv, laptop-windows-x86_experience3.csv"
platform_comparison,x86,3DES,CTR,128,64,0.7995727367812545,0.727769787260702,0.4986979166666667,0.450078125,0.022377378078738224,"laptop-windows-x86_experience1.csv, laptop-windows-x86_experience2.csv, laptop-windows-x86_experience3.csv"
platform_comparison,x86,3DES,CTR,128,256,1.5820874422875555,1.6189054456149357,0.5024479166666667,0.4423046875,0.1072964607804688,"laptop-windows-x86_experience1.csv, laptop-windows-x86_experience2.csv, laptop-windows-x86_experience3.csv"
platform_comparison,x86,3DES,CTR,128,1024,2.6335507132550378,2.8126476007103616,0.49755208333333334,0.431875,0.15640707155370087,"laptop-windows-x86_experience1.csv, laptop-windows-x86_experience2.csv, laptop-windows-x86_experience3.csv"
platform_comparison,x86,3DES,CTR,128,4096,3.2385663903012194,3.168870013383513,0.49687499999999996,0.431171875,0.23347309443646674,"laptop-windows-x86_experience1.csv, laptop-windows-x86_experience2.csv, laptop-windows-x86_experience3.csv"
platform_comparison,x86,3DES,CTR,128,16384,3.0720796618785875,3.1903947155752905,0.5003645833333333,0.433046875,0.08042634971900382,"laptop-windows-x86_experience1.csv, laptop-windows-x86_experience2.csv, laptop-windows-x86_experience3.csv"
platform_comparison,x86,3DES,CTR,192,64,0.5956985264768938,0.609031278546226,0.5006770833333333,0.4390234375,0.038188728325283264,"laptop-windows-x86_experience1.csv, laptop-windows-x86_experience2.csv, laptop-windows-x86_experience3.csv"
platform_comparison,x86,3DES,CTR,192,256,1.6605206495979299,1.6439355591989635,0.498125,0.43609375,0.08721719669495506,"laptop-windows-x86_experience1.csv, laptop-windows-x86_experience2.csv, laptop-windows-x86_experience3.csv"
platform_comparison,x86,3DES,CTR,192,1024,2.584412493002949,2.598886280527059,0.4936979166666667,0.4454296875,0.12101925399456917,"laptop-windows-x86_experience1.csv, laptop-windows-x86_experience2.csv, laptop-windows-x86_experience3.csv"
platform_comparison,x86,3DES,CTR,192,4096,2.86605917623219,2.726785940360982,0.502578125,0.438984375,0.1465065532321397,"laptop-windows-x86_experience1.csv, laptop-windows-x86_experience2.csv, laptop-windows-x86_experience3.csv"
platform_comparison,x86,3DES,CTR,192,16384,3.1976361032792915,3.0153313093628675,0.4965625,0.450390625,0.08143380078976824,"laptop-windows-x86_experience1.csv, laptop-windows-x86_experience2.csv, laptop-windows-x86_experience3.csv"
platform_comparison,x86,3DES,ECB,128,64,0.9417129198180475,0.8592213668412753,0.501328125,0.44332031250000004,0.14824096802038572,"laptop-windows-x86_experience1.csv, laptop-windows-x86_experience2.csv, laptop-windows-x86_experience3.csv"
platform_comparison,x86,3DES,ECB,128,256,3.1835626821879295,3.280650059870179,0.49919270833333335,0.42953125000000003,0.3251502632288717,"laptop-windows-x86_experience1.csv, laptop-windows-x86_experience2.csv, laptop-windows-x86_experience3.csv"
platform_comparison,x86,3DES,ECB,128,1024,7.455937281935779,7.945262291730782,0.503828125,0.45203125,0.5833412045007211,"laptop-windows-x86_experience1.csv, laptop-windows-x86_experience2.csv, laptop-windows-x86_experience3.csv"
platform_comparison,x86,3DES,ECB,128,4096,11.845577067340384,11.969578650987202,0.5034895833333334,0.435,0.43964647494909226,"laptop-windows-x86_experience1.csv, laptop-windows-x86_experience2.csv, laptop-windows-x86_experience3.csv"
platform_comparison,x86,3DES,ECB,128,16384,13.476385376448164,14.167759690693428,0.5047916666666666,0.438828125,0.40145590634620076,"laptop-windows-x86_experience1.csv, laptop-windows-x86_experience2.csv, laptop-windows-x86_experience3.csv"
platform_comparison,x86,3DES,ECB,192,64,0.6744210539297887,0.7407700829300122,0.4992447916666667,0.45699218750000004,0.09031083776658069,"laptop-windows-x86_experience1.csv, laptop-windows-x86_experience2.csv, laptop-windows-x86_experience3.csv"
platform_comparison,x86,3DES,ECB,192,256,2.5222072807292126,2.6221179077805044,0.5013802083333333,0.445546875,0.2359648483480795,"laptop-windows-x86_experience1.csv, laptop-windows-x86_experience2.csv, laptop-windows-x86_experience3.csv"
platform_comparison,x86,3DES,ECB,192,1024,6.759391971545895,6.826579967392679,0.5011458333333333,0.428125,0.46286733612024544,"laptop-windows-x86_experience1.csv, laptop-windows-x86_experience2.csv, laptop-windows-x86_experience3.csv"
platform_comparison,x86,3DES,ECB,192,4096,9.897763286755206,10.609261798963072,0.503984375,0.42671875000000004,0.7317935850414264,"laptop-windows-x86_experience1.csv, laptop-windows-x86_experience2.csv, laptop-windows-x86_experience3.csv"
platform_comparison,x86,3DES,ECB,192,16384,12.72506895400114,13.85858483295489,0.5002343749999999,0.4360546875,0.5452358726254587,"laptop-windows-x86_experience1.csv, laptop-windows-x86_experience2.csv, laptop-windows-x86_experience3.csv"
platform_comparison,x86,AES,CBC,128,64,0.5085753598579963,1.8420849705294504,0.5002734375,0.50048828125,0.02935108709871221,"laptop-windows-x86_experience1.csv, laptop-windows-x86_experience2.csv, laptop-windows-x86_experience3.csv"
platform_comparison,x86,AES,CBC,128,256,0.6348020162754578,4.5588285002147195,0.4998697916666666,0.5011328125,0.02108740599031822,"laptop-windows-x86_experience1.csv, laptop-windows-x86_experience2.csv, laptop-windows-x86_experience3.csv"
platform_comparison,x86,AES,CBC,128,1024,0.6645496082266557,6.556165063441146,0.49613281249999996,0.49947265625000004,0.023966918669591088,"laptop-windows-x86_experience1.csv, laptop-windows-x86_experience2.csv, laptop-windows-x86_experience3.csv"
platform_comparison,x86,AES,CBC,128,4096,0.6848581683416758,6.843434796168514,0.5000520833333333,0.50115234375,0.018366213653308726,"laptop-windows-x86_experience1.csv, laptop-windows-x86_experience2.csv, laptop-windows-x86_experience3.csv"
platform_comparison,x86,AES,CBC,128,16384,0.7130124204322396,7.87695492222419,0.5008072916666667,0.4990234375,0.007026205106417145,"laptop-windows-x86_experience1.csv, laptop-windows-x86_experience2.csv, laptop-windows-x86_experience3.csv"
platform_comparison,x86,AES,CBC,192,64,0.5508164534767035,1.9571817646289125,0.5011979166666667,0.5012109375,0.02847195339764491,"laptop-windows-x86_experience1.csv, laptop-windows-x86_experience2.csv, laptop-windows-x86_experience3.csv"
platform_comparison,x86,AES,CBC,192,256,0.5537787477592485,3.122539236847905,0.4989973958333333,0.50072265625,0.022868627479542093,"laptop-windows-x86_experience1.csv, laptop-windows-x86_experience2.csv, laptop-windows-x86_experience3.csv"
platform_comparison,x86,AES,CBC,192,1024,0.7115011148154599,6.726187620337659,0.5009635416666667,0.50119140625,0.020426952792849114,"laptop-windows-x86_experience1.csv, laptop-windows-x86_experience2.csv, laptop-windows-x86_experience3.csv"
platform_comparison,x86,AES,CBC,192,4096,0.7522006949370829,8.232358314998889,0.49802083333333336,0.49972656249999997,0.005178622680199696,"laptop-windows-x86_experience1.csv, laptop-windows-x86_experience2.csv, laptop-windows-x86_experience3.csv"
platform_comparison,x86,AES,CBC,192,16384,0.7405027989140985,8.68491024432859,0.5026171875,0.5005468750000001,0.013831641734123693,"laptop-windows-x86_experience1.csv, laptop-windows-x86_experience2.csv, laptop-windows-x86_experience3.csv"
platform_comparison,x86,AES,CBC,256,64,0.5458492329611716,1.9942601992561684,0.4971223958333333,0.5021875,0.02085530927224868,"laptop-windows-x86_experience1.csv, laptop-windows-x86_experience2.csv, laptop-windows-x86_experience3.csv"
platform_comparison,x86,AES,CBC,256,256,0.6735367361780695,4.431173282935998,0.500390625,0.49417968749999996,0.023981427515473448,"laptop-windows-x86_experience1.csv, laptop-windows-x86_experience2.csv, laptop-windows-x86_experience3.csv"
platform_comparison,x86,AES,CBC,256,1024,0.7254203299523568,7.165896510071821,0.5008463541666667,0.500390625,0.017116341715991756,"laptop-windows-x86_experience1.csv, laptop-windows-x86_experience2.csv, laptop-windows-x86_experience3.csv"
platform_comparison,x86,AES,CBC,256,4096,0.7463476239136181,8.172974114556487,0.5003385416666667,0.49921875000000004,0.005772764860916968,"laptop-windows-x86_experience1.csv, laptop-windows-x86_experience2.csv, laptop-windows-x86_experience3.csv"
platform_comparison,x86,AES,CBC,256,16384,0.7346370856481274,7.274723157388716,0.5005729166666667,0.500625,0.007664227134836015,"laptop-windows-x86_experience1.csv, laptop-windows-x86_experience2.csv, laptop-windows-x86_experience3.csv"
platform_comparison,x86,AES,CTR,128,64,1.8113060033640693,1.9380803110193472,0.5003385416666667,0.5005078125,0.19127961767250248,"laptop-windows-x86_experience1.csv, laptop-windows-x86_experience2.csv, laptop-windows-x86_experience3.csv"
platform_comparison,x86,AES,CTR,128,256,3.514836505032329,4.176867232983828,0.49709635416666664,0.50119140625,0.14978221400059843,"laptop-windows-x86_experience1.csv, laptop-windows-x86_experience2.csv, laptop-windows-x86_experience3.csv"
platform_comparison,x86,AES,CTR,128,1024,5.585468810327967,5.751597027129681,0.5004817708333333,0.5009375,0.1903185085292366,"laptop-windows-x86_experience1.csv, laptop-windows-x86_experience2.csv, laptop-windows-x86_experience3.csv"
platform_comparison,x86,AES,CTR,128,4096,6.539906493839664,6.709444687136013,0.5000390625,0.4975390625,0.12894845444541064,"laptop-windows-x86_experience1.csv, laptop-windows-x86_experience2.csv, laptop-windows-x86_experience3.csv"
platform_comparison,x86,AES,CTR,128,16384,6.609820950599693,6.851844147364859,0.5009244791666667,0.4970703125,0.21159941070667565,"laptop-windows-x86_experience1.csv, laptop-windows-x86_experience2.csv, laptop-windows-x86_experience3.csv"
platform_comparison,x86,AES,CTR,192,64,1.8299091953866025,1.926308137089389,0.4938151041666667,0.501796875,0.10910482671146511,"laptop-windows-x86_experience1.csv, laptop-windows-x86_experience2.csv, laptop-windows-x86_experience3.csv"
platform_comparison,x86,AES,CTR,192,256,3.7918275873324414,4.177932858986467,0.5024348958333333,0.502890625,0.2627598416505373,"laptop-windows-x86_experience1.csv, laptop-windows-x86_experience2.csv, laptop-windows-x86_experience3.csv"
platform_comparison,x86,AES,CTR,192,1024,5.605701687688434,5.7621639980765,0.49798177083333334,0.50337890625,0.1744864969226837,"laptop-windows-x86_experience1.csv, laptop-windows-x86_experience2.csv, laptop-windows-x86_experience3.csv"
platform_comparison,x86,AES,CTR,192,4096,6.252314266396266,6.102691750731961,0.4979036458333333,0.49865234375,0.3020775931221668,"laptop-windows-x86_experience1.csv, laptop-windows-x86_experience2.csv, laptop-windows-x86_experience3.csv"
platform_comparison,x86,AES,CTR,192,16384,6.537972770791838,6.191715540662282,0.5021223958333333,0.500078125,0.1538799565370688,"laptop-windows-x86_experience1.csv, laptop-windows-x86_experience2.csv, laptop-windows-x86_experience3.csv"
platform_comparison,x86,AES,CTR,256,64,1.8059640023832062,1.6980540026473505,0.4996744791666667,0.4987890625,0.07803406721974206,"laptop-windows-x86_experience1.csv, laptop-windows-x86_experience2.csv, laptop-windows-x86_experience3.csv"
platform_comparison,x86,AES,CTR,256,256,3.7453488335094463,3.7538623330841894,0.5026171875,0.50189453125,0.16300731078937672,"laptop-windows-x86_experience1.csv, laptop-windows-x86_experience2.csv, laptop-windows-x86_experience3.csv"
platform_comparison,x86,AES,CTR,256,1024,4.937101839641391,5.620231657934261,0.49953125,0.50220703125,0.5048804832006344,"laptop-windows-x86_experience1.csv, laptop-windows-x86_experience2.csv, laptop-windows-x86_experience3.csv"
platform_comparison,x86,AES,CTR,256,4096,5.4146175669660375,5.5259040979839185,0.49936197916666664,0.50142578125,0.26569475349715044,"laptop-windows-x86_experience1.csv, laptop-windows-x86_experience2.csv, laptop-windows-x86_experience3.csv"
platform_comparison,x86,AES,CTR,256,16384,6.380408018946137,6.524288834990622,0.49799479166666666,0.50033203125,0.3109340675613466,"laptop-windows-x86_experience1.csv, laptop-windows-x86_experience2.csv, laptop-windows-x86_experience3.csv"
platform_comparison,x86,AES,ECB,128,64,1.320904090012526,3.365788340917611,0.5006380208333333,0.5001822916666666,1.4805804090562324,"laptop-windows-x86_experience1.csv, laptop-windows-x86_experience2.csv, laptop-windows-x86_experience3.csv"
platform_comparison,x86,AES,ECB,128,256,12.429915603978921,14.184133549915563,0.49838541666666664,0.49863281249999997,1.35636376411649,"laptop-windows-x86_experience1.csv, laptop-windows-x86_experience2.csv, laptop-windows-x86_experience3.csv"
platform_comparison,x86,AES,ECB,128,1024,41.97817894547921,49.04714416261576,0.5001302083333333,0.49816406249999995,4.706457825340179,"laptop-windows-x86_experience1.csv, laptop-windows-x86_experience2.csv, laptop-windows-x86_experience3.csv"
platform_comparison,x86,AES,ECB,128,4096,147.60948590363137,168.9675378891426,0.49630208333333337,0.49640625,16.80790901606062,"laptop-windows-x86_experience1.csv, laptop-windows-x86_experience2.csv, laptop-windows-x86_experience3.csv"
platform_comparison,x86,AES,ECB,128,16384,341.1073792938321,538.9698282980561,0.5043619791666667,0.49626953125,26.599019091992584,"laptop-windows-x86_experience1.csv, laptop-windows-x86_experience2.csv, laptop-windows-x86_experience3.csv"
platform_comparison,x86,AES,ECB,192,64,3.328117002300157,3.406349734780356,0.4971744791666666,0.5008984375000001,0.15888059901608895,"laptop-windows-x86_experience1.csv, laptop-windows-x86_experience2.csv, laptop-windows-x86_experience3.csv"
platform_comparison,x86,AES,ECB,192,256,11.172441550995243,12.665823593789908,0.5010546875,0.497265625,0.6454617408535264,"laptop-windows-x86_experience1.csv, laptop-windows-x86_experience2.csv, laptop-windows-x86_experience3.csv"
platform_comparison,x86,AES,ECB,192,1024,40.551153685029924,50.72460695869148,0.49981770833333333,0.4988671875,2.6861727985734527,"laptop-windows-x86_experience1.csv, laptop-windows-x86_experience2.csv, laptop-windows-x86_experience3.csv"
platform_comparison,x86,AES,ECB,192,4096,128.28626856602946,142.61331811777552,0.501640625,0.49771484374999997,11.329259506945837,"laptop-windows-x86_experience1.csv, laptop-windows-x86_experience2.csv, laptop-windows-x86_experience3.csv"
platform_comparison,x86,AES,ECB,192,16384,364.4217335001443,434.0626488136652,0.5005078125,0.5000390625,12.724472124829433,"laptop-windows-x86_experience1.csv, laptop-windows-x86_experience2.csv, laptop-windows-x86_experience3.csv"
platform_comparison,x86,AES,ECB,256,64,3.210146139356425,3.059317476112035,0.5025260416666667,0.49921875000000004,0.1674937720879347,"laptop-windows-x86_experience1.csv, laptop-windows-x86_experience2.csv, laptop-windows-x86_experience3.csv"
platform_comparison,x86,AES,ECB,256,256,11.098708096042808,12.34133691354876,0.5025130208333334,0.50171875,0.9360757873662319,"laptop-windows-x86_experience1.csv, laptop-windows-x86_experience2.csv, laptop-windows-x86_experience3.csv"
platform_comparison,x86,AES,ECB,256,1024,34.85960827209748,41.50178815486254,0.49920572916666667,0.5017578125,2.484016073365847,"laptop-windows-x86_experience1.csv, laptop-windows-x86_experience2.csv, laptop-windows-x86_experience3.csv"
platform_comparison,x86,AES,ECB,256,4096,138.2263223365447,149.7723002517141,0.49936197916666664,0.50283203125,11.279868222413779,"laptop-windows-x86_experience1.csv, laptop-windows-x86_experience2.csv, laptop-windows-x86_experience3.csv"
platform_comparison,x86,AES,ECB,256,16384,368.3148054676824,502.96194061949524,0.5039843749999999,0.50158203125,15.806560588198403,"laptop-windows-x86_experience1.csv, laptop-windows-x86_experience2.csv, laptop-windows-x86_experience3.csv"
platform_comparison,x86,AES,GCM,128,64,0.24175126839867792,0.37912167547957604,0.4988020833333333,0.50064453125,0.23317831378808038,"laptop-windows-x86_experience1.csv, laptop-windows-x86_experience2.csv, laptop-windows-x86_experience3.csv"
platform_comparison,x86,AES,GCM,128,256,2.020265777701423,1.5661457318833687,0.5028385416666666,0.49931640625,0.11833919149411218,"laptop-windows-x86_experience1.csv, laptop-windows-x86_experience2.csv, laptop-windows-x86_experience3.csv"
platform_comparison,x86,AES,GCM,128,1024,7.4834170458765925,5.512050109496781,0.5021354166666666,0.49966796874999997,0.3970879826095884,"laptop-windows-x86_experience1.csv, laptop-windows-x86_experience2.csv, laptop-windows-x86_experience3.csv"
platform_comparison,x86,AES,GCM,128,4096,29.402120588949412,23.76285564238429,0.49667968749999997,0.5034960937499999,2.023103475976728,"laptop-windows-x86_experience1.csv, laptop-windows-x86_experience2.csv, laptop-windows-x86_experience3.csv"
platform_comparison,x86,AES,GCM,128,16384,94.92340821597158,79.30013251713324,0.5015625,0.5001562500000001,6.7265299195387716,"laptop-windows-x86_experience1.csv, laptop-windows-x86_experience2.csv, laptop-windows-x86_experience3.csv"
platform_comparison,x86,AES,GCM,192,64,0.4884902638383297,0.3913413438642461,0.5023307291666667,0.5038281250000001,0.09202544336415068,"laptop-windows-x86_experience1.csv, laptop-windows-x86_experience2.csv, laptop-windows-x86_experience3.csv"
platform_comparison,x86,AES,GCM,192,256,2.1023187055392047,1.5052145584340026,0.5,0.5018750000000001,0.07108957232924874,"laptop-windows-x86_experience1.csv, laptop-windows-x86_experience2.csv, laptop-windows-x86_experience3.csv"
platform_comparison,x86,AES,GCM,192,1024,7.735430210297178,6.166615580920495,0.49921875,0.50185546875,0.5486412332540433,"laptop-windows-x86_experience1.csv, laptop-windows-x86_experience2.csv, laptop-windows-x86_experience3.csv"
platform_comparison,x86,AES,GCM,192,4096,27.244990949946423,23.96746970682373,0.4995833333333333,0.50052734375,3.5112785967559192,"laptop-windows-x86_experience1.csv, laptop-windows-x86_experience2.csv, laptop-windows-x86_experience3.csv"
platform_comparison,x86,AES,GCM,192,16384,96.49579443434568,82.72146394227893,0.4994140624999999,0.49873046875,5.785345469475277,"laptop-windows-x86_experience1.csv, laptop-windows-x86_experience2.csv, laptop-windows-x86_experience3.csv"
platform_comparison,x86,AES,GCM,256,64,0.475039704984111,0.38803658132022445,0.49947916666666664,0.49908203125,0.03659441332534165,"laptop-windows-x86_experience1.csv, laptop-windows-x86_experience2.csv, laptop-windows-x86_experience3.csv"
platform_comparison,x86,AES,GCM,256,256,1.938018561632404,1.6176718616562802,0.4975130208333334,0.50318359375,0.11095885611034376,"laptop-windows-x86_experience1.csv, laptop-windows-x86_experience2.csv, laptop-windows-x86_experience3.csv"
platform_comparison,x86,AES,GCM,256,1024,7.66141843050717,6.106050981746576,0.5041796875000001,0.49982421875,0.4446146910646668,"laptop-windows-x86_experience1.csv, laptop-windows-x86_experience2.csv, laptop-windows-x86_experience3.csv"
platform_comparison,x86,AES,GCM,256,4096,29.054396556506763,23.028747908789626,0.5015104166666666,0.49904296875,1.4805221473122012,"laptop-windows-x86_experience1.csv, laptop-windows-x86_experience2.csv, laptop-windows-x86_experience3.csv"
platform_comparison,x86,AES,GCM,256,16384,99.84017718601172,84.70729815067949,0.497734375,0.49900390625,2.772862329354174,"laptop-windows-x86_experience1.csv, laptop-windows-x86_experience2.csv, laptop-windows-x86_experience3.csv"
platform_comparison,x86,ChaCha20,Stream,256,64,3.2330911403538583,4.183820908497024,0.594951171875,0.5926220703125,0.3379376683866216,"laptop-windows-x86_experience1.csv, laptop-windows-x86_experience2.csv, laptop-windows-x86_experience3.csv"
platform_comparison,x86,ChaCha20,Stream,256,256,14.578740763439468,13.670172506123702,0.594072265625,0.593486328125,1.0106014518183961,"laptop-windows-x86_experience1.csv, laptop-windows-x86_experience2.csv, laptop-windows-x86_experience3.csv"
platform_comparison,x86,ChaCha20,Stream,256,1024,45.80507025323283,48.22778267994488,0.5945068359375,0.5958984375,4.006768104979114,"laptop-windows-x86_experience1.csv, laptop-windows-x86_experience2.csv, laptop-windows-x86_experience3.csv"
platform_comparison,x86,ChaCha20,Stream,256,4096,100.24858389513955,100.7054326720373,0.5954736328125,0.5930126953125,6.377588476909206,"laptop-windows-x86_experience1.csv, laptop-windows-x86_experience2.csv, laptop-windows-x86_experience3.csv"
platform_comparison,x86,ChaCha20,Stream,256,16384,127.14619283634991,135.11749367935104,0.592177734375,0.5935937499999999,5.675876056701444,"laptop-windows-x86_experience1.csv, laptop-windows-x86_experience2.csv, laptop-windows-x86_experience3.csv"
platform_comparison,x86,DES,CBC,64,64,0.285348510722999,1.7777636037789886,0.5015104166666667,0.46406250000000004,0.004349497509402293,"laptop-windows-x86_experience1.csv, laptop-windows-x86_experience2.csv, laptop-windows-x86_experience3.csv"
platform_comparison,x86,DES,CBC,64,256,0.32225471006552525,4.199253841974192,0.4963020833333333,0.4406640625,0.014488484327643802,"laptop-windows-x86_experience1.csv, laptop-windows-x86_experience2.csv, laptop-windows-x86_experience3.csv"
platform_comparison,x86,DES,CBC,64,1024,0.33124921794468537,5.934022991859802,0.5019791666666666,0.4369140625,0.006865373339737475,"laptop-windows-x86_experience1.csv, laptop-windows-x86_experience2.csv, laptop-windows-x86_experience3.csv"
platform_comparison,x86,DES,CBC,64,4096,0.32349806630700567,7.131011718963188,0.49872395833333333,0.441171875,0.006806298317031517,"laptop-windows-x86_experience1.csv, laptop-windows-x86_experience2.csv, laptop-windows-x86_experience3.csv"
platform_comparison,x86,DES,CBC,64,16384,0.301353425471717,7.0336612069280795,0.5005468750000001,0.4305859375,0.016156180525710162,"laptop-windows-x86_experience1.csv, laptop-windows-x86_experience2.csv, laptop-windows-x86_experience3.csv"
platform_comparison,x86,DES,CTR,64,64,1.4868771530399378,1.5856626443358188,0.500859375,0.450546875,0.09372413327003211,"laptop-windows-x86_experience1.csv, laptop-windows-x86_experience2.csv, laptop-windows-x86_experience3.csv"
platform_comparison,x86,DES,CTR,64,256,2.843576435985018,3.0165162032511805,0.4968489583333333,0.4380078125,0.16731856592044328,"laptop-windows-x86_experience1.csv, laptop-windows-x86_experience2.csv, laptop-windows-x86_experience3.csv"
platform_comparison,x86,DES,CTR,64,1024,3.962440022034597,4.194496690595242,0.503828125,0.44253906249999997,0.3684915744046149,"laptop-windows-x86_experience1.csv, laptop-windows-x86_experience2.csv, laptop-windows-x86_experience3.csv"
platform_comparison,x86,DES,CTR,64,4096,4.49140191256026,3.750691685141527,0.5036197916666666,0.42683593750000004,0.21523942827466577,"laptop-windows-x86_experience1.csv, laptop-windows-x86_experience2.csv, laptop-windows-x86_experience3.csv"
platform_comparison,x86,DES,CTR,64,16384,4.82963199678738,4.972296315630042,0.49802083333333336,0.4223828125,0.14057012483328504,"laptop-windows-x86_experience1.csv, laptop-windows-x86_experience2.csv, laptop-windows-x86_experience3.csv"
platform_comparison,x86,DES,ECB,64,64,2.4032229615911795,2.3959439639412206,0.4961458333333333,0.4381640625,0.3773538703800052,"laptop-windows-x86_experience1.csv, laptop-windows-x86_experience2.csv, laptop-windows-x86_experience3.csv"
platform_comparison,x86,DES,ECB,64,256,8.583227313748246,8.413686774046086,0.49890624999999994,0.4298046875,0.726274855519527,"laptop-windows-x86_experience1.csv, laptop-windows-x86_experience2.csv, laptop-windows-x86_experience3.csv"
platform_comparison,x86,DES,ECB,64,1024,19.839566859679707,21.326710009431995,0.5009895833333333,0.43265624999999996,1.5666112078438617,"laptop-windows-x86_experience1.csv, laptop-windows-x86_experience2.csv, laptop-windows-x86_experience3.csv"
platform_comparison,x86,DES,ECB,64,4096,33.721951035987196,35.52733013017786,0.49765624999999997,0.4478125,0.9890087842816622,"laptop-windows-x86_experience1.csv, laptop-windows-x86_experience2.csv, laptop-windows-x86_experience3.csv"
platform_comparison,x86,DES,ECB,64,16384,41.11884134136621,42.652773095687074,0.5017447916666666,0.45394531250000003,1.353851317622792,"laptop-windows-x86_experience1.csv, laptop-windows-x86_experience2.csv, laptop-windows-x86_experience3.csv"
platform_comparison,x86,Twofish,CBC,128,64,1.188592514757588,1.446302137757167,0.502109375,0.5035546875,0.05407036788673125,"laptop-windows-x86_experience1.csv, laptop-windows-x86_experience2.csv, laptop-windows-x86_experience3.csv"
platform_comparison,x86,Twofish,CBC,128,256,1.5030016069570913,1.9590267151760898,0.4994401041666667,0.49900390625,0.06397993180399866,"laptop-windows-x86_experience1.csv, laptop-windows-x86_experience2.csv, laptop-windows-x86_experience3.csv"
platform_comparison,x86,Twofish,CBC,128,1024,1.5082815121743707,2.1429055238470576,0.4981380208333333,0.5005859375,0.07820913159176462,"laptop-windows-x86_experience1.csv, laptop-windows-x86_experience2.csv, laptop-windows-x86_experience3.csv"
platform_comparison,x86,Twofish,CBC,128,4096,1.6565630621696152,2.0997543099069857,0.501796875,0.49957031250000006,0.03779080755054938,"laptop-windows-x86_experience1.csv, laptop-windows-x86_experience2.csv, laptop-windows-x86_experience3.csv"
platform_comparison,x86,Twofish,CBC,128,16384,1.5752308366411798,2.107753057905472,0.49822916666666667,0.49736328124999996,0.2850357542456906,"laptop-windows-x86_experience1.csv, laptop-windows-x86_experience2.csv, laptop-windows-x86_experience3.csv"
platform_comparison,x86,Twofish,CBC,192,64,1.1144303821982924,1.304305610921902,0.5007291666666667,0.499296875,0.03751504551038113,"laptop-windows-x86_experience1.csv, laptop-windows-x86_experience2.csv, laptop-windows-x86_experience3.csv"
platform_comparison,x86,Twofish,CBC,192,256,1.3647007231302741,1.802778363124937,0.49776041666666665,0.49923828125,0.07138245113305722,"laptop-windows-x86_experience1.csv, laptop-windows-x86_experience2.csv, laptop-windows-x86_experience3.csv"
platform_comparison,x86,Twofish,CBC,192,1024,1.5032008578059581,1.868277823440318,0.4995442708333333,0.49896484375,0.06524012637830393,"laptop-windows-x86_experience1.csv, laptop-windows-x86_experience2.csv, laptop-windows-x86_experience3.csv"
platform_comparison,x86,Twofish,CBC,192,4096,1.559039904494292,2.020253998848672,0.5022395833333334,0.50099609375,0.04458344779309577,"laptop-windows-x86_experience1.csv, laptop-windows-x86_experience2.csv, laptop-windows-x86_experience3.csv"
platform_comparison,x86,Twofish,CBC,192,16384,1.6949135879787611,2.1766326766217134,0.5014192708333334,0.5021875,0.026127597822593173,"laptop-windows-x86_experience1.csv, laptop-windows-x86_experience2.csv, laptop-windows-x86_experience3.csv"
platform_comparison,x86,Twofish,CBC,256,64,1.135270254170081,1.2607262941989539,0.5001822916666666,0.5009765625,0.08788215442706238,"laptop-windows-x86_experience1.csv, laptop-windows-x86_experience2.csv, laptop-windows-x86_experience3.csv"
platform_comparison,x86,Twofish,CBC,256,256,1.4757235466176004,1.8416631059213817,0.49993489583333334,0.499140625,0.07521635364494562,"laptop-windows-x86_experience1.csv, laptop-windows-x86_experience2.csv, laptop-windows-x86_experience3.csv"
platform_comparison,x86,Twofish,CBC,256,1024,1.5090903339002226,1.9744899931897173,0.4996354166666667,0.499375,0.07123481045750776,"laptop-windows-x86_experience1.csv, laptop-windows-x86_experience2.csv, laptop-windows-x86_experience3.csv"
platform_comparison,x86,Twofish,CBC,256,4096,1.6518256486076683,2.0823048742271717,0.49834635416666667,0.49933593750000005,0.0431064021278939,"laptop-windows-x86_experience1.csv, laptop-windows-x86_experience2.csv, laptop-windows-x86_experience3.csv"
platform_comparison,x86,Twofish,CBC,256,16384,1.6538970145375644,2.0448768143211717,0.495546875,0.49960937499999997,0.07297234985802081,"laptop-windows-x86_experience1.csv, laptop-windows-x86_experience2.csv, laptop-windows-x86_experience3.csv"
platform_comparison,x86,Twofish,CTR,128,64,1.4824754406732545,1.5171963454611426,0.5015364583333334,0.500234375,0.0958170753327923,"laptop-windows-x86_experience1.csv, laptop-windows-x86_experience2.csv, laptop-windows-x86_experience3.csv"
platform_comparison,x86,Twofish,CTR,128,256,1.8400011844913742,1.8592506460175915,0.5012890625,0.5001171875,0.10162419767653544,"laptop-windows-x86_experience1.csv, laptop-windows-x86_experience2.csv, laptop-windows-x86_experience3.csv"
platform_comparison,x86,Twofish,CTR,128,1024,1.8791846893232054,1.9750374304348453,0.5000520833333334,0.49943359374999996,0.11978056182901135,"laptop-windows-x86_experience1.csv, laptop-windows-x86_experience2.csv, laptop-windows-x86_experience3.csv"
platform_comparison,x86,Twofish,CTR,128,4096,2.0161256542160566,1.992450223276667,0.49975260416666667,0.4968359375,0.03965401329836411,"laptop-windows-x86_experience1.csv, laptop-windows-x86_experience2.csv, laptop-windows-x86_experience3.csv"
platform_comparison,x86,Twofish,CTR,128,16384,2.0633056555163547,2.0497489087175116,0.5002864583333333,0.49990234375,0.019384873390716248,"laptop-windows-x86_experience1.csv, laptop-windows-x86_experience2.csv, laptop-windows-x86_experience3.csv"
platform_comparison,x86,Twofish,CTR,192,64,1.5766781620059394,1.6286553310336664,0.49972656249999997,0.50060546875,0.12692351295391693,"laptop-windows-x86_experience1.csv, laptop-windows-x86_experience2.csv, laptop-windows-x86_experience3.csv"
platform_comparison,x86,Twofish,CTR,192,256,1.6839562332570324,1.7925204051982677,0.4981380208333333,0.500390625,0.10524600428677641,"laptop-windows-x86_experience1.csv, laptop-windows-x86_experience2.csv, laptop-windows-x86_experience3.csv"
platform_comparison,x86,Twofish,CTR,192,1024,1.9589691612716946,2.0113230255872363,0.5008984375,0.5016796875,0.06022436655151296,"laptop-windows-x86_experience1.csv, laptop-windows-x86_experience2.csv, laptop-windows-x86_experience3.csv"
platform_comparison,x86,Twofish,CTR,192,4096,2.0258576943243143,2.025834528524157,0.501796875,0.505234375,0.07081917089816632,"laptop-windows-x86_experience1.csv, laptop-windows-x86_experience2.csv, laptop-windows-x86_experience3.csv"
platform_comparison,x86,Twofish,CTR,192,16384,1.953106365409658,2.0095089787530935,0.5007291666666667,0.50072265625,0.02547316021250623,"laptop-windows-x86_experience1.csv, laptop-windows-x86_experience2.csv, laptop-windows-x86_experience3.csv"
platform_comparison,x86,Twofish,CTR,256,64,1.615470958380045,1.450474328358302,0.49885416666666665,0.499453125,0.16863727633203401,"laptop-windows-x86_experience1.csv, laptop-windows-x86_experience2.csv, laptop-windows-x86_experience3.csv"
platform_comparison,x86,Twofish,CTR,256,256,1.7749965954670124,1.8077533463871591,0.49907552083333334,0.50267578125,0.1275753713449869,"laptop-windows-x86_experience1.csv, laptop-windows-x86_experience2.csv, laptop-windows-x86_experience3.csv"
platform_comparison,x86,Twofish,CTR,256,1024,1.8645626834569746,1.9563324284483696,0.49877604166666667,0.49978515625,0.11883225276758394,"laptop-windows-x86_experience1.csv, laptop-windows-x86_experience2.csv, laptop-windows-x86_experience3.csv"
platform_comparison,x86,Twofish,CTR,256,4096,1.9744642149418776,1.952474023132086,0.499453125,0.5009765625,0.0726446737737976,"laptop-windows-x86_experience1.csv, laptop-windows-x86_experience2.csv, laptop-windows-x86_experience3.csv"
platform_comparison,x86,Twofish,CTR,256,16384,1.923497379456043,1.8745192483795403,0.49829427083333333,0.4996875,0.036328476928558895,"laptop-windows-x86_experience1.csv, laptop-windows-x86_experience2.csv, laptop-windows-x86_experience3.csv"
platform_comparison,x86,Twofish,ECB,128,64,1.6280960454811728,1.9085678144065141,0.4974348958333333,0.50158203125,0.16041602616244927,"laptop-windows-x86_experience1.csv, laptop-windows-x86_experience2.csv, laptop-windows-x86_experience3.csv"
platform_comparison,x86,Twofish,ECB,128,256,2.2902804861460813,2.1158400803099258,0.498828125,0.50302734375,0.10298377253097793,"laptop-windows-x86_experience1.csv, laptop-windows-x86_experience2.csv, laptop-windows-x86_experience3.csv"
platform_comparison,x86,Twofish,ECB,128,1024,2.1366145987572436,2.1909666504551666,0.5002604166666667,0.49958984375,0.20248846673127535,"laptop-windows-x86_experience1.csv, laptop-windows-x86_experience2.csv, laptop-windows-x86_experience3.csv"
platform_comparison,x86,Twofish,ECB,128,4096,2.313866676744556,2.257241765142387,0.49832031250000003,0.5035546875,0.10430215865712866,"laptop-windows-x86_experience1.csv, laptop-windows-x86_experience2.csv, laptop-windows-x86_experience3.csv"
platform_comparison,x86,Twofish,ECB,128,16384,2.214541415653948,2.4570858992562363,0.5015755208333333,0.49941406250000003,0.41650376421135143,"laptop-windows-x86_experience1.csv, laptop-windows-x86_experience2.csv, laptop-windows-x86_experience3.csv"
platform_comparison,x86,Twofish,ECB,192,64,1.957533131564212,1.8429736629291895,0.5003515625,0.50111328125,0.18325563428950103,"laptop-windows-x86_experience1.csv, laptop-windows-x86_experience2.csv, laptop-windows-x86_experience3.csv"
platform_comparison,x86,Twofish,ECB,192,256,2.3844861069457335,2.4115450852682483,0.493828125,0.5001171875,0.13700859291609896,"laptop-windows-x86_experience1.csv, laptop-windows-x86_experience2.csv, laptop-windows-x86_experience3.csv"
platform_comparison,x86,Twofish,ECB,192,1024,1.9927574818198714,2.335358957378744,0.5040625,0.50166015625,0.1687278385190843,"laptop-windows-x86_experience1.csv, laptop-windows-x86_experience2.csv, laptop-windows-x86_experience3.csv"
platform_comparison,x86,Twofish,ECB,192,4096,2.3306271077901237,2.456680888973208,0.4991796875,0.5003124999999999,0.13700248044053645,"laptop-windows-x86_experience1.csv, laptop-windows-x86_experience2.csv, laptop-windows-x86_experience3.csv"
platform_comparison,x86,Twofish,ECB,192,16384,2.162116781746011,2.1932998996869597,0.49774739583333333,0.50060546875,0.15270550882159992,"laptop-windows-x86_experience1.csv, laptop-windows-x86_experience2.csv, laptop-windows-x86_experience3.csv"
platform_comparison,x86,Twofish,ECB,256,64,1.6469438975540782,2.0311173404457263,0.49929687500000003,0.5009765625,0.17829225266297805,"laptop-windows-x86_experience1.csv, laptop-windows-x86_experience2.csv, laptop-windows-x86_experience3.csv"
platform_comparison,x86,Twofish,ECB,256,256,2.3453834013285246,2.180827912230052,0.497734375,0.5016015625,0.10704348807234779,"laptop-windows-x86_experience1.csv, laptop-windows-x86_experience2.csv, laptop-windows-x86_experience3.csv"
platform_comparison,x86,Twofish,ECB,256,1024,2.245822718366243,2.1954775172112617,0.5028645833333333,0.5015234375,0.14765724598952448,"laptop-windows-x86_experience1.csv, laptop-windows-x86_experience2.csv, laptop-windows-x86_experience3.csv"
platform_comparison,x86,Twofish,ECB,256,4096,2.444563559793269,2.2771009965939366,0.4984114583333333,0.499765625,0.09611433856668264,"laptop-windows-x86_experience1.csv, laptop-windows-x86_experience2.csv, laptop-windows-x86_experience3.csv"
platform_comparison,x86,Twofish,ECB,256,16384,2.574153332396237,2.637157320380321,0.5000390625000001,0.5016796875,0.07916682290641511,"laptop-windows-x86_experience1.csv, laptop-windows-x86_experience2.csv, laptop-windows-x86_experience3.csv"
platform_comparison,raspberry_pi,3DES,CBC,128,64,0.3815276348401993,0.3148928848200308,0.49809895833333334,0.43682291666666667,0.010254095554739719,"raspberry-pi_experience1.csv, raspberry-pi_experience2.csv, raspberry-pi_experience3.csv"
platform_comparison,raspberry_pi,3DES,CBC,128,256,0.42797349416503433,0.9183219774297552,0.501796875,0.4437760416666667,0.010048315671199159,"raspberry-pi_experience1.csv, raspberry-pi_experience2.csv, raspberry-pi_experience3.csv"
platform_comparison,raspberry_pi,3DES,CBC,128,1024,0.45314871368517623,1.9507975845609336,0.49736979166666667,0.4318489583333333,0.008571162843282158,"raspberry-pi_experience1.csv, raspberry-pi_experience2.csv, raspberry-pi_experience3.csv"
platform_comparison,raspberry_pi,3DES,CBC,128,4096,0.4803257706545319,2.919705932923557,0.5028385416666666,0.42578125,0.0022235173839061113,"raspberry-pi_experience1.csv, raspberry-pi_experience2.csv, raspberry-pi_experience3.csv"
platform_comparison,raspberry_pi,3DES,CBC,128,16384,0.4886419569772889,3.605178362951411,0.5006770833333333,0.44078124999999996,0.0009370416817810872,"raspberry-pi_experience1.csv, raspberry-pi_experience2.csv, raspberry-pi_experience3.csv"
platform_comparison,raspberry_pi,3DES,CBC,192,64,0.3845971394685533,0.2713775483922727,0.4993489583333333,0.42802083333333335,0.010032553699047552,"raspberry-pi_experience1.csv, raspberry-pi_experience2.csv, raspberry-pi_experience3.csv"
platform_comparison,raspberry_pi,3DES,CBC,192,256,0.4423445823706376,0.8276899521402487,0.4927083333333333,0.435625,0.007570652608202981,"raspberry-pi_experience1.csv, raspberry-pi_experience2.csv, raspberry-pi_experience3.csv"
platform_comparison,raspberry_pi,3DES,CBC,192,1024,0.4666243132138484,1.822694161350346,0.5025000000000001,0.43700520833333334,0.003963020597206581,"raspberry-pi_experience1.csv, raspberry-pi_experience2.csv, raspberry-pi_experience3.csv"
platform_comparison,raspberry_pi,3DES,CBC,192,4096,0.4806177304084511,2.861440217475677,0.5027343750000001,0.44328125,0.0021934866435462156,"raspberry-pi_experience1.csv, raspberry-pi_experience2.csv, raspberry-pi_experience3.csv"
platform_comparison,raspberry_pi,3DES,CBC,192,16384,0.4877696524678578,3.5970145940494436,0.498828125,0.44007812500000004,0.001144975434794817,"raspberry-pi_experience1.csv, raspberry-pi_experience2.csv, raspberry-pi_experience3.csv"
platform_comparison,raspberry_pi,3DES,CTR,128,64,0.3005463454178643,0.30117515751269147,0.4990885416666666,0.4492708333333333,0.009036110391595504,"raspberry-pi_experience1.csv, raspberry-pi_experience2.csv, raspberry-pi_experience3.csv"
platform_comparison,raspberry_pi,3DES,CTR,128,256,0.8092175718500892,0.8365678741870285,0.501328125,0.44018229166666667,0.031367794439896034,"raspberry-pi_experience1.csv, raspberry-pi_experience2.csv, raspberry-pi_experience3.csv"
platform_comparison,raspberry_pi,3DES,CTR,128,1024,1.6102625385691354,1.6118953577016697,0.5008854166666666,0.44039062500000004,0.03615707208241923,"raspberry-pi_experience1.csv, raspberry-pi_experience2.csv, raspberry-pi_experience3.csv"
platform_comparison,raspberry_pi,3DES,CTR,128,4096,2.24842041533612,2.2560716302652835,0.5033333333333333,0.43333333333333335,0.029648564967901206,"raspberry-pi_experience1.csv, raspberry-pi_experience2.csv, raspberry-pi_experience3.csv"
platform_comparison,raspberry_pi,3DES,CTR,128,16384,2.634493008113841,2.651541786609801,0.5002083333333334,0.4304427083333333,0.024490350457835486,"raspberry-pi_experience1.csv, raspberry-pi_experience2.csv, raspberry-pi_experience3.csv"
platform_comparison,raspberry_pi,3DES,CTR,192,64,0.26260351266202436,0.2556185072631721,0.5033593749999999,0.43432291666666667,0.011944518811263724,"raspberry-pi_experience1.csv, raspberry-pi_experience2.csv, raspberry-pi_experience3.csv"
platform_comparison,raspberry_pi,3DES,CTR,192,256,0.7540625963144348,0.7644565318854198,0.5011197916666666,0.4390885416666667,0.026560203012020892,"raspberry-pi_experience1.csv, raspberry-pi_experience2.csv, raspberry-pi_experience3.csv"
platform_comparison,raspberry_pi,3DES,CTR,192,1024,1.4631869869411338,1.4841553179916993,0.50046875,0.4315625,0.03670138491002437,"raspberry-pi_experience1.csv, raspberry-pi_experience2.csv, raspberry-pi_experience3.csv"
platform_comparison,raspberry_pi,3DES,CTR,192,4096,2.242977855445337,2.2437261063470073,0.49742187499999996,0.4441927083333333,0.03174733151068109,"raspberry-pi_experience1.csv, raspberry-pi_experience2.csv, raspberry-pi_experience3.csv"
platform_comparison,raspberry_pi,3DES,CTR,192,16384,2.623888173623597,2.635509663143629,0.49742187499999996,0.43278645833333335,0.024724955035237767,"raspberry-pi_experience1.csv, raspberry-pi_experience2.csv, raspberry-pi_experience3.csv"
platform_comparison,raspberry_pi,3DES,ECB,128,64,0.38685232354704063,0.40381102209592123,0.49765624999999997,0.43953125,0.01390520962301964,"raspberry-pi_experience1.csv, raspberry-pi_experience2.csv, raspberry-pi_experience3.csv"
platform_comparison,raspberry_pi,3DES,ECB,128,256,1.3523590824303178,1.3905319600327146,0.4985677083333333,0.4361458333333334,0.04749832188565815,"raspberry-pi_experience1.csv, raspberry-pi_experience2.csv, raspberry-pi_experience3.csv"
platform_comparison,raspberry_pi,3DES,ECB,128,1024,3.404891693860448,3.683668170275599,0.502265625,0.44250000000000006,0.10243080625496381,"raspberry-pi_experience1.csv, raspberry-pi_experience2.csv, raspberry-pi_experience3.csv"
platform_comparison,raspberry_pi,3DES,ECB,128,4096,6.6172263655059,6.789571001414253,0.499453125,0.45174479166666665,0.1625637371412205,"raspberry-pi_experience1.csv, raspberry-pi_experience2.csv, raspberry-pi_experience3.csv"
platform_comparison,raspberry_pi,3DES,ECB,128,16384,9.062941689190726,9.394209455644338,0.5004947916666667,0.43953125,0.13912125928182487,"raspberry-pi_experience1.csv, raspberry-pi_experience2.csv, raspberry-pi_experience3.csv"
platform_comparison,raspberry_pi,3DES,ECB,192,64,0.321204323116466,0.324451575415589,0.50140625,0.4259114583333334,0.011095943414101778,"raspberry-pi_experience1.csv, raspberry-pi_experience2.csv, raspberry-pi_experience3.csv"
platform_comparison,raspberry_pi,3DES,ECB,192,256,1.1027087316226718,1.173625645245504,0.49796875,0.444140625,0.03698105109503446,"raspberry-pi_experience1.csv, raspberry-pi_experience2.csv, raspberry-pi_experience3.csv"
platform_comparison,raspberry_pi,3DES,ECB,192,1024,3.208928615228602,3.271754671355012,0.5026302083333333,0.4295572916666666,0.10360676243608603,"raspberry-pi_experience1.csv, raspberry-pi_experience2.csv, raspberry-pi_experience3.csv"
platform_comparison,raspberry_pi,3DES,ECB,192,4096,6.3998689465880645,6.528646326414545,0.49802083333333336,0.4483333333333333,0.14093490943763562,"raspberry-pi_experience1.csv, raspberry-pi_experience2.csv, raspberry-pi_experience3.csv"
platform_comparison,raspberry_pi,3DES,ECB,192,16384,8.832896111748836,9.152135944672558,0.49523437499999995,0.45031250000000006,0.13899838366117803,"raspberry-pi_experience1.csv, raspberry-pi_experience2.csv, raspberry-pi_experience3.csv"
platform_comparison,raspberry_pi,AES,CBC,128,64,0.25096149912207516,0.8994594261123284,0.5008333333333334,0.49807291666666664,0.0074535427678053085,"raspberry-pi_experience1.csv, raspberry-pi_experience2.csv, raspberry-pi_experience3.csv"
platform_comparison,raspberry_pi,AES,CBC,128,256,0.31369876547576997,2.5677417176659545,0.49847656250000005,0.49930989583333335,0.00659935432392702,"raspberry-pi_experience1.csv, raspberry-pi_experience2.csv, raspberry-pi_experience3.csv"
platform_comparison,raspberry_pi,AES,CBC,128,1024,0.34115112022739763,3.44417667101631,0.5024348958333333,0.4994401041666667,0.003379063454702107,"raspberry-pi_experience1.csv, raspberry-pi_experience2.csv, raspberry-pi_experience3.csv"
platform_comparison,raspberry_pi,AES,CBC,128,4096,0.336829145855583,4.50256514582542,0.49989583333333326,0.49927083333333333,0.004054442492047463,"raspberry-pi_experience1.csv, raspberry-pi_experience2.csv, raspberry-pi_experience3.csv"
platform_comparison,raspberry_pi,AES,CBC,128,16384,0.360119168192843,5.648721881156182,0.5007031249999999,0.49921875,0.006128385513596329,"raspberry-pi_experience1.csv, raspberry-pi_experience2.csv, raspberry-pi_experience3.csv"
platform_comparison,raspberry_pi,AES,CBC,192,64,0.27995444925441987,1.0762806382682262,0.49861979166666665,0.5024609375,0.005449420948164681,"raspberry-pi_experience1.csv, raspberry-pi_experience2.csv, raspberry-pi_experience3.csv"
platform_comparison,raspberry_pi,AES,CBC,192,256,0.3430606823909466,2.745546953287567,0.501484375,0.49808593749999996,0.0022561922722860307,"raspberry-pi_experience1.csv, raspberry-pi_experience2.csv, raspberry-pi_experience3.csv"
platform_comparison,raspberry_pi,AES,CBC,192,1024,0.3624449573282888,4.174685397725077,0.4986067708333333,0.49937499999999996,0.003397082681482744,"raspberry-pi_experience1.csv, raspberry-pi_experience2.csv, raspberry-pi_experience3.csv"
platform_comparison,raspberry_pi,AES,CBC,192,4096,0.37334809753899156,5.080791804379945,0.5010026041666666,0.49983072916666665,0.0013898898866930767,"raspberry-pi_experience1.csv, raspberry-pi_experience2.csv, raspberry-pi_experience3.csv"
platform_comparison,raspberry_pi,AES,CBC,192,16384,0.3793289638482861,5.590918247630434,0.5006380208333333,0.50015625,0.0004529116557129983,"raspberry-pi_experience1.csv, raspberry-pi_experience2.csv, raspberry-pi_experience3.csv"
platform_comparison,raspberry_pi,AES,CBC,256,64,0.27907569917532615,1.0633385869648395,0.4988932291666666,0.5019401041666667,0.004094557532467818,"raspberry-pi_experience1.csv, raspberry-pi_experience2.csv, raspberry-pi_experience3.csv"
platform_comparison,raspberry_pi,AES,CBC,256,256,0.3402105210968156,2.7013498906729656,0.49973958333333335,0.49907552083333334,0.002927472196435107,"raspberry-pi_experience1.csv, raspberry-pi_experience2.csv, raspberry-pi_experience3.csv"
platform_comparison,raspberry_pi,AES,CBC,256,1024,0.361615001099733,4.13739051757097,0.50234375,0.49777343749999997,0.0019677071834168116,"raspberry-pi_experience1.csv, raspberry-pi_experience2.csv, raspberry-pi_experience3.csv"
platform_comparison,raspberry_pi,AES,CBC,256,4096,0.36343203688585707,4.536847324706282,0.4986328125000001,0.4955338541666667,0.002362813015849883,"raspberry-pi_experience1.csv, raspberry-pi_experience2.csv, raspberry-pi_experience3.csv"
platform_comparison,raspberry_pi,AES,CBC,256,16384,0.37126656579119494,5.269468903333305,0.5009895833333333,0.4998046875,0.0019334466763810945,"raspberry-pi_experience1.csv, raspberry-pi_experience2.csv, raspberry-pi_experience3.csv"
platform_comparison,raspberry_pi,AES,CTR,128,64,0.8881865603498721,0.9277011227370936,0.4994791666666667,0.50171875,0.06911391377988421,"raspberry-pi_experience1.csv, raspberry-pi_experience2.csv, raspberry-pi_experience3.csv"
platform_comparison,raspberry_pi,AES,CTR,128,256,1.959307367545067,1.9468806239340488,0.5001041666666667,0.4988932291666666,0.12386494090700749,"raspberry-pi_experience1.csv, raspberry-pi_experience2.csv, raspberry-pi_experience3.csv"
platform_comparison,raspberry_pi,AES,CTR,128,1024,2.789468826570116,2.6937451878993453,0.4973958333333333,0.49920572916666667,0.25916885083094626,"raspberry-pi_experience1.csv, raspberry-pi_experience2.csv, raspberry-pi_experience3.csv"
platform_comparison,raspberry_pi,AES,CTR,128,4096,3.7757093859622834,3.7728368474682754,0.5021484374999999,0.5009635416666667,0.06878382057013653,"raspberry-pi_experience1.csv, raspberry-pi_experience2.csv, raspberry-pi_experience3.csv"
platform_comparison,raspberry_pi,AES,CTR,128,16384,4.089123390731354,4.141744248279715,0.49824218750000004,0.501640625,0.02954896934856158,"raspberry-pi_experience1.csv, raspberry-pi_experience2.csv, raspberry-pi_experience3.csv"
platform_comparison,raspberry_pi,AES,CTR,192,64,0.9546702475580459,0.9467048964105805,0.503046875,0.4997786458333333,0.042302101088599324,"raspberry-pi_experience1.csv, raspberry-pi_experience2.csv, raspberry-pi_experience3.csv"
platform_comparison,raspberry_pi,AES,CTR,192,256,2.071142147979659,2.1110130383082586,0.49904947916666664,0.5011848958333333,0.10571081777723716,"raspberry-pi_experience1.csv, raspberry-pi_experience2.csv, raspberry-pi_experience3.csv"
platform_comparison,raspberry_pi,AES,CTR,192,1024,3.231759728196287,3.215810155119225,0.5012369791666668,0.5005729166666667,0.07519598912841254,"raspberry-pi_experience1.csv, raspberry-pi_experience2.csv, raspberry-pi_experience3.csv"
platform_comparison,raspberry_pi,AES,CTR,192,4096,3.3992058527936284,3.380998535887769,0.49966145833333336,0.49890625000000005,0.08599079404172509,"raspberry-pi_experience1.csv, raspberry-pi_experience2.csv, raspberry-pi_experience3.csv"
platform_comparison,raspberry_pi,AES,CTR,192,16384,3.8121431285091307,3.8733299818051883,0.4985677083333333,0.4993880208333333,0.05802138440468319,"raspberry-pi_experience1.csv, raspberry-pi_experience2.csv, raspberry-pi_experience3.csv"
platform_comparison,raspberry_pi,AES,CTR,256,64,0.9170134156854374,0.8938390376575822,0.49796875,0.5003776041666667,0.059326150271845825,"raspberry-pi_experience1.csv, raspberry-pi_experience2.csv, raspberry-pi_experience3.csv"
platform_comparison,raspberry_pi,AES,CTR,256,256,1.944777713970586,2.0995887427401576,0.49734375000000003,0.49997395833333336,0.1040075152967281,"raspberry-pi_experience1.csv, raspberry-pi_experience2.csv, raspberry-pi_experience3.csv"
platform_comparison,raspberry_pi,AES,CTR,256,1024,2.736534097782375,2.7337272299093196,0.49906249999999996,0.5002734375,0.07977141012549675,"raspberry-pi_experience1.csv, raspberry-pi_experience2.csv, raspberry-pi_experience3.csv"
platform_comparison,raspberry_pi,AES,CTR,256,4096,3.394220318112291,3.428096827859735,0.5010677083333334,0.501953125,0.05854900951435497,"raspberry-pi_experience1.csv, raspberry-pi_experience2.csv, raspberry-pi_experience3.csv"
platform_comparison,raspberry_pi,AES,CTR,256,16384,3.8096691116404706,3.8699392051221886,0.5012630208333334,0.4995442708333333,0.048433307041852086,"raspberry-pi_experience1.csv, raspberry-pi_experience2.csv, raspberry-pi_experience3.csv"
platform_comparison,raspberry_pi,AES,ECB,128,64,0.902432902042273,1.5173073977304068,0.4975911458333333,0.4970833333333333,0.6298310886184025,"raspberry-pi_experience1.csv, raspberry-pi_experience2.csv, raspberry-pi_experience3.csv"
platform_comparison,raspberry_pi,AES,ECB,128,256,4.772972568406112,6.066775294932953,0.5018359375,0.497578125,0.5831108782946949,"raspberry-pi_experience1.csv, raspberry-pi_experience2.csv, raspberry-pi_experience3.csv"
platform_comparison,raspberry_pi,AES,ECB,128,1024,17.610373653444935,18.371670360756653,0.4996875,0.4976302083333333,1.243308124993978,"raspberry-pi_experience1.csv, raspberry-pi_experience2.csv, raspberry-pi_experience3.csv"
platform_comparison,raspberry_pi,AES,ECB,128,4096,36.789659616131665,44.34365163251965,0.4974869791666667,0.4991015625,3.3123216386316336,"raspberry-pi_experience1.csv, raspberry-pi_experience2.csv, raspberry-pi_experience3.csv"
platform_comparison,raspberry_pi,AES,ECB,128,16384,53.94723447693442,67.48177742810725,0.5013151041666667,0.4998567708333333,1.8606413648915066,"raspberry-pi_experience1.csv, raspberry-pi_experience2.csv, raspberry-pi_experience3.csv"
platform_comparison,raspberry_pi,AES,ECB,192,64,1.4793389825955734,1.584163718576493,0.500390625,0.5004817708333333,0.09053419707327638,"raspberry-pi_experience1.csv, raspberry-pi_experience2.csv, raspberry-pi_experience3.csv"
platform_comparison,raspberry_pi,AES,ECB,192,256,5.53380328524081,5.981507939346659,0.5006640625,0.5005078125,0.3447102830947238,"raspberry-pi_experience1.csv, raspberry-pi_experience2.csv, raspberry-pi_experience3.csv"
platform_comparison,raspberry_pi,AES,ECB,192,1024,17.964150746407768,18.30148752799636,0.5011067708333333,0.5002083333333334,0.8687110838155196,"raspberry-pi_experience1.csv, raspberry-pi_experience2.csv, raspberry-pi_experience3.csv"
platform_comparison,raspberry_pi,AES,ECB,192,4096,36.43754427272966,42.0948646537193,0.49880208333333337,0.49720052083333327,1.4082566799812382,"raspberry-pi_experience1.csv, raspberry-pi_experience2.csv, raspberry-pi_experience3.csv"
platform_comparison,raspberry_pi,AES,ECB,192,16384,48.206883858380365,55.48409722352901,0.5036718749999999,0.5007812500000001,1.4491834345968018,"raspberry-pi_experience1.csv, raspberry-pi_experience2.csv, raspberry-pi_experience3.csv"
platform_comparison,raspberry_pi,AES,ECB,256,64,1.489314224180769,1.530890003649566,0.5007161458333332,0.50109375,0.10486426507157914,"raspberry-pi_experience1.csv, raspberry-pi_experience2.csv, raspberry-pi_experience3.csv"
platform_comparison,raspberry_pi,AES,ECB,256,256,5.655761815462067,5.815310049376848,0.49833333333333335,0.49828125,0.3290885030997166,"raspberry-pi_experience1.csv, raspberry-pi_experience2.csv, raspberry-pi_experience3.csv"
platform_comparison,raspberry_pi,AES,ECB,256,1024,17.90533319955747,17.80691630761879,0.49828125,0.5022786458333334,0.3966057148153106,"raspberry-pi_experience1.csv, raspberry-pi_experience2.csv, raspberry-pi_experience3.csv"
platform_comparison,raspberry_pi,AES,ECB,256,4096,36.410029128534006,40.016252432682,0.5016015625,0.502890625,1.8687217797079076,"raspberry-pi_experience1.csv, raspberry-pi_experience2.csv, raspberry-pi_experience3.csv"
platform_comparison,raspberry_pi,AES,ECB,256,16384,50.15429676629859,41.89915311038725,0.4989192708333334,0.5017187500000001,1.1612598116449548,"raspberry-pi_experience1.csv, raspberry-pi_experience2.csv, raspberry-pi_experience3.csv"
platform_comparison,raspberry_pi,AES,GCM,128,64,0.15240022088488422,0.16047187878497315,0.5018880208333334,0.5040625,0.08093210773539454,"raspberry-pi_experience1.csv, raspberry-pi_experience2.csv, raspberry-pi_experience3.csv"
platform_comparison,raspberry_pi,AES,GCM,128,256,0.8298327831787103,0.6438028606113719,0.49592447916666665,0.5013671875,0.05844947289046735,"raspberry-pi_experience1.csv, raspberry-pi_experience2.csv, raspberry-pi_experience3.csv"
platform_comparison,raspberry_pi,AES,GCM,128,1024,2.9110916672579528,2.2955866251780526,0.5011197916666666,0.4992578125,0.16945679633414693,"raspberry-pi_experience1.csv, raspberry-pi_experience2.csv, raspberry-pi_experience3.csv"
platform_comparison,raspberry_pi,AES,GCM,128,4096,8.171353739923624,6.7735110589967,0.5002994791666666,0.49975260416666667,0.3625262654725859,"raspberry-pi_experience1.csv, raspberry-pi_experience2.csv, raspberry-pi_experience3.csv"
platform_comparison,raspberry_pi,AES,GCM,128,16384,14.714337542134835,14.417627518433285,0.5013411458333333,0.498515625,0.4582561827110998,"raspberry-pi_experience1.csv, raspberry-pi_experience2.csv, raspberry-pi_experience3.csv"
platform_comparison,raspberry_pi,AES,GCM,192,64,0.2188753898119111,0.16962337787105045,0.4981380208333333,0.4967057291666667,0.010116269956276125,"raspberry-pi_experience1.csv, raspberry-pi_experience2.csv, raspberry-pi_experience3.csv"
platform_comparison,raspberry_pi,AES,GCM,192,256,0.716034387897642,0.48895646452275093,0.49994791666666666,0.5026171875,0.10773579507640545,"raspberry-pi_experience1.csv, raspberry-pi_experience2.csv, raspberry-pi_experience3.csv"
platform_comparison,raspberry_pi,AES,GCM,192,1024,2.3356407446627934,2.177256889069129,0.5001041666666667,0.49829427083333333,0.18237420940456153,"raspberry-pi_experience1.csv, raspberry-pi_experience2.csv, raspberry-pi_experience3.csv"
platform_comparison,raspberry_pi,AES,GCM,192,4096,7.738711276128434,6.3415855272895145,0.49802083333333336,0.4988020833333333,0.2763081328837056,"raspberry-pi_experience1.csv, raspberry-pi_experience2.csv, raspberry-pi_experience3.csv"
platform_comparison,raspberry_pi,AES,GCM,192,16384,13.740067686299064,13.22679816677067,0.49942708333333335,0.49826822916666663,0.39279960657277896,"raspberry-pi_experience1.csv, raspberry-pi_experience2.csv, raspberry-pi_experience3.csv"
platform_comparison,raspberry_pi,AES,GCM,256,64,0.22089912227269837,0.17000354035049314,0.5000260416666668,0.5008333333333334,0.008573853241695965,"raspberry-pi_experience1.csv, raspberry-pi_experience2.csv, raspberry-pi_experience3.csv"
platform_comparison,raspberry_pi,AES,GCM,256,256,0.842748531962279,0.6407680975809681,0.4964583333333333,0.4991536458333334,0.04521660272748615,"raspberry-pi_experience1.csv, raspberry-pi_experience2.csv, raspberry-pi_experience3.csv"
platform_comparison,raspberry_pi,AES,GCM,256,1024,2.6400951919800817,2.2486920155599344,0.4978255208333333,0.4991536458333334,0.17304913746969217,"raspberry-pi_experience1.csv, raspberry-pi_experience2.csv, raspberry-pi_experience3.csv"
platform_comparison,raspberry_pi,AES,GCM,256,4096,7.5332569905174305,6.541970817704115,0.49942708333333335,0.5008333333333334,0.36294334374426435,"raspberry-pi_experience1.csv, raspberry-pi_experience2.csv, raspberry-pi_experience3.csv"
platform_comparison,raspberry_pi,AES,GCM,256,16384,13.857208659120362,13.633859112088144,0.5,0.5003385416666667,0.4238462480095691,"raspberry-pi_experience1.csv, raspberry-pi_experience2.csv, raspberry-pi_experience3.csv"
platform_comparison,raspberry_pi,ChaCha20,Stream,256,64,1.8710351740154616,2.1116134403765563,0.5947102864583333,0.5940364583333334,0.47766195480325074,"raspberry-pi_experience1.csv, raspberry-pi_experience2.csv, raspberry-pi_experience3.csv"
platform_comparison,raspberry_pi,ChaCha20,Stream,256,256,7.468568076470015,8.75656813615816,0.5950651041666667,0.5937239583333334,1.6136448933715084,"raspberry-pi_experience1.csv, raspberry-pi_experience2.csv, raspberry-pi_experience3.csv"
platform_comparison,raspberry_pi,ChaCha20,Stream,256,1024,24.316771898402113,27.35335760558934,0.5942838541666666,0.5938411458333334,3.8731909172955006,"raspberry-pi_experience1.csv, raspberry-pi_experience2.csv, raspberry-pi_experience3.csv"
platform_comparison,raspberry_pi,ChaCha20,Stream,256,4096,61.08616019580552,64.33649563613467,0.5947786458333333,0.592939453125,4.032562820274327,"raspberry-pi_experience1.csv, raspberry-pi_experience2.csv, raspberry-pi_experience3.csv"
platform_comparison,raspberry_pi,ChaCha20,Stream,256,16384,74.6181083713189,89.17795626698326,0.5937890625,0.5953841145833333,3.2527040337308115,"raspberry-pi_experience1.csv, raspberry-pi_experience2.csv, raspberry-pi_experience3.csv"
platform_comparison,raspberry_pi,DES,CBC,64,64,0.1094828664523952,0.7819313104672769,0.4996354166666667,0.44263020833333333,0.0023229642489938297,"raspberry-pi_experience1.csv, raspberry-pi_experience2.csv, raspberry-pi_experience3.csv"
platform_comparison,raspberry_pi,DES,CBC,64,256,0.12837917801667867,1.9760879857170794,0.4994010416666666,0.43872395833333333,0.0016427512513377755,"raspberry-pi_experience1.csv, raspberry-pi_experience2.csv, raspberry-pi_experience3.csv"
platform_comparison,raspberry_pi,DES,CBC,64,1024,0.13026632060862633,3.018791277193278,0.5020572916666667,0.447578125,0.001404294105146791,"raspberry-pi_experience1.csv, raspberry-pi_experience2.csv, raspberry-pi_experience3.csv"
platform_comparison,raspberry_pi,DES,CBC,64,4096,0.13446874402227008,3.932122199350425,0.49611979166666664,0.42770833333333336,0.0005406822584029215,"raspberry-pi_experience1.csv, raspberry-pi_experience2.csv, raspberry-pi_experience3.csv"
platform_comparison,raspberry_pi,DES,CBC,64,16384,0.13807715089764463,4.658787919207207,0.499921875,0.4437760416666667,0.0006087779765795671,"raspberry-pi_experience1.csv, raspberry-pi_experience2.csv, raspberry-pi_experience3.csv"
platform_comparison,raspberry_pi,DES,CTR,64,64,0.704477057949244,0.7368409500955634,0.4968489583333333,0.44070312500000003,0.02840273041482626,"raspberry-pi_experience1.csv, raspberry-pi_experience2.csv, raspberry-pi_experience3.csv"
platform_comparison,raspberry_pi,DES,CTR,64,256,1.5788343490791574,1.5541995489979008,0.502421875,0.4464322916666667,0.06492698954829916,"raspberry-pi_experience1.csv, raspberry-pi_experience2.csv, raspberry-pi_experience3.csv"
platform_comparison,raspberry_pi,DES,CTR,64,1024,2.3269365670652915,2.290247948889297,0.49927083333333333,0.43755208333333334,0.05370407014023169,"raspberry-pi_experience1.csv, raspberry-pi_experience2.csv, raspberry-pi_experience3.csv"
platform_comparison,raspberry_pi,DES,CTR,64,4096,2.8393893741217155,2.8664853546266635,0.4953125,0.4418489583333334,0.04406076951177481,"raspberry-pi_experience1.csv, raspberry-pi_experience2.csv, raspberry-pi_experience3.csv"
platform_comparison,raspberry_pi,DES,CTR,64,16384,3.143309424114199,3.199544670460265,0.5026822916666667,0.43716145833333336,0.0351775822756466,"raspberry-pi_experience1.csv, raspberry-pi_experience2.csv, raspberry-pi_experience3.csv"
platform_comparison,raspberry_pi,DES,ECB,64,64,0.8625794681891682,1.1132742207965236,0.5011979166666667,0.435625,0.15660498599126235,"raspberry-pi_experience1.csv, raspberry-pi_experience2.csv, raspberry-pi_experience3.csv"
platform_comparison,raspberry_pi,DES,ECB,64,256,3.5358748414660734,3.8740813487446197,0.49539062500000003,0.4323958333333333,0.32423585151531414,"raspberry-pi_experience1.csv, raspberry-pi_experience2.csv, raspberry-pi_experience3.csv"
platform_comparison,raspberry_pi,DES,ECB,64,1024,10.46827849041337,10.946703187733307,0.5023958333333333,0.4215625,0.5345228947164365,"raspberry-pi_experience1.csv, raspberry-pi_experience2.csv, raspberry-pi_experience3.csv"
platform_comparison,raspberry_pi,DES,ECB,64,4096,20.75205589187986,21.621719584107982,0.5013802083333333,0.44411458333333337,0.8430491297813486,"raspberry-pi_experience1.csv, raspberry-pi_experience2.csv, raspberry-pi_experience3.csv"
platform_comparison,raspberry_pi,DES,ECB,64,16384,23.633593022759168,25.3250768289643,0.501796875,0.44036458333333334,0.9109410999943219,"raspberry-pi_experience1.csv, raspberry-pi_experience2.csv, raspberry-pi_experience3.csv"
platform_comparison,raspberry_pi,Twofish,CBC,128,64,0.5829424892138562,0.7376138436785502,0.5010807291666667,0.49873697916666665,0.02029978873758734,"raspberry-pi_experience1.csv, raspberry-pi_experience2.csv, raspberry-pi_experience3.csv"
platform_comparison,raspberry_pi,Twofish,CBC,128,256,0.7281400325245105,0.9555401293714555,0.4985546875,0.5015755208333333,0.010090070704531716,"raspberry-pi_experience1.csv, raspberry-pi_experience2.csv, raspberry-pi_experience3.csv"
platform_comparison,raspberry_pi,Twofish,CBC,128,1024,0.7746148932579886,0.9989988493121845,0.5033854166666667,0.501953125,0.006932465059463918,"raspberry-pi_experience1.csv, raspberry-pi_experience2.csv, raspberry-pi_experience3.csv"
platform_comparison,raspberry_pi,Twofish,CBC,128,4096,0.8124949175856226,1.0629875521521186,0.4976692708333334,0.5027083333333334,0.0033132759738976974,"raspberry-pi_experience1.csv, raspberry-pi_experience2.csv, raspberry-pi_experience3.csv"
platform_comparison,raspberry_pi,Twofish,CBC,128,16384,0.8296329114757609,1.1149174275890736,0.4998046875,0.49928385416666665,0.0016046406262018708,"raspberry-pi_experience1.csv, raspberry-pi_experience2.csv, raspberry-pi_experience3.csv"
platform_comparison,raspberry_pi,Twofish,CBC,192,64,0.5716688263410724,0.7501773101695335,0.500859375,0.49942708333333335,0.0215747258103952,"raspberry-pi_experience1.csv, raspberry-pi_experience2.csv, raspberry-pi_experience3.csv"
platform_comparison,raspberry_pi,Twofish,CBC,192,256,0.7212213209688594,0.9533033800481888,0.5004557291666667,0.4993359375,0.010563608157561128,"raspberry-pi_experience1.csv, raspberry-pi_experience2.csv, raspberry-pi_experience3.csv"
platform_comparison,raspberry_pi,Twofish,CBC,192,1024,0.7617944887785502,1.0027750354647118,0.4976692708333334,0.49735677083333335,0.005482215377920423,"raspberry-pi_experience1.csv, raspberry-pi_experience2.csv, raspberry-pi_experience3.csv"
platform_comparison,raspberry_pi,Twofish,CBC,192,4096,0.8108139554999436,1.06682158998853,0.4974869791666667,0.500234375,0.0029340104274443203,"raspberry-pi_experience1.csv, raspberry-pi_experience2.csv, raspberry-pi_experience3.csv"
platform_comparison,raspberry_pi,Twofish,CBC,192,16384,0.8283152800914758,1.1203249904355195,0.5022265625,0.49906249999999996,0.0015707275570475902,"raspberry-pi_experience1.csv, raspberry-pi_experience2.csv, raspberry-pi_experience3.csv"
platform_comparison,raspberry_pi,Twofish,CBC,256,64,0.5778402461835447,0.7560651852487453,0.49921875,0.5003645833333333,0.014261249284146025,"raspberry-pi_experience1.csv, raspberry-pi_experience2.csv, raspberry-pi_experience3.csv"
platform_comparison,raspberry_pi,Twofish,CBC,256,256,0.718809725768789,0.9608968516804041,0.4985807291666667,0.4989322916666667,0.011533965190379011,"raspberry-pi_experience1.csv, raspberry-pi_experience2.csv, raspberry-pi_experience3.csv"
platform_comparison,raspberry_pi,Twofish,CBC,256,1024,0.7675336424133334,1.0022706048153012,0.5033072916666667,0.49899739583333336,0.006716049251331357,"raspberry-pi_experience1.csv, raspberry-pi_experience2.csv, raspberry-pi_experience3.csv"
platform_comparison,raspberry_pi,Twofish,CBC,256,4096,0.8067100945361315,1.0697293663246468,0.49832031250000003,0.5031119791666666,0.003527006243285198,"raspberry-pi_experience1.csv, raspberry-pi_experience2.csv, raspberry-pi_experience3.csv"
platform_comparison,raspberry_pi,Twofish,CBC,256,16384,0.813746339295271,1.1149706657485405,0.4996875,0.5019921875,0.0059014150119716694,"raspberry-pi_experience1.csv, raspberry-pi_experience2.csv, raspberry-pi_experience3.csv"
platform_comparison,raspberry_pi,Twofish,CTR,128,64,0.7498814258162115,0.7704159371114936,0.5002604166666667,0.5002213541666667,0.04456884942713393,"raspberry-pi_experience1.csv, raspberry-pi_experience2.csv, raspberry-pi_experience3.csv"
platform_comparison,raspberry_pi,Twofish,CTR,128,256,0.878250510690865,0.9040580768027695,0.49859375,0.50109375,0.018790646434687752,"raspberry-pi_experience1.csv, raspberry-pi_experience2.csv, raspberry-pi_experience3.csv"
platform_comparison,raspberry_pi,Twofish,CTR,128,1024,0.895297229954843,0.9008909608105538,0.497578125,0.4995703125,0.012557508914837997,"raspberry-pi_experience1.csv, raspberry-pi_experience2.csv, raspberry-pi_experience3.csv"
platform_comparison,raspberry_pi,Twofish,CTR,128,4096,0.9912515817075261,0.9836820527873108,0.5013541666666667,0.4979947916666667,0.006371839668056261,"raspberry-pi_experience1.csv, raspberry-pi_experience2.csv, raspberry-pi_experience3.csv"
platform_comparison,raspberry_pi,Twofish,CTR,128,16384,1.019263721637443,1.0298315989959066,0.5009765625,0.4946875,0.005534174135188756,"raspberry-pi_experience1.csv, raspberry-pi_experience2.csv, raspberry-pi_experience3.csv"
platform_comparison,raspberry_pi,Twofish,CTR,192,64,0.7838484031409307,0.7830844890537204,0.4980989583333333,0.5007812500000001,0.0279791376110617,"raspberry-pi_experience1.csv, raspberry-pi_experience2.csv, raspberry-pi_experience3.csv"
platform_comparison,raspberry_pi,Twofish,CTR,192,256,0.8809870473606155,0.8953746810942226,0.4991796875,0.5008203125,0.02056111990219531,"raspberry-pi_experience1.csv, raspberry-pi_experience2.csv, raspberry-pi_experience3.csv"
platform_comparison,raspberry_pi,Twofish,CTR,192,1024,0.9058515606477155,0.9153234765308303,0.4990755208333333,0.4994661458333333,0.013379458836929538,"raspberry-pi_experience1.csv, raspberry-pi_experience2.csv, raspberry-pi_experience3.csv"
platform_comparison,raspberry_pi,Twofish,CTR,192,4096,0.9824440788214784,0.9915083051151904,0.4965625,0.5016276041666666,0.008625199645813602,"raspberry-pi_experience1.csv, raspberry-pi_experience2.csv, raspberry-pi_experience3.csv"
platform_comparison,raspberry_pi,Twofish,CTR,192,16384,1.0239702144741736,0.9779036987934632,0.4963151041666667,0.49973958333333335,0.004487462524692648,"raspberry-pi_experience1.csv, raspberry-pi_experience2.csv, raspberry-pi_experience3.csv"
platform_comparison,raspberry_pi,Twofish,CTR,256,64,0.7581090163682239,0.7923585758372101,0.5002864583333334,0.49811197916666666,0.03446964377099417,"raspberry-pi_experience1.csv, raspberry-pi_experience2.csv, raspberry-pi_experience3.csv"
platform_comparison,raspberry_pi,Twofish,CTR,256,256,0.8603703055360706,0.8799320042386248,0.4995572916666666,0.5002473958333333,0.019042612880927626,"raspberry-pi_experience1.csv, raspberry-pi_experience2.csv, raspberry-pi_experience3.csv"
platform_comparison,raspberry_pi,Twofish,CTR,256,1024,0.8906110243658686,0.898522184936271,0.49881510416666663,0.49523437499999995,0.012709024164096328,"raspberry-pi_experience1.csv, raspberry-pi_experience2.csv, raspberry-pi_experience3.csv"
platform_comparison,raspberry_pi,Twofish,CTR,256,4096,0.9786846290445094,0.9863549403576615,0.5017578125000001,0.4981510416666666,0.009902480477341167,"raspberry-pi_experience1.csv, raspberry-pi_experience2.csv, raspberry-pi_experience3.csv"
platform_comparison,raspberry_pi,Twofish,CTR,256,16384,1.0270459863273451,1.0363438659861195,0.49710937499999996,0.5011588541666666,0.0038513343993043067,"raspberry-pi_experience1.csv, raspberry-pi_experience2.csv, raspberry-pi_experience3.csv"
platform_comparison,raspberry_pi,Twofish,ECB,128,64,0.8727771212009711,0.9458326883824512,0.49834635416666667,0.5002213541666667,0.05801891517429022,"raspberry-pi_experience1.csv, raspberry-pi_experience2.csv, raspberry-pi_experience3.csv"
platform_comparison,raspberry_pi,Twofish,ECB,128,256,1.1740892903092126,1.2408081668208266,0.49895833333333334,0.5020182291666666,0.023920886342152222,"raspberry-pi_experience1.csv, raspberry-pi_experience2.csv, raspberry-pi_experience3.csv"
platform_comparison,raspberry_pi,Twofish,ECB,128,1024,1.2331481914886833,1.250961993952095,0.4994010416666667,0.4981510416666666,0.013348834331066567,"raspberry-pi_experience1.csv, raspberry-pi_experience2.csv, raspberry-pi_experience3.csv"
platform_comparison,raspberry_pi,Twofish,ECB,128,4096,1.3106525966205487,1.3385131210609114,0.49890625000000005,0.4990625,0.008251284957602833,"raspberry-pi_experience1.csv, raspberry-pi_experience2.csv, raspberry-pi_experience3.csv"
platform_comparison,raspberry_pi,Twofish,ECB,128,16384,1.338302163456109,1.3689555744564037,0.4984114583333333,0.4998046875,0.0035671709316369015,"raspberry-pi_experience1.csv, raspberry-pi_experience2.csv, raspberry-pi_experience3.csv"
platform_comparison,raspberry_pi,Twofish,ECB,192,64,0.917830795361855,0.9687056602631866,0.49966145833333336,0.500078125,0.038030963329779816,"raspberry-pi_experience1.csv, raspberry-pi_experience2.csv, raspberry-pi_experience3.csv"
platform_comparison,raspberry_pi,Twofish,ECB,192,256,1.1453632898022084,1.2389180792434173,0.4991145833333333,0.5005468750000001,0.043370562288084606,"raspberry-pi_experience1.csv, raspberry-pi_experience2.csv, raspberry-pi_experience3.csv"
platform_comparison,raspberry_pi,Twofish,ECB,192,1024,1.198416548404069,1.268363073830696,0.4966276041666667,0.5003125,0.026612685013073987,"raspberry-pi_experience1.csv, raspberry-pi_experience2.csv, raspberry-pi_experience3.csv"
platform_comparison,raspberry_pi,Twofish,ECB,192,4096,1.2877870668208249,1.3177547126560656,0.4995703125,0.4995833333333333,0.00931711741347482,"raspberry-pi_experience1.csv, raspberry-pi_experience2.csv, raspberry-pi_experience3.csv"
platform_comparison,raspberry_pi,Twofish,ECB,192,16384,1.2500513705582277,1.3681643117037587,0.5027734375,0.49834635416666667,0.032168281208699086,"raspberry-pi_experience1.csv, raspberry-pi_experience2.csv, raspberry-pi_experience3.csv"
platform_comparison,raspberry_pi,Twofish,ECB,256,64,0.935616243344546,0.9960716614061246,0.49807291666666664,0.4984765625,0.0394736473148675,"raspberry-pi_experience1.csv, raspberry-pi_experience2.csv, raspberry-pi_experience3.csv"
platform_comparison,raspberry_pi,Twofish,ECB,256,256,1.220532733854427,1.2548914140523386,0.49731770833333333,0.5022135416666667,0.01929505926936533,"raspberry-pi_experience1.csv, raspberry-pi_experience2.csv, raspberry-pi_experience3.csv"
platform_comparison,raspberry_pi,Twofish,ECB,256,1024,1.2568442063666816,1.286676722905668,0.5010546875,0.5010807291666667,0.011556573471610617,"raspberry-pi_experience1.csv, raspberry-pi_experience2.csv, raspberry-pi_experience3.csv"
platform_comparison,raspberry_pi,Twofish,ECB,256,4096,1.3193440049525431,1.3461676801613438,0.5003515625,0.5008984375,0.005833254076484788,"raspberry-pi_experience1.csv, raspberry-pi_experience2.csv, raspberry-pi_experience3.csv"
platform_comparison,raspberry_pi,Twofish,ECB,256,16384,1.355246895379538,1.3894680879012107,0.4990755208333333,0.4967447916666667,0.004578379309153107,"raspberry-pi_experience1.csv, raspberry-pi_experience2.csv, raspberry-pi_experience3.csv"
